time_utc,PM2.5,Relative humidity
2026-09-07T08:00:48Z,2.57,0
2026-09-07T08:03:48Z,2.18,0
2026-09-07T08:04:48Z,2.18,0
2026-09-07T08:05:48Z,2.18,0
2026-09-07T08:06:48Z,2.18,0
2026-09-07T08:07:48Z,,0
2026-09-07T08:10:48Z,2.18,
2026-09-07T08:11:48Z,1.92,0
2026-09-07T08:12:48Z,1.92,0
2026-09-07T08:13:48Z,2.18,0
2026-09-07T08:14:48Z,2.18,0
2026-09-07T08:15:48Z,,0
2026-09-07T08:17:48Z,2.18,
2026-09-07T08:18:48Z,1.92,0
2026-09-07T08:19:48Z,1.92,0
2026-09-07T08:20:48Z,2.83,0
2026-09-07T08:21:48Z,2.57,0
2026-09-07T08:24:48Z,2.18,0
2026-09-07T08:25:48Z,2.18,0
2026-09-07T08:26:48Z,2.18,0
2026-09-07T08:27:48Z,2.18,0
2026-09-07T08:28:48Z,1.92,0
2026-09-07T08:31:48Z,2.18,0
2026-09-07T08:32:48Z,2.18,0
2026-09-07T08:33:48Z,2.57,0
2026-09-07T08:34:48Z,2.18,0
2026-09-07T08:35:48Z,2.18,0
2026-09-07T08:37:48Z,1.92,
2026-09-07T08:38:48Z,1.92,0
2026-09-07T08:39:48Z,1.92,0
2026-09-07T08:40:48Z,2.18,0
2026-09-07T08:41:48Z,2.18,0
2026-09-07T08:44:48Z,1.66,0
2026-09-07T08:45:48Z,1.66,0
2026-09-07T08:46:48Z,2.18,0
2026-09-07T08:47:48Z,2.57,0
2026-09-07T08:50:48Z,2.57,0
2026-09-07T08:51:48Z,2.18,0
2026-09-07T08:52:48Z,2.18,0
2026-09-07T08:53:48Z,1.92,0
2026-09-07T08:54:48Z,1.92,0
2026-09-07T08:58:48Z,2.18,0
2026-09-07T08:59:48Z,1.92,0
2026-09-07T09:00:48Z,2.18,0
2026-09-07T09:01:48Z,2.18,0
2026-09-07T09:04:48Z,2.18,0
2026-09-07T09:05:48Z,2.57,0
2026-09-07T09:06:48Z,2.57,0
2026-09-07T09:07:48Z,2.57,0
2026-09-07T09:08:48Z,1.92,
2026-09-07T09:11:48Z,,0
2026-09-07T09:12:48Z,2.57,0
2026-09-07T09:13:48Z,2.18,0
2026-09-07T09:14:48Z,1.92,0
2026-09-07T09:15:48Z,1.92,0
2026-09-07T09:18:48Z,,0
2026-09-07T09:19:48Z,1.92,0
2026-09-07T09:20:48Z,1.92,0
2026-09-07T09:21:48Z,1.92,0
2026-09-07T09:22:48Z,1.92,
2026-09-07T09:24:48Z,,0
2026-09-07T09:25:48Z,1.92,0
2026-09-07T09:26:48Z,1.92,0
2026-09-07T09:27:48Z,1.92,0
2026-09-07T09:28:48Z,1.92,0
2026-09-07T09:29:48Z,1.92,
2026-09-07T09:31:48Z,,0
2026-09-07T09:32:48Z,1.92,0
2026-09-07T09:33:48Z,1.92,0
2026-09-07T09:34:48Z,1.92,0
2026-09-07T09:35:48Z,1.92,0
2026-09-07T09:37:48Z,,0
2026-09-07T09:38:48Z,2.18,0
2026-09-07T09:39:48Z,1.92,0
2026-09-07T09:40:48Z,1.92,0
2026-09-07T09:41:48Z,1.92,0
2026-09-07T09:43:48Z,,0
2026-09-07T09:44:48Z,1.92,0
2026-09-07T09:45:48Z,1.92,0
2026-09-07T09:46:48Z,1.92,0
2026-09-07T09:47:48Z,1.92,0
2026-09-07T09:50:48Z,1.92,0
2026-09-07T09:51:48Z,1.66,0
2026-09-07T09:52:48Z,1.92,0
2026-09-07T09:53:48Z,1.92,0
2026-09-07T09:54:48Z,1.66,
2026-09-07T09:57:48Z,1.66,0
2026-09-07T09:58:48Z,1.92,0
2026-09-07T09:59:48Z,1.92,0
2026-09-07T10:00:48Z,1.92,0
2026-09-07T10:01:48Z,1.92,0
2026-09-07T10:04:48Z,1.92,0
2026-09-07T10:05:48Z,1.92,0
2026-09-07T10:06:48Z,1.92,0
2026-09-07T10:07:48Z,1.66,0
2026-09-07T10:08:48Z,1.66,0
2026-09-07T10:11:48Z,1.92,0
2026-09-07T10:12:48Z,1.92,0
2026-09-07T10:13:48Z,1.92,0
2026-09-07T10:14:48Z,1.92,0
2026-09-07T10:15:48Z,1.92,0
2026-09-07T10:16:48Z,1.66,0
2026-09-07T10:17:48Z,1.92,0
2026-09-07T10:18:48Z,1.92,0
2026-09-07T10:20:48Z,1.66,0
2026-09-07T10:21:48Z,1.66,0
2026-09-07T10:22:48Z,1.92,0
2026-09-07T10:23:48Z,1.92,0
2026-09-07T10:24:48Z,1.92,0
2026-09-07T10:27:48Z,2.18,0
2026-09-07T10:28:48Z,1.92,0
2026-09-07T10:29:48Z,1.92,0
2026-09-07T10:30:48Z,1.92,0
2026-09-07T10:33:48Z,1.92,0
2026-09-07T10:34:48Z,1.92,0
2026-09-07T10:35:48Z,2.18,0
2026-09-07T10:36:48Z,1.92,0
2026-09-07T10:38:48Z,2.18,
2026-09-07T10:39:48Z,1.92,0
2026-09-07T10:40:48Z,1.66,0
2026-09-07T10:41:48Z,1.92,0
2026-09-07T10:42:48Z,1.92,0
2026-09-07T10:44:48Z,1.92,
2026-09-07T10:45:48Z,1.66,0
2026-09-07T10:46:48Z,1.66,0
2026-09-07T10:47:48Z,1.92,0
2026-09-07T10:48:48Z,1.66,0
2026-09-07T10:49:48Z,,0
2026-09-07T10:51:48Z,1.66,0
2026-09-07T10:52:48Z,1.66,0
2026-09-07T10:53:48Z,1.92,0
2026-09-07T10:54:48Z,1.92,0
2026-09-07T10:55:48Z,,0
2026-09-07T10:57:48Z,1.92,
2026-09-07T10:58:48Z,1.92,0
2026-09-07T10:59:48Z,1.92,0
2026-09-07T11:00:48Z,1.92,0
2026-09-07T11:01:48Z,,0
2026-09-07T11:03:48Z,2.18,
2026-09-07T11:04:48Z,2.18,0
2026-09-07T11:05:48Z,2.18,0
2026-09-07T11:06:48Z,2.18,0
2026-09-07T11:07:48Z,2.18,0
2026-09-07T11:08:48Z,,0
2026-09-07T11:10:48Z,1.92,0
2026-09-07T11:11:48Z,1.92,0
2026-09-07T11:12:48Z,1.92,0
2026-09-07T11:13:48Z,1.92,0
2026-09-07T11:14:48Z,2.18,0
2026-09-07T11:17:48Z,2.18,0
2026-09-07T11:18:48Z,2.18,0
2026-09-07T11:19:48Z,1.92,0
2026-09-07T11:20:48Z,1.92,0
2026-09-07T11:21:48Z,,0
2026-09-07T11:23:48Z,2.57,0
2026-09-07T11:24:48Z,2.18,0
2026-09-07T11:25:48Z,2.57,0
2026-09-07T11:26:48Z,2.57,0
2026-09-07T11:27:48Z,,0
2026-09-07T11:29:48Z,2.18,
2026-09-07T11:30:48Z,2.18,0
2026-09-07T11:31:48Z,2.18,0
2026-09-07T11:32:48Z,2.18,0
2026-09-07T11:33:48Z,2.18,0
2026-09-07T11:34:48Z,,0
2026-09-07T11:36:48Z,2.18,
2026-09-07T11:37:48Z,2.18,0
2026-09-07T11:38:48Z,2.18,0
2026-09-07T11:39:48Z,2.18,0
2026-09-07T11:40:48Z,2.18,0
2026-09-07T11:41:48Z,,0
2026-09-07T11:42:48Z,2.57,
2026-09-07T11:43:48Z,2.18,0
2026-09-07T11:44:48Z,1.92,0
2026-09-07T11:45:48Z,1.92,0
2026-09-07T11:46:48Z,2.18,0
2026-09-07T11:48:48Z,2.57,
2026-09-07T11:49:48Z,2.57,0
2026-09-07T11:50:48Z,2.57,0
2026-09-07T11:51:48Z,2.57,0
2026-09-07T11:52:48Z,2.57,0
2026-09-07T11:53:48Z,2.83,0
2026-09-07T11:54:48Z,2.83,0
2026-09-07T11:55:48Z,3.09,0
2026-09-07T11:56:48Z,2.83,0
2026-09-07T11:58:48Z,2.83,0
2026-09-07T11:59:48Z,2.57,0
2026-09-07T12:00:48Z,2.57,0
2026-09-07T12:01:48Z,2.83,0
2026-09-07T12:02:48Z,2.83,0
2026-09-07T12:04:48Z,3.09,0
2026-09-07T12:05:48Z,3.09,0
2026-09-07T12:06:48Z,2.83,0
2026-09-07T12:07:48Z,3.09,0
2026-09-07T12:08:48Z,3.09,0
2026-09-07T12:10:48Z,,0
2026-09-07T12:11:48Z,2.83,0
2026-09-07T12:12:48Z,2.83,0
2026-09-07T12:13:48Z,2.83,0
2026-09-07T12:14:48Z,2.83,0
2026-09-07T12:15:48Z,2.57,
2026-09-07T13:00:48Z,2.57,0
2026-09-07T13:01:48Z,2.18,0
2026-09-07T13:03:48Z,2.57,
2026-09-07T13:04:48Z,2.18,0
2026-09-07T13:05:48Z,2.18,0
2026-09-07T13:06:48Z,2.18,0
2026-09-07T13:07:48Z,2.18,0
2026-09-07T13:09:48Z,2.57,0
2026-09-07T13:10:48Z,2.18,0
2026-09-07T13:11:48Z,2.57,0
2026-09-07T13:12:48Z,2.57,0
2026-09-07T13:13:48Z,2.57,0
2026-09-07T13:15:48Z,2.18,
2026-09-07T13:16:48Z,2.57,0
2026-09-07T13:17:48Z,2.18,0
2026-09-07T13:18:48Z,2.18,0
2026-09-07T13:19:48Z,2.18,0
2026-09-07T13:20:48Z,,0
2026-09-07T13:22:48Z,2.18,0
2026-09-07T13:23:48Z,2.18,0
2026-09-07T13:24:48Z,2.18,0
2026-09-07T13:25:48Z,2.57,0
2026-09-07T13:26:48Z,2.57,0
2026-09-07T13:28:48Z,2.18,0
2026-09-07T13:29:48Z,2.57,0
2026-09-07T13:30:48Z,2.57,0
2026-09-07T13:31:48Z,2.57,0
2026-09-07T13:32:48Z,2.57,0
2026-09-07T13:34:48Z,2.18,0
2026-09-07T13:35:48Z,2.57,0
2026-09-07T13:36:48Z,2.57,0
2026-09-07T13:37:48Z,2.83,0
2026-09-07T13:38:48Z,2.83,0
2026-09-07T13:41:48Z,2.57,0
2026-09-07T13:42:48Z,2.83,0
2026-09-07T13:43:48Z,2.57,0
2026-09-07T13:44:48Z,2.57,0
2026-09-07T13:45:48Z,,0
2026-09-07T13:46:48Z,2.18,
2026-09-07T13:47:48Z,2.18,0
2026-09-07T13:48:48Z,1.92,0
2026-09-07T13:49:48Z,2.57,0
2026-09-07T13:50:48Z,2.83,0
2026-09-07T13:52:48Z,2.57,
2026-09-07T13:53:48Z,2.57,0
2026-09-07T13:54:48Z,2.57,0
2026-09-07T13:55:48Z,2.57,0
2026-09-07T13:56:48Z,2.83,0
2026-09-07T13:58:48Z,2.57,
2026-09-07T13:59:48Z,2.57,0
2026-09-07T14:00:48Z,2.57,0
2026-09-07T14:01:48Z,2.57,0
2026-09-07T14:02:48Z,2.57,0
2026-09-07T14:03:48Z,,0
2026-09-07T14:04:48Z,2.57,
2026-09-07T14:05:48Z,2.18,
2026-09-07T14:06:48Z,2.18,0
2026-09-07T14:07:48Z,2.18,0
2026-09-07T14:08:48Z,2.18,0
2026-09-07T14:09:48Z,,0
2026-09-07T14:10:48Z,,0
2026-09-07T14:11:48Z,2.18,
2026-09-07T14:12:48Z,2.18,0
2026-09-07T14:16:48Z,2.18,
2026-09-07T14:18:48Z,2.57,0
2026-09-07T14:19:48Z,,0
2026-09-07T14:20:48Z,,0
2026-09-07T14:21:48Z,2.57,
2026-09-07T14:22:48Z,2.57,0
2026-09-07T14:23:48Z,2.57,0
2026-09-07T14:24:48Z,2.57,0
2026-09-07T14:25:48Z,,0
2026-09-07T14:26:48Z,2.18,
2026-09-07T14:27:48Z,2.83,0
2026-09-07T14:28:48Z,2.57,0
2026-09-07T14:29:48Z,2.57,0
2026-09-07T14:30:48Z,2.83,0
2026-09-07T14:31:48Z,,0
2026-09-07T14:32:48Z,2.57,
2026-09-07T14:33:48Z,2.83,0
2026-09-07T14:34:48Z,3.09,0
2026-09-07T14:35:48Z,2.57,0
2026-09-07T14:36:48Z,,0
2026-09-07T14:38:48Z,2.57,0
2026-09-07T14:39:48Z,2.83,0
2026-09-07T14:40:48Z,2.18,0
2026-09-07T14:41:48Z,1.92,0
2026-09-07T14:43:48Z,2.18,0
2026-09-07T14:44:48Z,2.57,0
2026-09-07T14:45:48Z,2.57,0
2026-09-07T14:46:48Z,2.83,0
2026-09-07T14:47:48Z,,0
2026-09-07T14:48:48Z,2.57,
2026-09-07T14:49:48Z,2.57,0
2026-09-07T14:50:48Z,2.57,0
2026-09-07T14:51:48Z,2.83,0
2026-09-07T14:52:48Z,2.57,0
2026-09-07T14:53:48Z,,0
2026-09-07T14:54:48Z,2.18,
2026-09-07T14:55:48Z,1.92,0
2026-09-07T14:56:48Z,1.66,0
2026-09-07T14:57:48Z,2.18,0
2026-09-07T14:58:48Z,2.57,0
2026-09-07T14:59:48Z,2.57,0
2026-09-07T15:02:48Z,2.18,0
2026-09-07T15:03:48Z,2.18,0
2026-09-07T15:04:48Z,2.57,0
2026-09-07T15:05:48Z,2.18,0
2026-09-07T15:06:48Z,2.57,0
2026-09-07T15:09:48Z,2.57,0
2026-09-07T15:10:48Z,2.57,0
2026-09-07T15:11:48Z,2.57,0
2026-09-07T15:12:48Z,2.57,0
2026-09-07T15:13:48Z,,0
2026-09-07T15:15:48Z,2.83,
2026-09-07T15:16:48Z,2.83,0
2026-09-07T15:17:48Z,2.83,0
2026-09-07T15:18:48Z,2.83,0
2026-09-07T15:19:48Z,2.57,0
2026-09-07T15:21:48Z,2.83,
2026-09-07T15:22:48Z,2.83,0
2026-09-07T15:23:48Z,2.83,0
2026-09-07T15:24:48Z,2.83,0
2026-09-07T15:25:48Z,2.57,0
2026-09-07T15:27:48Z,2.83,0
2026-09-07T15:28:48Z,2.83,0
2026-09-07T15:29:48Z,2.83,0
2026-09-07T15:30:48Z,2.83,0
2026-09-07T15:31:48Z,2.57,0
2026-09-07T15:33:48Z,2.57,0
2026-09-07T15:34:48Z,2.57,0
2026-09-07T15:35:48Z,2.57,0
2026-09-07T15:36:48Z,2.57,0
2026-09-07T15:37:48Z,2.18,0
2026-09-07T15:39:48Z,2.57,0
2026-09-07T15:40:48Z,2.57,0
2026-09-07T15:41:48Z,2.18,0
2026-09-07T15:42:48Z,2.83,0
2026-09-07T15:43:48Z,,0
2026-09-07T15:44:48Z,2.57,
2026-09-07T15:45:48Z,2.18,0
2026-09-07T15:46:48Z,2.18,0
2026-09-07T15:47:48Z,2.18,0
2026-09-07T15:48:48Z,2.18,0
2026-09-07T15:49:48Z,,0
2026-09-07T15:52:48Z,2.83,
2026-09-07T15:53:48Z,2.83,0
2026-09-07T15:54:48Z,2.83,0
2026-09-07T15:55:48Z,2.83,0
2026-09-07T15:56:48Z,,0
2026-09-07T15:59:48Z,2.83,
2026-09-07T16:00:48Z,2.57,0
2026-09-07T16:01:48Z,2.83,0
2026-09-07T16:02:48Z,2.83,0
2026-09-07T16:03:48Z,2.83,0
2026-09-07T16:04:48Z,,0
2026-09-07T16:05:48Z,1.92,
2026-09-07T16:06:48Z,1.92,0
2026-09-07T16:07:48Z,2.57,0
2026-09-07T16:08:48Z,2.57,0
2026-09-07T16:09:48Z,2.83,0
2026-09-07T16:10:48Z,,0
2026-09-07T16:11:48Z,1.92,
2026-09-07T16:12:48Z,2.18,
2026-09-07T16:13:48Z,2.83,0
2026-09-07T16:14:48Z,2.83,0
2026-09-07T16:15:48Z,2.83,0
2026-09-07T16:16:48Z,,0
2026-09-07T16:18:48Z,2.18,
2026-09-07T16:19:48Z,2.18,0
2026-09-07T16:20:48Z,2.18,0
2026-09-07T16:21:48Z,2.83,0
2026-09-07T16:22:48Z,,0
2026-09-07T16:23:48Z,2.83,0
2026-09-07T16:24:48Z,2.57,
2026-09-07T16:25:48Z,1.92,0
2026-09-07T16:26:48Z,2.83,0
2026-09-07T16:27:48Z,2.83,0
2026-09-07T16:28:48Z,,0
2026-09-07T16:29:48Z,2.83,0
2026-09-07T16:30:48Z,2.83,
2026-09-07T16:31:48Z,2.83,
2026-09-07T16:32:48Z,2.83,0
2026-09-07T16:33:48Z,,0
2026-09-07T16:34:48Z,,0
2026-09-07T16:35:48Z,2.83,0
2026-09-07T16:36:48Z,2.83,0
2026-09-07T16:37:48Z,2.57,
2026-09-07T16:38:48Z,2.57,0
2026-09-07T16:39:48Z,2.57,0
2026-09-07T16:40:48Z,,0
2026-09-07T16:41:48Z,2.83,0
2026-09-07T16:42:48Z,2.83,
2026-09-07T16:43:48Z,2.57,
2026-09-07T16:44:48Z,2.57,0
2026-09-07T16:45:48Z,2.83,0
2026-09-07T16:46:48Z,2.57,0
2026-09-07T16:47:48Z,2.57,0
2026-09-07T16:48:48Z,2.83,
2026-09-07T16:49:48Z,2.83,0
2026-09-07T16:50:48Z,2.57,0
2026-09-07T16:51:48Z,2.57,0
2026-09-07T16:52:48Z,,0
2026-09-07T16:53:48Z,,0
2026-09-07T16:54:48Z,2.18,
2026-09-07T16:55:48Z,2.57,0
2026-09-07T16:56:48Z,2.57,0
2026-09-07T16:57:48Z,2.57,0
2026-09-07T16:58:48Z,2.57,0
2026-09-07T16:59:48Z,,0
2026-09-07T17:02:48Z,2.57,0
2026-09-07T17:03:48Z,2.57,0
2026-09-07T17:04:48Z,2.57,0
2026-09-07T17:05:48Z,2.83,0
2026-09-07T17:06:48Z,,0
2026-09-07T17:08:48Z,2.18,0
2026-09-07T17:09:48Z,2.57,0
2026-09-07T17:10:48Z,2.57,0
2026-09-07T17:11:48Z,2.83,0
2026-09-07T17:12:48Z,,0
2026-09-07T17:13:48Z,2.57,
2026-09-07T17:14:48Z,2.57,0
2026-09-07T17:15:48Z,2.57,0
2026-09-07T17:16:48Z,2.57,0
2026-09-07T17:17:48Z,,0
2026-09-07T17:18:48Z,,0
2026-09-07T17:19:48Z,2.57,
2026-09-07T17:20:48Z,2.83,
2026-09-07T17:21:48Z,2.57,0
2026-09-07T17:22:48Z,2.18,0
2026-09-07T17:23:48Z,2.18,0
2026-09-07T17:24:48Z,,0
2026-09-07T17:25:48Z,,0
2026-09-07T17:26:48Z,2.57,
2026-09-07T17:27:48Z,2.57,0
2026-09-07T17:28:48Z,2.83,0
2026-09-07T17:29:48Z,1.92,0
2026-09-07T17:30:48Z,,0
2026-09-07T17:31:48Z,,0
2026-09-07T17:33:48Z,2.57,0
2026-09-07T17:34:48Z,2.57,0
2026-09-07T17:35:48Z,2.18,0
2026-09-07T17:36:48Z,2.57,0
2026-09-07T17:38:48Z,2.57,
2026-09-07T17:39:48Z,2.83,0
2026-09-07T17:40:48Z,2.57,0
2026-09-07T17:41:48Z,2.57,0
2026-09-07T17:42:48Z,,0
2026-09-07T17:44:48Z,2.57,0
2026-09-07T17:45:48Z,2.18,0
2026-09-07T17:46:48Z,1.92,0
2026-09-07T17:47:48Z,2.18,0
2026-09-07T17:48:48Z,,0
2026-09-07T17:49:48Z,2.57,
2026-09-07T17:50:48Z,2.83,0
2026-09-07T17:51:48Z,2.18,0
2026-09-07T17:52:48Z,2.18,0
2026-09-07T17:53:48Z,2.57,0
2026-09-07T17:54:48Z,,0
2026-09-07T17:55:48Z,2.57,
2026-09-07T17:56:48Z,2.18,
2026-09-07T17:57:48Z,2.18,0
2026-09-07T17:58:48Z,2.57,0
2026-09-07T17:59:48Z,1.92,0
2026-09-07T18:00:48Z,2.18,0
2026-09-07T18:01:48Z,,0
2026-09-07T18:04:48Z,2.57,0
2026-09-07T18:05:48Z,2.83,0
2026-09-07T18:06:48Z,2.57,0
2026-09-07T18:07:48Z,2.57,0
2026-09-07T18:08:48Z,2.57,0
2026-09-07T18:11:48Z,2.57,0
2026-09-07T18:12:48Z,2.57,0
2026-09-07T18:13:48Z,2.57,0
2026-09-07T18:14:48Z,2.83,0
2026-09-07T18:15:48Z,2.83,
2026-09-07T18:17:48Z,2.57,0
2026-09-07T18:18:48Z,2.57,0
2026-09-07T18:19:48Z,2.83,0
2026-09-07T18:20:48Z,2.83,0
2026-09-07T18:21:48Z,2.83,0
2026-09-07T18:24:48Z,2.83,0
2026-09-07T18:25:48Z,2.83,0
2026-09-07T18:26:48Z,2.83,0
2026-09-07T18:27:48Z,2.57,0
2026-09-07T18:28:48Z,2.83,0
2026-09-07T18:29:48Z,2.83,0
2026-09-07T18:30:48Z,2.18,0
2026-09-07T18:32:48Z,2.83,0
2026-09-07T18:33:48Z,3.09,0
2026-09-07T18:34:48Z,2.57,0
2026-09-07T18:35:48Z,2.18,0
2026-09-07T18:36:48Z,2.18,0
2026-09-07T18:38:48Z,2.18,0
2026-09-07T18:39:48Z,2.57,0
2026-09-07T18:40:48Z,2.83,0
2026-09-07T18:41:48Z,2.83,0
2026-09-07T18:42:48Z,3.09,0
2026-09-07T18:44:48Z,2.57,0
2026-09-07T18:45:48Z,1.92,0
2026-09-07T18:46:48Z,2.57,0
2026-09-07T18:47:48Z,2.18,0
2026-09-07T18:48:48Z,2.18,0
2026-09-07T18:51:48Z,2.83,0
2026-09-07T18:52:48Z,2.57,0
2026-09-07T18:53:48Z,2.18,0
2026-09-07T18:54:48Z,2.18,0
2026-09-07T18:55:48Z,,0
2026-09-07T18:57:48Z,2.83,
2026-09-07T18:58:48Z,2.83,0
2026-09-07T18:59:48Z,2.83,0
2026-09-07T19:00:48Z,2.83,0
2026-09-07T19:01:48Z,2.83,0
2026-09-07T19:04:48Z,2.83,0
2026-09-07T19:05:48Z,2.57,0
2026-09-07T19:06:48Z,2.83,0
2026-09-07T19:07:48Z,2.83,0
2026-09-07T19:08:48Z,2.83,0
2026-09-07T19:11:48Z,2.57,0
2026-09-07T19:12:48Z,2.57,0
2026-09-07T19:13:48Z,2.57,0
2026-09-07T19:14:48Z,2.83,0
2026-09-07T19:15:48Z,2.57,0
2026-09-07T19:16:48Z,2.57,0
2026-09-07T19:18:48Z,2.57,0
2026-09-07T19:19:48Z,2.83,0
2026-09-07T19:20:48Z,2.57,0
2026-09-07T19:21:48Z,2.57,0
2026-09-07T19:24:48Z,2.57,0
2026-09-07T19:25:48Z,2.83,0
2026-09-07T19:26:48Z,2.57,0
2026-09-07T19:27:48Z,2.57,0
2026-09-07T19:28:48Z,2.57,0
2026-09-07T19:31:48Z,2.57,0
2026-09-07T19:32:48Z,2.57,0
2026-09-07T19:33:48Z,2.57,0
2026-09-07T19:34:48Z,2.57,0
2026-09-07T19:35:48Z,2.18,0
2026-09-07T19:37:48Z,2.18,0
2026-09-07T19:38:48Z,2.18,0
2026-09-07T19:39:48Z,2.18,0
2026-09-07T19:40:48Z,2.57,0
2026-09-07T19:41:48Z,2.57,0
2026-09-07T19:44:48Z,2.57,0
2026-09-07T19:45:48Z,2.18,0
2026-09-07T19:46:48Z,1.92,0
2026-09-07T19:47:48Z,1.92,0
2026-09-07T19:50:48Z,2.18,0
2026-09-07T19:51:48Z,1.92,0
2026-09-07T19:52:48Z,2.18,0
2026-09-07T19:53:48Z,2.57,0
2026-09-07T19:54:48Z,2.18,0
2026-09-07T19:57:48Z,2.57,0
2026-09-07T19:58:48Z,2.57,0
2026-09-07T19:59:48Z,1.92,0
2026-09-07T20:00:48Z,2.18,0
2026-09-07T20:01:48Z,2.18,0
2026-09-07T20:04:48Z,2.18,0
2026-09-07T20:05:48Z,1.92,0
2026-09-07T20:06:48Z,2.18,0
2026-09-07T20:07:48Z,2.18,0
2026-09-07T20:10:48Z,2.18,0
2026-09-07T20:11:48Z,2.57,0
2026-09-07T20:12:48Z,2.18,0
2026-09-07T20:13:48Z,2.57,0
2026-09-07T20:14:48Z,2.83,0
2026-09-07T20:17:48Z,2.83,0
2026-09-07T20:18:48Z,2.57,0
2026-09-07T20:19:48Z,2.57,0
2026-09-07T20:20:48Z,2.18,0
2026-09-07T20:23:48Z,1.92,0
2026-09-07T20:24:48Z,1.92,0
2026-09-07T20:25:48Z,1.66,0
2026-09-07T20:26:48Z,2.18,0
2026-09-07T20:29:48Z,2.18,0
2026-09-07T20:30:48Z,2.18,0
2026-09-07T20:31:48Z,2.57,0
2026-09-07T20:32:48Z,2.57,0
2026-09-07T20:33:48Z,,0
2026-09-07T20:35:48Z,2.57,
2026-09-07T20:36:48Z,2.57,0
2026-09-07T20:37:48Z,2.57,0
2026-09-07T20:38:48Z,2.83,0
2026-09-07T20:39:48Z,2.83,0
2026-09-07T20:41:48Z,2.18,
2026-09-07T20:42:48Z,2.18,0
2026-09-07T20:43:48Z,1.92,0
2026-09-07T20:44:48Z,1.92,0
2026-09-07T20:45:48Z,1.92,0
2026-09-07T20:47:48Z,2.57,0
2026-09-07T20:48:48Z,2.57,0
2026-09-07T20:49:48Z,2.57,0
2026-09-07T20:50:48Z,2.57,0
2026-09-07T20:51:48Z,2.83,0
2026-09-07T20:53:48Z,2.57,0
2026-09-07T20:54:48Z,2.57,0
2026-09-07T20:55:48Z,2.57,0
2026-09-07T20:56:48Z,2.57,0
2026-09-07T20:57:48Z,2.57,0
2026-09-07T21:00:48Z,2.57,0
2026-09-07T21:01:48Z,2.18,0
2026-09-07T21:02:48Z,2.18,0
2026-09-07T21:03:48Z,2.57,0
2026-09-07T21:04:48Z,2.57,0
2026-09-07T21:06:48Z,2.57,0
2026-09-07T21:07:48Z,2.57,0
2026-09-07T21:08:48Z,2.57,0
2026-09-07T21:09:48Z,2.57,0
2026-09-07T21:10:48Z,2.57,0
2026-09-07T21:13:48Z,2.57,0
2026-09-07T21:14:48Z,2.57,0
2026-09-07T21:15:48Z,2.18,0
2026-09-07T21:16:48Z,2.57,0
2026-09-07T21:17:48Z,2.18,0
2026-09-07T21:20:48Z,2.57,0
2026-09-07T21:21:48Z,2.57,0
2026-09-07T21:22:48Z,2.57,0
2026-09-07T21:23:48Z,2.57,0
2026-09-07T21:24:48Z,2.57,0
2026-09-07T21:26:48Z,2.57,0
2026-09-07T21:27:48Z,2.57,0
2026-09-07T21:28:48Z,2.57,0
2026-09-07T21:29:48Z,2.57,0
2026-09-07T21:30:48Z,2.18,0
2026-09-07T21:33:48Z,1.92,0
2026-09-07T21:34:48Z,1.92,0
2026-09-07T21:35:48Z,2.18,0
2026-09-07T21:36:48Z,1.92,0
2026-09-07T21:39:48Z,2.18,0
2026-09-07T21:40:48Z,2.18,0
2026-09-07T21:41:48Z,2.18,0
2026-09-07T21:42:48Z,2.18,0
2026-09-07T21:43:48Z,2.18,0
2026-09-07T21:45:48Z,2.57,0
2026-09-07T21:46:48Z,2.57,0
2026-09-07T21:47:48Z,2.18,0
2026-09-07T21:48:48Z,2.18,0
2026-09-07T21:49:48Z,2.57,0
2026-09-07T21:51:48Z,2.57,0
2026-09-07T21:52:48Z,2.57,0
2026-09-07T21:53:48Z,2.57,0
2026-09-07T21:54:48Z,2.83,0
2026-09-07T21:55:48Z,2.57,0
2026-09-07T21:58:48Z,1.66,0
2026-09-07T21:59:48Z,1.92,0
2026-09-07T22:00:48Z,2.18,0
2026-09-07T22:01:48Z,2.18,0
2026-09-07T22:02:48Z,2.57,0
2026-09-07T22:04:48Z,2.57,0
2026-09-07T22:05:48Z,2.57,0
2026-09-07T22:06:48Z,2.57,0
2026-09-07T22:07:48Z,2.18,0
2026-09-07T22:08:48Z,2.57,0
2026-09-07T22:09:48Z,2.57,0
2026-09-07T22:10:48Z,2.57,0
2026-09-07T22:11:48Z,2.57,0
2026-09-07T22:12:48Z,2.83,0
2026-09-07T22:13:48Z,2.83,0
2026-09-07T22:14:48Z,2.83,0
2026-09-07T22:15:48Z,2.57,0
2026-09-07T22:17:48Z,2.57,0
2026-09-07T22:18:48Z,2.57,0
2026-09-07T22:19:48Z,2.57,0
2026-09-07T22:20:48Z,2.57,0
2026-09-07T22:21:48Z,2.57,0
2026-09-07T22:24:48Z,2.83,0
2026-09-07T22:25:48Z,2.83,0
2026-09-07T22:26:48Z,2.83,0
2026-09-07T22:27:48Z,2.57,0
2026-09-07T22:29:48Z,2.57,0
2026-09-07T22:30:48Z,2.18,0
2026-09-07T22:31:48Z,2.57,0
2026-09-07T22:32:48Z,2.57,0
2026-09-07T22:33:48Z,2.57,0
2026-09-07T22:35:48Z,2.57,0
2026-09-07T22:36:48Z,2.18,0
2026-09-07T22:37:48Z,2.57,0
2026-09-07T22:38:48Z,2.83,0
2026-09-07T22:39:48Z,3.48,0
2026-09-07T22:42:48Z,3.48,0
2026-09-07T22:43:48Z,3.09,0
2026-09-07T22:44:48Z,2.57,0
2026-09-07T22:45:48Z,2.18,0
2026-09-07T22:47:48Z,2.18,
2026-09-07T22:48:48Z,1.92,0
2026-09-07T22:49:48Z,2.18,0
2026-09-07T22:50:48Z,1.92,0
2026-09-07T22:51:48Z,2.57,0
2026-09-07T22:53:48Z,2.57,0
2026-09-07T22:54:48Z,2.83,0
2026-09-07T22:55:48Z,2.57,0
2026-09-07T22:56:48Z,2.83,0
2026-09-07T22:57:48Z,,0
2026-09-07T22:59:48Z,2.83,
2026-09-07T23:00:48Z,2.57,0
2026-09-07T23:01:48Z,2.57,0
2026-09-07T23:02:48Z,2.57,0
2026-09-07T23:03:48Z,2.57,0
2026-09-07T23:04:48Z,,0
2026-09-07T23:05:48Z,2.18,
2026-09-07T23:06:48Z,2.57,0
2026-09-07T23:07:48Z,2.57,0
2026-09-07T23:08:48Z,2.57,0
2026-09-07T23:09:48Z,2.18,0
2026-09-07T23:10:48Z,,0
2026-09-07T23:11:48Z,2.18,
2026-09-07T23:12:48Z,2.18,0
2026-09-07T23:13:48Z,2.57,0
2026-09-07T23:14:48Z,2.57,0
2026-09-07T23:15:48Z,1.92,0
2026-09-07T23:17:48Z,2.18,
2026-09-07T23:18:48Z,2.18,0
2026-09-07T23:19:48Z,2.57,0
2026-09-07T23:20:48Z,2.18,0
2026-09-07T23:21:48Z,1.92,0
2026-09-07T23:22:48Z,,0
2026-09-07T23:24:48Z,2.57,
2026-09-07T23:25:48Z,2.57,0
2026-09-07T23:26:48Z,2.57,0
2026-09-07T23:27:48Z,2.57,0
2026-09-07T23:28:48Z,,0
2026-09-07T23:29:48Z,,0
2026-09-07T23:30:48Z,2.18,
2026-09-07T23:31:48Z,2.18,
2026-09-07T23:32:48Z,2.57,0
2026-09-07T23:33:48Z,2.57,0
2026-09-07T23:34:48Z,1.92,0
2026-09-07T23:35:48Z,,0
2026-09-07T23:36:48Z,1.92,
2026-09-07T23:37:48Z,2.57,
2026-09-07T23:38:48Z,2.57,0
2026-09-07T23:39:48Z,2.57,0
2026-09-07T23:40:48Z,2.57,0
2026-09-07T23:41:48Z,,0
2026-09-07T23:43:48Z,3.09,
2026-09-07T23:44:48Z,1.92,0
2026-09-07T23:45:48Z,2.57,0
2026-09-07T23:46:48Z,2.57,0
2026-09-07T23:47:48Z,,0
2026-09-07T23:49:48Z,3.48,
2026-09-07T23:50:48Z,3.74,0
2026-09-07T23:51:48Z,3.09,0
2026-09-07T23:52:48Z,2.83,0
2026-09-07T23:53:48Z,,0
2026-09-07T23:54:48Z,2.83,0
2026-09-07T23:55:48Z,2.18,0
2026-09-07T23:56:48Z,1.92,0
2026-09-07T23:57:48Z,2.18,0
2026-09-07T23:58:48Z,2.18,0
2026-09-07T23:59:48Z,2.18,0
2026-09-08T00:00:48Z,2.57,0
2026-09-08T00:01:48Z,2.57,0
2026-09-08T00:02:48Z,2.57,0
2026-09-08T00:03:48Z,2.83,0
2026-09-08T00:04:48Z,2.57,0
2026-09-08T00:05:48Z,2.83,0
2026-09-08T00:06:48Z,2.83,0
2026-09-08T00:07:48Z,2.83,0
2026-09-08T00:08:48Z,2.18,0
2026-09-08T00:09:48Z,2.18,0
2026-09-08T00:10:48Z,2.18,0
2026-09-08T00:11:48Z,2.83,0
2026-09-08T00:12:48Z,2.57,0
2026-09-08T00:13:48Z,2.57,0
2026-09-08T00:14:48Z,2.57,0
2026-09-08T00:15:48Z,3.09,0
2026-09-08T00:16:48Z,2.57,0
2026-09-08T00:17:48Z,2.57,0
2026-09-08T00:18:48Z,2.57,0
2026-09-08T00:19:48Z,2.83,0
2026-09-08T00:20:48Z,2.57,0
2026-09-08T00:21:48Z,2.57,0
2026-09-08T00:22:48Z,2.83,0
2026-09-08T00:23:48Z,2.83,0
2026-09-08T00:24:48Z,2.57,0
2026-09-08T00:25:48Z,2.18,0
2026-09-08T00:26:48Z,2.18,0
2026-09-08T00:27:48Z,2.57,0
2026-09-08T00:28:48Z,3.48,0
2026-09-08T00:29:48Z,2.83,0
2026-09-08T00:30:48Z,2.57,0
2026-09-08T00:31:48Z,2.18,0
2026-09-08T00:32:48Z,2.83,0
2026-09-08T00:33:48Z,2.83,0
2026-09-08T00:34:48Z,2.83,0
2026-09-08T00:35:48Z,2.83,0
2026-09-08T00:36:48Z,2.57,0
2026-09-08T00:37:48Z,2.57,0
2026-09-08T00:38:48Z,2.57,0
2026-09-08T00:39:48Z,2.57,0
2026-09-08T00:40:48Z,2.18,0
2026-09-08T00:41:48Z,2.18,0
2026-09-08T00:42:48Z,2.57,0
2026-09-08T00:43:48Z,2.83,0
2026-09-08T00:44:48Z,2.83,0
2026-09-08T00:45:48Z,2.57,0
2026-09-08T00:46:48Z,2.57,0
2026-09-08T00:47:48Z,2.57,0
2026-09-08T00:48:48Z,1.92,0
2026-09-08T00:49:48Z,2.57,0
2026-09-08T00:50:48Z,2.57,0
2026-09-08T00:51:48Z,4.91,0
2026-09-08T00:52:48Z,3.09,0
2026-09-08T00:53:48Z,2.57,0
2026-09-08T00:54:48Z,2.57,0
2026-09-08T00:55:48Z,2.57,0
2026-09-08T00:56:48Z,2.83,0
2026-09-08T00:57:48Z,2.83,0
2026-09-08T00:58:48Z,2.57,0
2026-09-08T00:59:48Z,2.57,0
2026-09-08T01:00:48Z,1.92,0
2026-09-08T01:01:48Z,1.92,0
2026-09-08T01:02:48Z,2.57,0
2026-09-08T01:03:48Z,2.83,0
2026-09-08T01:04:48Z,2.57,0
2026-09-08T01:05:48Z,2.57,0
2026-09-08T01:06:48Z,2.83,0
2026-09-08T01:07:48Z,2.57,0
2026-09-08T01:08:48Z,2.18,0
2026-09-08T01:09:48Z,1.92,0
2026-09-08T01:10:48Z,2.18,0
2026-09-08T01:11:48Z,2.18,0
2026-09-08T01:12:48Z,2.18,0
2026-09-08T01:13:48Z,2.18,0
2026-09-08T01:14:48Z,2.18,0
2026-09-08T01:15:48Z,2.18,0
2026-09-08T01:16:48Z,2.18,0
2026-09-08T01:17:48Z,2.18,0
2026-09-08T01:18:48Z,2.18,0
2026-09-08T01:19:48Z,2.57,0
2026-09-08T01:20:48Z,2.18,0
2026-09-08T01:21:48Z,2.18,0
2026-09-08T01:22:48Z,2.18,0
2026-09-08T01:23:48Z,2.18,0
2026-09-08T01:24:48Z,2.18,0
2026-09-08T01:25:48Z,1.92,0
2026-09-08T01:26:48Z,2.18,0
2026-09-08T01:27:48Z,2.18,0
2026-09-08T01:28:48Z,2.18,0
2026-09-08T01:29:48Z,2.57,0
2026-09-08T01:30:48Z,1.92,0
2026-09-08T01:31:48Z,1.92,0
2026-09-08T01:32:48Z,1.92,0
2026-09-08T01:33:48Z,2.18,0
2026-09-08T01:34:48Z,1.92,0
2026-09-08T01:35:48Z,2.18,0
2026-09-08T01:36:48Z,2.18,0
2026-09-08T01:37:48Z,2.18,0
2026-09-08T01:38:48Z,2.18,0
2026-09-08T01:39:48Z,2.57,0
2026-09-08T01:40:48Z,2.57,0
2026-09-08T01:41:48Z,2.18,0
2026-09-08T01:42:48Z,1.92,0
2026-09-08T01:43:48Z,1.92,0
2026-09-08T01:44:48Z,1.92,0
2026-09-08T01:45:48Z,1.66,0
2026-09-08T01:46:48Z,1.92,0
2026-09-08T01:47:48Z,2.18,0
2026-09-08T01:48:48Z,1.92,0
2026-09-08T01:49:48Z,1.92,0
2026-09-08T01:50:48Z,1.92,0
2026-09-08T01:51:48Z,2.18,0
2026-09-08T01:52:48Z,1.92,0
2026-09-08T01:53:48Z,2.18,0
2026-09-08T01:54:48Z,1.92,0
2026-09-08T01:55:48Z,1.92,0
2026-09-08T01:56:48Z,1.66,0
2026-09-08T01:57:48Z,1.92,0
2026-09-08T01:58:48Z,2.18,0
2026-09-08T01:59:48Z,2.18,0
2026-09-08T02:00:48Z,2.18,0
2026-09-08T02:01:48Z,1.92,0
2026-09-08T02:02:48Z,2.18,0
2026-09-08T02:03:48Z,1.92,0
2026-09-08T02:04:48Z,1.92,0
2026-09-08T02:05:48Z,1.92,0
2026-09-08T02:06:48Z,1.92,0
2026-09-08T02:07:48Z,1.92,0
2026-09-08T02:08:48Z,1.66,0
2026-09-08T02:09:48Z,1.92,0
2026-09-08T02:10:48Z,2.18,0
2026-09-08T02:11:48Z,2.18,0
2026-09-08T02:12:48Z,2.18,0
2026-09-08T02:13:48Z,2.18,0
2026-09-08T02:14:48Z,1.92,0
2026-09-08T02:15:48Z,1.92,0
2026-09-08T02:16:48Z,2.18,0
2026-09-08T02:17:48Z,1.92,0
2026-09-08T02:18:48Z,1.92,0
2026-09-08T02:19:48Z,1.92,0
2026-09-08T02:20:48Z,2.18,0
2026-09-08T02:21:48Z,2.18,0
2026-09-08T02:22:48Z,1.92,0
2026-09-08T02:23:48Z,2.18,0
2026-09-08T02:24:48Z,2.18,0
2026-09-08T02:25:48Z,2.18,0
2026-09-08T02:26:48Z,1.92,0
2026-09-08T02:27:48Z,1.92,0
2026-09-08T02:28:48Z,1.92,0
2026-09-08T02:29:48Z,2.18,0
2026-09-08T02:30:48Z,2.57,0
2026-09-08T02:31:48Z,2.57,0
2026-09-08T02:32:48Z,2.57,0
2026-09-08T02:33:48Z,1.92,0
2026-09-08T02:34:48Z,1.92,0
2026-09-08T02:35:48Z,1.92,0
2026-09-08T02:36:48Z,1.92,0
2026-09-08T02:37:48Z,1.92,0
2026-09-08T02:38:48Z,2.18,0
2026-09-08T02:39:48Z,1.92,0
2026-09-08T02:40:48Z,1.92,0
2026-09-08T02:41:48Z,1.92,0
2026-09-08T02:42:48Z,2.18,0
2026-09-08T02:43:48Z,2.18,0
2026-09-08T02:44:48Z,2.18,0
2026-09-08T02:45:48Z,2.18,0
2026-09-08T02:46:48Z,1.92,0
2026-09-08T02:47:48Z,2.18,0
2026-09-08T02:48:48Z,1.92,0
2026-09-08T02:49:48Z,1.92,0
2026-09-08T02:50:48Z,2.18,0
2026-09-08T02:51:48Z,1.92,0
2026-09-08T02:52:48Z,1.92,0
2026-09-08T02:53:48Z,1.92,0
2026-09-08T02:54:48Z,1.92,0
2026-09-08T02:55:48Z,1.92,0
2026-09-08T02:56:48Z,1.92,0
2026-09-08T02:57:48Z,2.18,0
2026-09-08T02:58:48Z,2.18,0
2026-09-08T02:59:48Z,2.18,0
2026-09-08T03:00:48Z,1.92,0
2026-09-08T03:01:48Z,2.18,0
2026-09-08T03:02:48Z,2.18,0
2026-09-08T03:03:48Z,1.92,0
2026-09-08T03:04:48Z,1.92,0
2026-09-08T03:05:48Z,1.92,0
2026-09-08T03:07:48Z,1.92,0
2026-09-08T03:09:48Z,2.18,0
2026-09-08T03:10:48Z,2.18,0
2026-09-08T03:12:48Z,2.18,0
2026-09-08T03:13:48Z,1.92,0
2026-09-08T03:15:48Z,2.18,0
2026-09-08T03:16:48Z,2.18,0
2026-09-08T03:18:48Z,2.18,0
2026-09-08T03:19:48Z,2.18,0
2026-09-08T03:21:48Z,2.18,0
2026-09-08T03:22:48Z,2.18,0
2026-09-08T03:24:48Z,2.83,0
2026-09-08T03:25:48Z,2.18,0
2026-09-08T03:27:48Z,2.18,0
2026-09-08T03:29:48Z,1.92,0
2026-09-08T03:30:48Z,2.18,0
2026-09-08T03:32:48Z,2.18,0
2026-09-08T03:34:48Z,2.18,0
2026-09-08T03:35:48Z,1.92,0
2026-09-08T03:37:48Z,1.92,0
2026-09-08T03:38:48Z,2.18,0
2026-09-08T03:40:48Z,1.92,0
2026-09-08T03:41:48Z,2.18,0
2026-09-08T03:43:48Z,2.18,0
2026-09-08T03:44:48Z,2.18,0
2026-09-08T03:46:48Z,2.18,0
2026-09-08T03:47:48Z,2.18,0
2026-09-08T03:49:48Z,2.18,0
2026-09-08T03:50:48Z,1.92,0
2026-09-08T03:52:48Z,2.18,0
2026-09-08T03:53:48Z,2.57,0
2026-09-08T03:55:48Z,2.57,0
2026-09-08T03:56:48Z,2.57,0
2026-09-08T03:58:48Z,2.18,0
2026-09-08T03:59:48Z,2.18,0
2026-09-08T04:00:48Z,2.18,0
2026-09-08T04:02:48Z,1.92,0
2026-09-08T04:03:48Z,1.92,0
2026-09-08T04:05:48Z,1.92,0
2026-09-08T04:06:48Z,2.18,0
2026-09-08T04:08:48Z,1.92,0
2026-09-08T04:09:48Z,1.92,0
2026-09-08T04:11:48Z,2.18,0
2026-09-08T04:12:48Z,2.18,0
2026-09-08T04:14:48Z,2.18,0
2026-09-08T04:15:48Z,1.92,0
2026-09-08T04:17:48Z,2.18,0
2026-09-08T04:18:48Z,1.92,0
2026-09-08T05:01:48Z,2.18,0
2026-09-08T05:03:48Z,2.18,0
2026-09-08T05:05:48Z,2.18,0
2026-09-08T05:06:48Z,1.92,0
2026-09-08T05:08:48Z,1.92,0
2026-09-08T05:09:48Z,2.18,0
2026-09-08T05:11:48Z,1.92,0
2026-09-08T05:12:48Z,1.92,0
2026-09-08T05:14:48Z,1.92,0
2026-09-08T05:15:48Z,1.92,0
2026-09-08T05:17:48Z,2.18,0
2026-09-08T05:18:48Z,1.92,0
2026-09-08T05:20:48Z,1.92,0
2026-09-08T05:21:48Z,1.92,0
2026-09-08T05:23:48Z,1.92,0
2026-09-08T05:24:48Z,1.92,0
2026-09-08T05:26:48Z,1.92,0
2026-09-08T05:27:48Z,1.92,0
2026-09-08T05:29:48Z,1.92,0
2026-09-08T05:31:48Z,1.92,0
2026-09-08T05:33:48Z,2.18,0
2026-09-08T05:35:48Z,1.92,0
2026-09-08T05:37:48Z,1.92,0
2026-09-08T05:39:48Z,1.92,0
2026-09-08T05:41:48Z,1.92,0
2026-09-08T05:43:48Z,1.92,0
2026-09-08T05:45:48Z,1.92,0
2026-09-08T05:47:48Z,2.18,0
2026-09-08T05:49:48Z,2.18,0
2026-09-08T05:50:48Z,1.92,0
2026-09-08T05:52:48Z,1.92,0
2026-09-08T05:53:48Z,1.92,0
2026-09-08T05:55:48Z,1.92,0
2026-09-08T05:56:48Z,1.92,0
2026-09-08T05:57:48Z,2.18,0
2026-09-08T06:00:48Z,2.18,0
2026-09-08T06:01:48Z,1.92,0
2026-09-08T06:04:48Z,2.18,0
2026-09-08T06:05:48Z,2.18,0
2026-09-08T06:07:48Z,2.18,0
2026-09-08T06:10:48Z,2.18,0
2026-09-08T06:11:48Z,,0
2026-09-08T06:13:48Z,2.18,0
2026-09-08T06:15:48Z,2.18,0
2026-09-08T06:16:48Z,2.18,0
2026-09-08T06:18:48Z,2.18,0
2026-09-08T06:19:48Z,2.18,0
2026-09-08T06:21:48Z,1.92,0
2026-09-08T06:24:48Z,2.18,0
2026-09-08T06:25:48Z,1.92,0
2026-09-08T06:27:48Z,1.92,0
2026-09-08T06:30:48Z,2.18,0
2026-09-08T06:31:48Z,1.92,0
2026-09-08T06:33:48Z,2.18,0
2026-09-08T06:35:48Z,2.18,0
2026-09-08T06:37:48Z,2.18,0
2026-09-08T06:39:48Z,1.92,0
2026-09-08T06:41:48Z,2.18,0
2026-09-08T06:43:48Z,2.18,0
2026-09-08T06:44:48Z,2.18,0
2026-09-08T06:46:48Z,1.66,0
2026-09-08T06:47:48Z,1.92,0
2026-09-08T06:49:48Z,2.18,0
2026-09-08T06:50:48Z,2.18,0
2026-09-08T06:52:48Z,1.92,0
2026-09-08T06:53:48Z,1.92,0
2026-09-08T06:55:48Z,1.92,0
2026-09-08T06:56:48Z,1.92,0
2026-09-08T06:58:48Z,2.18,0
2026-09-08T06:59:48Z,1.92,0
2026-09-08T07:00:48Z,2.18,0
2026-09-08T07:02:48Z,2.18,0
2026-09-08T07:03:48Z,2.18,0
2026-09-08T07:05:48Z,2.18,0
2026-09-08T07:06:48Z,2.18,0
2026-09-08T07:08:48Z,2.57,0
2026-09-08T07:09:48Z,2.18,0
2026-09-08T07:11:48Z,2.18,0
2026-09-08T07:12:48Z,2.18,0
2026-09-08T07:14:48Z,2.18,0
2026-09-08T07:15:48Z,2.18,0
2026-09-08T07:17:48Z,2.83,0
2026-09-08T07:18:48Z,2.57,0
2026-09-08T07:20:48Z,2.57,0
2026-09-08T07:21:48Z,1.92,0
2026-09-08T07:23:48Z,1.92,0
2026-09-08T07:24:48Z,2.18,0
2026-09-08T07:26:48Z,3.09,0
2026-09-08T07:27:48Z,2.57,0
2026-09-08T07:29:48Z,2.18,0
2026-09-08T07:30:48Z,2.57,0
2026-09-08T07:32:48Z,2.18,0
2026-09-08T07:33:48Z,2.57,0
2026-09-08T07:35:48Z,2.57,0
2026-09-08T07:36:48Z,2.18,0
2026-09-08T07:38:48Z,2.83,0
2026-09-08T07:39:48Z,2.83,0
2026-09-08T07:41:48Z,2.57,0
2026-09-08T07:42:48Z,2.57,0
2026-09-08T07:44:48Z,2.57,0
2026-09-08T07:45:48Z,2.57,0
2026-09-08T07:47:48Z,2.57,0
2026-09-08T07:49:48Z,2.57,0
2026-09-08T07:50:48Z,2.57,0
2026-09-08T07:52:48Z,2.18,0
2026-09-08T07:53:48Z,2.57,0
2026-09-08T07:56:48Z,2.18,0
2026-09-08T07:58:48Z,2.57,0
2026-09-08T08:03:48Z,2.57,0
2026-09-08T08:06:48Z,2.83,
2026-09-08T08:07:48Z,2.83,0
2026-09-08T08:09:48Z,2.57,0
2026-09-08T08:10:48Z,2.57,0
2026-09-08T08:12:48Z,2.83,0
2026-09-08T08:15:48Z,2.57,0
2026-09-08T08:16:48Z,2.18,0
2026-09-08T08:18:48Z,2.57,0
2026-09-08T08:19:48Z,2.57,0
2026-09-08T08:22:48Z,2.83,0
2026-09-08T08:23:48Z,2.18,0
2026-09-08T08:25:48Z,2.18,0
2026-09-08T08:26:48Z,1.92,0
2026-09-08T08:28:48Z,2.18,0
2026-09-08T08:29:48Z,2.57,0
2026-09-08T08:31:48Z,2.18,0
2026-09-08T08:34:48Z,1.92,0
2026-09-08T08:36:48Z,2.18,0
2026-09-08T08:38:48Z,2.18,0
2026-09-08T08:40:48Z,2.18,0
2026-09-08T08:42:48Z,2.18,0
2026-09-08T08:44:48Z,2.18,0
2026-09-08T08:45:48Z,2.18,0
2026-09-08T08:47:48Z,2.18,0
2026-09-08T08:48:48Z,2.18,0
2026-09-08T08:50:48Z,2.18,0
2026-09-08T08:51:48Z,1.92,0
2026-09-08T08:53:48Z,1.92,0
2026-09-08T08:56:48Z,2.18,0
2026-09-08T09:00:48Z,2.18,0
2026-09-08T09:01:48Z,2.57,0
2026-09-08T09:03:48Z,2.57,0
2026-09-08T09:04:48Z,2.18,0
2026-09-08T09:06:48Z,2.18,0
2026-09-08T09:07:48Z,1.92,0
2026-09-08T09:09:48Z,2.57,0
2026-09-08T09:10:48Z,2.18,0
2026-09-08T09:12:48Z,2.57,0
2026-09-08T09:13:48Z,2.18,0
2026-09-08T09:15:48Z,2.18,0
2026-09-08T09:16:48Z,2.18,0
2026-09-08T09:18:48Z,2.18,0
2026-09-08T09:19:48Z,2.18,0
2026-09-08T09:21:48Z,2.18,0
2026-09-08T09:22:48Z,2.18,0
2026-09-08T09:24:48Z,2.18,0
2026-09-08T09:25:48Z,2.57,0
2026-09-08T09:27:48Z,2.57,0
2026-09-08T09:28:48Z,2.18,0
2026-09-08T09:30:48Z,2.18,0
2026-09-08T09:31:48Z,1.92,0
2026-09-08T09:33:48Z,1.92,0
2026-09-08T09:34:48Z,2.18,0
2026-09-08T09:35:48Z,2.18,0
2026-09-08T09:37:48Z,2.18,0
2026-09-08T09:38:48Z,2.18,0
2026-09-08T09:39:48Z,2.18,0
2026-09-08T09:41:48Z,1.92,0
2026-09-08T09:42:48Z,1.92,0
2026-09-08T09:44:48Z,2.18,0
2026-09-08T09:45:48Z,2.18,0
2026-09-08T09:46:48Z,2.18,0
2026-09-08T09:48:48Z,2.18,0
2026-09-08T09:49:48Z,2.18,0
2026-09-08T09:51:48Z,2.18,0
2026-09-08T09:52:48Z,2.18,0
2026-09-08T09:54:48Z,2.18,0
2026-09-08T09:55:48Z,2.18,0
2026-09-08T09:57:48Z,2.18,0
2026-09-08T09:58:48Z,2.18,0
2026-09-08T09:59:48Z,2.18,0
2026-09-08T10:01:48Z,2.57,0
2026-09-08T10:02:48Z,2.57,0
2026-09-08T10:04:48Z,2.18,0
2026-09-08T10:05:48Z,2.57,0
2026-09-08T10:08:48Z,2.18,0
2026-09-08T10:09:48Z,2.57,0
2026-09-08T10:11:48Z,2.18,0
2026-09-08T10:14:48Z,2.57,0
2026-09-08T10:15:48Z,2.57,0
2026-09-08T10:17:48Z,2.18,0
2026-09-08T10:18:48Z,1.92,0
2026-09-08T10:21:48Z,2.18,0
2026-09-08T10:24:48Z,2.18,0
2026-09-08T10:25:48Z,2.18,0
2026-09-08T10:27:48Z,1.92,0
2026-09-08T10:28:48Z,2.18,0
2026-09-08T10:30:48Z,2.57,0
2026-09-08T10:31:48Z,2.18,0
2026-09-08T10:33:48Z,2.18,0
2026-09-08T11:00:48Z,1.92,0
2026-09-08T11:01:48Z,2.18,0
2026-09-08T11:02:48Z,1.92,0
2026-09-08T11:03:48Z,1.92,0
2026-09-08T11:04:48Z,2.18,0
2026-09-08T11:05:48Z,1.92,0
2026-09-08T11:06:48Z,1.92,0
2026-09-08T11:07:48Z,1.92,0
2026-09-08T11:08:48Z,1.92,0
2026-09-08T11:09:48Z,1.92,0
2026-09-08T11:10:48Z,,0
2026-09-08T11:11:48Z,2.18,0
2026-09-08T11:12:48Z,1.92,0
2026-09-08T11:13:48Z,1.92,
2026-09-08T11:14:48Z,1.92,0
2026-09-08T11:15:48Z,2.18,0
2026-09-08T11:16:48Z,,0
2026-09-08T11:17:48Z,,0
2026-09-08T11:18:48Z,1.92,0
2026-09-08T11:19:48Z,1.92,0
2026-09-08T11:20:48Z,1.92,
2026-09-08T11:21:48Z,1.92,
2026-09-08T11:22:48Z,2.18,0
2026-09-08T11:23:48Z,,0
2026-09-08T11:24:48Z,1.92,0
2026-09-08T11:25:48Z,1.92,0
2026-09-08T11:26:48Z,1.92,0
2026-09-08T11:27:48Z,1.92,
2026-09-08T11:28:48Z,1.92,0
2026-09-08T11:29:48Z,,0
2026-09-08T11:30:48Z,,0
2026-09-08T11:31:48Z,1.92,0
2026-09-08T11:32:48Z,1.92,0
2026-09-08T11:33:48Z,1.92,
2026-09-08T11:34:48Z,1.92,
2026-09-08T11:35:48Z,1.92,0
2026-09-08T11:36:48Z,,0
2026-09-08T11:37:48Z,,0
2026-09-08T11:38:48Z,,0
2026-09-08T11:39:48Z,1.92,0
2026-09-08T11:40:48Z,1.92,0
2026-09-08T11:41:48Z,1.92,
2026-09-08T11:42:48Z,1.92,
2026-09-08T11:43:48Z,1.92,0
2026-09-08T11:44:48Z,,0
2026-09-08T11:45:48Z,,0
2026-09-08T11:46:48Z,1.92,0
2026-09-08T11:47:48Z,1.92,0
2026-09-08T11:48:48Z,2.18,
2026-09-08T11:49:48Z,1.92,
2026-09-08T11:50:48Z,1.92,0
2026-09-08T11:51:48Z,1.92,0
2026-09-08T11:52:48Z,,0
2026-09-08T11:53:48Z,,0
2026-09-08T11:54:48Z,1.92,0
2026-09-08T11:55:48Z,1.92,0
2026-09-08T11:56:48Z,1.92,
2026-09-08T11:57:48Z,1.92,
2026-09-08T11:58:48Z,1.92,
2026-09-08T11:59:48Z,1.92,0
2026-09-08T12:00:48Z,,0
2026-09-08T12:01:48Z,,0
2026-09-08T12:02:48Z,,0
2026-09-08T12:03:48Z,,0
2026-09-08T12:04:48Z,1.92,0
2026-09-08T12:05:48Z,2.18,
2026-09-08T12:06:48Z,2.18,
2026-09-08T12:07:48Z,1.92,0
2026-09-08T12:08:48Z,1.92,0
2026-09-08T12:09:48Z,,0
2026-09-08T12:10:48Z,,0
2026-09-08T12:11:48Z,1.92,0
2026-09-08T12:12:48Z,1.92,
2026-09-08T12:13:48Z,1.92,
2026-09-08T12:14:48Z,2.18,0
2026-09-08T12:15:48Z,1.92,0
2026-09-08T12:16:48Z,,0
2026-09-08T12:17:48Z,,0
2026-09-08T12:18:48Z,,0
2026-09-08T12:19:48Z,1.92,0
2026-09-08T12:20:48Z,2.18,
2026-09-08T12:21:48Z,1.92,
2026-09-08T12:22:48Z,1.92,
2026-09-08T12:23:48Z,2.18,0
2026-09-08T12:24:48Z,,0
2026-09-08T12:25:48Z,,0
2026-09-08T12:26:48Z,,0
2026-09-08T12:27:48Z,1.92,0
2026-09-08T12:29:48Z,1.92,
2026-09-08T12:30:48Z,1.92,0
2026-09-08T12:31:48Z,1.92,0
2026-09-08T12:32:48Z,,0
2026-09-08T12:33:48Z,,0
2026-09-08T12:34:48Z,1.92,0
2026-09-08T12:35:48Z,1.92,0
2026-09-08T12:36:48Z,1.92,
2026-09-08T12:37:48Z,1.92,
2026-09-08T12:38:48Z,1.92,0
2026-09-08T12:39:48Z,,0
2026-09-08T12:40:48Z,,0
2026-09-08T12:41:48Z,,0
2026-09-08T12:42:48Z,2.18,0
2026-09-08T12:43:48Z,1.66,
2026-09-08T12:44:48Z,1.92,
2026-09-08T12:45:48Z,1.92,
2026-09-08T12:46:48Z,1.92,0
2026-09-08T12:47:48Z,,0
2026-09-08T12:48:48Z,,0
2026-09-08T12:49:48Z,1.92,0
2026-09-08T12:50:48Z,2.18,0
2026-09-08T12:51:48Z,1.92,
2026-09-08T12:52:48Z,1.92,
2026-09-08T12:53:48Z,1.92,0
2026-09-08T12:54:48Z,1.92,0
2026-09-08T12:55:48Z,,0
2026-09-08T12:56:48Z,,0
2026-09-08T12:57:48Z,1.92,0
2026-09-08T12:58:48Z,1.92,
2026-09-08T12:59:48Z,1.92,
2026-09-08T13:00:48Z,1.66,
2026-09-08T13:01:48Z,1.66,
2026-09-08T13:02:48Z,1.92,0
2026-09-08T13:03:48Z,,0
2026-09-08T13:04:48Z,,0
2026-09-08T13:05:48Z,,0
2026-09-08T13:06:48Z,1.92,0
2026-09-08T13:07:48Z,1.92,
2026-09-08T13:08:48Z,1.92,
2026-09-08T13:09:48Z,1.92,
2026-09-08T13:10:48Z,1.92,0
2026-09-08T13:11:48Z,,0
2026-09-08T13:12:48Z,,0
2026-09-08T13:13:48Z,1.92,0
2026-09-08T13:14:48Z,1.92,0
2026-09-08T13:15:48Z,1.92,
2026-09-08T13:16:48Z,1.92,
2026-09-08T13:17:48Z,1.92,
2026-09-08T13:18:48Z,,0
2026-09-08T13:19:48Z,,0
2026-09-08T13:20:48Z,,0
2026-09-08T13:21:48Z,1.92,0
2026-09-08T13:22:48Z,1.92,0
2026-09-08T13:23:48Z,1.92,
2026-09-08T13:24:48Z,1.92,
2026-09-08T13:25:48Z,2.18,
2026-09-08T13:26:48Z,,0
2026-09-08T13:27:48Z,,0
2026-09-08T13:28:48Z,1.92,0
2026-09-08T13:29:48Z,2.18,0
2026-09-08T13:30:48Z,1.92,0
2026-09-08T13:31:48Z,1.92,
2026-09-08T13:32:48Z,1.92,
2026-09-08T13:33:48Z,,0
2026-09-08T13:34:48Z,,0
2026-09-08T13:35:48Z,1.92,0
2026-09-08T13:36:48Z,2.18,0
2026-09-08T13:37:48Z,2.18,0
2026-09-08T13:38:48Z,1.92,
2026-09-08T13:39:48Z,1.92,0
2026-09-08T13:40:48Z,,0
2026-09-08T13:41:48Z,,0
2026-09-08T13:42:48Z,1.92,0
2026-09-08T13:43:48Z,1.66,0
2026-09-08T13:44:48Z,1.66,
2026-09-08T13:45:48Z,1.92,
2026-09-08T13:46:48Z,1.66,0
2026-09-08T13:47:48Z,,0
2026-09-08T13:48:48Z,,0
2026-09-08T13:49:48Z,1.66,0
2026-09-08T13:50:48Z,1.92,0
2026-09-08T13:51:48Z,1.92,
2026-09-08T13:52:48Z,1.92,
2026-09-08T13:53:48Z,1.92,0
2026-09-08T13:54:48Z,,0
2026-09-08T13:55:48Z,,0
2026-09-08T13:56:48Z,1.92,0
2026-09-08T13:57:48Z,1.92,0
2026-09-08T13:58:48Z,1.92,
2026-09-08T13:59:48Z,1.92,
2026-09-08T14:00:48Z,1.92,0
2026-09-08T14:01:48Z,,0
2026-09-08T14:02:48Z,,0
2026-09-08T14:03:48Z,1.92,0
2026-09-08T14:04:48Z,1.92,0
2026-09-08T14:05:48Z,1.92,
2026-09-08T14:06:48Z,1.92,
2026-09-08T14:07:48Z,1.92,
2026-09-08T14:08:48Z,,0
2026-09-08T14:09:48Z,,0
2026-09-08T14:10:48Z,,0
2026-09-08T14:11:48Z,1.92,0
2026-09-08T14:12:48Z,1.92,0
2026-09-08T14:13:48Z,1.92,
2026-09-08T14:14:48Z,1.92,
2026-09-08T14:15:48Z,1.92,0
2026-09-08T14:16:48Z,,0
2026-09-08T14:17:48Z,,0
2026-09-08T14:18:48Z,,0
2026-09-08T14:19:48Z,,0
2026-09-08T14:20:48Z,2.18,0
2026-09-08T14:21:48Z,1.92,
2026-09-08T14:22:48Z,1.92,
2026-09-08T14:23:48Z,1.92,
2026-09-08T14:24:48Z,1.92,
2026-09-08T14:25:48Z,,0
2026-09-08T14:26:48Z,,0
2026-09-08T14:27:48Z,1.92,0
2026-09-08T14:28:48Z,1.92,0
2026-09-08T14:29:48Z,1.92,0
2026-09-08T14:30:48Z,1.92,0
2026-09-08T14:31:48Z,1.92,
2026-09-08T14:33:48Z,,0
2026-09-08T14:34:48Z,1.92,0
2026-09-08T14:35:48Z,1.92,0
2026-09-08T14:36:48Z,1.92,0
2026-09-08T14:37:48Z,1.92,0
2026-09-08T14:38:48Z,1.66,
2026-09-08T14:39:48Z,,0
2026-09-08T14:40:48Z,,0
2026-09-08T14:41:48Z,2.18,0
2026-09-08T14:42:48Z,1.92,0
2026-09-08T14:43:48Z,2.18,0
2026-09-08T14:44:48Z,1.92,
2026-09-08T14:45:48Z,2.18,0
2026-09-08T14:46:48Z,,0
2026-09-08T14:47:48Z,1.92,0
2026-09-08T14:48:48Z,1.92,0
2026-09-08T14:49:48Z,1.92,0
2026-09-08T14:50:48Z,1.92,
2026-09-08T14:51:48Z,1.66,
2026-09-08T14:52:48Z,,0
2026-09-08T14:53:48Z,,0
2026-09-08T14:54:48Z,1.92,0
2026-09-08T14:55:48Z,1.92,0
2026-09-08T14:56:48Z,1.92,0
2026-09-08T14:57:48Z,1.92,
2026-09-08T14:59:48Z,,0
2026-09-08T15:00:48Z,,0
2026-09-08T15:01:48Z,,0
2026-09-08T15:02:48Z,1.92,0
2026-09-08T15:03:48Z,1.92,0
2026-09-08T15:04:48Z,1.92,
2026-09-08T15:05:48Z,1.92,0
2026-09-08T15:06:48Z,,0
2026-09-08T15:07:48Z,,0
2026-09-08T15:08:48Z,1.92,0
2026-09-08T15:09:48Z,1.92,0
2026-09-08T15:10:48Z,1.92,0
2026-09-08T15:11:48Z,1.92,
2026-09-08T15:12:48Z,1.92,0
2026-09-08T15:13:48Z,,0
2026-09-08T15:14:48Z,,0
2026-09-08T15:15:48Z,1.92,0
2026-09-08T15:16:48Z,1.92,0
2026-09-08T15:17:48Z,1.92,
2026-09-08T15:18:48Z,1.66,
2026-09-08T15:19:48Z,1.92,
2026-09-08T15:20:48Z,1.92,0
2026-09-08T15:21:48Z,,0
2026-09-08T15:22:48Z,,0
2026-09-08T15:23:48Z,1.92,0
2026-09-08T15:24:48Z,1.92,0
2026-09-08T15:25:48Z,1.92,
2026-09-08T15:26:48Z,1.92,
2026-09-08T15:27:48Z,1.92,0
2026-09-08T15:28:48Z,,0
2026-09-08T15:29:48Z,1.92,0
2026-09-08T15:30:48Z,1.92,0
2026-09-08T15:31:48Z,1.66,0
2026-09-08T15:32:48Z,1.66,
2026-09-08T15:33:48Z,1.92,
2026-09-08T15:34:48Z,1.92,0
2026-09-08T15:35:48Z,,0
2026-09-08T15:36:48Z,,0
2026-09-08T15:37:48Z,1.92,0
2026-09-08T15:38:48Z,1.92,0
2026-09-08T15:39:48Z,1.92,
2026-09-08T15:40:48Z,1.92,
2026-09-08T15:41:48Z,1.66,0
2026-09-08T15:42:48Z,,0
2026-09-08T15:43:48Z,,0
2026-09-08T15:44:48Z,1.92,0
2026-09-08T15:45:48Z,1.92,0
2026-09-08T15:46:48Z,1.92,
2026-09-08T15:47:48Z,1.66,
2026-09-08T15:48:48Z,,0
2026-09-08T15:49:48Z,,0
2026-09-08T15:50:48Z,1.92,0
2026-09-08T15:51:48Z,1.92,0
2026-09-08T15:52:48Z,1.66,0
2026-09-08T15:53:48Z,1.66,
2026-09-08T15:54:48Z,1.92,0
2026-09-08T15:55:48Z,,0
2026-09-08T15:56:48Z,,0
2026-09-08T15:57:48Z,,0
2026-09-08T15:58:48Z,1.66,0
2026-09-08T15:59:48Z,1.92,0
2026-09-08T16:00:48Z,1.92,
2026-09-08T16:01:48Z,1.92,
2026-09-08T16:02:48Z,2.18,
2026-09-08T16:03:48Z,,0
2026-09-08T16:04:48Z,,0
2026-09-08T16:05:48Z,1.66,0
2026-09-08T16:06:48Z,1.66,0
2026-09-08T16:07:48Z,1.92,0
2026-09-08T16:08:48Z,2.18,
2026-09-08T16:09:48Z,2.18,0
2026-09-08T16:10:48Z,,0
2026-09-08T16:11:48Z,,0
2026-09-08T16:12:48Z,2.18,0
2026-09-08T16:13:48Z,2.18,0
2026-09-08T16:14:48Z,2.18,0
2026-09-08T16:15:48Z,2.18,
2026-09-08T16:16:48Z,1.92,
2026-09-08T16:17:48Z,,0
2026-09-08T16:18:48Z,1.92,0
2026-09-08T16:19:48Z,2.18,0
2026-09-08T16:20:48Z,2.18,0
2026-09-08T16:21:48Z,1.92,
2026-09-08T16:24:48Z,,0
2026-09-08T16:25:48Z,,0
2026-09-08T16:26:48Z,1.92,0
2026-09-08T16:27:48Z,1.92,0
2026-09-08T16:28:48Z,1.92,
2026-09-08T16:29:48Z,1.92,
2026-09-08T16:30:48Z,1.92,0
2026-09-08T16:31:48Z,,0
2026-09-08T16:32:48Z,,0
2026-09-08T16:33:48Z,1.92,0
2026-09-08T16:34:48Z,1.92,0
2026-09-08T16:35:48Z,1.92,0
2026-09-08T16:36:48Z,1.92,
2026-09-08T16:37:48Z,,0
2026-09-08T16:38:48Z,,0
2026-09-08T16:39:48Z,1.92,0
2026-09-08T16:40:48Z,1.92,0
2026-09-08T16:41:48Z,1.92,0
2026-09-08T16:42:48Z,1.92,
2026-09-08T16:43:48Z,1.92,
2026-09-08T16:44:48Z,,0
2026-09-08T16:45:48Z,,0
2026-09-08T16:46:48Z,1.92,0
2026-09-08T16:47:48Z,1.92,0
2026-09-08T16:48:48Z,1.92,0
2026-09-08T16:49:48Z,1.92,
2026-09-08T16:50:48Z,1.92,
2026-09-08T16:52:48Z,,0
2026-09-08T16:53:48Z,1.92,0
2026-09-08T16:54:48Z,1.92,0
2026-09-08T16:55:48Z,1.92,0
2026-09-08T16:56:48Z,1.66,
2026-09-08T16:57:48Z,1.92,
2026-09-08T16:58:48Z,,0
2026-09-08T16:59:48Z,,0
2026-09-08T17:00:48Z,1.66,0
2026-09-08T17:01:48Z,1.66,0
2026-09-08T17:02:48Z,1.66,0
2026-09-08T17:03:48Z,1.66,
2026-09-08T17:04:48Z,1.92,
2026-09-08T17:05:48Z,,0
2026-09-08T17:06:48Z,,0
2026-09-08T17:07:48Z,1.92,0
2026-09-08T17:08:48Z,1.92,0
2026-09-08T17:09:48Z,1.92,0
2026-09-08T17:10:48Z,1.92,
2026-09-08T17:11:48Z,1.92,
2026-09-08T17:12:48Z,,0
2026-09-08T17:13:48Z,1.92,0
2026-09-08T17:14:48Z,1.92,0
2026-09-08T17:15:48Z,1.92,0
2026-09-08T17:16:48Z,1.66,0
2026-09-08T17:17:48Z,1.66,
2026-09-08T17:19:48Z,,0
2026-09-08T17:20:48Z,1.92,0
2026-09-08T17:21:48Z,1.92,0
2026-09-08T17:22:48Z,1.92,0
2026-09-08T17:23:48Z,1.92,0
2026-09-08T17:24:48Z,1.92,
2026-09-08T17:25:48Z,1.92,
2026-09-08T17:27:48Z,,0
2026-09-08T17:28:48Z,1.92,0
2026-09-08T17:29:48Z,1.92,0
2026-09-08T17:30:48Z,1.92,0
2026-09-08T17:31:48Z,1.92,0
2026-09-08T17:32:48Z,1.92,
2026-09-08T17:34:48Z,1.92,0
2026-09-08T17:35:48Z,1.92,0
2026-09-08T17:36:48Z,1.66,0
2026-09-08T17:37:48Z,1.66,0
2026-09-08T17:38:48Z,1.92,0
2026-09-08T17:40:48Z,,0
2026-09-08T17:41:48Z,1.66,0
2026-09-08T17:42:48Z,1.66,0
2026-09-08T17:43:48Z,1.66,0
2026-09-08T17:44:48Z,1.66,0
2026-09-08T17:45:48Z,1.66,0
2026-09-08T17:47:48Z,,0
2026-09-08T17:48:48Z,1.92,0
2026-09-08T17:49:48Z,1.92,0
2026-09-08T17:50:48Z,1.92,0
2026-09-08T17:51:48Z,1.92,0
2026-09-08T17:54:48Z,,0
2026-09-08T17:55:48Z,1.92,0
2026-09-08T17:56:48Z,1.92,0
2026-09-08T17:57:48Z,2.18,0
2026-09-08T17:58:48Z,1.92,0
2026-09-08T17:59:48Z,2.18,0
2026-09-08T18:00:48Z,1.92,
2026-09-08T18:04:48Z,,0
2026-09-08T18:05:48Z,1.92,0
2026-09-08T18:06:48Z,1.92,0
2026-09-08T18:07:48Z,1.92,0
2026-09-08T18:08:48Z,2.18,0
2026-09-08T18:09:48Z,1.92,0
2026-09-08T18:10:48Z,1.92,
2026-09-08T18:13:48Z,,0
2026-09-08T18:14:48Z,1.66,0
2026-09-08T18:15:48Z,1.92,0
2026-09-08T18:16:48Z,1.92,0
2026-09-08T18:17:48Z,1.92,0
2026-09-08T18:18:48Z,1.92,
2026-09-08T18:20:48Z,,0
2026-09-08T18:21:48Z,1.92,0
2026-09-08T18:22:48Z,1.92,0
2026-09-08T18:23:48Z,1.92,0
2026-09-08T18:24:48Z,1.92,0
2026-09-08T18:25:48Z,1.92,
2026-09-08T18:28:48Z,,0
2026-09-08T18:29:48Z,1.92,0
2026-09-08T18:30:48Z,1.92,0
2026-09-08T18:31:48Z,1.92,0
2026-09-08T18:32:48Z,1.92,0
2026-09-08T18:33:48Z,1.92,
2026-09-08T18:36:48Z,1.66,0
2026-09-08T18:37:48Z,1.66,0
2026-09-08T18:38:48Z,1.92,0
2026-09-08T18:39:48Z,1.92,0
2026-09-08T18:40:48Z,1.92,0
2026-09-08T18:41:48Z,1.92,
2026-09-08T18:43:48Z,,0
2026-09-08T18:44:48Z,,0
2026-09-08T18:45:48Z,1.92,0
2026-09-08T18:46:48Z,1.92,0
2026-09-08T18:47:48Z,1.92,0
2026-09-08T18:48:48Z,1.92,0
2026-09-08T18:51:48Z,1.92,0
2026-09-08T18:52:48Z,1.92,0
2026-09-08T18:53:48Z,1.92,0
2026-09-08T18:54:48Z,1.92,0
2026-09-08T18:55:48Z,1.92,0
2026-09-08T18:58:48Z,,0
2026-09-08T18:59:48Z,1.66,0
2026-09-08T19:00:48Z,1.92,0
2026-09-08T19:01:48Z,1.92,0
2026-09-08T19:02:48Z,1.92,0
2026-09-08T19:05:48Z,1.92,0
2026-09-08T19:06:48Z,1.92,0
2026-09-08T19:07:48Z,1.92,0
2026-09-08T19:08:48Z,1.92,0
2026-09-08T19:09:48Z,1.92,0
2026-09-08T19:10:48Z,1.92,
2026-09-08T19:13:48Z,1.92,0
2026-09-08T19:14:48Z,1.92,0
2026-09-08T19:15:48Z,1.92,0
2026-09-08T19:16:48Z,1.92,0
2026-09-08T19:17:48Z,1.92,0
2026-09-08T19:21:48Z,1.92,0
2026-09-08T19:22:48Z,1.92,0
2026-09-08T19:23:48Z,1.92,0
2026-09-08T19:24:48Z,1.92,0
2026-09-08T19:25:48Z,1.92,0
2026-09-08T19:28:48Z,1.92,0
2026-09-08T19:29:48Z,1.92,0
2026-09-08T19:30:48Z,1.92,0
2026-09-08T19:31:48Z,1.92,0
2026-09-08T19:32:48Z,1.92,0
2026-09-08T19:35:48Z,1.92,0
2026-09-08T19:36:48Z,1.66,0
2026-09-08T19:37:48Z,1.66,0
2026-09-08T19:38:48Z,1.66,0
2026-09-08T19:39:48Z,1.92,0
2026-09-08T19:42:48Z,1.92,0
2026-09-08T19:43:48Z,1.92,0
2026-09-08T19:44:48Z,1.92,0
2026-09-08T19:45:48Z,1.92,0
2026-09-08T19:46:48Z,1.92,0
2026-09-08T19:49:48Z,1.92,0
2026-09-08T19:50:48Z,1.92,0
2026-09-08T19:51:48Z,1.92,0
2026-09-08T19:52:48Z,1.92,0
2026-09-08T19:53:48Z,1.92,0
2026-09-08T19:57:48Z,1.92,0
2026-09-08T19:58:48Z,1.66,0
2026-09-08T19:59:48Z,1.66,0
2026-09-08T20:00:48Z,1.66,0
2026-09-08T20:01:48Z,1.92,0
2026-09-08T20:04:48Z,,0
2026-09-08T20:05:48Z,1.92,0
2026-09-08T20:06:48Z,1.92,0
2026-09-08T20:07:48Z,1.66,0
2026-09-08T20:08:48Z,1.66,0
2026-09-08T20:09:48Z,1.92,0
2026-09-08T20:10:48Z,1.66,
2026-09-08T20:13:48Z,1.66,0
2026-09-08T20:14:48Z,1.92,0
2026-09-08T20:15:48Z,1.92,0
2026-09-08T20:16:48Z,1.92,0
2026-09-08T20:17:48Z,1.92,0
2026-09-08T20:20:48Z,,0
2026-09-08T20:21:48Z,1.92,0
2026-09-08T20:22:48Z,1.92,0
2026-09-08T20:23:48Z,1.92,0
2026-09-08T20:24:48Z,1.92,0
2026-09-08T20:25:48Z,1.92,
2026-09-08T20:28:48Z,1.92,0
2026-09-08T20:29:48Z,1.92,0
2026-09-08T20:30:48Z,1.92,0
2026-09-08T20:31:48Z,2.18,0
2026-09-08T20:32:48Z,1.92,0
2026-09-08T20:34:48Z,,0
2026-09-08T20:35:48Z,1.92,0
2026-09-08T20:36:48Z,1.92,0
2026-09-08T20:37:48Z,1.92,0
2026-09-08T20:38:48Z,1.92,0
2026-09-08T20:39:48Z,1.92,0
2026-09-08T20:42:48Z,,0
2026-09-08T20:43:48Z,1.92,0
2026-09-08T20:44:48Z,1.92,0
2026-09-08T20:45:48Z,1.92,0
2026-09-08T20:46:48Z,1.92,0
2026-09-08T20:47:48Z,1.92,
2026-09-08T20:49:48Z,,0
2026-09-08T20:50:48Z,1.92,0
2026-09-08T20:51:48Z,1.92,0
2026-09-08T20:52:48Z,1.92,0
2026-09-08T20:53:48Z,1.92,0
2026-09-08T20:54:48Z,1.92,
2026-09-08T20:56:48Z,,0
2026-09-08T20:57:48Z,,0
2026-09-08T20:58:48Z,1.92,0
2026-09-08T20:59:48Z,1.92,0
2026-09-08T21:00:48Z,1.92,0
2026-09-08T21:01:48Z,1.92,
2026-09-08T21:02:48Z,1.92,
2026-09-08T21:04:48Z,1.92,0
2026-09-08T21:05:48Z,1.92,0
2026-09-08T21:06:48Z,1.92,0
2026-09-08T21:07:48Z,1.92,0
2026-09-08T21:08:48Z,1.92,0
2026-09-08T21:11:48Z,1.92,0
2026-09-08T21:12:48Z,1.92,0
2026-09-08T21:13:48Z,1.92,0
2026-09-08T21:14:48Z,1.92,0
2026-09-08T21:15:48Z,1.92,0
2026-09-08T21:18:48Z,1.92,0
2026-09-08T21:19:48Z,1.92,0
2026-09-08T21:20:48Z,1.92,0
2026-09-08T21:21:48Z,1.92,0
2026-09-08T21:22:48Z,1.92,
2026-09-08T21:25:48Z,1.92,0
2026-09-08T21:26:48Z,1.92,0
2026-09-08T21:27:48Z,1.92,0
2026-09-08T21:28:48Z,1.92,0
2026-09-08T21:29:48Z,1.92,0
2026-09-08T21:30:48Z,1.92,
2026-09-08T21:33:48Z,2.18,0
2026-09-08T21:34:48Z,2.18,0
2026-09-08T21:35:48Z,1.92,0
2026-09-08T21:36:48Z,1.92,0
2026-09-08T21:39:48Z,1.92,0
2026-09-08T21:40:48Z,1.92,0
2026-09-08T21:41:48Z,1.92,0
2026-09-08T21:42:48Z,1.92,0
2026-09-08T21:43:48Z,1.92,0
2026-09-08T21:46:48Z,1.92,0
2026-09-08T21:47:48Z,1.92,0
2026-09-08T21:48:48Z,2.18,0
2026-09-08T21:49:48Z,1.92,0
2026-09-08T21:50:48Z,1.92,0
2026-09-08T21:53:48Z,1.92,0
2026-09-08T21:54:48Z,1.92,0
2026-09-08T21:55:48Z,2.18,0
2026-09-08T21:56:48Z,1.92,0
2026-09-08T21:57:48Z,1.92,0
2026-09-08T22:00:48Z,2.18,0
2026-09-08T22:01:48Z,2.18,0
2026-09-08T22:02:48Z,1.92,0
2026-09-08T22:03:48Z,1.92,0
2026-09-08T22:04:48Z,1.92,0
2026-09-08T22:07:48Z,2.18,0
2026-09-08T22:08:48Z,2.83,0
2026-09-08T22:09:48Z,2.57,0
2026-09-08T22:10:48Z,2.18,0
2026-09-08T22:11:48Z,2.57,0
2026-09-08T22:14:48Z,2.18,0
2026-09-08T22:15:48Z,2.18,0
2026-09-08T22:16:48Z,2.18,0
2026-09-08T22:17:48Z,2.18,0
2026-09-08T22:18:48Z,2.18,0
2026-09-08T22:21:48Z,1.92,0
2026-09-08T22:22:48Z,1.92,0
2026-09-08T22:23:48Z,1.92,0
2026-09-08T22:24:48Z,1.92,0
2026-09-08T22:25:48Z,1.92,0
2026-09-08T22:27:48Z,2.18,
2026-09-08T22:28:48Z,2.18,0
2026-09-08T22:29:48Z,2.18,0
2026-09-08T22:30:48Z,2.57,0
2026-09-08T22:31:48Z,1.92,0
2026-09-08T22:34:48Z,1.92,0
2026-09-08T22:35:48Z,2.18,0
2026-09-08T22:36:48Z,2.18,0
2026-09-08T22:37:48Z,2.18,0
2026-09-08T22:38:48Z,2.18,0
2026-09-08T22:39:48Z,2.18,0
2026-09-08T22:40:48Z,1.92,0
2026-09-08T22:41:48Z,1.92,0
2026-09-08T22:43:48Z,2.18,0
2026-09-08T22:44:48Z,2.18,0
2026-09-08T22:45:48Z,2.18,0
2026-09-08T22:46:48Z,1.92,0
2026-09-08T22:47:48Z,1.92,0
2026-09-08T22:49:48Z,1.92,0
2026-09-08T22:50:48Z,2.18,0
2026-09-08T22:51:48Z,2.18,0
2026-09-08T22:52:48Z,2.18,0
2026-09-08T22:53:48Z,1.92,0
2026-09-08T22:55:48Z,,0
2026-09-08T22:56:48Z,1.92,0
2026-09-08T22:57:48Z,1.92,0
2026-09-08T22:58:48Z,2.18,0
2026-09-08T22:59:48Z,2.18,0
2026-09-08T23:00:48Z,2.18,0
2026-09-08T23:03:48Z,2.57,0
2026-09-08T23:04:48Z,2.18,0
2026-09-08T23:05:48Z,2.18,0
2026-09-08T23:06:48Z,1.92,0
2026-09-08T23:07:48Z,2.18,0
2026-09-08T23:09:48Z,2.18,
2026-09-08T23:10:48Z,1.92,0
2026-09-08T23:11:48Z,1.92,0
2026-09-08T23:12:48Z,2.18,0
2026-09-08T23:13:48Z,1.92,0
2026-09-08T23:14:48Z,2.18,0
2026-09-08T23:16:48Z,2.18,
2026-09-08T23:17:48Z,2.18,0
2026-09-08T23:18:48Z,2.18,0
2026-09-08T23:19:48Z,2.18,0
2026-09-08T23:20:48Z,2.18,0
2026-09-08T23:21:48Z,1.92,0
2026-09-08T23:23:48Z,2.18,
2026-09-08T23:24:48Z,2.18,0
2026-09-08T23:25:48Z,2.18,0
2026-09-08T23:26:48Z,1.92,0
2026-09-08T23:27:48Z,1.92,0
2026-09-08T23:29:48Z,1.92,0
2026-09-08T23:30:48Z,2.18,0
2026-09-08T23:31:48Z,2.18,0
2026-09-08T23:32:48Z,1.92,0
2026-09-08T23:33:48Z,1.92,0
2026-09-08T23:35:48Z,2.18,0
2026-09-08T23:36:48Z,2.18,0
2026-09-08T23:37:48Z,2.18,0
2026-09-08T23:38:48Z,2.18,0
2026-09-08T23:39:48Z,2.18,0
2026-09-08T23:42:48Z,2.18,0
2026-09-08T23:43:48Z,1.92,0
2026-09-08T23:44:48Z,1.92,0
2026-09-08T23:45:48Z,1.92,0
2026-09-08T23:46:48Z,2.18,0
2026-09-08T23:48:48Z,1.92,0
2026-09-08T23:49:48Z,1.92,0
2026-09-08T23:50:48Z,2.18,0
2026-09-08T23:51:48Z,2.18,0
2026-09-08T23:52:48Z,1.92,0
2026-09-08T23:54:48Z,2.18,0
2026-09-08T23:55:48Z,1.92,0
2026-09-08T23:56:48Z,1.92,0
2026-09-08T23:57:48Z,1.92,0
2026-09-08T23:58:48Z,1.92,0
2026-09-08T23:59:48Z,1.92,0
2026-09-09T00:02:48Z,1.92,0
2026-09-09T00:03:48Z,1.92,0
2026-09-09T00:04:48Z,2.18,0
2026-09-09T00:05:48Z,1.92,0
2026-09-09T00:06:48Z,1.92,0
2026-09-09T00:09:48Z,1.92,0
2026-09-09T00:10:48Z,1.92,0
2026-09-09T00:11:48Z,1.92,0
2026-09-09T00:12:48Z,1.92,0
2026-09-09T00:13:48Z,1.92,0
2026-09-09T00:15:48Z,1.92,
2026-09-09T00:16:48Z,1.92,0
2026-09-09T00:17:48Z,2.18,0
2026-09-09T00:18:48Z,1.92,0
2026-09-09T00:19:48Z,1.92,0
2026-09-09T00:20:48Z,,0
2026-09-09T00:22:48Z,1.92,
2026-09-09T00:23:48Z,1.92,0
2026-09-09T00:24:48Z,1.92,0
2026-09-09T00:25:48Z,1.92,0
2026-09-09T00:26:48Z,1.92,0
2026-09-09T00:27:48Z,,0
2026-09-09T00:29:48Z,1.92,0
2026-09-09T00:30:48Z,1.92,0
2026-09-09T00:31:48Z,1.92,0
2026-09-09T00:32:48Z,1.92,0
2026-09-09T00:33:48Z,,0
2026-09-09T00:34:48Z,1.66,0
2026-09-09T00:35:48Z,1.92,0
2026-09-09T00:36:48Z,1.92,0
2026-09-09T00:37:48Z,1.92,0
2026-09-09T00:38:48Z,1.92,
2026-09-09T00:39:48Z,,0
2026-09-09T00:40:48Z,1.92,0
2026-09-09T00:41:48Z,1.92,0
2026-09-09T00:42:48Z,1.66,0
2026-09-09T00:43:48Z,1.66,0
2026-09-09T00:44:48Z,1.92,0
2026-09-09T00:46:48Z,,0
2026-09-09T00:47:48Z,1.92,0
2026-09-09T00:48:48Z,1.92,0
2026-09-09T00:49:48Z,1.92,0
2026-09-09T00:50:48Z,1.92,0
2026-09-09T00:51:48Z,1.92,
2026-09-09T00:53:48Z,1.92,0
2026-09-09T00:54:48Z,1.92,0
2026-09-09T00:55:48Z,1.66,0
2026-09-09T00:56:48Z,1.92,0
2026-09-09T00:57:48Z,1.66,0
2026-09-09T01:00:48Z,1.92,0
2026-09-09T01:01:48Z,1.66,0
2026-09-09T01:02:48Z,1.92,0
2026-09-09T01:03:48Z,1.92,0
2026-09-09T01:04:48Z,1.66,0
2026-09-09T01:05:48Z,1.66,
2026-09-09T03:47:48Z,1.66,0
2026-09-09T03:48:48Z,1.66,0
2026-09-09T03:49:48Z,1.66,0
2026-09-09T03:50:48Z,1.66,0
2026-09-09T03:51:48Z,,0
2026-09-09T03:52:48Z,1.92,
2026-09-09T03:53:48Z,1.92,0
2026-09-09T03:54:48Z,1.92,0
2026-09-09T03:55:48Z,1.66,0
2026-09-09T03:56:48Z,1.92,0
2026-09-09T03:57:48Z,,0
2026-09-09T03:59:48Z,1.92,
2026-09-09T04:00:48Z,1.92,
2026-09-09T04:01:48Z,1.92,0
2026-09-09T04:02:48Z,1.92,0
2026-09-09T04:03:48Z,1.92,0
2026-09-09T04:04:48Z,1.92,0
2026-09-09T04:05:48Z,,0
2026-09-09T04:06:48Z,1.92,
2026-09-09T04:07:48Z,1.66,
2026-09-09T04:08:48Z,1.66,0
2026-09-09T04:09:48Z,1.92,0
2026-09-09T04:10:48Z,1.92,0
2026-09-09T04:11:48Z,1.92,0
2026-09-09T04:12:48Z,,0
2026-09-09T04:14:48Z,1.92,0
2026-09-09T04:15:48Z,1.92,0
2026-09-09T04:16:48Z,1.66,0
2026-09-09T04:17:48Z,1.92,0
2026-09-09T04:18:48Z,1.92,0
2026-09-09T04:19:48Z,,0
2026-09-09T04:21:48Z,1.66,
2026-09-09T04:22:48Z,1.92,0
2026-09-09T04:23:48Z,1.66,0
2026-09-09T04:24:48Z,1.66,0
2026-09-09T04:25:48Z,1.66,0
2026-09-09T04:26:48Z,,0
2026-09-09T04:28:48Z,1.92,
2026-09-09T04:29:48Z,1.92,0
2026-09-09T04:30:48Z,1.92,0
2026-09-09T04:31:48Z,1.92,0
2026-09-09T04:32:48Z,1.92,0
2026-09-09T04:33:48Z,,0
2026-09-09T04:36:48Z,1.92,
2026-09-09T04:37:48Z,1.92,0
2026-09-09T04:38:48Z,1.92,0
2026-09-09T04:39:48Z,1.92,0
2026-09-09T04:40:48Z,1.92,0
2026-09-09T04:41:48Z,,0
2026-09-09T04:43:48Z,1.92,
2026-09-09T04:44:48Z,1.92,0
2026-09-09T04:45:48Z,1.92,0
2026-09-09T04:46:48Z,1.92,0
2026-09-09T04:47:48Z,1.66,0
2026-09-09T04:48:48Z,,0
2026-09-09T04:50:48Z,1.92,
2026-09-09T04:51:48Z,1.66,0
2026-09-09T04:52:48Z,1.92,0
2026-09-09T04:53:48Z,1.92,0
2026-09-09T04:54:48Z,1.92,0
2026-09-09T04:55:48Z,,0
2026-09-09T04:57:48Z,1.92,
2026-09-09T04:58:48Z,1.66,0
2026-09-09T04:59:48Z,1.92,0
2026-09-09T05:00:48Z,1.92,0
2026-09-09T05:01:48Z,1.92,0
2026-09-09T05:03:48Z,1.66,0
2026-09-09T05:04:48Z,1.66,0
2026-09-09T05:05:48Z,1.92,0
2026-09-09T05:06:48Z,1.66,0
2026-09-09T05:07:48Z,1.66,0
2026-09-09T05:09:48Z,1.66,
2026-09-09T05:10:48Z,1.66,0
2026-09-09T05:11:48Z,1.66,0
2026-09-09T05:12:48Z,1.66,0
2026-09-09T05:13:48Z,1.66,0
2026-09-09T05:14:48Z,1.66,0
2026-09-09T05:16:48Z,1.66,
2026-09-09T05:17:48Z,1.66,0
2026-09-09T05:18:48Z,1.92,0
2026-09-09T05:19:48Z,1.92,0
2026-09-09T05:20:48Z,1.66,0
2026-09-09T05:21:48Z,,0
2026-09-09T05:23:48Z,1.92,
2026-09-09T05:24:48Z,1.92,0
2026-09-09T05:25:48Z,1.66,0
2026-09-09T05:26:48Z,1.66,0
2026-09-09T05:27:48Z,1.66,0
2026-09-09T05:29:48Z,1.66,
2026-09-09T05:30:48Z,1.66,0
2026-09-09T05:31:48Z,1.66,0
2026-09-09T05:32:48Z,1.66,0
2026-09-09T05:33:48Z,1.92,0
2026-09-09T05:34:48Z,,0
2026-09-09T05:35:48Z,1.92,
2026-09-09T05:36:48Z,1.66,
2026-09-09T05:37:48Z,1.66,0
2026-09-09T05:38:48Z,1.66,0
2026-09-09T05:39:48Z,1.66,0
2026-09-09T05:40:48Z,,0
2026-09-09T05:41:48Z,,0
2026-09-09T05:42:48Z,1.66,
2026-09-09T05:43:48Z,1.66,0
2026-09-09T05:44:48Z,1.66,0
2026-09-09T05:45:48Z,1.92,0
2026-09-09T05:46:48Z,1.92,0
2026-09-09T05:47:48Z,,0
2026-09-09T05:48:48Z,1.66,
2026-09-09T05:49:48Z,1.66,0
2026-09-09T05:50:48Z,1.66,0
2026-09-09T05:51:48Z,1.92,0
2026-09-09T05:52:48Z,,0
2026-09-09T05:54:48Z,1.66,0
2026-09-09T05:55:48Z,1.66,
2026-09-09T05:56:48Z,1.92,
2026-09-09T05:57:48Z,1.92,0
2026-09-09T05:58:48Z,1.92,0
2026-09-09T05:59:48Z,1.66,0
2026-09-09T06:00:48Z,,0
2026-09-09T06:01:48Z,,0
2026-09-09T06:02:48Z,1.92,
2026-09-09T06:03:48Z,1.92,
2026-09-09T06:04:48Z,1.92,0
2026-09-09T06:05:48Z,1.92,0
2026-09-09T06:06:48Z,1.66,0
2026-09-09T06:07:48Z,,0
2026-09-09T06:08:48Z,1.92,0
2026-09-09T06:09:48Z,1.92,
2026-09-09T06:10:48Z,1.92,0
2026-09-09T06:11:48Z,1.92,0
2026-09-09T06:12:48Z,1.66,0
2026-09-09T06:13:48Z,,0
2026-09-09T06:14:48Z,,0
2026-09-09T06:15:48Z,1.92,0
2026-09-09T06:16:48Z,1.66,
2026-09-09T06:17:48Z,1.92,
2026-09-09T06:18:48Z,1.92,0
2026-09-09T06:19:48Z,1.92,0
2026-09-09T06:20:48Z,,0
2026-09-09T06:21:48Z,,0
2026-09-09T06:22:48Z,,0
2026-09-09T06:23:48Z,1.92,
2026-09-09T06:24:48Z,1.92,
2026-09-09T06:25:48Z,1.92,0
2026-09-09T06:26:48Z,1.92,0
2026-09-09T06:27:48Z,1.92,0
2026-09-09T06:28:48Z,,0
2026-09-09T06:29:48Z,,0
2026-09-09T08:00:48Z,1.92,
2026-09-09T08:01:48Z,,0
2026-09-09T08:02:48Z,,0
2026-09-09T08:03:48Z,1.92,0
2026-09-09T08:04:48Z,1.92,0
2026-09-09T08:05:48Z,1.92,0
2026-09-09T08:06:48Z,1.92,
2026-09-09T08:07:48Z,1.92,0
2026-09-09T08:08:48Z,,0
2026-09-09T08:09:48Z,1.92,0
2026-09-09T08:10:48Z,1.92,0
2026-09-09T08:11:48Z,1.92,0
2026-09-09T08:12:48Z,1.92,
2026-09-09T08:13:48Z,1.92,0
2026-09-09T08:14:48Z,,0
2026-09-09T08:15:48Z,,0
2026-09-09T08:16:48Z,1.92,0
2026-09-09T08:17:48Z,1.92,0
2026-09-09T08:18:48Z,1.92,
2026-09-09T08:19:48Z,1.92,
2026-09-09T08:20:48Z,1.92,0
2026-09-09T08:21:48Z,,0
2026-09-09T08:22:48Z,,0
2026-09-09T08:23:48Z,1.92,0
2026-09-09T08:24:48Z,1.92,0
2026-09-09T08:25:48Z,1.92,0
2026-09-09T08:26:48Z,1.92,
2026-09-09T08:27:48Z,1.92,0
2026-09-09T08:28:48Z,,0
2026-09-09T08:29:48Z,,0
2026-09-09T08:30:48Z,2.18,0
2026-09-09T08:31:48Z,1.92,0
2026-09-09T08:32:48Z,1.92,
2026-09-09T08:33:48Z,2.18,
2026-09-09T08:34:48Z,1.92,0
2026-09-09T08:35:48Z,,0
2026-09-09T08:36:48Z,,0
2026-09-09T08:37:48Z,1.92,0
2026-09-09T08:38:48Z,1.92,0
2026-09-09T08:39:48Z,1.92,
2026-09-09T08:40:48Z,1.92,
2026-09-09T08:41:48Z,1.92,0
2026-09-09T08:42:48Z,,0
2026-09-09T08:43:48Z,,0
2026-09-09T08:44:48Z,1.92,0
2026-09-09T08:45:48Z,1.92,0
2026-09-09T08:46:48Z,1.92,
2026-09-09T08:47:48Z,2.18,
2026-09-09T08:48:48Z,,0
2026-09-09T08:49:48Z,,0
2026-09-09T08:50:48Z,1.92,0
2026-09-09T08:51:48Z,1.92,0
2026-09-09T08:52:48Z,1.92,0
2026-09-09T08:53:48Z,1.92,
2026-09-09T08:54:48Z,1.92,0
2026-09-09T08:55:48Z,,0
2026-09-09T08:56:48Z,,0
2026-09-09T08:57:48Z,,0
2026-09-09T08:58:48Z,1.92,0
2026-09-09T08:59:48Z,1.92,
2026-09-09T09:00:48Z,1.92,
2026-09-09T09:01:48Z,1.92,
2026-09-09T09:02:48Z,1.92,0
2026-09-09T09:03:48Z,,0
2026-09-09T09:04:48Z,,0
2026-09-09T09:05:48Z,1.92,0
2026-09-09T09:06:48Z,1.92,0
2026-09-09T09:07:48Z,1.92,
2026-09-09T09:08:48Z,2.18,
2026-09-09T09:09:48Z,1.92,0
2026-09-09T09:10:48Z,,0
2026-09-09T09:11:48Z,,0
2026-09-09T09:12:48Z,1.92,0
2026-09-09T09:13:48Z,1.92,0
2026-09-09T09:14:48Z,1.92,0
2026-09-09T09:15:48Z,1.92,0
2026-09-09T09:16:48Z,1.92,
2026-09-09T09:17:48Z,,0
2026-09-09T09:18:48Z,1.92,0
2026-09-09T09:19:48Z,1.92,0
2026-09-09T09:20:48Z,2.18,0
2026-09-09T09:21:48Z,2.18,0
2026-09-09T09:22:48Z,1.92,0
2026-09-09T09:23:48Z,1.92,0
2026-09-09T09:24:48Z,1.92,0
2026-09-09T09:25:48Z,,0
2026-09-09T09:26:48Z,1.92,
2026-09-09T09:27:48Z,1.92,0
2026-09-09T09:28:48Z,1.92,0
2026-09-09T09:29:48Z,1.92,0
2026-09-09T09:30:48Z,1.92,0
2026-09-09T09:31:48Z,1.92,0
2026-09-09T09:32:48Z,1.92,0
2026-09-09T09:33:48Z,1.92,0
2026-09-09T09:34:48Z,1.92,0
2026-09-09T09:35:48Z,1.92,0
2026-09-09T09:36:48Z,1.92,0
2026-09-09T09:37:48Z,1.92,0
2026-09-09T09:38:48Z,1.92,0
2026-09-09T09:39:48Z,1.92,0
2026-09-09T09:40:48Z,1.92,0
2026-09-09T09:41:48Z,1.92,0
2026-09-09T09:42:48Z,1.92,0
2026-09-09T09:43:48Z,1.92,0
2026-09-09T09:44:48Z,1.92,0
2026-09-09T09:45:48Z,1.92,0
2026-09-09T09:46:48Z,1.92,0
2026-09-09T09:47:48Z,1.66,0
2026-09-09T09:48:48Z,1.92,0
2026-09-09T09:49:48Z,1.92,0
2026-09-09T09:50:48Z,1.92,0
2026-09-09T09:51:48Z,1.92,0
2026-09-09T09:52:48Z,1.92,0
2026-09-09T09:53:48Z,1.92,0
2026-09-09T09:54:48Z,1.92,0
2026-09-09T09:55:48Z,1.92,0
2026-09-09T09:56:48Z,1.92,0
2026-09-09T09:57:48Z,1.92,0
2026-09-09T09:58:48Z,1.92,0
2026-09-09T09:59:48Z,1.92,0
2026-09-09T10:00:48Z,1.92,0
2026-09-09T10:01:48Z,,0
2026-09-09T10:02:48Z,1.92,
2026-09-09T10:03:48Z,1.92,0
2026-09-09T10:04:48Z,1.92,0
2026-09-09T10:05:48Z,1.92,0
2026-09-09T10:06:48Z,1.92,0
2026-09-09T10:07:48Z,1.92,0
2026-09-09T10:08:48Z,1.92,0
2026-09-09T10:09:48Z,1.92,0
2026-09-09T10:10:48Z,1.92,0
2026-09-09T10:11:48Z,1.92,0
2026-09-09T10:12:48Z,1.92,0
2026-09-09T10:13:48Z,1.92,0
2026-09-09T10:14:48Z,1.92,0
2026-09-09T10:16:48Z,1.92,0
2026-09-09T10:17:48Z,1.92,0
2026-09-09T10:18:48Z,1.92,0
2026-09-09T10:19:48Z,1.92,0
2026-09-09T10:20:48Z,1.92,0
2026-09-09T10:21:48Z,1.92,0
2026-09-09T10:22:48Z,1.66,0
2026-09-09T10:23:48Z,1.92,0
2026-09-09T10:24:48Z,1.92,0
2026-09-09T10:25:48Z,1.92,0
2026-09-09T10:26:48Z,1.92,0
2026-09-09T10:27:48Z,1.92,0
2026-09-09T10:28:48Z,1.92,0
2026-09-09T10:29:48Z,1.92,0
2026-09-09T10:30:48Z,1.92,0
2026-09-09T10:31:48Z,1.92,0
2026-09-09T10:32:48Z,,0
2026-09-09T10:33:48Z,1.92,0
2026-09-09T10:34:48Z,1.92,0
2026-09-09T10:35:48Z,1.92,0
2026-09-09T10:36:48Z,1.92,0
2026-09-09T10:37:48Z,1.92,0
2026-09-09T10:38:48Z,1.92,0
2026-09-09T10:39:48Z,1.92,0
2026-09-09T10:40:48Z,1.92,0
2026-09-09T10:41:48Z,1.92,0
2026-09-09T10:42:48Z,1.92,0
2026-09-09T10:43:48Z,1.92,0
2026-09-09T10:44:48Z,1.92,0
2026-09-09T10:45:48Z,1.92,0
2026-09-09T10:46:48Z,1.92,0
2026-09-09T10:47:48Z,1.92,0
2026-09-09T10:48:48Z,1.92,0
2026-09-09T10:49:48Z,1.92,0
2026-09-09T10:50:48Z,1.92,0
2026-09-09T10:51:48Z,1.92,0
2026-09-09T10:52:48Z,1.92,0
2026-09-09T10:53:48Z,1.66,0
2026-09-09T10:54:48Z,2.18,0
2026-09-09T10:55:48Z,1.92,0
2026-09-09T10:56:48Z,2.18,0
2026-09-09T10:57:48Z,2.18,
2026-09-09T10:58:48Z,2.18,0
2026-09-09T10:59:48Z,2.18,0
2026-09-09T11:00:48Z,1.92,0
2026-09-09T11:01:48Z,,0
2026-09-09T11:02:48Z,1.92,0
2026-09-09T11:03:48Z,2.18,0
2026-09-09T11:04:48Z,2.18,0
2026-09-09T11:05:48Z,1.92,0
2026-09-09T11:06:48Z,1.92,0
2026-09-09T11:07:48Z,1.92,0
2026-09-09T11:08:48Z,1.92,0
2026-09-09T11:09:48Z,1.92,0
2026-09-09T11:10:48Z,1.92,0
2026-09-09T11:11:48Z,1.92,0
2026-09-09T11:12:48Z,,0
2026-09-09T11:13:48Z,1.92,
2026-09-09T11:14:48Z,1.92,0
2026-09-09T11:15:48Z,1.92,0
2026-09-09T11:16:48Z,1.92,0
2026-09-09T11:17:48Z,1.92,0
2026-09-09T11:18:48Z,1.92,0
2026-09-09T11:19:48Z,1.92,0
2026-09-09T11:20:48Z,1.92,0
2026-09-09T11:21:48Z,2.18,0
2026-09-09T11:22:48Z,1.92,0
2026-09-09T11:23:48Z,1.92,0
2026-09-09T11:24:48Z,1.92,0
2026-09-09T11:25:48Z,1.92,0
2026-09-09T11:26:48Z,1.92,0
2026-09-09T11:27:48Z,1.92,0
2026-09-09T11:28:48Z,1.92,0
2026-09-09T11:29:48Z,1.92,
2026-09-09T11:30:48Z,1.92,0
2026-09-09T11:31:48Z,1.92,0
2026-09-09T11:32:48Z,1.92,0
2026-09-09T11:33:48Z,,0
2026-09-09T11:34:48Z,1.92,0
2026-09-09T11:35:48Z,1.92,
2026-09-09T11:36:48Z,1.92,0
2026-09-09T11:37:48Z,1.92,0
2026-09-09T11:38:48Z,1.92,0
2026-09-09T11:39:48Z,,0
2026-09-09T11:40:48Z,,0
2026-09-09T11:41:48Z,1.92,
2026-09-09T11:42:48Z,1.92,0
2026-09-09T11:43:48Z,1.92,0
2026-09-09T11:44:48Z,1.92,0
2026-09-09T11:45:48Z,1.92,0
2026-09-09T11:46:48Z,,0
2026-09-09T11:47:48Z,1.92,
2026-09-09T11:48:48Z,1.92,0
2026-09-09T11:49:48Z,1.92,0
2026-09-09T11:50:48Z,1.92,0
2026-09-09T11:51:48Z,1.92,0
2026-09-09T11:52:48Z,,0
2026-09-09T11:53:48Z,1.92,
2026-09-09T11:54:48Z,1.92,0
2026-09-09T11:55:48Z,1.92,0
2026-09-09T11:56:48Z,1.92,0
2026-09-09T11:57:48Z,1.92,0
2026-09-09T11:58:48Z,,0
2026-09-09T11:59:48Z,,0
2026-09-09T12:01:48Z,1.92,
2026-09-09T12:02:48Z,1.66,0
2026-09-09T12:03:48Z,1.92,0
2026-09-09T12:04:48Z,1.92,0
2026-09-09T12:05:48Z,1.92,0
2026-09-09T12:06:48Z,,0
2026-09-09T12:07:48Z,1.92,
2026-09-09T12:08:48Z,1.66,
2026-09-09T12:09:48Z,1.92,0
2026-09-09T12:10:48Z,1.66,0
2026-09-09T12:11:48Z,1.92,0
2026-09-09T12:12:48Z,1.92,0
2026-09-09T12:13:48Z,1.92,
2026-09-09T12:14:48Z,1.66,0
2026-09-09T12:15:48Z,1.66,0
2026-09-09T12:16:48Z,1.66,0
2026-09-09T12:17:48Z,1.92,0
2026-09-09T12:18:48Z,,0
2026-09-09T12:19:48Z,,0
2026-09-09T12:20:48Z,1.66,
2026-09-09T12:21:48Z,1.66,
2026-09-09T12:22:48Z,1.66,0
2026-09-09T12:23:48Z,1.66,0
2026-09-09T12:24:48Z,1.92,0
2026-09-09T12:25:48Z,,0
2026-09-09T12:27:48Z,1.92,
2026-09-09T12:28:48Z,1.92,0
2026-09-09T12:29:48Z,1.92,0
2026-09-09T12:30:48Z,1.92,0
2026-09-09T12:31:48Z,1.92,0
2026-09-09T12:32:48Z,,0
2026-09-09T12:33:48Z,1.92,
2026-09-09T12:34:48Z,1.92,0
2026-09-09T12:35:48Z,2.18,0
2026-09-09T12:36:48Z,2.18,0
2026-09-09T12:37:48Z,1.92,0
2026-09-09T12:38:48Z,,0
2026-09-09T12:39:48Z,1.92,
2026-09-09T12:40:48Z,1.92,0
2026-09-09T12:41:48Z,1.92,0
2026-09-09T12:42:48Z,1.92,0
2026-09-09T12:43:48Z,1.92,0
2026-09-09T12:44:48Z,,0
2026-09-09T12:45:48Z,1.66,
2026-09-09T12:46:48Z,1.92,0
2026-09-09T12:47:48Z,1.92,0
2026-09-09T12:48:48Z,1.92,0
2026-09-09T12:49:48Z,1.92,0
2026-09-09T12:50:48Z,,0
2026-09-09T12:52:48Z,1.92,
2026-09-09T12:53:48Z,1.92,0
2026-09-09T12:54:48Z,1.92,0
2026-09-09T12:55:48Z,1.92,0
2026-09-09T12:56:48Z,1.92,0
2026-09-09T12:59:48Z,1.92,
2026-09-09T13:00:48Z,1.92,0
2026-09-09T13:01:48Z,1.92,0
2026-09-09T13:02:48Z,1.92,0
2026-09-09T13:03:48Z,,0
2026-09-09T13:04:48Z,,0
2026-09-09T13:05:48Z,1.66,
2026-09-09T13:06:48Z,1.66,
2026-09-09T13:07:48Z,1.66,0
2026-09-09T13:08:48Z,1.92,0
2026-09-09T13:09:48Z,1.66,0
2026-09-09T13:10:48Z,,0
2026-09-09T13:11:48Z,,0
2026-09-09T13:12:48Z,1.92,
2026-09-09T13:13:48Z,1.92,
2026-09-09T13:14:48Z,1.92,0
2026-09-09T13:15:48Z,1.66,0
2026-09-09T13:16:48Z,1.92,0
2026-09-09T13:17:48Z,,0
2026-09-09T13:18:48Z,,0
2026-09-09T13:19:48Z,1.92,
2026-09-09T13:20:48Z,1.92,
2026-09-09T13:21:48Z,1.92,0
2026-09-09T13:22:48Z,1.92,0
2026-09-09T13:23:48Z,1.92,0
2026-09-09T13:24:48Z,,0
2026-09-09T13:25:48Z,1.92,0
2026-09-09T13:26:48Z,1.92,
2026-09-09T13:27:48Z,1.92,0
2026-09-09T13:28:48Z,1.92,0
2026-09-09T13:29:48Z,1.92,0
2026-09-09T13:30:48Z,,0
2026-09-09T13:31:48Z,,0
2026-09-09T13:32:48Z,1.92,
2026-09-09T13:33:48Z,1.92,
2026-09-09T13:34:48Z,1.92,0
2026-09-09T13:35:48Z,1.66,0
2026-09-09T13:36:48Z,1.66,0
2026-09-09T13:37:48Z,,0
2026-09-09T13:38:48Z,1.92,0
2026-09-09T13:39:48Z,1.92,
2026-09-09T13:40:48Z,1.92,0
2026-09-09T13:41:48Z,1.92,0
2026-09-09T13:42:48Z,1.92,0
2026-09-09T13:43:48Z,,0
2026-09-09T13:44:48Z,1.92,0
2026-09-09T13:45:48Z,1.92,
2026-09-09T13:46:48Z,1.92,0
2026-09-09T13:47:48Z,1.92,0
2026-09-09T13:48:48Z,1.92,0
2026-09-09T13:49:48Z,,0
2026-09-09T13:50:48Z,1.92,0
2026-09-09T13:51:48Z,1.92,
2026-09-09T13:52:48Z,1.92,0
2026-09-09T13:53:48Z,1.92,0
2026-09-09T13:54:48Z,1.92,0
2026-09-09T13:55:48Z,,0
2026-09-09T13:56:48Z,,0
2026-09-09T13:57:48Z,1.66,
2026-09-09T13:58:48Z,1.92,
2026-09-09T13:59:48Z,2.18,0
2026-09-09T14:00:48Z,1.92,0
2026-09-09T14:01:48Z,1.92,0
2026-09-09T14:02:48Z,,0
2026-09-09T14:03:48Z,,0
2026-09-09T14:04:48Z,1.92,
2026-09-09T14:05:48Z,2.18,
2026-09-09T14:06:48Z,2.18,0
2026-09-09T14:07:48Z,2.18,0
2026-09-09T14:08:48Z,2.18,0
2026-09-09T14:09:48Z,,0
2026-09-09T14:10:48Z,1.92,0
2026-09-09T14:11:48Z,1.92,
2026-09-09T14:12:48Z,1.92,0
2026-09-09T14:13:48Z,1.92,0
2026-09-09T14:14:48Z,1.66,0
2026-09-09T14:15:48Z,,0
2026-09-09T14:16:48Z,,0
2026-09-09T14:17:48Z,1.92,
2026-09-09T14:18:48Z,1.92,
2026-09-09T14:19:48Z,1.92,0
2026-09-09T14:20:48Z,1.92,0
2026-09-09T14:21:48Z,1.92,0
2026-09-09T14:22:48Z,,0
2026-09-09T14:23:48Z,,0
2026-09-09T14:25:48Z,1.92,0
2026-09-09T14:26:48Z,1.66,0
2026-09-09T14:27:48Z,1.66,0
2026-09-09T14:28:48Z,1.92,0
2026-09-09T14:29:48Z,,0
2026-09-09T14:30:48Z,1.92,
2026-09-09T14:31:48Z,1.92,
2026-09-09T14:32:48Z,1.92,0
2026-09-09T14:33:48Z,1.92,0
2026-09-09T14:34:48Z,1.92,0
2026-09-09T14:35:48Z,,0
2026-09-09T14:36:48Z,,0
2026-09-09T14:37:48Z,1.92,
2026-09-09T14:38:48Z,1.92,
2026-09-09T14:39:48Z,1.92,0
2026-09-09T14:40:48Z,1.92,0
2026-09-09T14:41:48Z,1.92,0
2026-09-09T14:42:48Z,,0
2026-09-09T14:44:48Z,1.92,
2026-09-09T14:45:48Z,1.92,0
2026-09-09T14:46:48Z,1.92,0
2026-09-09T14:47:48Z,1.92,0
2026-09-09T14:48:48Z,,0
2026-09-09T14:49:48Z,,0
2026-09-09T14:50:48Z,1.92,
2026-09-09T14:51:48Z,1.66,
2026-09-09T14:52:48Z,1.92,0
2026-09-09T14:53:48Z,1.92,0
2026-09-09T14:54:48Z,1.92,0
2026-09-09T14:55:48Z,,0
2026-09-09T14:56:48Z,,0
2026-09-09T14:57:48Z,2.18,
2026-09-09T14:58:48Z,1.92,
2026-09-09T14:59:48Z,1.92,
2026-09-09T15:00:48Z,2.18,0
2026-09-09T15:01:48Z,2.18,0
2026-09-09T15:02:48Z,1.92,0
2026-09-09T15:03:48Z,,0
2026-09-09T15:04:48Z,,0
2026-09-09T15:05:48Z,1.92,
2026-09-09T15:06:48Z,1.92,
2026-09-09T15:07:48Z,1.92,0
2026-09-09T15:08:48Z,1.92,0
2026-09-09T15:09:48Z,1.92,0
2026-09-09T15:10:48Z,,0
2026-09-09T15:11:48Z,,0
2026-09-09T15:12:48Z,1.92,
2026-09-09T15:13:48Z,1.92,
2026-09-09T15:14:48Z,1.92,0
2026-09-09T15:15:48Z,1.92,0
2026-09-09T15:16:48Z,1.92,0
2026-09-09T15:17:48Z,,0
2026-09-09T15:18:48Z,2.18,
2026-09-09T15:19:48Z,1.92,
2026-09-09T15:20:48Z,1.92,0
2026-09-09T15:21:48Z,2.18,0
2026-09-09T15:22:48Z,1.92,0
2026-09-09T15:23:48Z,,0
2026-09-09T15:24:48Z,,0
2026-09-09T15:25:48Z,1.92,0
2026-09-09T15:26:48Z,1.92,
2026-09-09T15:27:48Z,1.92,0
2026-09-09T15:28:48Z,1.92,0
2026-09-09T15:29:48Z,1.92,0
2026-09-09T15:30:48Z,,0
2026-09-09T15:31:48Z,,0
2026-09-09T15:32:48Z,2.18,
2026-09-09T15:33:48Z,2.18,
2026-09-09T15:34:48Z,1.92,0
2026-09-09T15:35:48Z,1.92,0
2026-09-09T15:36:48Z,2.18,0
2026-09-09T15:37:48Z,,0
2026-09-09T15:38:48Z,2.18,
2026-09-09T15:39:48Z,2.18,
2026-09-09T15:40:48Z,1.92,0
2026-09-09T15:41:48Z,2.18,0
2026-09-09T15:42:48Z,1.92,0
2026-09-09T15:43:48Z,,0
2026-09-09T15:44:48Z,1.92,0
2026-09-09T15:45:48Z,1.92,
2026-09-09T15:46:48Z,1.92,0
2026-09-09T15:47:48Z,1.92,0
2026-09-09T15:48:48Z,1.92,0
2026-09-09T15:49:48Z,,0
2026-09-09T15:50:48Z,,0
2026-09-09T15:51:48Z,1.92,
2026-09-09T15:52:48Z,1.92,
2026-09-09T15:53:48Z,1.92,0
2026-09-09T15:54:48Z,2.18,0
2026-09-09T15:55:48Z,1.92,0
2026-09-09T15:56:48Z,,0
2026-09-09T15:57:48Z,,0
2026-09-09T15:59:48Z,1.92,
2026-09-09T16:00:48Z,1.92,
2026-09-09T16:01:48Z,1.92,
2026-09-09T16:02:48Z,1.92,0
2026-09-09T16:03:48Z,2.18,0
2026-09-09T16:04:48Z,,0
2026-09-09T16:05:48Z,,0
2026-09-09T16:06:48Z,2.18,0
2026-09-09T16:07:48Z,2.18,
2026-09-09T16:08:48Z,1.92,
2026-09-09T16:09:48Z,1.92,0
2026-09-09T16:10:48Z,1.92,0
2026-09-09T16:11:48Z,,0
2026-09-09T16:12:48Z,,0
2026-09-09T16:13:48Z,1.92,0
2026-09-09T16:14:48Z,1.92,
2026-09-09T16:15:48Z,1.92,
2026-09-09T16:16:48Z,1.92,0
2026-09-09T16:17:48Z,1.92,0
2026-09-09T16:18:48Z,,0
2026-09-09T16:19:48Z,2.18,0
2026-09-09T16:20:48Z,1.92,0
2026-09-09T16:21:48Z,1.92,
2026-09-09T16:22:48Z,1.92,
2026-09-09T16:23:48Z,1.66,0
2026-09-09T16:24:48Z,1.92,0
2026-09-09T16:25:48Z,,0
2026-09-09T16:26:48Z,1.66,0
2026-09-09T16:27:48Z,1.66,0
2026-09-09T16:28:48Z,1.92,
2026-09-09T16:29:48Z,1.92,0
2026-09-09T16:30:48Z,1.92,0
2026-09-09T16:31:48Z,,0
2026-09-09T16:32:48Z,1.66,0
2026-09-09T16:33:48Z,1.66,0
2026-09-09T16:34:48Z,1.92,
2026-09-09T16:35:48Z,2.18,
2026-09-09T16:36:48Z,1.92,0
2026-09-09T16:37:48Z,,0
2026-09-09T16:38:48Z,,0
2026-09-09T16:39:48Z,1.92,0
2026-09-09T16:40:48Z,1.92,0
2026-09-09T16:41:48Z,1.92,
2026-09-09T16:42:48Z,1.92,
2026-09-09T16:43:48Z,1.92,0
2026-09-09T16:44:48Z,,0
2026-09-09T16:45:48Z,,0
2026-09-09T16:46:48Z,1.92,0
2026-09-09T16:47:48Z,1.92,0
2026-09-09T16:48:48Z,1.92,
2026-09-09T16:49:48Z,1.92,0
2026-09-09T16:50:48Z,1.66,0
2026-09-09T16:51:48Z,,0
2026-09-09T16:52:48Z,1.92,0
2026-09-09T16:53:48Z,1.92,0
2026-09-09T16:54:48Z,1.92,
2026-09-09T16:55:48Z,1.92,
2026-09-09T16:56:48Z,1.92,0
2026-09-09T16:57:48Z,,0
2026-09-09T16:58:48Z,,0
2026-09-09T16:59:48Z,1.66,0
2026-09-09T17:00:48Z,1.92,0
2026-09-09T17:01:48Z,1.92,
2026-09-09T17:02:48Z,1.92,
2026-09-09T17:03:48Z,1.92,0
2026-09-09T17:04:48Z,,0
2026-09-09T17:05:48Z,,0
2026-09-09T17:06:48Z,1.92,0
2026-09-09T17:07:48Z,1.92,0
2026-09-09T17:08:48Z,1.92,
2026-09-09T17:09:48Z,1.92,
2026-09-09T17:10:48Z,1.92,0
2026-09-09T17:11:48Z,,0
2026-09-09T17:12:48Z,,0
2026-09-09T17:13:48Z,1.92,0
2026-09-09T17:14:48Z,1.66,0
2026-09-09T17:15:48Z,1.66,
2026-09-09T17:16:48Z,1.92,
2026-09-09T17:17:48Z,,0
2026-09-09T17:18:48Z,,0
2026-09-09T17:19:48Z,1.92,0
2026-09-09T17:20:48Z,1.92,0
2026-09-09T17:21:48Z,1.92,0
2026-09-09T17:22:48Z,1.92,
2026-09-09T17:23:48Z,1.92,
2026-09-09T17:24:48Z,1.92,0
2026-09-09T17:25:48Z,,0
2026-09-09T17:26:48Z,,0
2026-09-09T17:27:48Z,1.92,0
2026-09-09T17:28:48Z,1.92,0
2026-09-09T17:29:48Z,1.66,
2026-09-09T17:30:48Z,1.92,
2026-09-09T17:31:48Z,1.92,0
2026-09-09T17:32:48Z,,0
2026-09-09T17:33:48Z,1.92,0
2026-09-09T17:34:48Z,1.92,0
2026-09-09T17:35:48Z,1.92,0
2026-09-09T17:36:48Z,1.92,
2026-09-09T17:37:48Z,1.92,0
2026-09-09T17:38:48Z,,0
2026-09-09T17:39:48Z,,0
2026-09-09T17:40:48Z,1.92,0
2026-09-09T17:41:48Z,1.92,0
2026-09-09T17:42:48Z,1.92,
2026-09-09T17:43:48Z,1.92,
2026-09-09T17:44:48Z,1.92,0
2026-09-09T17:45:48Z,,0
2026-09-09T17:46:48Z,,0
2026-09-09T17:47:48Z,1.92,0
2026-09-09T17:48:48Z,1.66,0
2026-09-09T17:49:48Z,1.66,
2026-09-09T17:50:48Z,1.66,
2026-09-09T17:51:48Z,1.92,0
2026-09-09T17:52:48Z,,0
2026-09-09T17:53:48Z,1.66,0
2026-09-09T17:54:48Z,1.92,0
2026-09-09T17:55:48Z,1.92,0
2026-09-09T17:56:48Z,1.92,
2026-09-09T17:57:48Z,1.92,
2026-09-09T17:59:48Z,,0
2026-09-09T18:00:48Z,,0
2026-09-09T18:01:48Z,,0
2026-09-09T18:02:48Z,1.66,0
2026-09-09T18:03:48Z,1.66,0
2026-09-09T18:04:48Z,1.66,
2026-09-09T18:05:48Z,2.18,
2026-09-09T18:06:48Z,1.92,0
2026-09-09T18:07:48Z,,0
2026-09-09T18:08:48Z,,0
2026-09-09T18:09:48Z,1.66,0
2026-09-09T18:10:48Z,1.92,0
2026-09-09T18:11:48Z,1.92,
2026-09-09T18:12:48Z,1.92,
2026-09-09T18:13:48Z,1.92,0
2026-09-09T18:14:48Z,,0
2026-09-09T18:15:48Z,,0
2026-09-09T18:16:48Z,1.92,0
2026-09-09T18:17:48Z,1.92,0
2026-09-09T18:18:48Z,1.92,
2026-09-09T18:19:48Z,1.92,0
2026-09-09T18:20:48Z,,0
2026-09-09T18:21:48Z,,0
2026-09-09T18:22:48Z,1.92,0
2026-09-09T18:23:48Z,1.66,0
2026-09-09T18:24:48Z,1.66,
2026-09-09T18:25:48Z,1.92,
2026-09-09T18:26:48Z,1.92,0
2026-09-09T18:27:48Z,,0
2026-09-09T18:28:48Z,,0
2026-09-09T18:29:48Z,1.66,0
2026-09-09T18:30:48Z,1.66,0
2026-09-09T18:31:48Z,1.66,
2026-09-09T18:32:48Z,1.66,
2026-09-09T18:33:48Z,1.92,0
2026-09-09T18:34:48Z,,0
2026-09-09T18:35:48Z,1.92,0
2026-09-09T18:36:48Z,1.92,0
2026-09-09T18:37:48Z,1.92,0
2026-09-09T18:38:48Z,1.92,
2026-09-09T18:39:48Z,1.92,0
2026-09-09T18:40:48Z,,0
2026-09-09T18:41:48Z,2.18,0
2026-09-09T18:42:48Z,1.92,0
2026-09-09T18:43:48Z,1.92,0
2026-09-09T18:44:48Z,1.92,
2026-09-09T18:45:48Z,2.18,0
2026-09-09T18:46:48Z,,0
2026-09-09T18:47:48Z,1.92,0
2026-09-09T18:48:48Z,1.92,0
2026-09-09T18:49:48Z,1.92,0
2026-09-09T18:50:48Z,1.92,
2026-09-09T18:51:48Z,1.92,
2026-09-09T18:52:48Z,,0
2026-09-09T18:53:48Z,,0
2026-09-09T18:54:48Z,1.92,0
2026-09-09T18:55:48Z,1.92,0
2026-09-09T18:56:48Z,1.92,0
2026-09-09T18:57:48Z,1.92,
2026-09-09T18:58:48Z,1.92,
2026-09-09T18:59:48Z,2.18,0
2026-09-09T19:00:48Z,2.18,0
2026-09-09T19:01:48Z,1.92,0
2026-09-09T19:02:48Z,1.92,0
2026-09-09T19:03:48Z,1.66,0
2026-09-09T19:04:48Z,1.92,
2026-09-09T19:05:48Z,1.92,0
2026-09-09T19:06:48Z,2.18,0
2026-09-09T19:07:48Z,1.92,0
2026-09-09T19:08:48Z,1.92,0
2026-09-09T19:09:48Z,2.18,0
2026-09-09T19:11:48Z,1.92,0
2026-09-09T19:12:48Z,2.18,0
2026-09-09T19:13:48Z,1.92,0
2026-09-09T19:14:48Z,2.18,0
2026-09-09T19:15:48Z,2.18,0
2026-09-09T19:17:48Z,1.92,0
2026-09-09T19:18:48Z,1.92,0
2026-09-09T19:19:48Z,2.18,0
2026-09-09T19:20:48Z,2.18,0
2026-09-09T19:21:48Z,2.18,0
2026-09-09T19:23:48Z,1.92,0
2026-09-09T19:24:48Z,2.18,0
2026-09-09T19:25:48Z,1.92,0
2026-09-09T19:26:48Z,1.92,0
2026-09-09T19:28:48Z,1.92,0
2026-09-09T19:29:48Z,1.92,0
2026-09-09T19:30:48Z,1.66,0
2026-09-09T19:31:48Z,1.92,0
2026-09-09T19:32:48Z,1.92,0
2026-09-09T19:34:48Z,1.92,0
2026-09-09T19:35:48Z,1.92,0
2026-09-09T19:36:48Z,1.92,0
2026-09-09T19:37:48Z,1.92,0
2026-09-09T19:38:48Z,1.92,0
2026-09-09T19:39:48Z,1.92,0
2026-09-09T19:41:48Z,1.92,0
2026-09-09T19:42:48Z,1.92,0
2026-09-09T19:43:48Z,1.92,0
2026-09-09T19:44:48Z,1.92,0
2026-09-09T19:45:48Z,2.18,0
2026-09-09T19:47:48Z,1.92,0
2026-09-09T19:48:48Z,1.92,0
2026-09-09T19:49:48Z,1.92,0
2026-09-09T19:50:48Z,1.92,0
2026-09-09T19:51:48Z,1.92,0
2026-09-09T19:53:48Z,1.92,0
2026-09-09T19:54:48Z,1.92,0
2026-09-09T19:55:48Z,1.92,0
2026-09-09T19:56:48Z,1.92,0
2026-09-09T19:57:48Z,1.92,0
2026-09-09T20:00:48Z,,0
2026-09-09T20:01:48Z,1.92,0
2026-09-09T20:02:48Z,1.92,0
2026-09-09T20:03:48Z,1.92,0
2026-09-09T20:04:48Z,1.92,0
2026-09-09T20:05:48Z,1.66,
2026-09-09T20:06:48Z,,0
2026-09-09T20:07:48Z,1.92,0
2026-09-09T20:08:48Z,1.66,0
2026-09-09T20:09:48Z,1.92,0
2026-09-09T20:10:48Z,1.66,0
2026-09-09T20:11:48Z,1.92,
2026-09-09T20:12:48Z,,0
2026-09-09T20:13:48Z,1.92,0
2026-09-09T20:14:48Z,1.92,0
2026-09-09T20:15:48Z,1.66,0
2026-09-09T20:16:48Z,1.92,0
2026-09-09T20:17:48Z,1.92,
2026-09-09T20:19:48Z,,0
2026-09-09T20:20:48Z,1.92,0
2026-09-09T20:21:48Z,1.92,0
2026-09-09T20:22:48Z,1.92,0
2026-09-09T20:23:48Z,1.92,0
2026-09-09T20:24:48Z,1.92,
2026-09-09T20:25:48Z,1.92,
2026-09-09T20:26:48Z,,0
2026-09-09T20:27:48Z,1.92,0
2026-09-09T20:28:48Z,1.92,0
2026-09-09T20:29:48Z,1.92,0
2026-09-09T20:30:48Z,1.92,0
2026-09-09T20:31:48Z,1.92,
2026-09-09T20:32:48Z,,0
2026-09-09T20:33:48Z,1.92,0
2026-09-09T20:34:48Z,1.92,0
2026-09-09T20:35:48Z,1.92,0
2026-09-09T20:36:48Z,1.92,0
2026-09-09T20:37:48Z,1.92,0
2026-09-09T20:38:48Z,1.92,0
2026-09-09T20:39:48Z,1.92,0
2026-09-09T20:41:48Z,1.92,0
2026-09-09T20:42:48Z,1.92,0
2026-09-09T20:43:48Z,1.92,0
2026-09-09T20:44:48Z,1.92,0
2026-09-09T20:45:48Z,,0
2026-09-09T20:47:48Z,1.92,0
2026-09-09T20:48:48Z,1.92,0
2026-09-09T20:49:48Z,1.92,0
2026-09-09T20:50:48Z,1.92,0
2026-09-09T20:51:48Z,1.92,0
2026-09-09T20:53:48Z,1.92,0
2026-09-09T20:54:48Z,1.92,0
2026-09-09T20:55:48Z,1.92,0
2026-09-09T20:56:48Z,1.92,0
2026-09-09T20:57:48Z,1.92,0
2026-09-09T21:00:48Z,1.92,0
2026-09-09T21:01:48Z,1.92,0
2026-09-09T21:02:48Z,1.92,0
2026-09-09T21:03:48Z,1.92,0
2026-09-09T21:04:48Z,1.92,0
2026-09-09T21:07:48Z,1.92,0
2026-09-09T21:08:48Z,1.92,0
2026-09-09T21:09:48Z,1.92,0
2026-09-09T21:10:48Z,1.92,0
2026-09-09T21:11:48Z,1.92,0
2026-09-09T21:13:48Z,,0
2026-09-09T21:14:48Z,1.92,0
2026-09-09T21:15:48Z,1.92,0
2026-09-09T21:16:48Z,1.92,0
2026-09-09T21:17:48Z,1.92,0
2026-09-09T21:19:48Z,1.66,0
2026-09-09T21:20:48Z,1.92,0
2026-09-09T21:21:48Z,1.92,0
2026-09-09T21:22:48Z,1.92,0
2026-09-09T21:23:48Z,1.92,0
2026-09-09T21:24:48Z,1.92,0
2026-09-09T21:25:48Z,1.92,0
2026-09-09T21:26:48Z,1.92,0
2026-09-09T21:28:48Z,1.92,0
2026-09-09T21:29:48Z,1.92,0
2026-09-09T21:30:48Z,1.92,0
2026-09-09T21:31:48Z,1.92,0
2026-09-09T21:32:48Z,1.92,0
2026-09-09T21:34:48Z,1.92,0
2026-09-09T21:35:48Z,1.92,0
2026-09-09T21:36:48Z,1.92,0
2026-09-09T21:37:48Z,1.92,0
2026-09-09T21:38:48Z,1.92,0
2026-09-09T21:39:48Z,,0
2026-09-09T21:40:48Z,1.92,0
2026-09-09T21:41:48Z,1.92,0
2026-09-09T21:42:48Z,2.18,0
2026-09-09T21:43:48Z,1.92,0
2026-09-09T21:44:48Z,1.92,0
2026-09-09T21:45:48Z,,0
2026-09-09T21:46:48Z,1.92,
2026-09-09T21:47:48Z,1.92,0
2026-09-09T21:48:48Z,1.92,0
2026-09-09T21:49:48Z,1.92,0
2026-09-09T21:50:48Z,1.92,0
2026-09-09T21:51:48Z,,0
2026-09-09T21:53:48Z,1.92,0
2026-09-09T21:54:48Z,1.92,0
2026-09-09T21:55:48Z,1.92,0
2026-09-09T21:56:48Z,1.92,0
2026-09-09T21:57:48Z,,0
2026-09-09T21:59:48Z,1.92,
2026-09-09T22:00:48Z,1.92,0
2026-09-09T22:01:48Z,1.92,0
2026-09-09T22:02:48Z,1.92,0
2026-09-09T22:03:48Z,1.92,0
2026-09-09T22:04:48Z,,0
2026-09-09T22:06:48Z,1.92,0
2026-09-09T22:07:48Z,1.92,0
2026-09-09T22:08:48Z,1.92,0
2026-09-09T22:09:48Z,1.92,0
2026-09-09T22:10:48Z,,0
2026-09-09T22:11:48Z,1.92,
2026-09-09T22:12:48Z,2.18,0
2026-09-09T22:13:48Z,1.92,0
2026-09-09T22:14:48Z,1.92,0
2026-09-09T22:15:48Z,1.92,0
2026-09-09T22:16:48Z,,0
2026-09-09T22:17:48Z,1.92,
2026-09-09T22:18:48Z,1.92,0
2026-09-09T22:19:48Z,1.92,0
2026-09-09T22:20:48Z,1.92,0
2026-09-09T22:21:48Z,1.92,0
2026-09-09T22:22:48Z,,0
2026-09-09T22:23:48Z,1.92,
2026-09-09T22:24:48Z,2.57,0
2026-09-09T22:25:48Z,2.18,0
2026-09-09T22:26:48Z,1.92,0
2026-09-09T22:27:48Z,1.92,0
2026-09-09T22:28:48Z,,0
2026-09-09T22:29:48Z,1.92,
2026-09-09T22:30:48Z,1.92,0
2026-09-09T22:31:48Z,2.18,0
2026-09-09T22:32:48Z,1.92,0
2026-09-09T22:33:48Z,1.92,0
2026-09-09T22:34:48Z,,0
2026-09-09T22:35:48Z,1.92,
2026-09-09T22:36:48Z,1.92,0
2026-09-09T22:37:48Z,1.92,0
2026-09-09T22:38:48Z,1.92,0
2026-09-09T22:39:48Z,1.92,0
2026-09-09T22:40:48Z,,0
2026-09-09T22:41:48Z,1.92,
2026-09-09T22:42:48Z,1.92,0
2026-09-09T22:43:48Z,1.92,0
2026-09-09T22:44:48Z,2.18,0
2026-09-09T22:45:48Z,2.18,0
2026-09-09T22:46:48Z,,0
2026-09-09T22:47:48Z,2.18,
2026-09-09T22:48:48Z,1.92,0
2026-09-09T22:49:48Z,2.18,0
2026-09-09T22:50:48Z,1.92,0
2026-09-09T22:51:48Z,2.18,0
2026-09-09T22:52:48Z,,0
2026-09-09T22:53:48Z,2.18,
2026-09-09T22:54:48Z,1.92,0
2026-09-09T22:55:48Z,1.92,0
2026-09-09T22:56:48Z,2.18,0
2026-09-09T22:57:48Z,1.92,0
2026-09-09T22:58:48Z,,0
2026-09-09T22:59:48Z,,0
2026-09-09T23:01:48Z,1.92,
2026-09-09T23:02:48Z,1.92,
2026-09-09T23:03:48Z,1.92,0
2026-09-09T23:04:48Z,1.92,0
2026-09-09T23:05:48Z,2.18,0
2026-09-09T23:06:48Z,,0
2026-09-09T23:07:48Z,1.92,
2026-09-09T23:08:48Z,1.92,
2026-09-09T23:09:48Z,1.92,0
2026-09-09T23:10:48Z,1.92,0
2026-09-09T23:11:48Z,1.92,0
2026-09-09T23:12:48Z,,0
2026-09-09T23:13:48Z,,0
2026-09-09T23:14:48Z,1.92,
2026-09-09T23:15:48Z,2.18,
2026-09-09T23:16:48Z,1.92,0
2026-09-09T23:17:48Z,1.92,0
2026-09-09T23:18:48Z,,0
2026-09-09T23:19:48Z,,0
2026-09-09T23:20:48Z,,0
2026-09-09T23:21:48Z,1.92,
2026-09-09T23:22:48Z,1.92,
2026-09-09T23:23:48Z,1.92,0
2026-09-09T23:24:48Z,1.92,0
2026-09-09T23:25:48Z,1.92,0
2026-09-09T23:26:48Z,,0
2026-09-09T23:27:48Z,1.92,
2026-09-09T23:28:48Z,1.92,
2026-09-09T23:29:48Z,1.92,0
2026-09-09T23:30:48Z,1.92,0
2026-09-09T23:31:48Z,1.92,0
2026-09-09T23:32:48Z,,0
2026-09-09T23:33:48Z,1.92,0
2026-09-09T23:34:48Z,1.92,
2026-09-09T23:35:48Z,1.92,0
2026-09-09T23:36:48Z,1.92,0
2026-09-09T23:37:48Z,1.92,0
2026-09-09T23:38:48Z,,0
2026-09-09T23:39:48Z,,0
2026-09-09T23:41:48Z,2.18,0
2026-09-09T23:42:48Z,2.18,0
2026-09-09T23:43:48Z,2.18,0
2026-09-09T23:44:48Z,2.18,0
2026-09-09T23:45:48Z,2.18,0
2026-09-09T23:46:48Z,2.18,0
2026-09-09T23:47:48Z,1.92,0
2026-09-09T23:48:48Z,1.92,0
2026-09-09T23:49:48Z,1.92,0
2026-09-09T23:50:48Z,,0
2026-09-09T23:51:48Z,1.92,
2026-09-09T23:52:48Z,1.92,0
2026-09-09T23:53:48Z,2.18,0
2026-09-09T23:54:48Z,2.18,0
2026-09-09T23:55:48Z,1.92,0
2026-09-09T23:56:48Z,,0
2026-09-09T23:57:48Z,2.18,
2026-09-09T23:58:48Z,2.18,
2026-09-09T23:59:48Z,1.92,0
2026-09-10T00:00:48Z,1.92,0
2026-09-10T00:01:48Z,2.18,0
2026-09-10T00:02:48Z,,0
2026-09-10T00:03:48Z,,0
2026-09-10T00:04:48Z,1.92,
2026-09-10T00:05:48Z,1.92,0
2026-09-10T00:06:48Z,2.18,0
2026-09-10T00:07:48Z,2.18,0
2026-09-10T00:08:48Z,2.18,0
2026-09-10T00:09:48Z,,0
2026-09-10T00:10:48Z,1.92,
2026-09-10T00:11:48Z,1.92,0
2026-09-10T00:12:48Z,1.92,0
2026-09-10T00:13:48Z,1.92,0
2026-09-10T00:14:48Z,1.92,0
2026-09-10T00:15:48Z,,0
2026-09-10T00:16:48Z,1.92,
2026-09-10T00:17:48Z,1.92,0
2026-09-10T00:18:48Z,1.92,0
2026-09-10T00:19:48Z,1.92,0
2026-09-10T00:20:48Z,1.92,0
2026-09-10T00:21:48Z,,0
2026-09-10T00:23:48Z,2.18,0
2026-09-10T00:24:48Z,2.18,0
2026-09-10T00:25:48Z,2.18,0
2026-09-10T00:26:48Z,1.92,0
2026-09-10T00:27:48Z,,0
2026-09-10T01:00:48Z,2.18,0
2026-09-10T01:02:48Z,2.18,0
2026-09-10T01:03:48Z,1.92,0
2026-09-10T01:04:48Z,1.92,0
2026-09-10T01:05:48Z,2.18,0
2026-09-10T01:06:48Z,,0
2026-09-10T01:08:48Z,1.92,0
2026-09-10T01:09:48Z,1.92,0
2026-09-10T01:10:48Z,2.18,0
2026-09-10T01:12:48Z,2.18,0
2026-09-10T01:14:48Z,2.57,0
2026-09-10T01:15:48Z,2.57,0
2026-09-10T01:16:48Z,2.18,0
2026-09-10T01:17:48Z,2.18,0
2026-09-10T01:18:48Z,2.57,0
2026-09-10T01:19:48Z,,0
2026-09-10T01:20:48Z,1.92,
2026-09-10T01:21:48Z,1.92,0
2026-09-10T01:22:48Z,1.92,0
2026-09-10T01:23:48Z,1.92,0
2026-09-10T01:24:48Z,1.92,0
2026-09-10T01:25:48Z,,0
2026-09-10T01:27:48Z,2.18,
2026-09-10T01:28:48Z,2.18,0
2026-09-10T01:29:48Z,2.18,0
2026-09-10T01:30:48Z,1.92,0
2026-09-10T01:31:48Z,1.92,0
2026-09-10T01:32:48Z,,0
2026-09-10T01:33:48Z,1.92,
2026-09-10T01:34:48Z,1.92,0
2026-09-10T01:35:48Z,1.92,0
2026-09-10T01:36:48Z,1.92,0
2026-09-10T01:37:48Z,2.18,0
2026-09-10T01:38:48Z,,0
2026-09-10T01:39:48Z,1.92,
2026-09-10T01:40:48Z,1.92,0
2026-09-10T01:41:48Z,1.92,0
2026-09-10T01:42:48Z,1.92,0
2026-09-10T01:43:48Z,1.92,0
2026-09-10T01:44:48Z,,0
2026-09-10T01:46:48Z,1.92,0
2026-09-10T01:47:48Z,1.92,0
2026-09-10T01:48:48Z,1.92,0
2026-09-10T01:49:48Z,1.92,0
2026-09-10T01:50:48Z,1.92,0
2026-09-10T01:52:48Z,2.18,
2026-09-10T01:53:48Z,1.92,0
2026-09-10T01:54:48Z,2.18,0
2026-09-10T01:55:48Z,2.18,0
2026-09-10T01:56:48Z,1.92,0
2026-09-10T01:57:48Z,,0
2026-09-10T01:59:48Z,2.18,0
2026-09-10T02:00:48Z,1.92,0
2026-09-10T02:01:48Z,2.18,0
2026-09-10T02:02:48Z,1.92,0
2026-09-10T02:03:48Z,2.18,0
2026-09-10T02:05:48Z,1.92,
2026-09-10T02:06:48Z,2.18,0
2026-09-10T02:07:48Z,2.18,0
2026-09-10T02:08:48Z,1.92,0
2026-09-10T02:09:48Z,1.92,0
2026-09-10T02:10:48Z,2.18,0
2026-09-10T02:11:48Z,2.18,0
2026-09-10T02:12:48Z,2.18,0
2026-09-10T03:07:48Z,1.92,0
2026-09-10T03:08:48Z,1.92,0
2026-09-10T03:09:48Z,1.92,0
2026-09-10T03:10:48Z,2.18,0
2026-09-10T03:11:48Z,1.92,0
2026-09-10T03:12:48Z,1.92,0
2026-09-10T03:13:48Z,2.18,0
2026-09-10T03:14:48Z,1.92,0
2026-09-10T03:15:48Z,1.92,0
2026-09-10T03:16:48Z,1.92,0
2026-09-10T03:17:48Z,1.92,0
2026-09-10T03:18:48Z,1.92,0
2026-09-10T03:19:48Z,1.92,0
2026-09-10T03:20:48Z,1.92,0
2026-09-10T03:21:48Z,1.92,
2026-09-10T03:22:48Z,1.92,0
2026-09-10T03:23:48Z,1.92,0
2026-09-10T03:24:48Z,2.18,0
2026-09-10T03:25:48Z,,0
2026-09-10T03:26:48Z,1.92,0
2026-09-10T03:27:48Z,1.92,0
2026-09-10T03:28:48Z,1.92,0
2026-09-10T03:29:48Z,2.18,0
2026-09-10T03:30:48Z,1.92,0
2026-09-10T03:31:48Z,1.92,
2026-09-10T03:32:48Z,1.92,0
2026-09-10T03:33:48Z,1.92,0
2026-09-10T03:34:48Z,1.92,0
2026-09-10T03:35:48Z,1.92,0
2026-09-10T03:36:48Z,,0
2026-09-10T03:37:48Z,1.92,
2026-09-10T03:38:48Z,1.92,0
2026-09-10T03:39:48Z,2.18,0
2026-09-10T03:40:48Z,1.92,0
2026-09-10T03:41:48Z,1.92,0
2026-09-10T03:42:48Z,,0
2026-09-10T03:43:48Z,1.92,
2026-09-10T03:44:48Z,1.92,0
2026-09-10T03:45:48Z,1.92,0
2026-09-10T03:46:48Z,1.92,0
2026-09-10T03:47:48Z,1.92,0
2026-09-10T03:48:48Z,,0
2026-09-10T03:49:48Z,1.92,
2026-09-10T03:50:48Z,1.92,0
2026-09-10T03:51:48Z,1.92,0
2026-09-10T03:52:48Z,1.92,0
2026-09-10T03:53:48Z,1.66,0
2026-09-10T03:54:48Z,1.92,0
2026-09-10T03:55:48Z,1.92,0
2026-09-10T03:56:48Z,1.92,0
2026-09-10T03:57:48Z,1.92,0
2026-09-10T03:58:48Z,2.18,0
2026-09-10T03:59:48Z,1.92,0
2026-09-10T04:00:48Z,,0
2026-09-10T04:02:48Z,1.92,0
2026-09-10T04:03:48Z,1.92,0
2026-09-10T04:04:48Z,1.92,0
2026-09-10T04:05:48Z,1.92,0
2026-09-10T04:06:48Z,1.92,0
2026-09-10T04:08:48Z,1.92,
2026-09-10T04:09:48Z,1.92,0
2026-09-10T04:10:48Z,1.92,0
2026-09-10T04:11:48Z,1.66,0
2026-09-10T04:12:48Z,1.66,0
2026-09-10T04:14:48Z,1.92,0
2026-09-10T04:15:48Z,2.18,0
2026-09-10T04:16:48Z,1.92,0
2026-09-10T04:17:48Z,1.92,0
2026-09-10T04:18:48Z,1.92,0
2026-09-10T04:20:48Z,1.92,
2026-09-10T04:21:48Z,1.92,0
2026-09-10T04:22:48Z,1.92,0
2026-09-10T04:23:48Z,1.92,0
2026-09-10T04:24:48Z,1.92,0
2026-09-10T04:25:48Z,,0
2026-09-10T04:26:48Z,1.92,
2026-09-10T04:27:48Z,1.92,0
2026-09-10T04:28:48Z,1.92,0
2026-09-10T04:29:48Z,1.92,0
2026-09-10T04:30:48Z,2.18,0
2026-09-10T04:31:48Z,2.18,0
2026-09-10T04:33:48Z,2.18,0
2026-09-10T04:34:48Z,2.18,0
2026-09-10T04:35:48Z,2.18,0
2026-09-10T04:36:48Z,1.92,0
2026-09-10T04:37:48Z,,0
2026-09-10T04:38:48Z,1.92,
2026-09-10T04:39:48Z,1.92,0
2026-09-10T04:40:48Z,1.92,0
2026-09-10T04:41:48Z,1.92,0
2026-09-10T04:42:48Z,1.92,0
2026-09-10T04:44:48Z,2.18,0
2026-09-10T04:45:48Z,2.18,0
2026-09-10T04:46:48Z,1.92,0
2026-09-10T04:47:48Z,1.92,0
2026-09-10T04:48:48Z,,0
2026-09-10T04:49:48Z,1.92,
2026-09-10T04:50:48Z,1.92,0
2026-09-10T04:51:48Z,1.92,0
2026-09-10T04:52:48Z,1.92,0
2026-09-10T04:53:48Z,1.92,0
2026-09-10T04:54:48Z,1.92,0
2026-09-10T04:56:48Z,1.92,
2026-09-10T04:57:48Z,1.92,0
2026-09-10T04:58:48Z,1.92,0
2026-09-10T04:59:48Z,1.92,0
2026-09-10T05:00:48Z,1.92,0
2026-09-10T05:01:48Z,,0
2026-09-10T05:02:48Z,1.92,
2026-09-10T05:03:48Z,1.92,0
2026-09-10T05:04:48Z,1.92,0
2026-09-10T05:05:48Z,1.92,0
2026-09-10T05:06:48Z,2.18,0
2026-09-10T05:07:48Z,,0
2026-09-10T05:08:48Z,2.18,
2026-09-10T05:09:48Z,1.92,0
2026-09-10T05:10:48Z,2.18,0
2026-09-10T05:11:48Z,1.92,0
2026-09-10T05:12:48Z,1.92,0
2026-09-10T05:13:48Z,,0
2026-09-10T05:14:48Z,1.92,
2026-09-10T05:15:48Z,1.92,
2026-09-10T05:16:48Z,1.92,0
2026-09-10T05:17:48Z,1.92,0
2026-09-10T05:18:48Z,1.66,0
2026-09-10T05:19:48Z,1.92,0
2026-09-10T05:20:48Z,,0
2026-09-10T05:21:48Z,1.92,
2026-09-10T05:22:48Z,1.92,0
2026-09-10T05:23:48Z,1.92,0
2026-09-10T05:24:48Z,1.92,0
2026-09-10T05:25:48Z,1.92,0
2026-09-10T05:26:48Z,2.18,0
2026-09-10T05:27:48Z,1.92,0
2026-09-10T05:28:48Z,1.92,0
2026-09-10T05:29:48Z,1.92,0
2026-09-10T05:30:48Z,1.92,0
2026-09-10T05:31:48Z,,0
2026-09-10T05:32:48Z,1.92,
2026-09-10T05:33:48Z,1.66,0
2026-09-10T05:34:48Z,1.92,0
2026-09-10T05:35:48Z,1.66,0
2026-09-10T05:36:48Z,1.92,0
2026-09-10T05:37:48Z,,0
2026-09-10T05:38:48Z,1.92,
2026-09-10T05:39:48Z,2.18,0
2026-09-10T05:40:48Z,1.92,0
2026-09-10T05:41:48Z,1.92,0
2026-09-10T05:42:48Z,1.92,0
2026-09-10T05:43:48Z,1.92,0
2026-09-10T05:44:48Z,1.92,0
2026-09-10T05:45:48Z,1.92,0
2026-09-10T05:46:48Z,2.18,0
2026-09-10T05:47:48Z,2.18,0
2026-09-10T05:48:48Z,1.92,0
2026-09-10T05:49:48Z,1.92,0
2026-09-10T05:50:48Z,1.92,0
2026-09-10T05:51:48Z,1.92,0
2026-09-10T05:52:48Z,1.92,0
2026-09-10T05:53:48Z,1.92,0
2026-09-10T05:54:48Z,1.92,0
2026-09-10T05:55:48Z,2.18,0
2026-09-10T05:56:48Z,1.92,0
2026-09-10T05:57:48Z,1.92,0
2026-09-10T05:58:48Z,,0
2026-09-10T05:59:48Z,2.18,0
2026-09-10T06:00:48Z,1.92,0
2026-09-10T06:01:48Z,1.92,0
2026-09-10T06:02:48Z,1.92,0
2026-09-10T06:03:48Z,1.92,0
2026-09-10T06:04:48Z,1.92,0
2026-09-10T06:05:48Z,1.92,0
2026-09-10T06:06:48Z,1.92,0
2026-09-10T06:07:48Z,1.92,0
2026-09-10T06:08:48Z,1.92,0
2026-09-10T06:09:48Z,1.92,0
2026-09-10T06:10:48Z,1.92,0
2026-09-10T06:11:48Z,1.92,0
2026-09-10T06:12:48Z,1.92,0
2026-09-10T06:13:48Z,2.18,0
2026-09-10T06:14:48Z,2.18,0
2026-09-10T06:15:48Z,2.18,0
2026-09-10T06:16:48Z,2.18,0
2026-09-10T06:17:48Z,1.92,0
2026-09-10T06:18:48Z,,0
2026-09-10T06:19:48Z,2.18,0
2026-09-10T06:20:48Z,2.18,0
2026-09-10T06:21:48Z,2.18,0
2026-09-10T06:22:48Z,2.18,0
2026-09-10T06:23:48Z,,0
2026-09-10T06:24:48Z,2.18,0
2026-09-10T06:25:48Z,2.18,0
2026-09-10T06:26:48Z,2.18,0
2026-09-10T06:27:48Z,2.18,0
2026-09-10T06:28:48Z,,0
2026-09-10T06:29:48Z,1.92,0
2026-09-10T06:30:48Z,1.92,0
2026-09-10T06:31:48Z,1.92,0
2026-09-10T06:32:48Z,1.92,0
2026-09-10T06:33:48Z,1.92,0
2026-09-10T06:34:48Z,1.92,0
2026-09-10T06:35:48Z,1.92,0
2026-09-10T06:36:48Z,1.92,0
2026-09-10T06:37:48Z,1.92,0
2026-09-10T06:38:48Z,1.92,0
2026-09-10T06:39:48Z,1.92,0
2026-09-10T06:40:48Z,1.92,0
2026-09-10T06:41:48Z,1.92,0
2026-09-10T06:42:48Z,1.92,0
2026-09-10T06:43:48Z,1.92,0
2026-09-10T06:44:48Z,1.92,0
2026-09-10T06:45:48Z,1.92,0
2026-09-10T06:46:48Z,1.92,0
2026-09-10T06:47:48Z,1.92,0
2026-09-10T06:48:48Z,1.92,0
2026-09-10T06:49:48Z,1.92,0
2026-09-10T06:50:48Z,1.92,0
2026-09-10T06:51:48Z,1.92,0
2026-09-10T06:52:48Z,1.92,0
2026-09-10T06:53:48Z,1.92,0
2026-09-10T06:54:48Z,1.92,0
2026-09-10T06:55:48Z,2.18,0
2026-09-10T06:56:48Z,2.18,0
2026-09-10T06:57:48Z,1.92,0
2026-09-10T06:58:48Z,1.92,0
2026-09-10T06:59:48Z,1.92,0
2026-09-10T07:00:48Z,2.18,0
2026-09-10T07:01:48Z,2.18,0
2026-09-10T07:02:48Z,2.18,0
2026-09-10T07:03:48Z,2.18,0
2026-09-10T07:04:48Z,2.18,0
2026-09-10T07:05:48Z,2.18,0
2026-09-10T07:06:48Z,2.18,0
2026-09-10T07:07:48Z,2.18,0
2026-09-10T07:08:48Z,2.18,0
2026-09-10T07:09:48Z,1.92,0
2026-09-10T07:10:48Z,2.18,0
2026-09-10T07:11:48Z,1.92,0
2026-09-10T07:12:48Z,1.92,0
2026-09-10T07:13:48Z,2.18,0
2026-09-10T07:14:48Z,2.18,0
2026-09-10T07:15:48Z,1.92,0
2026-09-10T07:16:48Z,1.92,0
2026-09-10T07:17:48Z,2.18,0
2026-09-10T07:18:48Z,2.18,0
2026-09-10T07:19:48Z,2.18,0
2026-09-10T07:20:48Z,2.18,0
2026-09-10T07:21:48Z,1.92,0
2026-09-10T07:22:48Z,1.92,0
2026-09-10T07:23:48Z,1.66,0
2026-09-10T07:24:48Z,1.92,0
2026-09-10T07:25:48Z,2.18,0
2026-09-10T07:26:48Z,1.92,0
2026-09-10T07:27:48Z,1.92,0
2026-09-10T07:28:48Z,1.92,0
2026-09-10T07:29:48Z,1.92,0
2026-09-10T07:30:48Z,1.92,0
2026-09-10T07:31:48Z,2.18,0
2026-09-10T07:33:48Z,2.18,0
2026-09-10T07:34:48Z,2.18,0
2026-09-10T07:35:48Z,2.18,0
2026-09-10T07:36:48Z,2.18,0
2026-09-10T07:37:48Z,2.18,
2026-09-10T07:38:48Z,1.92,0
2026-09-10T07:39:48Z,1.92,0
2026-09-10T07:40:48Z,1.92,0
2026-09-10T07:41:48Z,1.92,0
2026-09-10T07:42:48Z,2.18,0
2026-09-10T07:43:48Z,1.92,0
2026-09-10T07:44:48Z,1.92,0
2026-09-10T07:45:48Z,1.92,0
2026-09-10T07:46:48Z,1.92,0
2026-09-10T07:47:48Z,1.92,0
2026-09-10T07:48:48Z,1.92,0
2026-09-10T07:49:48Z,2.18,0
2026-09-10T07:50:48Z,1.92,0
2026-09-10T07:51:48Z,1.92,0
2026-09-10T07:52:48Z,2.18,0
2026-09-10T07:53:48Z,1.92,0
2026-09-10T07:54:48Z,1.92,0
2026-09-10T07:55:48Z,2.18,0
2026-09-10T07:57:48Z,2.18,0
2026-09-10T07:58:48Z,2.18,0
2026-09-10T07:59:48Z,1.92,0
2026-09-10T08:00:48Z,1.92,0
2026-09-10T08:01:48Z,1.92,0
2026-09-10T08:02:48Z,1.92,0
2026-09-10T08:03:48Z,1.92,0
2026-09-10T08:04:48Z,1.92,0
2026-09-10T08:05:48Z,1.92,0
2026-09-10T08:06:48Z,1.92,0
2026-09-10T08:07:48Z,2.18,0
2026-09-10T08:08:48Z,2.18,0
2026-09-10T08:09:48Z,1.92,0
2026-09-10T08:10:48Z,2.18,0
2026-09-10T08:11:48Z,2.18,0
2026-09-10T08:12:48Z,2.18,0
2026-09-10T08:13:48Z,2.18,0
2026-09-10T08:14:48Z,2.18,0
2026-09-10T08:15:48Z,1.92,0
2026-09-10T08:16:48Z,2.57,0
2026-09-10T08:17:48Z,1.92,0
2026-09-10T08:18:48Z,1.92,0
2026-09-10T08:19:48Z,2.18,0
2026-09-10T08:20:48Z,2.18,0
2026-09-10T08:21:48Z,2.18,0
2026-09-10T08:23:48Z,2.18,0
2026-09-10T08:24:48Z,2.18,0
2026-09-10T08:25:48Z,1.92,0
2026-09-10T08:26:48Z,2.57,0
2026-09-10T08:27:48Z,2.18,0
2026-09-10T08:29:48Z,1.92,0
2026-09-10T08:30:48Z,2.18,0
2026-09-10T08:31:48Z,2.57,0
2026-09-10T08:32:48Z,2.18,0
2026-09-10T08:33:48Z,2.18,0
2026-09-10T08:35:48Z,1.92,0
2026-09-10T08:36:48Z,1.92,0
2026-09-10T08:37:48Z,1.92,0
2026-09-10T08:38:48Z,2.18,0
2026-09-10T08:39:48Z,1.92,0
2026-09-10T08:42:48Z,1.92,0
2026-09-10T08:43:48Z,1.92,0
2026-09-10T08:44:48Z,1.92,0
2026-09-10T08:45:48Z,2.18,0
2026-09-10T08:48:48Z,2.18,0
2026-09-10T08:49:48Z,2.18,0
2026-09-10T08:50:48Z,2.18,0
2026-09-10T08:51:48Z,2.18,0
2026-09-10T08:52:48Z,1.92,
2026-09-10T08:53:48Z,,0
2026-09-10T08:54:48Z,2.18,0
2026-09-10T08:55:48Z,2.18,0
2026-09-10T08:56:48Z,1.92,0
2026-09-10T08:57:48Z,1.92,0
2026-09-10T09:00:48Z,,0
2026-09-10T09:01:48Z,2.18,0
2026-09-10T09:02:48Z,1.92,0
2026-09-10T09:03:48Z,1.92,0
2026-09-10T09:04:48Z,2.18,0
2026-09-10T09:05:48Z,2.18,
2026-09-10T09:07:48Z,1.92,0
2026-09-10T09:08:48Z,1.92,0
2026-09-10T09:09:48Z,2.18,0
2026-09-10T09:10:48Z,1.92,0
2026-09-10T09:11:48Z,1.92,0
2026-09-10T09:13:48Z,1.92,0
2026-09-10T09:14:48Z,1.92,0
2026-09-10T09:15:48Z,1.92,0
2026-09-10T09:16:48Z,1.92,0
2026-09-10T09:17:48Z,1.92,0
2026-09-10T09:19:48Z,1.92,0
2026-09-10T09:20:48Z,2.18,0
2026-09-10T09:21:48Z,1.92,0
2026-09-10T09:22:48Z,1.92,0
2026-09-10T09:23:48Z,1.92,0
2026-09-10T09:25:48Z,1.92,0
2026-09-10T09:26:48Z,1.92,0
2026-09-10T09:27:48Z,1.92,0
2026-09-10T09:28:48Z,1.92,0
2026-09-10T09:29:48Z,1.92,0
2026-09-10T09:30:48Z,1.92,
2026-09-10T09:32:48Z,1.92,0
2026-09-10T09:33:48Z,1.92,0
2026-09-10T09:34:48Z,1.92,0
2026-09-10T09:35:48Z,2.18,0
2026-09-10T09:36:48Z,2.18,0
2026-09-10T09:38:48Z,1.92,0
2026-09-10T09:39:48Z,1.92,0
2026-09-10T09:40:48Z,1.92,0
2026-09-10T09:41:48Z,1.92,0
2026-09-10T09:43:48Z,1.92,0
2026-09-10T09:44:48Z,1.92,0
2026-09-10T09:45:48Z,1.92,0
2026-09-10T09:46:48Z,2.18,0
2026-09-10T09:47:48Z,2.18,0
2026-09-10T09:49:48Z,2.18,0
2026-09-10T09:50:48Z,2.18,0
2026-09-10T09:51:48Z,2.57,0
2026-09-10T09:52:48Z,2.57,0
2026-09-10T09:53:48Z,2.18,0
2026-09-10T09:54:48Z,1.92,0
2026-09-10T10:00:48Z,1.66,0
2026-09-10T10:03:48Z,1.92,0
2026-09-10T10:04:48Z,2.18,0
2026-09-10T10:05:48Z,1.92,0
2026-09-10T10:06:48Z,1.92,0
2026-09-10T10:09:48Z,1.92,0
2026-09-10T10:10:48Z,1.92,0
2026-09-10T10:11:48Z,1.92,0
2026-09-10T10:12:48Z,1.92,0
2026-09-10T10:13:48Z,1.92,0
2026-09-10T10:15:48Z,2.18,0
2026-09-10T10:16:48Z,1.92,0
2026-09-10T10:17:48Z,2.18,0
2026-09-10T10:18:48Z,2.18,0
2026-09-10T10:19:48Z,1.92,0
2026-09-10T10:21:48Z,1.92,0
2026-09-10T10:22:48Z,1.92,0
2026-09-10T10:23:48Z,1.92,0
2026-09-10T10:24:48Z,1.92,0
2026-09-10T10:25:48Z,1.92,0
2026-09-10T10:26:48Z,2.18,0
2026-09-10T10:27:48Z,1.92,0
2026-09-10T10:28:48Z,1.92,0
2026-09-10T10:29:48Z,1.92,0
2026-09-10T10:30:48Z,1.92,0
2026-09-10T10:32:48Z,2.18,0
2026-09-10T10:33:48Z,2.18,0
2026-09-10T10:34:48Z,2.18,0
2026-09-10T10:35:48Z,1.92,0
2026-09-10T10:36:48Z,1.92,0
2026-09-10T10:38:48Z,1.92,0
2026-09-10T10:39:48Z,1.92,0
2026-09-10T10:40:48Z,1.92,0
2026-09-10T10:41:48Z,1.92,0
2026-09-10T10:42:48Z,1.92,0
2026-09-10T10:43:48Z,1.92,0
2026-09-10T10:44:48Z,1.92,0
2026-09-10T10:45:48Z,1.92,0
2026-09-10T10:46:48Z,1.92,0
2026-09-10T10:47:48Z,1.92,0
2026-09-10T10:48:48Z,1.92,0
2026-09-10T10:49:48Z,1.92,0
2026-09-10T10:50:48Z,1.92,0
2026-09-10T10:51:48Z,1.92,0
2026-09-10T10:52:48Z,1.66,0
2026-09-10T10:53:48Z,1.92,0
2026-09-10T10:55:48Z,2.18,0
2026-09-10T10:57:48Z,1.92,0
2026-09-10T10:58:48Z,1.92,0
2026-09-10T10:59:48Z,1.92,0
2026-09-10T11:00:48Z,1.92,0
2026-09-10T11:01:48Z,1.92,0
2026-09-10T11:03:48Z,1.92,0
2026-09-10T11:04:48Z,1.92,0
2026-09-10T11:05:48Z,1.92,0
2026-09-10T11:06:48Z,1.92,0
2026-09-10T11:07:48Z,2.18,
2026-09-10T11:09:48Z,1.92,0
2026-09-10T11:10:48Z,1.92,0
2026-09-10T11:11:48Z,1.92,0
2026-09-10T11:12:48Z,1.92,0
2026-09-10T11:13:48Z,1.92,0
2026-09-10T11:16:48Z,1.92,0
2026-09-10T11:17:48Z,1.92,0
2026-09-10T11:18:48Z,1.92,0
2026-09-10T11:19:48Z,2.18,0
2026-09-10T11:20:48Z,2.18,0
2026-09-10T11:23:48Z,1.92,0
2026-09-10T11:24:48Z,1.92,0
2026-09-10T11:25:48Z,1.92,0
2026-09-10T11:26:48Z,2.18,0
2026-09-10T11:27:48Z,1.92,
2026-09-10T11:29:48Z,1.92,0
2026-09-10T11:30:48Z,1.92,0
2026-09-10T11:31:48Z,1.92,0
2026-09-10T11:32:48Z,1.92,0
2026-09-10T11:33:48Z,1.92,0
2026-09-10T11:36:48Z,2.18,0
2026-09-10T11:37:48Z,1.92,0
2026-09-10T11:38:48Z,1.92,0
2026-09-10T11:39:48Z,1.92,0
2026-09-10T11:40:48Z,1.92,0
2026-09-10T11:42:48Z,1.92,0
2026-09-10T11:43:48Z,1.92,0
2026-09-10T11:44:48Z,1.92,0
2026-09-10T11:45:48Z,1.66,0
2026-09-10T11:46:48Z,1.92,0
2026-09-10T11:48:48Z,1.92,0
2026-09-10T11:49:48Z,1.92,0
2026-09-10T11:50:48Z,1.92,0
2026-09-10T11:51:48Z,1.92,0
2026-09-10T11:52:48Z,1.92,0
2026-09-10T11:54:48Z,1.92,0
2026-09-10T11:55:48Z,2.18,0
2026-09-10T11:56:48Z,1.92,0
2026-09-10T11:57:48Z,1.92,0
2026-09-10T11:58:48Z,1.92,0
2026-09-10T11:59:48Z,1.92,0
2026-09-10T12:02:48Z,1.92,0
2026-09-10T12:03:48Z,1.92,0
2026-09-10T12:04:48Z,1.92,0
2026-09-10T12:05:48Z,2.18,0
2026-09-10T12:06:48Z,2.18,0
2026-09-10T12:08:48Z,1.92,0
2026-09-10T12:09:48Z,1.92,0
2026-09-10T12:10:48Z,1.92,0
2026-09-10T12:11:48Z,1.92,0
2026-09-10T12:12:48Z,1.92,0
2026-09-10T12:14:48Z,2.18,0
2026-09-10T12:15:48Z,2.18,0
2026-09-10T12:16:48Z,2.18,0
2026-09-10T12:17:48Z,2.18,0
2026-09-10T12:18:48Z,2.18,0
2026-09-10T12:19:48Z,1.92,0
2026-09-10T12:21:48Z,2.18,0
2026-09-10T12:22:48Z,1.92,0
2026-09-10T12:23:48Z,1.92,0
2026-09-10T12:24:48Z,1.92,0
2026-09-10T12:25:48Z,2.18,0
2026-09-10T12:27:48Z,2.18,0
2026-09-10T12:28:48Z,2.18,0
2026-09-10T12:29:48Z,1.92,0
2026-09-10T12:30:48Z,1.92,0
2026-09-10T12:31:48Z,1.92,0
2026-09-10T12:33:48Z,1.92,0
2026-09-10T12:34:48Z,2.18,0
2026-09-10T12:35:48Z,1.92,0
2026-09-10T12:36:48Z,1.92,0
2026-09-10T12:37:48Z,2.18,0
2026-09-10T12:39:48Z,2.18,0
2026-09-10T12:40:48Z,2.18,0
2026-09-10T12:41:48Z,2.18,0
2026-09-10T12:42:48Z,1.92,0
2026-09-10T12:43:48Z,1.92,0
2026-09-10T12:44:48Z,,0
2026-09-10T12:45:48Z,2.18,
2026-09-10T12:46:48Z,1.92,0
2026-09-10T12:47:48Z,1.92,0
2026-09-10T12:48:48Z,1.92,0
2026-09-10T12:49:48Z,2.18,0
2026-09-10T12:50:48Z,,0
2026-09-10T12:51:48Z,1.92,
2026-09-10T12:52:48Z,1.92,0
2026-09-10T12:53:48Z,1.92,0
2026-09-10T12:54:48Z,1.92,0
2026-09-10T12:55:48Z,1.92,0
2026-09-10T12:57:48Z,2.18,
2026-09-10T12:58:48Z,2.18,0
2026-09-10T12:59:48Z,2.18,0
2026-09-10T13:00:48Z,2.18,0
2026-09-10T13:01:48Z,1.92,0
2026-09-10T13:02:48Z,,0
2026-09-10T13:04:48Z,1.92,0
2026-09-10T13:05:48Z,1.92,0
2026-09-10T13:06:48Z,1.92,0
2026-09-10T13:07:48Z,1.92,0
2026-09-10T13:08:48Z,,0
2026-09-10T13:10:48Z,2.18,
2026-09-10T13:11:48Z,2.18,0
2026-09-10T13:12:48Z,1.92,0
2026-09-10T13:13:48Z,2.18,0
2026-09-10T13:14:48Z,2.18,0
2026-09-10T13:15:48Z,,0
2026-09-10T13:16:48Z,2.18,
2026-09-10T13:17:48Z,1.92,0
2026-09-10T13:18:48Z,1.92,0
2026-09-10T13:19:48Z,1.92,0
2026-09-10T13:20:48Z,2.18,0
2026-09-10T13:21:48Z,,0
2026-09-10T13:22:48Z,1.92,
2026-09-10T13:23:48Z,2.18,0
2026-09-10T13:24:48Z,1.92,0
2026-09-10T13:25:48Z,1.92,0
2026-09-10T13:26:48Z,1.92,0
2026-09-10T13:27:48Z,,0
2026-09-10T13:29:48Z,2.18,
2026-09-10T13:30:48Z,1.92,0
2026-09-10T13:31:48Z,1.92,0
2026-09-10T13:32:48Z,1.92,0
2026-09-10T13:33:48Z,1.92,0
2026-09-10T13:34:48Z,,0
2026-09-10T13:35:48Z,1.92,
2026-09-10T13:36:48Z,1.92,
2026-09-10T13:37:48Z,2.18,0
2026-09-10T13:38:48Z,1.92,0
2026-09-10T13:39:48Z,1.92,0
2026-09-10T13:40:48Z,,0
2026-09-10T13:41:48Z,1.92,0
2026-09-10T13:42:48Z,1.92,
2026-09-10T13:43:48Z,1.92,0
2026-09-10T13:44:48Z,1.92,0
2026-09-10T13:45:48Z,1.92,0
2026-09-10T13:46:48Z,,0
2026-09-10T13:47:48Z,1.92,
2026-09-10T13:48:48Z,1.92,
2026-09-10T13:49:48Z,1.92,0
2026-09-10T13:50:48Z,1.92,0
2026-09-10T13:51:48Z,1.92,0
2026-09-10T13:52:48Z,,0
2026-09-10T13:53:48Z,1.92,0
2026-09-10T13:54:48Z,1.92,
2026-09-10T13:55:48Z,2.18,0
2026-09-10T13:56:48Z,2.18,0
2026-09-10T13:57:48Z,1.92,0
2026-09-10T13:58:48Z,,0
2026-09-10T13:59:48Z,1.92,0
2026-09-10T14:00:48Z,1.92,0
2026-09-10T14:01:48Z,1.92,
2026-09-10T14:02:48Z,1.92,
2026-09-10T14:03:48Z,1.92,0
2026-09-10T14:04:48Z,1.92,0
2026-09-10T14:05:48Z,1.92,0
2026-09-10T14:06:48Z,1.92,0
2026-09-10T14:08:48Z,1.92,0
2026-09-10T14:09:48Z,1.92,0
2026-09-10T14:10:48Z,1.92,0
2026-09-10T14:11:48Z,1.92,0
2026-09-10T14:12:48Z,1.92,0
2026-09-10T14:14:48Z,1.92,0
2026-09-10T14:15:48Z,1.66,0
2026-09-10T14:16:48Z,1.66,0
2026-09-10T14:17:48Z,1.92,0
2026-09-10T14:18:48Z,1.66,0
2026-09-10T14:20:48Z,1.92,0
2026-09-10T14:21:48Z,1.92,0
2026-09-10T14:22:48Z,1.92,0
2026-09-10T14:23:48Z,1.92,0
2026-09-10T14:24:48Z,1.92,0
2026-09-10T14:25:48Z,,0
2026-09-10T14:26:48Z,1.92,0
2026-09-10T14:27:48Z,1.66,0
2026-09-10T14:28:48Z,1.66,0
2026-09-10T14:29:48Z,1.66,0
2026-09-10T14:30:48Z,1.66,
2026-09-10T14:32:48Z,1.66,0
2026-09-10T14:33:48Z,1.66,0
2026-09-10T14:34:48Z,1.66,0
2026-09-10T14:35:48Z,1.92,0
2026-09-10T14:36:48Z,1.92,
2026-09-10T14:37:48Z,,0
2026-09-10T14:38:48Z,1.66,0
2026-09-10T14:39:48Z,1.66,0
2026-09-10T14:40:48Z,1.92,0
2026-09-10T14:41:48Z,1.66,0
2026-09-10T14:42:48Z,,0
2026-09-10T14:43:48Z,1.92,0
2026-09-10T14:44:48Z,1.66,0
2026-09-10T14:45:48Z,1.66,0
2026-09-10T14:46:48Z,1.66,0
2026-09-10T14:47:48Z,1.66,0
2026-09-10T14:48:48Z,1.92,0
2026-09-10T14:49:48Z,1.66,0
2026-09-10T14:50:48Z,1.66,0
2026-09-10T14:51:48Z,1.66,0
2026-09-10T14:52:48Z,1.66,
2026-09-10T14:53:48Z,1.66,0
2026-09-10T14:54:48Z,1.66,0
2026-09-10T14:55:48Z,1.92,0
2026-09-10T14:56:48Z,1.66,0
2026-09-10T14:57:48Z,1.66,
2026-09-10T14:59:48Z,,0
2026-09-10T15:00:48Z,1.66,0
2026-09-10T15:01:48Z,1.66,0
2026-09-10T15:02:48Z,1.66,0
2026-09-10T15:03:48Z,1.92,0
2026-09-10T15:04:48Z,1.92,0
2026-09-10T15:06:48Z,1.66,0
2026-09-10T15:07:48Z,1.66,0
2026-09-10T15:08:48Z,1.66,0
2026-09-10T15:09:48Z,1.66,0
2026-09-10T15:10:48Z,1.66,
2026-09-10T15:11:48Z,,0
2026-09-10T15:12:48Z,1.66,0
2026-09-10T15:13:48Z,1.66,0
2026-09-10T15:14:48Z,1.92,0
2026-09-10T15:15:48Z,1.66,0
2026-09-10T15:17:48Z,,0
2026-09-10T15:18:48Z,1.92,0
2026-09-10T15:19:48Z,1.66,0
2026-09-10T15:20:48Z,1.66,0
2026-09-10T15:21:48Z,1.66,0
2026-09-10T15:22:48Z,1.66,
2026-09-10T15:23:48Z,,0
2026-09-10T15:24:48Z,1.66,0
2026-09-10T15:25:48Z,1.66,0
2026-09-10T15:26:48Z,1.66,0
2026-09-10T15:27:48Z,1.66,0
2026-09-10T15:28:48Z,1.66,
2026-09-10T15:29:48Z,1.92,0
2026-09-10T15:30:48Z,1.66,0
2026-09-10T15:31:48Z,1.66,0
2026-09-10T15:32:48Z,1.92,0
2026-09-10T15:33:48Z,1.66,
2026-09-10T15:34:48Z,,0
2026-09-10T15:35:48Z,1.66,0
2026-09-10T15:36:48Z,1.92,0
2026-09-10T15:37:48Z,1.92,0
2026-09-10T15:38:48Z,1.92,0
2026-09-10T15:39:48Z,1.92,
2026-09-10T15:40:48Z,,0
2026-09-10T15:41:48Z,1.66,0
2026-09-10T15:42:48Z,1.66,0
2026-09-10T15:43:48Z,1.66,0
2026-09-10T15:44:48Z,1.66,0
2026-09-10T15:45:48Z,1.66,
2026-09-10T15:46:48Z,1.66,0
2026-09-10T15:47:48Z,1.66,0
2026-09-10T15:48:48Z,1.66,0
2026-09-10T15:49:48Z,1.66,0
2026-09-10T15:50:48Z,1.66,0
2026-09-10T15:52:48Z,1.66,0
2026-09-10T15:53:48Z,1.66,0
2026-09-10T15:54:48Z,1.66,0
2026-09-10T15:55:48Z,1.66,0
2026-09-10T15:56:48Z,1.92,
2026-09-10T15:58:48Z,,0
2026-09-10T15:59:48Z,1.92,0
2026-09-10T16:00:48Z,1.92,0
2026-09-10T16:01:48Z,1.66,0
2026-09-10T16:02:48Z,1.66,0
2026-09-10T16:04:48Z,,0
2026-09-10T16:05:48Z,,0
2026-09-10T16:06:48Z,1.66,0
2026-09-10T16:07:48Z,1.66,0
2026-09-10T16:08:48Z,1.66,0
2026-09-10T16:09:48Z,1.66,0
2026-09-10T16:10:48Z,1.66,0
2026-09-10T16:11:48Z,1.66,0
2026-09-10T16:12:48Z,1.66,0
2026-09-10T16:13:48Z,1.66,0
2026-09-10T16:14:48Z,1.92,0
2026-09-10T16:15:48Z,1.66,0
2026-09-10T16:16:48Z,1.66,0
2026-09-10T16:17:48Z,1.92,0
2026-09-10T16:18:48Z,1.92,0
2026-09-10T16:19:48Z,1.66,0
2026-09-10T16:21:48Z,1.92,0
2026-09-10T16:22:48Z,1.66,0
2026-09-10T16:23:48Z,1.66,0
2026-09-10T16:24:48Z,1.66,0
2026-09-10T16:25:48Z,1.66,0
2026-09-10T16:27:48Z,1.66,0
2026-09-10T16:28:48Z,1.66,0
2026-09-10T16:29:48Z,1.66,0
2026-09-10T16:30:48Z,1.66,0
2026-09-10T16:31:48Z,1.66,0
2026-09-10T16:32:48Z,1.92,
2026-09-10T16:33:48Z,1.92,0
2026-09-10T16:34:48Z,1.92,0
2026-09-10T16:35:48Z,1.66,0
2026-09-10T16:36:48Z,1.66,0
2026-09-10T16:37:48Z,1.66,0
2026-09-10T16:38:48Z,1.66,0
2026-09-10T16:39:48Z,1.66,0
2026-09-10T16:40:48Z,1.66,0
2026-09-10T16:41:48Z,1.66,0
2026-09-10T16:42:48Z,1.66,0
2026-09-10T16:43:48Z,1.66,0
2026-09-10T16:44:48Z,1.66,0
2026-09-10T16:45:48Z,1.92,0
2026-09-10T16:46:48Z,1.92,0
2026-09-10T16:48:48Z,1.66,0
2026-09-10T16:49:48Z,1.66,0
2026-09-10T16:50:48Z,1.66,0
2026-09-10T16:51:48Z,1.92,0
2026-09-10T16:52:48Z,1.66,0
2026-09-10T16:53:48Z,1.66,0
2026-09-10T16:54:48Z,1.92,0
2026-09-10T16:55:48Z,1.66,0
2026-09-10T16:56:48Z,1.66,0
2026-09-10T16:57:48Z,1.92,0
2026-09-10T17:01:48Z,1.66,0
2026-09-10T17:02:48Z,1.66,0
2026-09-10T17:03:48Z,1.66,0
2026-09-10T17:04:48Z,1.92,0
2026-09-10T17:05:48Z,1.66,0
2026-09-10T17:08:48Z,1.66,0
2026-09-10T17:09:48Z,1.66,0
2026-09-10T17:10:48Z,1.66,0
2026-09-10T17:11:48Z,1.66,0
2026-09-10T17:12:48Z,1.66,0
2026-09-10T17:14:48Z,1.66,0
2026-09-10T17:15:48Z,1.66,0
2026-09-10T17:16:48Z,1.66,0
2026-09-10T17:17:48Z,1.92,0
2026-09-10T17:18:48Z,1.66,0
2026-09-10T17:19:48Z,1.92,0
2026-09-10T17:20:48Z,1.66,0
2026-09-10T17:21:48Z,1.92,0
2026-09-10T17:22:48Z,1.66,0
2026-09-10T17:23:48Z,1.66,0
2026-09-10T17:24:48Z,1.66,0
2026-09-10T17:25:48Z,1.66,0
2026-09-10T17:26:48Z,1.92,0
2026-09-10T17:27:48Z,1.66,0
2026-09-10T17:28:48Z,1.66,0
2026-09-10T17:29:48Z,1.92,0
2026-09-10T17:31:48Z,1.66,0
2026-09-10T17:32:48Z,1.66,0
2026-09-10T17:33:48Z,1.66,0
2026-09-10T17:34:48Z,1.66,0
2026-09-10T17:35:48Z,1.66,0
2026-09-10T17:37:48Z,1.66,0
2026-09-10T17:38:48Z,1.92,0
2026-09-10T17:39:48Z,1.66,0
2026-09-10T17:40:48Z,1.66,0
2026-09-10T17:41:48Z,1.92,0
2026-09-10T17:42:48Z,1.92,0
2026-09-10T17:43:48Z,1.92,0
2026-09-10T17:44:48Z,1.92,0
2026-09-10T17:45:48Z,1.92,0
2026-09-10T17:46:48Z,1.92,0
2026-09-10T17:48:48Z,1.66,0
2026-09-10T17:49:48Z,1.92,0
2026-09-10T17:50:48Z,1.92,0
2026-09-10T17:51:48Z,1.92,0
2026-09-10T17:53:48Z,1.92,0
2026-09-10T17:54:48Z,1.92,0
2026-09-10T17:55:48Z,1.92,0
2026-09-10T17:56:48Z,1.92,0
2026-09-10T17:57:48Z,1.92,0
2026-09-10T18:00:48Z,1.66,0
2026-09-10T18:01:48Z,1.66,0
2026-09-10T18:02:48Z,1.66,0
2026-09-10T18:03:48Z,1.66,0
2026-09-10T18:04:48Z,1.66,0
2026-09-10T18:06:48Z,1.92,0
2026-09-10T18:07:48Z,1.92,0
2026-09-10T18:08:48Z,1.66,0
2026-09-10T18:09:48Z,1.66,0
2026-09-10T18:10:48Z,1.92,0
2026-09-10T18:12:48Z,1.92,0
2026-09-10T18:13:48Z,1.92,0
2026-09-10T18:14:48Z,1.92,0
2026-09-10T18:15:48Z,1.92,0
2026-09-10T18:16:48Z,1.92,0
2026-09-10T18:19:48Z,1.66,0
2026-09-10T18:21:48Z,1.66,0
2026-09-10T18:22:48Z,1.66,0
2026-09-10T18:23:48Z,1.92,0
2026-09-10T18:24:48Z,1.66,0
2026-09-10T18:25:48Z,1.66,0
2026-09-10T18:26:48Z,1.66,0
2026-09-10T18:27:48Z,1.66,0
2026-09-10T18:29:48Z,1.66,0
2026-09-10T18:30:48Z,1.66,0
2026-09-10T18:31:48Z,1.66,0
2026-09-10T18:32:48Z,1.66,0
2026-09-10T18:33:48Z,1.66,0
2026-09-10T18:34:48Z,1.66,
2026-09-10T18:35:48Z,1.66,0
2026-09-10T18:36:48Z,1.66,0
2026-09-10T18:37:48Z,1.66,0
2026-09-10T18:38:48Z,1.66,0
2026-09-10T18:39:48Z,1.66,0
2026-09-10T18:40:48Z,1.66,
2026-09-10T18:41:48Z,1.66,0
2026-09-10T18:42:48Z,1.66,0
2026-09-10T18:43:48Z,1.66,0
2026-09-10T18:44:48Z,1.66,0
2026-09-10T18:45:48Z,1.66,0
2026-09-10T18:46:48Z,1.66,0
2026-09-10T18:47:48Z,1.66,0
2026-09-10T18:48:48Z,1.66,0
2026-09-10T18:49:48Z,1.66,0
2026-09-10T18:50:48Z,1.66,0
2026-09-10T18:51:48Z,1.66,0
2026-09-10T18:52:48Z,1.92,0
2026-09-10T18:53:48Z,1.66,0
2026-09-10T18:54:48Z,1.66,0
2026-09-10T18:55:48Z,1.66,0
2026-09-10T18:56:48Z,1.66,0
2026-09-10T18:58:48Z,1.66,0
2026-09-10T18:59:48Z,1.66,0
2026-09-10T19:00:48Z,1.66,0
2026-09-10T19:01:48Z,1.92,0
2026-09-10T19:02:48Z,1.66,0
2026-09-10T19:04:48Z,1.66,0
2026-09-10T19:05:48Z,1.66,0
2026-09-10T19:06:48Z,1.66,0
2026-09-10T19:07:48Z,1.66,0
2026-09-10T19:08:48Z,1.66,0
2026-09-10T19:09:48Z,1.66,0
2026-09-10T19:10:48Z,1.66,0
2026-09-10T19:11:48Z,1.92,0
2026-09-10T19:12:48Z,1.66,0
2026-09-10T19:13:48Z,1.66,0
2026-09-10T19:14:48Z,1.66,0
2026-09-10T19:15:48Z,1.92,0
2026-09-10T19:16:48Z,1.66,0
2026-09-10T19:17:48Z,1.66,0
2026-09-10T19:18:48Z,1.66,0
2026-09-10T19:19:48Z,1.66,0
2026-09-10T19:21:48Z,1.66,0
2026-09-10T19:22:48Z,1.66,0
2026-09-10T19:23:48Z,1.66,0
2026-09-10T19:24:48Z,1.66,0
2026-09-10T19:25:48Z,1.66,0
2026-09-10T19:27:48Z,1.66,0
2026-09-10T19:28:48Z,1.66,0
2026-09-10T19:29:48Z,1.66,0
2026-09-10T19:30:48Z,1.66,0
2026-09-10T19:31:48Z,1.66,0
2026-09-10T19:32:48Z,1.66,0
2026-09-10T19:33:48Z,1.66,0
2026-09-10T19:34:48Z,1.66,0
2026-09-10T19:35:48Z,1.66,0
2026-09-10T19:36:48Z,1.66,0
2026-09-10T19:38:48Z,1.92,0
2026-09-10T19:39:48Z,1.92,0
2026-09-10T19:40:48Z,1.66,0
2026-09-10T19:41:48Z,1.66,0
2026-09-10T19:42:48Z,1.66,0
2026-09-10T19:43:48Z,1.66,0
2026-09-10T19:44:48Z,1.92,0
2026-09-10T19:45:48Z,,0
2026-09-10T19:46:48Z,1.66,0
2026-09-10T19:47:48Z,1.66,0
2026-09-10T19:48:48Z,1.66,0
2026-09-10T19:49:48Z,1.66,0
2026-09-10T19:51:48Z,1.66,0
2026-09-10T19:52:48Z,1.66,0
2026-09-10T19:53:48Z,1.66,0
2026-09-10T19:54:48Z,1.66,0
2026-09-10T19:55:48Z,1.66,
2026-09-10T19:56:48Z,,0
2026-09-10T19:57:48Z,1.66,0
2026-09-10T19:58:48Z,1.66,0
2026-09-10T19:59:48Z,1.66,0
2026-09-10T20:01:48Z,1.92,
2026-09-10T20:03:48Z,1.66,0
2026-09-10T20:04:48Z,1.66,0
2026-09-10T20:05:48Z,1.92,0
2026-09-10T20:06:48Z,1.92,0
2026-09-10T20:07:48Z,1.92,0
2026-09-10T20:09:48Z,1.66,0
2026-09-10T20:10:48Z,1.66,0
2026-09-10T20:11:48Z,1.66,0
2026-09-10T20:12:48Z,1.92,0
2026-09-10T20:13:48Z,1.66,0
2026-09-10T20:14:48Z,1.66,
2026-09-10T20:15:48Z,1.66,0
2026-09-10T20:16:48Z,1.66,0
2026-09-10T20:17:48Z,1.66,0
2026-09-10T20:18:48Z,1.66,0
2026-09-10T20:19:48Z,1.66,0
2026-09-10T20:21:48Z,1.66,0
2026-09-10T20:22:48Z,1.66,0
2026-09-10T20:23:48Z,1.66,0
2026-09-10T20:24:48Z,1.66,0
2026-09-10T20:25:48Z,1.66,0
2026-09-10T20:27:48Z,1.66,0
2026-09-10T20:28:48Z,1.66,0
2026-09-10T20:29:48Z,1.66,0
2026-09-10T20:30:48Z,1.66,0
2026-09-10T20:31:48Z,1.66,0
2026-09-10T20:33:48Z,1.66,0
2026-09-10T20:34:48Z,1.66,0
2026-09-10T20:35:48Z,1.66,0
2026-09-10T20:36:48Z,1.66,0
2026-09-10T20:38:48Z,1.66,0
2026-09-10T20:39:48Z,1.66,0
2026-09-10T20:40:48Z,1.66,0
2026-09-10T20:41:48Z,1.66,0
2026-09-10T20:42:48Z,1.66,0
2026-09-10T20:43:48Z,1.66,0
2026-09-10T20:44:48Z,1.66,0
2026-09-10T20:45:48Z,1.66,0
2026-09-10T20:46:48Z,1.66,0
2026-09-10T20:47:48Z,1.66,0
2026-09-10T20:48:48Z,1.66,0
2026-09-10T20:49:48Z,1.92,0
2026-09-10T20:50:48Z,1.92,0
2026-09-10T20:51:48Z,1.66,0
2026-09-10T20:52:48Z,1.92,0
2026-09-10T20:54:48Z,1.66,0
2026-09-10T20:55:48Z,1.92,0
2026-09-10T20:57:48Z,1.66,0
2026-09-10T20:58:48Z,1.66,0
2026-09-10T20:59:48Z,1.66,0
2026-09-10T21:01:48Z,1.92,0
2026-09-10T21:02:48Z,1.66,0
2026-09-10T21:03:48Z,1.66,0
2026-09-10T21:04:48Z,1.66,0
2026-09-10T21:05:48Z,1.66,0
2026-09-10T21:07:48Z,1.66,0
2026-09-10T21:08:48Z,1.66,0
2026-09-10T21:09:48Z,1.66,0
2026-09-10T21:10:48Z,1.66,0
2026-09-10T21:11:48Z,1.66,0
2026-09-10T21:13:48Z,1.66,0
2026-09-10T21:14:48Z,1.66,0
2026-09-10T21:15:48Z,1.66,0
2026-09-10T21:16:48Z,1.66,0
2026-09-10T21:17:48Z,1.66,0
2026-09-10T21:19:48Z,1.66,0
2026-09-10T21:20:48Z,1.92,0
2026-09-10T21:21:48Z,1.92,0
2026-09-10T21:22:48Z,1.66,0
2026-09-10T21:23:48Z,1.66,0
2026-09-10T21:24:48Z,1.66,
2026-09-10T21:25:48Z,1.66,0
2026-09-10T21:26:48Z,1.66,0
2026-09-10T21:27:48Z,1.66,0
2026-09-10T21:28:48Z,1.66,0
2026-09-10T21:29:48Z,1.66,0
2026-09-10T21:31:48Z,1.66,0
2026-09-10T21:32:48Z,1.66,0
2026-09-10T21:33:48Z,1.92,0
2026-09-10T21:34:48Z,1.66,0
2026-09-10T21:35:48Z,1.66,0
2026-09-10T21:37:48Z,1.66,0
2026-09-10T21:38:48Z,1.66,0
2026-09-10T21:39:48Z,1.66,0
2026-09-10T21:40:48Z,1.66,0
2026-09-10T21:41:48Z,1.66,0
2026-09-10T21:43:48Z,1.66,0
2026-09-10T21:44:48Z,1.66,0
2026-09-10T21:45:48Z,1.66,0
2026-09-10T21:46:48Z,1.66,0
2026-09-10T21:48:48Z,1.66,0
2026-09-10T21:49:48Z,1.66,0
2026-09-10T21:50:48Z,1.66,0
2026-09-10T21:51:48Z,1.66,0
2026-09-10T21:52:48Z,1.66,0
2026-09-10T21:54:48Z,1.66,0
2026-09-10T21:55:48Z,1.66,0
2026-09-10T21:56:48Z,1.66,0
2026-09-10T21:57:48Z,1.66,0
2026-09-10T22:00:48Z,1.66,0
2026-09-10T22:01:48Z,1.66,0
2026-09-10T22:02:48Z,1.66,0
2026-09-10T22:03:48Z,1.66,0
2026-09-10T22:04:48Z,1.66,0
2026-09-10T22:07:48Z,1.92,0
2026-09-10T22:08:48Z,1.66,0
2026-09-10T22:09:48Z,1.66,0
2026-09-10T22:10:48Z,1.66,0
2026-09-10T22:13:48Z,1.66,0
2026-09-10T22:14:48Z,1.92,0
2026-09-10T22:15:48Z,1.92,0
2026-09-10T22:16:48Z,1.66,0
2026-09-10T22:17:48Z,,0
2026-09-10T22:19:48Z,1.66,0
2026-09-10T22:20:48Z,1.66,0
2026-09-10T22:21:48Z,1.66,0
2026-09-10T22:22:48Z,1.66,0
2026-09-10T22:23:48Z,1.66,0
2026-09-10T22:25:48Z,1.92,0
2026-09-10T22:26:48Z,1.66,0
2026-09-10T22:27:48Z,1.66,0
2026-09-10T22:28:48Z,1.66,0
2026-09-10T22:29:48Z,1.92,0
2026-09-10T22:30:48Z,1.66,0
2026-09-10T22:31:48Z,1.92,0
2026-09-10T22:32:48Z,1.66,0
2026-09-10T22:33:48Z,1.66,0
2026-09-10T22:34:48Z,1.66,0
2026-09-10T22:35:48Z,1.66,0
2026-09-10T22:37:48Z,1.66,0
2026-09-10T22:38:48Z,1.66,0
2026-09-10T22:39:48Z,1.66,0
2026-09-10T22:40:48Z,1.66,0
2026-09-10T22:41:48Z,,0
2026-09-10T22:42:48Z,1.92,0
2026-09-10T22:43:48Z,1.92,0
2026-09-10T22:44:48Z,1.92,0
2026-09-10T22:45:48Z,1.92,0
2026-09-10T22:46:48Z,1.66,0
2026-09-10T22:48:48Z,1.92,0
2026-09-10T22:49:48Z,1.66,0
2026-09-10T22:50:48Z,1.92,0
2026-09-10T22:51:48Z,1.92,0
2026-09-10T22:52:48Z,1.92,0
2026-09-10T22:54:48Z,1.92,0
2026-09-10T22:55:48Z,1.66,0
2026-09-10T22:56:48Z,1.66,0
2026-09-10T22:57:48Z,1.66,0
2026-09-10T22:58:48Z,1.66,0
2026-09-10T23:01:48Z,1.66,0
2026-09-10T23:02:48Z,1.66,0
2026-09-10T23:03:48Z,1.92,0
2026-09-10T23:04:48Z,1.66,0
2026-09-10T23:05:48Z,1.92,0
2026-09-10T23:07:48Z,1.66,0
2026-09-10T23:08:48Z,1.92,0
2026-09-10T23:09:48Z,1.66,0
2026-09-10T23:10:48Z,1.66,0
2026-09-10T23:11:48Z,1.66,0
2026-09-10T23:13:48Z,1.92,0
2026-09-10T23:14:48Z,1.92,0
2026-09-10T23:15:48Z,1.92,0
2026-09-10T23:16:48Z,1.92,0
2026-09-10T23:17:48Z,1.92,0
2026-09-10T23:19:48Z,1.92,0
2026-09-10T23:20:48Z,1.66,0
2026-09-10T23:21:48Z,1.92,0
2026-09-10T23:22:48Z,1.92,0
2026-09-10T23:23:48Z,1.92,0
2026-09-10T23:25:48Z,1.92,0
2026-09-10T23:26:48Z,1.92,0
2026-09-10T23:27:48Z,2.18,0
2026-09-10T23:28:48Z,1.92,0
2026-09-10T23:29:48Z,1.92,0
2026-09-10T23:30:48Z,,0
2026-09-10T23:32:48Z,1.92,0
2026-09-10T23:33:48Z,1.92,0
2026-09-10T23:34:48Z,1.92,0
2026-09-10T23:35:48Z,2.18,0
2026-09-10T23:36:48Z,1.92,0
2026-09-10T23:37:48Z,1.92,
2026-09-10T23:38:48Z,1.92,0
2026-09-10T23:39:48Z,1.92,0
2026-09-10T23:40:48Z,1.92,0
2026-09-10T23:41:48Z,1.92,0
2026-09-10T23:43:48Z,1.92,0
2026-09-10T23:44:48Z,1.66,0
2026-09-10T23:45:48Z,1.66,0
2026-09-10T23:46:48Z,1.92,0
2026-09-10T23:47:48Z,1.92,0
2026-09-10T23:48:48Z,1.92,0
2026-09-10T23:49:48Z,1.92,0
2026-09-10T23:50:48Z,1.92,0
2026-09-10T23:51:48Z,1.92,0
2026-09-10T23:52:48Z,1.92,0
2026-09-10T23:53:48Z,1.92,0
2026-09-10T23:54:48Z,1.92,0
2026-09-10T23:56:48Z,1.92,0
2026-09-10T23:57:48Z,1.66,0
2026-09-10T23:58:48Z,1.66,0
2026-09-10T23:59:48Z,1.92,0
2026-09-11T00:00:48Z,1.92,0
2026-09-11T00:02:48Z,1.92,0
2026-09-11T00:03:48Z,1.92,0
2026-09-11T00:04:48Z,1.92,0
2026-09-11T00:05:48Z,1.92,0
2026-09-11T00:06:48Z,1.92,0
2026-09-11T00:08:48Z,1.66,0
2026-09-11T00:09:48Z,1.92,0
2026-09-11T00:10:48Z,1.92,0
2026-09-11T00:11:48Z,1.92,0
2026-09-11T00:12:48Z,1.92,0
2026-09-11T00:14:48Z,1.92,0
2026-09-11T00:15:48Z,1.92,0
2026-09-11T00:16:48Z,1.92,0
2026-09-11T00:17:48Z,1.92,0
2026-09-11T00:19:48Z,1.66,0
2026-09-11T00:20:48Z,1.92,0
2026-09-11T00:21:48Z,1.92,0
2026-09-11T00:22:48Z,1.66,0
2026-09-11T00:23:48Z,1.92,0
2026-09-11T00:24:48Z,1.92,0
2026-09-11T00:25:48Z,1.92,0
2026-09-11T00:26:48Z,1.92,0
2026-09-11T00:27:48Z,1.92,0
2026-09-11T00:28:48Z,1.92,0
2026-09-11T00:29:48Z,1.92,0
2026-09-11T00:30:48Z,1.92,0
2026-09-11T00:31:48Z,1.92,0
2026-09-11T00:32:48Z,1.66,0
2026-09-11T00:33:48Z,1.66,0
2026-09-11T00:34:48Z,1.92,0
2026-09-11T00:35:48Z,1.92,0
2026-09-11T00:37:48Z,1.92,0
2026-09-11T00:38:48Z,1.92,0
2026-09-11T00:39:48Z,1.92,0
2026-09-11T00:40:48Z,1.92,0
2026-09-11T00:41:48Z,1.92,0
2026-09-11T00:42:48Z,1.92,0
2026-09-11T00:43:48Z,1.66,0
2026-09-11T00:44:48Z,1.66,0
2026-09-11T00:45:48Z,1.92,0
2026-09-11T00:46:48Z,1.92,0
2026-09-11T00:47:48Z,1.92,0
2026-09-11T00:48:48Z,1.92,0
2026-09-11T00:49:48Z,1.92,0
2026-09-11T00:50:48Z,1.92,0
2026-09-11T00:51:48Z,,0
2026-09-11T00:52:48Z,1.66,
2026-09-11T00:53:48Z,1.92,0
2026-09-11T00:54:48Z,1.92,0
2026-09-11T00:55:48Z,1.92,0
2026-09-11T00:56:48Z,1.92,0
2026-09-11T01:00:48Z,1.92,0
2026-09-11T01:01:48Z,1.92,0
2026-09-11T01:02:48Z,2.18,0
2026-09-11T01:03:48Z,1.92,0
2026-09-11T01:04:48Z,1.92,0
2026-09-11T01:05:48Z,1.92,0
2026-09-11T01:06:48Z,2.18,0
2026-09-11T01:07:48Z,1.92,0
2026-09-11T01:08:48Z,,0
2026-09-11T01:09:48Z,2.18,
2026-09-11T01:10:48Z,1.92,0
2026-09-11T01:11:48Z,1.92,0
2026-09-11T01:12:48Z,1.92,0
2026-09-11T01:13:48Z,1.92,0
2026-09-11T01:14:48Z,,0
2026-09-11T01:15:48Z,2.18,
2026-09-11T01:16:48Z,1.92,0
2026-09-11T01:17:48Z,2.18,0
2026-09-11T01:18:48Z,1.92,0
2026-09-11T01:19:48Z,2.18,0
2026-09-11T01:20:48Z,,0
2026-09-11T01:21:48Z,1.92,
2026-09-11T01:22:48Z,1.92,0
2026-09-11T01:23:48Z,1.92,0
2026-09-11T01:24:48Z,1.92,0
2026-09-11T01:25:48Z,1.92,0
2026-09-11T01:26:48Z,,0
2026-09-11T01:27:48Z,2.18,
2026-09-11T01:28:48Z,1.92,0
2026-09-11T01:29:48Z,1.92,0
2026-09-11T01:30:48Z,1.92,0
2026-09-11T01:31:48Z,1.92,0
2026-09-11T01:33:48Z,1.92,0
2026-09-11T01:34:48Z,1.92,0
2026-09-11T01:35:48Z,2.18,0
2026-09-11T01:36:48Z,2.18,0
2026-09-11T01:37:48Z,,0
2026-09-11T01:38:48Z,2.18,
2026-09-11T01:39:48Z,2.18,0
2026-09-11T01:40:48Z,2.18,0
2026-09-11T01:41:48Z,2.57,0
2026-09-11T01:42:48Z,2.18,0
2026-09-11T01:43:48Z,,0
2026-09-11T01:44:48Z,2.18,0
2026-09-11T01:45:48Z,1.92,0
2026-09-11T01:46:48Z,2.18,0
2026-09-11T01:47:48Z,2.18,0
2026-09-11T01:48:48Z,,0
2026-09-11T01:49:48Z,2.18,0
2026-09-11T01:50:48Z,2.18,0
2026-09-11T01:51:48Z,1.92,0
2026-09-11T01:52:48Z,2.18,0
2026-09-11T01:53:48Z,1.92,0
2026-09-11T01:54:48Z,1.92,0
2026-09-11T01:55:48Z,1.92,0
2026-09-11T01:56:48Z,2.18,0
2026-09-11T01:57:48Z,1.92,0
2026-09-11T01:58:48Z,1.92,0
2026-09-11T01:59:48Z,2.18,0
2026-09-11T02:00:48Z,,0
2026-09-11T02:01:48Z,1.92,
2026-09-11T02:02:48Z,2.18,0
2026-09-11T02:03:48Z,1.92,0
2026-09-11T02:04:48Z,2.57,0
2026-09-11T02:05:48Z,2.18,0
2026-09-11T02:06:48Z,,0
2026-09-11T02:07:48Z,1.92,
2026-09-11T02:08:48Z,1.92,0
2026-09-11T02:09:48Z,1.92,0
2026-09-11T02:10:48Z,1.92,0
2026-09-11T02:11:48Z,1.92,0
2026-09-11T02:12:48Z,,0
2026-09-11T02:13:48Z,2.18,
2026-09-11T02:14:48Z,1.92,0
2026-09-11T02:15:48Z,1.92,0
2026-09-11T02:16:48Z,1.92,0
2026-09-11T02:17:48Z,1.92,0
2026-09-11T02:18:48Z,,0
2026-09-11T02:19:48Z,1.92,
2026-09-11T02:20:48Z,1.92,0
2026-09-11T02:21:48Z,1.92,0
2026-09-11T02:22:48Z,2.18,0
2026-09-11T02:23:48Z,,0
2026-09-11T02:24:48Z,2.18,0
2026-09-11T02:25:48Z,1.92,
2026-09-11T02:26:48Z,2.18,0
2026-09-11T02:27:48Z,2.18,0
2026-09-11T02:28:48Z,2.18,0
2026-09-11T02:29:48Z,,0
2026-09-11T02:30:48Z,1.92,0
2026-09-11T02:31:48Z,1.92,
2026-09-11T02:32:48Z,1.92,0
2026-09-11T02:33:48Z,2.18,0
2026-09-11T02:34:48Z,2.18,0
2026-09-11T02:35:48Z,,0
2026-09-11T02:36:48Z,2.18,0
2026-09-11T02:37:48Z,2.18,0
2026-09-11T02:38:48Z,2.18,0
2026-09-11T02:39:48Z,1.92,0
2026-09-11T02:40:48Z,1.92,0
2026-09-11T02:41:48Z,1.92,0
2026-09-11T02:42:48Z,2.18,
2026-09-11T02:43:48Z,1.92,0
2026-09-11T02:44:48Z,1.92,0
2026-09-11T02:45:48Z,2.18,0
2026-09-11T02:46:48Z,,0
2026-09-11T02:47:48Z,1.92,0
2026-09-11T02:48:48Z,1.92,
2026-09-11T02:49:48Z,1.92,0
2026-09-11T02:50:48Z,1.92,0
2026-09-11T02:51:48Z,1.92,0
2026-09-11T02:52:48Z,,0
2026-09-11T02:53:48Z,2.18,0
2026-09-11T02:54:48Z,2.18,
2026-09-11T02:55:48Z,1.92,
2026-09-11T02:56:48Z,1.92,0
2026-09-11T02:57:48Z,1.92,0
2026-09-11T02:58:48Z,,0
2026-09-11T02:59:48Z,1.92,0
2026-09-11T03:00:48Z,1.92,0
2026-09-11T03:01:48Z,1.92,
2026-09-11T03:02:48Z,2.18,0
2026-09-11T03:03:48Z,2.18,0
2026-09-11T03:04:48Z,,0
2026-09-11T03:05:48Z,2.18,0
2026-09-11T03:06:48Z,1.92,0
2026-09-11T03:07:48Z,1.92,
2026-09-11T03:08:48Z,2.18,0
2026-09-11T03:09:48Z,2.18,0
2026-09-11T03:10:48Z,,0
2026-09-11T03:11:48Z,,0
2026-09-11T03:12:48Z,1.92,0
2026-09-11T03:13:48Z,1.92,
2026-09-11T03:14:48Z,1.92,
2026-09-11T03:15:48Z,1.92,0
2026-09-11T03:16:48Z,1.92,0
2026-09-11T03:17:48Z,,0
2026-09-11T03:18:48Z,1.92,0
2026-09-11T03:19:48Z,2.18,0
2026-09-11T03:20:48Z,2.18,
2026-09-11T03:21:48Z,2.18,0
2026-09-11T03:22:48Z,1.92,0
2026-09-11T03:23:48Z,,0
2026-09-11T03:24:48Z,1.92,0
2026-09-11T03:25:48Z,1.92,0
2026-09-11T03:26:48Z,1.92,
2026-09-11T03:27:48Z,1.92,0
2026-09-11T03:28:48Z,1.92,0
2026-09-11T03:29:48Z,,0
2026-09-11T03:30:48Z,2.18,0
2026-09-11T03:31:48Z,2.18,0
2026-09-11T03:32:48Z,2.18,
2026-09-11T03:33:48Z,1.92,0
2026-09-11T03:34:48Z,2.18,0
2026-09-11T03:35:48Z,,0
2026-09-11T03:36:48Z,1.92,0
2026-09-11T03:37:48Z,1.92,0
2026-09-11T03:38:48Z,1.92,
2026-09-11T03:39:48Z,1.92,0
2026-09-11T03:40:48Z,2.18,0
2026-09-11T03:41:48Z,,0
2026-09-11T03:42:48Z,1.92,0
2026-09-11T03:43:48Z,1.92,0
2026-09-11T03:44:48Z,1.92,
2026-09-11T03:45:48Z,1.92,0
2026-09-11T03:46:48Z,2.18,0
2026-09-11T03:47:48Z,,0
2026-09-11T03:48:48Z,2.18,0
2026-09-11T03:49:48Z,1.92,0
2026-09-11T03:50:48Z,2.18,
2026-09-11T03:51:48Z,2.18,0
2026-09-11T03:52:48Z,,0
2026-09-11T03:53:48Z,1.92,0
2026-09-11T03:54:48Z,1.92,0
2026-09-11T03:55:48Z,1.92,0
2026-09-11T03:56:48Z,2.18,
2026-09-11T03:57:48Z,2.18,
2026-09-11T03:58:48Z,,0
2026-09-11T03:59:48Z,2.18,0
2026-09-11T04:00:48Z,1.92,0
2026-09-11T04:01:48Z,1.92,0
2026-09-11T04:02:48Z,1.92,
2026-09-11T04:03:48Z,2.18,
2026-09-11T04:04:48Z,,0
2026-09-11T04:05:48Z,,0
2026-09-11T04:06:48Z,1.92,0
2026-09-11T04:07:48Z,1.92,0
2026-09-11T04:08:48Z,1.92,
2026-09-11T04:09:48Z,1.92,
2026-09-11T04:10:48Z,1.92,0
2026-09-11T04:11:48Z,,0
2026-09-11T04:12:48Z,1.92,0
2026-09-11T04:13:48Z,1.92,0
2026-09-11T04:14:48Z,1.92,0
2026-09-11T04:15:48Z,1.92,
2026-09-11T04:16:48Z,1.92,
2026-09-11T04:17:48Z,,0
2026-09-11T04:18:48Z,1.92,0
2026-09-11T04:19:48Z,1.92,0
2026-09-11T04:20:48Z,1.92,0
2026-09-11T04:21:48Z,1.92,0
2026-09-11T04:22:48Z,1.92,
2026-09-11T04:23:48Z,,0
2026-09-11T04:24:48Z,2.18,0
2026-09-11T04:25:48Z,2.18,0
2026-09-11T04:26:48Z,2.18,0
2026-09-11T04:27:48Z,1.92,0
2026-09-11T04:28:48Z,2.18,
2026-09-11T04:29:48Z,1.92,0
2026-09-11T04:30:48Z,,0
2026-09-11T04:31:48Z,1.92,0
2026-09-11T04:32:48Z,2.18,0
2026-09-11T04:33:48Z,2.18,0
2026-09-11T04:34:48Z,1.92,
2026-09-11T04:35:48Z,1.92,
2026-09-11T04:36:48Z,,0
2026-09-11T04:37:48Z,,0
2026-09-11T04:38:48Z,1.92,0
2026-09-11T04:39:48Z,1.92,0
2026-09-11T04:40:48Z,1.92,0
2026-09-11T04:41:48Z,1.92,
2026-09-11T04:42:48Z,,0
2026-09-11T04:43:48Z,1.66,0
2026-09-11T04:44:48Z,1.92,0
2026-09-11T04:45:48Z,1.92,0
2026-09-11T04:46:48Z,1.92,0
2026-09-11T04:47:48Z,1.92,
2026-09-11T04:48:48Z,,0
2026-09-11T04:49:48Z,2.18,0
2026-09-11T04:50:48Z,1.92,0
2026-09-11T04:51:48Z,1.92,0
2026-09-11T04:52:48Z,2.18,0
2026-09-11T04:53:48Z,1.92,
2026-09-11T04:54:48Z,,0
2026-09-11T04:55:48Z,2.18,0
2026-09-11T04:56:48Z,2.18,0
2026-09-11T04:57:48Z,1.66,0
2026-09-11T04:58:48Z,1.92,0
2026-09-11T04:59:48Z,1.92,
2026-09-11T05:00:48Z,1.92,
2026-09-11T05:02:48Z,,0
2026-09-11T05:03:48Z,1.92,0
2026-09-11T05:04:48Z,1.92,0
2026-09-11T05:05:48Z,1.92,0
2026-09-11T05:06:48Z,2.18,0
2026-09-11T05:07:48Z,1.92,
2026-09-11T05:09:48Z,,0
2026-09-11T05:10:48Z,1.92,0
2026-09-11T05:11:48Z,1.92,0
2026-09-11T05:12:48Z,1.92,0
2026-09-11T05:13:48Z,1.92,0
2026-09-11T05:14:48Z,2.18,
2026-09-11T05:16:48Z,,0
2026-09-11T05:17:48Z,,0
2026-09-11T05:18:48Z,1.92,0
2026-09-11T05:19:48Z,2.18,0
2026-09-11T05:20:48Z,1.92,0
2026-09-11T05:21:48Z,1.92,
2026-09-11T05:23:48Z,,0
2026-09-11T05:24:48Z,1.92,0
2026-09-11T05:25:48Z,2.18,0
2026-09-11T05:26:48Z,1.92,0
2026-09-11T05:27:48Z,2.18,0
2026-09-11T05:28:48Z,2.18,0
2026-09-11T05:29:48Z,2.18,0
2026-09-11T05:30:48Z,1.92,0
2026-09-11T05:31:48Z,1.92,0
2026-09-11T05:32:48Z,1.92,0
2026-09-11T05:33:48Z,1.92,0
2026-09-11T05:34:48Z,1.92,0
2026-09-11T05:35:48Z,1.92,0
2026-09-11T05:36:48Z,2.18,
2026-09-11T05:37:48Z,1.92,0
2026-09-11T05:38:48Z,1.92,0
2026-09-11T05:39:48Z,1.92,0
2026-09-11T05:40:48Z,1.92,0
2026-09-11T07:00:48Z,1.92,0
2026-09-11T07:01:48Z,1.92,0
2026-09-11T07:02:48Z,1.92,0
2026-09-11T07:03:48Z,,0
2026-09-11T07:04:48Z,,0
2026-09-11T07:05:48Z,1.92,
2026-09-11T07:06:48Z,1.92,
2026-09-11T07:07:48Z,1.92,0
2026-09-11T07:08:48Z,1.92,0
2026-09-11T07:09:48Z,1.92,0
2026-09-11T07:10:48Z,,0
2026-09-11T07:11:48Z,,0
2026-09-11T07:12:48Z,1.92,
2026-09-11T07:13:48Z,1.92,
2026-09-11T07:14:48Z,1.92,0
2026-09-11T07:15:48Z,2.18,0
2026-09-11T07:16:48Z,1.66,0
2026-09-11T07:17:48Z,,0
2026-09-11T07:18:48Z,1.92,0
2026-09-11T07:19:48Z,1.92,
2026-09-11T07:20:48Z,1.92,0
2026-09-11T07:21:48Z,1.92,0
2026-09-11T07:22:48Z,1.92,0
2026-09-11T07:23:48Z,,0
2026-09-11T07:24:48Z,,0
2026-09-11T07:25:48Z,2.18,
2026-09-11T07:26:48Z,1.92,
2026-09-11T07:27:48Z,1.92,0
2026-09-11T07:28:48Z,1.92,0
2026-09-11T07:29:48Z,1.92,0
2026-09-11T07:30:48Z,,0
2026-09-11T07:31:48Z,,0
2026-09-11T07:32:48Z,1.92,
2026-09-11T07:33:48Z,1.92,
2026-09-11T07:34:48Z,1.92,0
2026-09-11T07:35:48Z,2.83,0
2026-09-11T07:36:48Z,2.57,0
2026-09-11T07:37:48Z,,0
2026-09-11T07:38:48Z,1.92,0
2026-09-11T07:39:48Z,1.92,
2026-09-11T07:40:48Z,1.92,0
2026-09-11T07:41:48Z,1.92,0
2026-09-11T07:42:48Z,1.92,0
2026-09-11T07:43:48Z,,0
2026-09-11T07:44:48Z,1.92,0
2026-09-11T07:45:48Z,1.92,
2026-09-11T07:46:48Z,1.92,0
2026-09-11T07:47:48Z,1.92,0
2026-09-11T07:48:48Z,1.92,0
2026-09-11T07:49:48Z,,0
2026-09-11T07:50:48Z,,0
2026-09-11T07:51:48Z,1.92,
2026-09-11T07:52:48Z,1.92,
2026-09-11T07:53:48Z,1.92,0
2026-09-11T07:54:48Z,1.92,0
2026-09-11T07:55:48Z,1.92,0
2026-09-11T07:56:48Z,,0
2026-09-11T07:57:48Z,,0
2026-09-11T07:58:48Z,1.92,
2026-09-11T07:59:48Z,1.92,
2026-09-11T08:00:48Z,1.92,
2026-09-11T08:01:48Z,1.92,0
2026-09-11T08:02:48Z,1.92,0
2026-09-11T08:03:48Z,,0
2026-09-11T08:04:48Z,1.92,0
2026-09-11T08:05:48Z,1.92,0
2026-09-11T08:06:48Z,1.92,
2026-09-11T08:07:48Z,1.92,0
2026-09-11T08:08:48Z,1.92,0
2026-09-11T08:09:48Z,2.18,0
2026-09-11T08:10:48Z,1.92,0
2026-09-11T08:11:48Z,,0
2026-09-11T08:12:48Z,1.92,
2026-09-11T08:13:48Z,1.92,0
2026-09-11T08:14:48Z,1.92,0
2026-09-11T08:15:48Z,1.92,0
2026-09-11T08:16:48Z,1.92,0
2026-09-11T08:17:48Z,,0
2026-09-11T08:18:48Z,1.92,
2026-09-11T08:19:48Z,1.92,
2026-09-11T08:20:48Z,1.92,0
2026-09-11T08:22:48Z,2.18,0
2026-09-11T08:23:48Z,,0
2026-09-11T08:24:48Z,,0
2026-09-11T08:25:48Z,1.92,
2026-09-11T08:26:48Z,1.92,
2026-09-11T08:27:48Z,1.92,0
2026-09-11T08:28:48Z,1.92,0
2026-09-11T08:29:48Z,1.92,0
2026-09-11T08:30:48Z,,0
2026-09-11T08:31:48Z,,0
2026-09-11T08:33:48Z,1.92,
2026-09-11T08:34:48Z,1.92,0
2026-09-11T08:35:48Z,1.92,0
2026-09-11T08:36:48Z,1.92,0
2026-09-11T08:37:48Z,,0
2026-09-11T08:38:48Z,,0
2026-09-11T08:39:48Z,1.92,
2026-09-11T08:40:48Z,1.92,
2026-09-11T08:41:48Z,1.92,0
2026-09-11T08:42:48Z,2.18,0
2026-09-11T08:43:48Z,1.92,0
2026-09-11T08:44:48Z,,0
2026-09-11T08:45:48Z,1.92,0
2026-09-11T08:46:48Z,1.92,
2026-09-11T08:47:48Z,1.92,0
2026-09-11T08:48:48Z,1.92,0
2026-09-11T08:49:48Z,1.92,0
2026-09-11T08:50:48Z,,0
2026-09-11T08:51:48Z,1.92,0
2026-09-11T08:52:48Z,1.66,
2026-09-11T08:53:48Z,1.92,0
2026-09-11T08:54:48Z,1.92,0
2026-09-11T08:55:48Z,1.92,0
2026-09-11T08:56:48Z,,0
2026-09-11T08:57:48Z,,0
2026-09-11T08:58:48Z,2.18,
2026-09-11T08:59:48Z,1.92,
2026-09-11T09:00:48Z,1.92,
2026-09-11T09:01:48Z,1.92,0
2026-09-11T09:02:48Z,1.92,0
2026-09-11T09:03:48Z,,0
2026-09-11T09:04:48Z,1.92,0
2026-09-11T09:05:48Z,1.92,0
2026-09-11T09:06:48Z,1.92,
2026-09-11T09:07:48Z,2.18,0
2026-09-11T09:08:48Z,1.92,0
2026-09-11T09:09:48Z,1.92,0
2026-09-11T09:10:48Z,,0
2026-09-11T09:11:48Z,1.92,0
2026-09-11T09:12:48Z,1.92,
2026-09-11T09:13:48Z,1.92,
2026-09-11T09:14:48Z,1.92,0
2026-09-11T09:15:48Z,1.92,0
2026-09-11T09:16:48Z,,0
2026-09-11T09:17:48Z,,0
2026-09-11T09:18:48Z,1.92,0
2026-09-11T09:19:48Z,1.92,
2026-09-11T09:20:48Z,1.92,
2026-09-11T09:21:48Z,1.92,0
2026-09-11T09:22:48Z,2.18,0
2026-09-11T09:23:48Z,,0
2026-09-11T09:24:48Z,,0
2026-09-11T09:25:48Z,1.92,0
2026-09-11T09:26:48Z,1.92,
2026-09-11T09:27:48Z,1.92,
2026-09-11T09:28:48Z,1.92,0
2026-09-11T09:29:48Z,1.92,0
2026-09-11T09:30:48Z,,0
2026-09-11T09:31:48Z,,0
2026-09-11T09:32:48Z,1.92,0
2026-09-11T09:33:48Z,1.92,
2026-09-11T09:34:48Z,1.92,0
2026-09-11T09:35:48Z,1.92,0
2026-09-11T09:36:48Z,1.92,0
2026-09-11T09:37:48Z,,0
2026-09-11T09:38:48Z,1.92,0
2026-09-11T09:39:48Z,1.92,0
2026-09-11T09:40:48Z,1.92,0
2026-09-11T09:41:48Z,1.92,0
2026-09-11T09:42:48Z,1.92,
2026-09-11T09:43:48Z,,0
2026-09-11T09:44:48Z,1.92,0
2026-09-11T09:45:48Z,1.92,0
2026-09-11T09:46:48Z,2.18,0
2026-09-11T09:47:48Z,1.92,0
2026-09-11T09:48:48Z,2.18,
2026-09-11T09:50:48Z,,0
2026-09-11T09:51:48Z,2.18,0
2026-09-11T09:52:48Z,1.92,0
2026-09-11T09:53:48Z,1.92,0
2026-09-11T09:54:48Z,1.92,0
2026-09-11T09:55:48Z,1.92,
2026-09-11T09:58:48Z,1.92,0
2026-09-11T09:59:48Z,1.92,0
2026-09-11T10:00:48Z,1.92,0
2026-09-11T10:01:48Z,1.92,0
2026-09-11T10:02:48Z,2.18,0
2026-09-11T10:05:48Z,1.92,0
2026-09-11T10:06:48Z,1.66,0
2026-09-11T10:07:48Z,1.92,0
2026-09-11T10:08:48Z,1.92,0
2026-09-11T10:09:48Z,1.92,0
2026-09-11T10:12:48Z,1.92,0
2026-09-11T10:13:48Z,1.92,0
2026-09-11T10:14:48Z,1.92,0
2026-09-11T10:15:48Z,1.92,0
2026-09-11T10:16:48Z,1.92,0
2026-09-11T10:19:48Z,1.92,0
2026-09-11T10:20:48Z,1.92,0
2026-09-11T10:21:48Z,1.92,0
2026-09-11T10:22:48Z,1.92,0
2026-09-11T10:23:48Z,1.92,0
2026-09-11T10:26:48Z,1.92,0
2026-09-11T10:27:48Z,1.92,0
2026-09-11T10:28:48Z,1.92,0
2026-09-11T10:29:48Z,1.92,0
2026-09-11T10:30:48Z,1.92,0
2026-09-11T10:33:48Z,1.92,0
2026-09-11T10:34:48Z,1.92,0
2026-09-11T10:35:48Z,1.92,0
2026-09-11T10:36:48Z,1.92,0
2026-09-11T10:37:48Z,1.92,0
2026-09-11T10:39:48Z,1.92,0
2026-09-11T10:40:48Z,1.92,0
2026-09-11T10:41:48Z,1.92,0
2026-09-11T10:42:48Z,1.92,0
2026-09-11T10:43:48Z,1.66,0
2026-09-11T10:45:48Z,1.92,0
2026-09-11T10:46:48Z,1.92,0
2026-09-11T10:47:48Z,1.66,0
2026-09-11T10:48:48Z,1.92,0
2026-09-11T10:49:48Z,1.92,0
2026-09-11T10:50:48Z,,0
2026-09-11T10:52:48Z,1.92,0
2026-09-11T10:53:48Z,1.92,0
2026-09-11T10:54:48Z,1.92,0
2026-09-11T10:55:48Z,1.92,0
2026-09-11T10:56:48Z,1.66,0
2026-09-11T10:59:48Z,1.92,0
2026-09-11T11:00:48Z,1.92,0
2026-09-11T11:01:48Z,1.66,0
2026-09-11T11:02:48Z,1.66,0
2026-09-11T11:03:48Z,1.66,0
2026-09-11T11:06:48Z,1.92,0
2026-09-11T11:07:48Z,1.66,0
2026-09-11T11:08:48Z,1.66,0
2026-09-11T11:09:48Z,1.66,0
2026-09-11T11:10:48Z,1.66,0
2026-09-11T11:13:48Z,1.92,0
2026-09-11T11:14:48Z,1.92,0
2026-09-11T11:15:48Z,1.92,0
2026-09-11T11:16:48Z,1.66,0
2026-09-11T11:17:48Z,1.92,0
2026-09-11T11:19:48Z,1.92,0
2026-09-11T11:20:48Z,1.66,0
2026-09-11T11:21:48Z,1.66,0
2026-09-11T11:22:48Z,1.66,0
2026-09-11T11:23:48Z,1.92,0
2026-09-11T11:24:48Z,1.92,0
2026-09-11T11:26:48Z,,0
2026-09-11T11:27:48Z,1.66,0
2026-09-11T11:28:48Z,1.66,0
2026-09-11T11:29:48Z,1.92,0
2026-09-11T11:30:48Z,1.92,0
2026-09-11T11:31:48Z,1.92,0
2026-09-11T11:34:48Z,1.92,0
2026-09-11T11:35:48Z,1.66,0
2026-09-11T11:36:48Z,1.92,0
2026-09-11T11:37:48Z,1.92,0
2026-09-11T11:38:48Z,1.92,0
2026-09-11T11:41:48Z,1.92,0
2026-09-11T11:42:48Z,1.92,0
2026-09-11T11:43:48Z,1.66,0
2026-09-11T11:44:48Z,1.92,0
2026-09-11T11:45:48Z,1.92,0
2026-09-11T11:47:48Z,1.92,0
2026-09-11T11:48:48Z,1.66,0
2026-09-11T11:49:48Z,1.92,0
2026-09-11T11:50:48Z,1.92,0
2026-09-11T11:51:48Z,1.92,0
2026-09-11T11:54:48Z,1.66,0
2026-09-11T11:55:48Z,1.66,0
2026-09-11T11:56:48Z,1.92,0
2026-09-11T11:57:48Z,1.92,0
2026-09-11T11:58:48Z,1.92,0
2026-09-11T11:59:48Z,1.92,0
2026-09-11T12:02:48Z,1.66,0
2026-09-11T12:03:48Z,1.66,0
2026-09-11T12:04:48Z,1.66,0
2026-09-11T12:05:48Z,1.66,0
2026-09-11T12:06:48Z,1.92,0
2026-09-11T12:09:48Z,1.92,0
2026-09-11T12:10:48Z,1.92,0
2026-09-11T12:11:48Z,1.92,0
2026-09-11T12:12:48Z,1.92,0
2026-09-11T12:13:48Z,1.92,0
2026-09-11T12:16:48Z,1.92,0
2026-09-11T12:17:48Z,1.92,0
2026-09-11T12:18:48Z,1.92,0
2026-09-11T12:19:48Z,1.92,0
2026-09-11T12:20:48Z,1.66,0
2026-09-11T12:23:48Z,1.66,0
2026-09-11T12:24:48Z,1.66,0
2026-09-11T12:25:48Z,1.66,0
2026-09-11T12:26:48Z,1.66,0
2026-09-11T12:27:48Z,1.66,0
2026-09-11T12:30:48Z,1.92,
2026-09-11T12:31:48Z,1.92,0
2026-09-11T12:32:48Z,1.66,0
2026-09-11T12:33:48Z,1.66,0
2026-09-11T12:34:48Z,1.92,0
2026-09-11T12:35:48Z,1.66,0
2026-09-11T12:38:48Z,1.92,0
2026-09-11T12:39:48Z,1.92,0
2026-09-11T12:40:48Z,1.66,0
2026-09-11T12:41:48Z,1.66,0
2026-09-11T12:42:48Z,1.92,0
2026-09-11T12:45:48Z,1.66,
2026-09-11T12:46:48Z,1.66,0
2026-09-11T12:47:48Z,1.66,0
2026-09-11T12:48:48Z,1.66,0
2026-09-11T12:49:48Z,1.92,0
2026-09-11T12:50:48Z,1.92,0
2026-09-11T12:52:48Z,1.92,
2026-09-11T12:53:48Z,1.92,0
2026-09-11T12:54:48Z,1.92,0
2026-09-11T12:55:48Z,1.92,0
2026-09-11T12:56:48Z,1.66,0
2026-09-11T12:57:48Z,,0
2026-09-11T13:00:48Z,1.66,
2026-09-11T13:01:48Z,1.66,0
2026-09-11T13:02:48Z,1.66,0
2026-09-11T13:03:48Z,1.66,0
2026-09-11T13:04:48Z,1.66,0
2026-09-11T13:05:48Z,1.66,0
2026-09-11T13:08:48Z,1.66,0
2026-09-11T13:09:48Z,1.66,0
2026-09-11T13:10:48Z,1.92,0
2026-09-11T13:11:48Z,1.92,0
2026-09-11T13:12:48Z,1.92,0
2026-09-11T13:15:48Z,1.92,0
2026-09-11T13:16:48Z,1.92,0
2026-09-11T13:17:48Z,1.92,0
2026-09-11T13:18:48Z,1.92,0
2026-09-11T13:19:48Z,1.92,0
2026-09-11T13:23:48Z,1.66,0
2026-09-11T13:24:48Z,1.66,0
2026-09-11T13:25:48Z,1.92,0
2026-09-11T13:26:48Z,1.92,0
2026-09-11T13:27:48Z,1.92,0
2026-09-11T13:30:48Z,1.92,0
2026-09-11T13:31:48Z,1.92,0
2026-09-11T13:32:48Z,1.92,0
2026-09-11T13:33:48Z,1.92,0
2026-09-11T13:34:48Z,1.92,0
2026-09-11T13:38:48Z,1.92,0
2026-09-11T13:39:48Z,1.92,0
2026-09-11T13:40:48Z,1.92,0
2026-09-11T13:41:48Z,1.92,0
2026-09-11T13:42:48Z,1.92,0
2026-09-11T13:45:48Z,1.92,0
2026-09-11T13:46:48Z,1.92,0
2026-09-11T13:47:48Z,1.92,0
2026-09-11T13:48:48Z,1.92,0
2026-09-11T13:49:48Z,1.66,0
2026-09-11T13:52:48Z,1.92,0
2026-09-11T13:53:48Z,1.92,0
2026-09-11T13:54:48Z,1.92,0
2026-09-11T13:55:48Z,1.92,0
2026-09-11T13:56:48Z,1.92,0
2026-09-11T14:00:48Z,1.92,0
2026-09-11T14:01:48Z,1.92,0
2026-09-11T14:02:48Z,1.92,0
2026-09-11T14:03:48Z,1.92,0
2026-09-11T14:04:48Z,1.92,0
2026-09-11T14:08:48Z,1.92,0
2026-09-11T14:09:48Z,1.92,0
2026-09-11T14:10:48Z,1.92,0
2026-09-11T14:11:48Z,1.92,0
2026-09-11T14:12:48Z,1.92,0
2026-09-11T14:14:48Z,,0
2026-09-11T14:15:48Z,1.92,0
2026-09-11T14:16:48Z,1.92,0
2026-09-11T14:17:48Z,1.92,0
2026-09-11T14:18:48Z,1.92,0
2026-09-11T14:19:48Z,1.92,0
2026-09-11T14:23:48Z,1.66,0
2026-09-11T14:24:48Z,1.66,0
2026-09-11T14:25:48Z,1.92,0
2026-09-11T14:26:48Z,1.92,0
2026-09-11T14:27:48Z,1.92,0
2026-09-11T14:31:48Z,1.66,0
2026-09-11T14:32:48Z,1.92,0
2026-09-11T14:33:48Z,1.92,0
2026-09-11T14:34:48Z,1.92,0
2026-09-11T14:35:48Z,1.92,0
2026-09-11T14:38:48Z,1.92,0
2026-09-11T14:39:48Z,1.92,0
2026-09-11T14:40:48Z,1.92,0
2026-09-11T14:41:48Z,1.92,0
2026-09-11T14:42:48Z,1.92,0
2026-09-11T14:44:48Z,1.92,
2026-09-11T14:45:48Z,1.92,0
2026-09-11T14:46:48Z,1.92,0
2026-09-11T14:47:48Z,1.92,0
2026-09-11T14:48:48Z,1.92,0
2026-09-11T14:49:48Z,1.92,0
2026-09-11T14:52:48Z,1.92,
2026-09-11T14:53:48Z,1.92,0
2026-09-11T14:54:48Z,1.92,0
2026-09-11T14:55:48Z,1.92,0
2026-09-11T14:56:48Z,1.92,0
2026-09-11T15:00:48Z,1.66,0
2026-09-11T15:01:48Z,1.66,0
2026-09-11T15:02:48Z,1.66,0
2026-09-11T15:03:48Z,1.66,0
2026-09-11T15:04:48Z,1.66,0
2026-09-11T15:07:48Z,1.66,
2026-09-11T15:08:48Z,1.92,0
2026-09-11T15:09:48Z,1.66,0
2026-09-11T15:10:48Z,1.92,0
2026-09-11T15:11:48Z,1.66,0
2026-09-11T15:12:48Z,,0
2026-09-11T15:15:48Z,1.92,0
2026-09-11T15:16:48Z,1.92,0
2026-09-11T15:17:48Z,1.92,0
2026-09-11T15:18:48Z,1.92,0
2026-09-11T15:19:48Z,1.92,0
2026-09-11T15:20:48Z,,0
2026-09-11T15:23:48Z,1.92,0
2026-09-11T15:24:48Z,1.92,0
2026-09-11T15:25:48Z,1.92,0
2026-09-11T15:26:48Z,1.92,0
2026-09-11T15:27:48Z,1.66,0
2026-09-11T15:31:48Z,1.66,0
2026-09-11T15:32:48Z,1.92,0
2026-09-11T15:33:48Z,1.92,0
2026-09-11T15:34:48Z,1.92,0
2026-09-11T15:35:48Z,1.92,0
2026-09-11T15:39:48Z,1.92,0
2026-09-11T15:40:48Z,1.92,0
2026-09-11T15:41:48Z,1.92,0
2026-09-11T15:42:48Z,1.92,0
2026-09-11T15:43:48Z,,0
2026-09-11T15:45:48Z,1.92,0
2026-09-11T15:46:48Z,1.92,0
2026-09-11T15:47:48Z,1.92,0
2026-09-11T15:48:48Z,1.92,0
2026-09-11T15:49:48Z,1.92,0
2026-09-11T15:53:48Z,1.66,0
2026-09-11T15:54:48Z,1.92,0
2026-09-11T15:55:48Z,1.92,0
2026-09-11T15:56:48Z,1.92,0
2026-09-11T15:57:48Z,1.92,0
2026-09-11T16:02:48Z,1.92,0
2026-09-11T16:03:48Z,1.92,0
2026-09-11T16:04:48Z,1.92,0
2026-09-11T16:05:48Z,1.92,0
2026-09-11T16:06:48Z,1.66,0
2026-09-11T16:11:48Z,1.66,0
2026-09-11T16:12:48Z,1.92,0
2026-09-11T16:13:48Z,1.92,0
2026-09-11T16:14:48Z,1.92,0
2026-09-11T16:17:48Z,1.92,0
2026-09-11T16:18:48Z,1.92,0
2026-09-11T16:19:48Z,1.92,0
2026-09-11T16:20:48Z,1.92,0
2026-09-11T16:21:48Z,,0
2026-09-11T16:23:48Z,1.92,0
2026-09-11T16:24:48Z,1.92,0
2026-09-11T16:25:48Z,1.92,0
2026-09-11T16:26:48Z,1.92,0
2026-09-11T16:27:48Z,1.92,0
2026-09-11T16:29:48Z,1.92,
2026-09-11T16:30:48Z,1.92,0
2026-09-11T16:31:48Z,1.92,0
2026-09-11T16:32:48Z,1.92,0
2026-09-11T16:33:48Z,1.92,0
2026-09-11T16:34:48Z,,0
2026-09-11T16:36:48Z,1.92,
2026-09-11T16:37:48Z,1.92,0
2026-09-11T16:38:48Z,1.92,0
2026-09-11T16:39:48Z,1.92,0
2026-09-11T16:40:48Z,1.92,0
2026-09-11T16:41:48Z,,0
2026-09-11T16:43:48Z,1.92,
2026-09-11T16:44:48Z,1.92,0
2026-09-11T16:45:48Z,1.92,0
2026-09-11T16:46:48Z,1.92,0
2026-09-11T16:47:48Z,1.92,0
2026-09-11T16:49:48Z,1.66,
2026-09-11T16:50:48Z,1.92,0
2026-09-11T16:51:48Z,1.92,0
2026-09-11T16:52:48Z,1.92,0
2026-09-11T16:53:48Z,1.66,0
2026-09-11T16:54:48Z,,0
2026-09-11T16:56:48Z,1.66,
2026-09-11T16:57:48Z,1.92,0
2026-09-11T16:58:48Z,1.92,0
2026-09-11T16:59:48Z,1.92,0
2026-09-11T17:00:48Z,1.66,0
2026-09-11T17:01:48Z,,0
2026-09-11T17:04:48Z,1.92,0
2026-09-11T17:05:48Z,1.92,0
2026-09-11T17:06:48Z,1.92,0
2026-09-11T17:07:48Z,1.66,0
2026-09-11T17:08:48Z,,0
2026-09-11T17:10:48Z,1.92,
2026-09-11T17:11:48Z,1.92,0
2026-09-11T17:12:48Z,1.92,0
2026-09-11T17:13:48Z,1.92,0
2026-09-11T17:14:48Z,1.92,0
2026-09-11T17:15:48Z,1.92,
2026-09-11T17:16:48Z,1.66,0
2026-09-11T17:17:48Z,1.66,0
2026-09-11T17:18:48Z,1.92,0
2026-09-11T17:19:48Z,1.92,0
2026-09-11T17:20:48Z,1.92,0
2026-09-11T17:22:48Z,1.92,0
2026-09-11T17:23:48Z,1.92,0
2026-09-11T17:24:48Z,1.66,0
2026-09-11T17:25:48Z,1.92,0
2026-09-11T17:26:48Z,1.66,0
2026-09-11T17:29:48Z,1.92,0
2026-09-11T17:30:48Z,1.92,0
2026-09-11T17:31:48Z,1.66,0
2026-09-11T17:32:48Z,1.66,0
2026-09-11T17:33:48Z,1.92,0
2026-09-11T17:35:48Z,1.92,
2026-09-11T17:36:48Z,1.92,0
2026-09-11T17:37:48Z,1.92,0
2026-09-11T17:38:48Z,1.92,0
2026-09-11T17:39:48Z,1.92,0
2026-09-11T17:40:48Z,1.92,0
2026-09-11T17:43:48Z,1.66,0
2026-09-11T17:44:48Z,1.92,0
2026-09-11T17:45:48Z,1.92,0
2026-09-11T17:46:48Z,1.92,0
2026-09-11T17:47:48Z,1.92,0
2026-09-11T17:49:48Z,1.92,0
2026-09-11T17:50:48Z,1.92,0
2026-09-11T17:51:48Z,1.92,0
2026-09-11T17:52:48Z,1.92,0
2026-09-11T17:53:48Z,1.92,0
2026-09-11T17:54:48Z,1.92,0
2026-09-11T17:58:48Z,1.92,0
2026-09-11T17:59:48Z,1.92,0
2026-09-11T18:00:48Z,1.92,0
2026-09-11T18:01:48Z,1.66,0
2026-09-11T18:02:48Z,1.92,0
2026-09-11T18:06:48Z,1.92,0
2026-09-11T18:07:48Z,1.66,0
2026-09-11T18:08:48Z,1.92,0
2026-09-11T18:09:48Z,1.92,0
2026-09-11T18:10:48Z,1.92,0
2026-09-11T18:11:48Z,1.92,
2026-09-11T18:14:48Z,1.92,0
2026-09-11T18:15:48Z,1.92,0
2026-09-11T18:16:48Z,1.92,0
2026-09-11T18:17:48Z,1.92,0
2026-09-11T18:18:48Z,1.92,0
2026-09-11T18:21:48Z,,0
2026-09-11T18:22:48Z,1.92,0
2026-09-11T18:23:48Z,1.92,0
2026-09-11T18:24:48Z,1.92,0
2026-09-11T18:25:48Z,1.92,0
2026-09-11T18:26:48Z,1.92,
2026-09-11T18:28:48Z,1.66,0
2026-09-11T18:29:48Z,1.92,0
2026-09-11T18:30:48Z,1.92,0
2026-09-11T18:31:48Z,1.92,0
2026-09-11T18:32:48Z,1.92,0
2026-09-11T18:35:48Z,1.92,0
2026-09-11T18:36:48Z,1.92,0
2026-09-11T18:37:48Z,1.92,0
2026-09-11T18:38:48Z,1.92,0
2026-09-11T18:39:48Z,1.92,0
2026-09-11T18:41:48Z,,0
2026-09-11T18:42:48Z,1.92,0
2026-09-11T18:43:48Z,1.92,0
2026-09-11T18:44:48Z,1.92,0
2026-09-11T18:45:48Z,1.92,0
2026-09-11T18:46:48Z,1.92,
2026-09-11T18:48:48Z,1.92,0
2026-09-11T18:49:48Z,1.92,0
2026-09-11T18:50:48Z,1.92,0
2026-09-11T18:51:48Z,1.92,0
2026-09-11T18:52:48Z,1.66,0
2026-09-11T18:56:48Z,,0
2026-09-11T18:57:48Z,1.92,0
2026-09-11T18:58:48Z,1.66,0
2026-09-11T18:59:48Z,1.92,0
2026-09-11T19:00:48Z,1.92,0
2026-09-11T19:01:48Z,1.66,
2026-09-11T19:04:48Z,1.66,0
2026-09-11T19:05:48Z,1.66,0
2026-09-11T19:06:48Z,1.92,0
2026-09-11T19:07:48Z,1.66,0
2026-09-11T19:08:48Z,1.92,0
2026-09-11T19:12:48Z,1.92,0
2026-09-11T19:13:48Z,1.92,0
2026-09-11T19:14:48Z,1.92,0
2026-09-11T19:15:48Z,1.92,0
2026-09-11T19:16:48Z,1.92,0
2026-09-11T19:19:48Z,1.66,0
2026-09-11T19:20:48Z,1.66,0
2026-09-11T19:21:48Z,1.92,0
2026-09-11T19:22:48Z,1.66,0
2026-09-11T19:23:48Z,1.66,0
2026-09-11T19:24:48Z,1.66,0
2026-09-11T19:27:48Z,1.92,0
2026-09-11T19:28:48Z,1.92,0
2026-09-11T19:29:48Z,1.66,0
2026-09-11T19:30:48Z,1.66,0
2026-09-11T19:31:48Z,1.66,0
2026-09-11T19:34:48Z,1.92,
2026-09-11T19:35:48Z,1.92,0
2026-09-11T19:36:48Z,1.92,0
2026-09-11T19:37:48Z,1.92,0
2026-09-11T19:38:48Z,1.92,0
2026-09-11T19:39:48Z,1.92,0
2026-09-11T19:42:48Z,1.92,
2026-09-11T19:43:48Z,1.92,0
2026-09-11T19:44:48Z,1.66,0
2026-09-11T19:45:48Z,1.92,0
2026-09-11T19:46:48Z,1.92,0
2026-09-11T19:47:48Z,,0
2026-09-11T19:49:48Z,1.66,0
2026-09-11T19:50:48Z,1.66,0
2026-09-11T19:51:48Z,1.92,0
2026-09-11T19:52:48Z,1.92,0
2026-09-11T19:53:48Z,1.92,0
2026-09-11T19:54:48Z,,0
2026-09-11T19:57:48Z,1.92,
2026-09-11T19:58:48Z,1.92,0
2026-09-11T19:59:48Z,1.92,0
2026-09-11T20:00:48Z,1.92,0
2026-09-11T20:01:48Z,1.92,0
2026-09-11T20:02:48Z,,0
2026-09-11T20:05:48Z,2.18,0
2026-09-11T20:06:48Z,1.92,0
2026-09-11T20:07:48Z,1.92,0
2026-09-11T20:08:48Z,1.92,0
2026-09-11T20:09:48Z,1.92,0
2026-09-11T20:10:48Z,,0
2026-09-11T20:13:48Z,1.66,
2026-09-11T20:14:48Z,1.92,0
2026-09-11T20:15:48Z,1.92,0
2026-09-11T20:16:48Z,1.66,0
2026-09-11T20:17:48Z,1.92,0
2026-09-11T20:21:48Z,1.92,0
2026-09-11T20:22:48Z,1.92,0
2026-09-11T20:23:48Z,1.92,0
2026-09-11T20:24:48Z,1.92,0
2026-09-11T20:25:48Z,1.92,0
2026-09-11T20:28:48Z,1.92,0
2026-09-11T20:29:48Z,1.92,0
2026-09-11T20:30:48Z,1.92,0
2026-09-11T20:31:48Z,1.92,0
2026-09-11T20:32:48Z,1.92,0
2026-09-11T20:35:48Z,1.66,0
2026-09-11T20:36:48Z,1.92,0
2026-09-11T20:37:48Z,1.92,0
2026-09-11T20:38:48Z,1.66,0
2026-09-11T20:39:48Z,1.66,0
2026-09-11T20:40:48Z,1.66,0
2026-09-11T20:41:48Z,1.92,0
2026-09-11T20:42:48Z,1.92,0
2026-09-11T20:44:48Z,,0
2026-09-11T20:45:48Z,1.66,0
2026-09-11T20:46:48Z,1.66,0
2026-09-11T20:47:48Z,1.66,0
2026-09-11T20:48:48Z,1.66,0
2026-09-11T20:49:48Z,1.66,0
2026-09-11T20:51:48Z,,0
2026-09-11T20:52:48Z,1.66,0
2026-09-11T20:53:48Z,1.66,0
2026-09-11T20:54:48Z,1.66,0
2026-09-11T20:55:48Z,1.66,0
2026-09-11T20:56:48Z,1.66,
2026-09-11T20:58:48Z,,0
2026-09-11T20:59:48Z,1.66,0
2026-09-11T21:00:48Z,1.66,0
2026-09-11T21:01:48Z,1.66,0
2026-09-11T21:02:48Z,1.66,0
2026-09-11T21:03:48Z,1.66,
2026-09-11T21:06:48Z,1.66,0
2026-09-11T21:07:48Z,1.66,0
2026-09-11T21:08:48Z,1.66,0
2026-09-11T21:09:48Z,1.66,0
2026-09-11T21:10:48Z,1.66,0
2026-09-11T21:11:48Z,1.66,
2026-09-11T21:13:48Z,1.66,0
2026-09-11T21:14:48Z,1.66,0
2026-09-11T21:15:48Z,1.66,0
2026-09-11T21:16:48Z,1.66,0
2026-09-11T21:17:48Z,1.66,0
2026-09-11T21:20:48Z,1.66,0
2026-09-11T21:21:48Z,1.66,0
2026-09-11T21:22:48Z,1.66,0
2026-09-11T21:23:48Z,1.66,0
2026-09-11T21:24:48Z,1.66,0
2026-09-11T21:25:48Z,1.66,
2026-09-11T21:28:48Z,1.66,0
2026-09-11T21:29:48Z,1.66,0
2026-09-11T21:30:48Z,1.66,0
2026-09-11T21:31:48Z,1.66,0
2026-09-11T21:32:48Z,1.66,
2026-09-11T21:34:48Z,,0
2026-09-11T21:35:48Z,1.66,0
2026-09-11T21:36:48Z,1.66,0
2026-09-11T21:37:48Z,1.66,0
2026-09-11T21:38:48Z,1.66,0
2026-09-11T21:39:48Z,1.66,0
2026-09-11T21:42:48Z,1.66,0
2026-09-11T21:43:48Z,1.66,0
2026-09-11T21:44:48Z,1.66,0
2026-09-11T21:45:48Z,1.66,0
2026-09-11T21:46:48Z,1.66,0
2026-09-11T21:48:48Z,,0
2026-09-11T21:49:48Z,1.66,0
2026-09-11T21:50:48Z,1.66,0
2026-09-11T21:51:48Z,1.66,0
2026-09-11T21:52:48Z,1.66,0
2026-09-11T21:53:48Z,1.66,
2026-09-11T21:55:48Z,,0
2026-09-11T21:56:48Z,1.66,0
2026-09-11T21:57:48Z,1.66,0
2026-09-11T21:58:48Z,1.66,0
2026-09-11T21:59:48Z,1.66,0
2026-09-11T22:00:48Z,1.66,0
2026-09-11T22:03:48Z,1.66,0
2026-09-11T22:04:48Z,1.66,0
2026-09-11T22:06:48Z,1.66,0
2026-09-11T22:07:48Z,1.66,0
2026-09-11T22:10:48Z,1.66,0
2026-09-11T22:11:48Z,1.66,0
2026-09-11T22:12:48Z,1.66,0
2026-09-11T22:13:48Z,1.66,0
2026-09-11T22:14:48Z,1.92,0
2026-09-11T22:17:48Z,1.66,0
2026-09-11T22:18:48Z,1.66,0
2026-09-11T22:19:48Z,1.66,0
2026-09-11T22:20:48Z,1.66,0
2026-09-11T22:21:48Z,1.66,0
2026-09-11T22:24:48Z,1.66,0
2026-09-11T22:25:48Z,1.66,0
2026-09-11T22:26:48Z,1.66,0
2026-09-11T22:27:48Z,1.66,0
2026-09-11T22:31:48Z,1.66,0
2026-09-11T22:32:48Z,1.66,0
2026-09-11T22:33:48Z,1.66,0
2026-09-11T22:34:48Z,1.66,0
2026-09-11T22:35:48Z,1.66,0
2026-09-11T22:38:48Z,1.66,0
2026-09-11T22:39:48Z,1.66,0
2026-09-11T22:40:48Z,1.66,0
2026-09-11T22:41:48Z,1.66,0
2026-09-11T22:42:48Z,1.66,0
2026-09-11T22:44:48Z,1.66,0
2026-09-11T22:45:48Z,1.66,0
2026-09-11T22:46:48Z,1.66,0
2026-09-11T22:47:48Z,1.66,0
2026-09-11T22:48:48Z,1.66,0
2026-09-11T22:49:48Z,1.66,0
2026-09-11T22:52:48Z,1.66,0
2026-09-11T22:53:48Z,1.66,0
2026-09-11T22:54:48Z,1.66,0
2026-09-11T22:55:48Z,1.66,0
2026-09-11T22:56:48Z,1.66,0
2026-09-11T22:59:48Z,1.66,0
2026-09-11T23:00:48Z,1.66,0
2026-09-11T23:01:48Z,1.66,0
2026-09-11T23:02:48Z,1.66,0
2026-09-11T23:03:48Z,1.66,0
2026-09-11T23:04:48Z,1.66,
2026-09-11T23:06:48Z,1.66,0
2026-09-11T23:07:48Z,1.66,0
2026-09-11T23:08:48Z,1.66,0
2026-09-11T23:09:48Z,1.66,0
2026-09-11T23:10:48Z,1.66,0
2026-09-11T23:13:48Z,1.66,0
2026-09-11T23:14:48Z,1.66,0
2026-09-11T23:15:48Z,1.66,0
2026-09-11T23:16:48Z,1.66,0
2026-09-11T23:17:48Z,1.66,0
2026-09-11T23:20:48Z,1.92,0
2026-09-11T23:21:48Z,1.92,0
2026-09-11T23:22:48Z,1.66,0
2026-09-11T23:23:48Z,1.92,0
2026-09-11T23:24:48Z,1.92,0
2026-09-11T23:26:48Z,1.66,
2026-09-11T23:27:48Z,1.66,0
2026-09-11T23:28:48Z,1.66,0
2026-09-11T23:29:48Z,1.66,0
2026-09-11T23:30:48Z,1.66,0
2026-09-11T23:31:48Z,1.66,0
2026-09-11T23:33:48Z,1.92,
2026-09-11T23:34:48Z,1.66,0
2026-09-11T23:35:48Z,1.92,0
2026-09-11T23:36:48Z,1.92,0
2026-09-11T23:37:48Z,1.66,0
2026-09-11T23:38:48Z,,0
2026-09-11T23:40:48Z,1.92,
2026-09-11T23:41:48Z,1.92,0
2026-09-11T23:42:48Z,1.92,0
2026-09-11T23:43:48Z,1.92,0
2026-09-11T23:44:48Z,1.66,0
2026-09-11T23:45:48Z,1.92,0
2026-09-11T23:46:48Z,1.92,0
2026-09-11T23:48:48Z,1.92,0
2026-09-11T23:49:48Z,1.92,0
2026-09-11T23:50:48Z,1.92,0
2026-09-11T23:51:48Z,1.92,0
2026-09-11T23:52:48Z,1.92,0
2026-09-11T23:54:48Z,1.66,0
2026-09-11T23:55:48Z,1.92,0
2026-09-11T23:56:48Z,1.66,0
2026-09-11T23:57:48Z,1.66,0
2026-09-12T00:01:48Z,1.66,0
2026-09-12T00:02:48Z,1.66,0
2026-09-12T00:03:48Z,1.92,0
2026-09-12T00:04:48Z,1.66,0
2026-09-12T00:05:48Z,1.92,0
2026-09-12T00:07:48Z,1.92,0
2026-09-12T00:08:48Z,1.92,0
2026-09-12T00:09:48Z,1.92,0
2026-09-12T00:10:48Z,1.66,0
2026-09-12T00:11:48Z,1.92,0
2026-09-12T00:13:48Z,1.66,0
2026-09-12T00:14:48Z,1.66,0
2026-09-12T00:15:48Z,1.66,0
2026-09-12T00:16:48Z,1.92,0
2026-09-12T00:17:48Z,1.92,0
2026-09-12T00:20:48Z,1.92,0
2026-09-12T00:21:48Z,1.92,0
2026-09-12T00:22:48Z,1.66,0
2026-09-12T00:23:48Z,1.66,0
2026-09-12T00:24:48Z,1.66,0
2026-09-12T00:27:48Z,1.92,0
2026-09-12T00:28:48Z,1.92,0
2026-09-12T00:29:48Z,1.92,0
2026-09-12T00:30:48Z,1.92,0
2026-09-12T00:31:48Z,1.66,0
2026-09-12T00:33:48Z,1.66,
2026-09-12T00:34:48Z,1.92,0
2026-09-12T00:36:48Z,1.92,0
2026-09-12T00:37:48Z,1.66,0
2026-09-12T00:40:48Z,1.92,0
2026-09-12T00:41:48Z,1.92,0
2026-09-12T00:42:48Z,1.66,0
2026-09-12T00:43:48Z,1.92,0
2026-09-12T00:44:48Z,1.92,0
2026-09-12T00:47:48Z,1.92,0
2026-09-12T00:48:48Z,1.66,0
2026-09-12T00:49:48Z,1.66,0
2026-09-12T00:50:48Z,1.92,0
2026-09-12T00:51:48Z,1.92,0
2026-09-12T00:53:48Z,1.66,0
2026-09-12T00:54:48Z,1.66,0
2026-09-12T00:55:48Z,1.92,0
2026-09-12T00:56:48Z,1.92,0
2026-09-12T00:57:48Z,1.92,0
2026-09-12T01:00:48Z,1.92,0
2026-09-12T01:01:48Z,1.66,0
2026-09-12T01:02:48Z,1.92,0
2026-09-12T01:03:48Z,1.66,0
2026-09-12T01:04:48Z,1.92,0
2026-09-12T01:07:48Z,1.66,0
2026-09-12T01:08:48Z,1.92,0
2026-09-12T01:09:48Z,1.92,0
2026-09-12T01:10:48Z,1.92,0
2026-09-12T01:11:48Z,1.66,0
2026-09-12T01:14:48Z,1.92,0
2026-09-12T01:15:48Z,1.92,0
2026-09-12T01:16:48Z,1.92,0
2026-09-12T01:17:48Z,1.92,0
2026-09-12T01:19:48Z,,0
2026-09-12T01:20:48Z,1.66,0
2026-09-12T01:21:48Z,1.66,0
2026-09-12T01:22:48Z,1.66,0
2026-09-12T01:23:48Z,1.92,0
2026-09-12T01:24:48Z,1.66,0
2026-09-12T01:26:48Z,,0
2026-09-12T01:27:48Z,1.66,0
2026-09-12T01:28:48Z,1.66,0
2026-09-12T01:29:48Z,1.92,0
2026-09-12T01:30:48Z,1.92,0
2026-09-12T01:31:48Z,1.66,
2026-09-12T01:33:48Z,,0
2026-09-12T01:34:48Z,1.66,0
2026-09-12T01:35:48Z,1.66,0
2026-09-12T01:36:48Z,1.66,0
2026-09-12T01:37:48Z,1.66,0
2026-09-12T01:38:48Z,1.92,
2026-09-12T01:39:48Z,,0
2026-09-12T01:40:48Z,1.66,0
2026-09-12T01:41:48Z,1.66,0
2026-09-12T01:42:48Z,1.66,0
2026-09-12T01:43:48Z,1.66,0
2026-09-12T01:44:48Z,1.66,
2026-09-12T01:45:48Z,,0
2026-09-12T01:46:48Z,1.66,0
2026-09-12T01:47:48Z,1.66,0
2026-09-12T01:48:48Z,1.66,0
2026-09-12T01:49:48Z,1.66,0
2026-09-12T01:50:48Z,1.66,
2026-09-12T01:52:48Z,,0
2026-09-12T01:53:48Z,1.92,0
2026-09-12T01:54:48Z,1.66,0
2026-09-12T01:55:48Z,1.66,0
2026-09-12T01:56:48Z,1.66,
2026-09-12T01:58:48Z,,0
2026-09-12T01:59:48Z,1.66,0
2026-09-12T02:00:48Z,1.92,0
2026-09-12T02:01:48Z,1.66,0
2026-09-12T02:02:48Z,1.66,0
2026-09-12T02:03:48Z,1.66,
2026-09-12T02:04:48Z,,0
2026-09-12T02:05:48Z,,0
2026-09-12T02:06:48Z,1.66,0
2026-09-12T02:07:48Z,1.66,0
2026-09-12T02:08:48Z,1.66,0
2026-09-12T02:09:48Z,1.66,
2026-09-12T02:10:48Z,1.66,
2026-09-12T02:11:48Z,,0
2026-09-12T02:12:48Z,,0
2026-09-12T02:13:48Z,1.66,0
2026-09-12T02:14:48Z,1.92,0
2026-09-12T02:15:48Z,1.66,0
2026-09-12T02:16:48Z,1.66,
2026-09-12T02:17:48Z,1.66,
2026-09-12T02:18:48Z,,0
2026-09-12T02:19:48Z,1.66,0
2026-09-12T02:20:48Z,1.66,0
2026-09-12T02:21:48Z,1.66,0
2026-09-12T02:22:48Z,1.92,0
2026-09-12T02:23:48Z,1.66,
2026-09-12T02:24:48Z,1.66,0
2026-09-12T02:25:48Z,,0
2026-09-12T02:26:48Z,1.66,0
2026-09-12T02:27:48Z,1.66,0
2026-09-12T02:28:48Z,1.92,0
2026-09-12T02:29:48Z,1.92,
2026-09-12T02:30:48Z,1.92,
2026-09-12T02:31:48Z,,0
2026-09-12T02:32:48Z,,0
2026-09-12T02:33:48Z,1.66,0
2026-09-12T02:34:48Z,1.66,0
2026-09-12T02:35:48Z,1.66,0
2026-09-12T02:36:48Z,1.66,
2026-09-12T02:37:48Z,1.66,
2026-09-12T02:38:48Z,,0
2026-09-12T02:39:48Z,1.66,0
2026-09-12T02:40:48Z,1.66,0
2026-09-12T02:41:48Z,1.66,0
2026-09-12T02:42:48Z,1.66,0
2026-09-12T02:43:48Z,1.66,0
2026-09-12T02:44:48Z,,0
2026-09-12T02:45:48Z,1.66,0
2026-09-12T02:46:48Z,1.66,0
2026-09-12T02:47:48Z,1.66,0
2026-09-12T02:48:48Z,1.66,
2026-09-12T02:49:48Z,1.92,0
2026-09-12T02:50:48Z,,0
2026-09-12T02:51:48Z,1.66,0
2026-09-12T02:52:48Z,1.66,0
2026-09-12T02:53:48Z,1.66,0
2026-09-12T02:54:48Z,1.66,
2026-09-12T02:55:48Z,1.66,0
2026-09-12T02:56:48Z,,0
2026-09-12T02:57:48Z,,0
2026-09-12T02:58:48Z,1.66,0
2026-09-12T02:59:48Z,1.66,0
2026-09-12T03:00:48Z,1.66,0
2026-09-12T03:01:48Z,1.66,
2026-09-12T03:02:48Z,1.66,
2026-09-12T03:03:48Z,,0
2026-09-12T03:04:48Z,1.66,0
2026-09-12T03:05:48Z,1.66,0
2026-09-12T03:06:48Z,1.66,0
2026-09-12T03:07:48Z,1.66,0
2026-09-12T03:08:48Z,1.66,
2026-09-12T03:09:48Z,1.66,0
2026-09-12T03:10:48Z,,0
2026-09-12T03:11:48Z,1.66,0
2026-09-12T03:12:48Z,1.66,0
2026-09-12T03:13:48Z,1.66,0
2026-09-12T03:14:48Z,1.66,
2026-09-12T03:15:48Z,1.66,
2026-09-12T03:16:48Z,,0
2026-09-12T03:17:48Z,1.66,0
2026-09-12T03:18:48Z,1.66,0
2026-09-12T03:19:48Z,1.66,0
2026-09-12T03:20:48Z,1.66,0
2026-09-12T03:21:48Z,1.66,
2026-09-12T03:23:48Z,,0
2026-09-12T03:24:48Z,1.66,0
2026-09-12T03:25:48Z,1.66,0
2026-09-12T03:26:48Z,1.66,0
2026-09-12T03:27:48Z,1.66,
2026-09-12T03:29:48Z,,0
2026-09-12T03:30:48Z,1.66,0
2026-09-12T03:31:48Z,1.66,0
2026-09-12T03:32:48Z,1.66,0
2026-09-12T03:33:48Z,1.66,
2026-09-12T03:34:48Z,1.66,
2026-09-12T03:35:48Z,,0
2026-09-12T03:36:48Z,1.66,0
2026-09-12T03:37:48Z,1.66,0
2026-09-12T03:38:48Z,1.66,0
2026-09-12T03:39:48Z,1.66,0
2026-09-12T03:40:48Z,1.66,
2026-09-12T03:42:48Z,,0
2026-09-12T03:43:48Z,1.66,0
2026-09-12T03:44:48Z,1.66,0
2026-09-12T03:45:48Z,1.66,0
2026-09-12T03:46:48Z,1.66,
2026-09-12T03:47:48Z,1.66,
2026-09-12T03:48:48Z,,0
2026-09-12T03:49:48Z,1.66,0
2026-09-12T03:50:48Z,1.66,0
2026-09-12T03:51:48Z,1.66,0
2026-09-12T03:52:48Z,1.66,0
2026-09-12T03:53:48Z,1.66,0
2026-09-12T03:54:48Z,,0
2026-09-12T03:55:48Z,1.66,0
2026-09-12T03:56:48Z,1.66,0
2026-09-12T03:57:48Z,1.66,0
2026-09-12T03:58:48Z,1.66,
2026-09-12T03:59:48Z,1.66,
2026-09-12T04:00:48Z,1.66,
2026-09-12T04:01:48Z,,0
2026-09-12T04:02:48Z,,0
2026-09-12T04:03:48Z,,0
2026-09-12T04:04:48Z,1.66,0
2026-09-12T04:05:48Z,1.66,0
2026-09-12T04:06:48Z,1.66,
2026-09-12T04:07:48Z,1.66,0
2026-09-12T04:08:48Z,1.66,0
2026-09-12T04:09:48Z,,0
2026-09-12T04:10:48Z,,0
2026-09-12T04:11:48Z,,0
2026-09-12T04:12:48Z,1.66,
2026-09-12T04:13:48Z,1.66,
2026-09-12T04:14:48Z,1.66,0
2026-09-12T04:15:48Z,1.66,0
2026-09-12T04:16:48Z,1.66,0
2026-09-12T04:17:48Z,,0
2026-09-12T04:18:48Z,1.66,0
2026-09-12T04:19:48Z,1.66,
2026-09-12T04:20:48Z,1.66,
2026-09-12T04:21:48Z,1.66,0
2026-09-12T04:22:48Z,1.66,0
2026-09-12T04:23:48Z,,0
2026-09-12T04:24:48Z,,0
2026-09-12T04:25:48Z,,0
2026-09-12T04:26:48Z,1.66,
2026-09-12T04:27:48Z,1.66,
2026-09-12T04:28:48Z,1.66,0
2026-09-12T04:29:48Z,1.66,0
2026-09-12T04:30:48Z,1.66,0
2026-09-12T04:31:48Z,,0
2026-09-12T04:32:48Z,,0
2026-09-12T04:33:48Z,1.66,
2026-09-12T04:34:48Z,1.66,0
2026-09-12T04:35:48Z,1.66,0
2026-09-12T04:36:48Z,1.66,0
2026-09-12T04:37:48Z,,0
2026-09-12T04:38:48Z,,0
2026-09-12T04:39:48Z,1.66,
2026-09-12T04:40:48Z,1.66,
2026-09-12T04:41:48Z,1.66,0
2026-09-12T04:42:48Z,1.66,0
2026-09-12T04:43:48Z,1.66,0
2026-09-12T04:44:48Z,1.66,0
2026-09-12T04:45:48Z,1.66,0
2026-09-12T04:46:48Z,1.66,0
2026-09-12T04:47:48Z,1.66,
2026-09-12T04:48:48Z,,0
2026-09-12T04:49:48Z,1.66,0
2026-09-12T04:50:48Z,1.66,0
2026-09-12T04:51:48Z,1.66,0
2026-09-12T04:52:48Z,1.66,0
2026-09-12T05:00:48Z,1.66,0
2026-09-12T05:01:48Z,1.66,0
2026-09-12T05:02:48Z,1.66,0
2026-09-12T05:04:48Z,1.66,0
2026-09-12T05:05:48Z,1.66,0
2026-09-12T05:06:48Z,1.66,0
2026-09-12T05:07:48Z,1.66,0
2026-09-12T05:08:48Z,1.66,0
2026-09-12T05:10:48Z,,0
2026-09-12T05:11:48Z,1.66,0
2026-09-12T05:12:48Z,1.66,0
2026-09-12T05:13:48Z,1.66,0
2026-09-12T05:14:48Z,1.66,0
2026-09-12T05:15:48Z,1.66,0
2026-09-12T05:17:48Z,1.66,0
2026-09-12T05:18:48Z,1.66,0
2026-09-12T05:19:48Z,1.66,0
2026-09-12T05:20:48Z,1.92,0
2026-09-12T05:21:48Z,1.92,0
2026-09-12T05:23:48Z,1.66,0
2026-09-12T05:24:48Z,1.66,0
2026-09-12T05:25:48Z,1.92,0
2026-09-12T05:26:48Z,1.66,0
2026-09-12T05:27:48Z,1.66,0
2026-09-12T05:29:48Z,1.92,0
2026-09-12T05:30:48Z,1.92,0
2026-09-12T05:31:48Z,1.66,0
2026-09-12T05:32:48Z,1.66,0
2026-09-12T05:33:48Z,1.66,0
2026-09-12T05:35:48Z,1.66,0
2026-09-12T05:36:48Z,1.66,0
2026-09-12T05:37:48Z,1.66,0
2026-09-12T05:38:48Z,1.66,0
2026-09-12T05:39:48Z,1.66,0
2026-09-12T05:41:48Z,1.66,0
2026-09-12T05:42:48Z,1.66,0
2026-09-12T05:43:48Z,1.66,0
2026-09-12T05:44:48Z,1.66,0
2026-09-12T05:45:48Z,1.66,0
2026-09-12T05:46:48Z,1.66,0
2026-09-12T05:47:48Z,1.66,0
2026-09-12T05:48:48Z,1.66,0
2026-09-12T05:49:48Z,1.66,0
2026-09-12T05:50:48Z,1.66,0
2026-09-12T05:51:48Z,1.66,0
2026-09-12T05:53:48Z,1.66,0
2026-09-12T05:54:48Z,1.66,0
2026-09-12T05:55:48Z,1.66,0
2026-09-12T05:56:48Z,1.66,0
2026-09-12T05:57:48Z,1.66,
2026-09-12T05:59:48Z,1.66,0
2026-09-12T06:00:48Z,1.66,0
2026-09-12T06:01:48Z,1.66,0
2026-09-12T06:02:48Z,1.92,0
2026-09-12T06:03:48Z,1.92,0
2026-09-12T06:04:48Z,1.92,
2026-09-12T06:05:48Z,,0
2026-09-12T06:06:48Z,1.92,0
2026-09-12T06:07:48Z,1.92,0
2026-09-12T06:08:48Z,1.92,0
2026-09-12T06:09:48Z,1.92,0
2026-09-12T06:10:48Z,1.92,
2026-09-12T06:12:48Z,1.66,0
2026-09-12T06:13:48Z,1.92,0
2026-09-12T06:14:48Z,1.92,0
2026-09-12T06:15:48Z,1.66,0
2026-09-12T06:16:48Z,1.66,
2026-09-12T06:18:48Z,1.92,0
2026-09-12T06:19:48Z,1.92,0
2026-09-12T06:20:48Z,1.92,0
2026-09-12T06:21:48Z,1.92,0
2026-09-12T06:22:48Z,1.92,0
2026-09-12T06:24:48Z,1.92,0
2026-09-12T06:25:48Z,1.92,0
2026-09-12T06:26:48Z,1.92,0
2026-09-12T06:27:48Z,1.92,0
2026-09-12T06:28:48Z,1.92,
2026-09-12T06:29:48Z,1.92,0
2026-09-12T06:30:48Z,1.92,0
2026-09-12T06:31:48Z,1.92,0
2026-09-12T06:32:48Z,1.92,0
2026-09-12T06:33:48Z,1.92,0
2026-09-12T06:34:48Z,1.92,
2026-09-12T06:35:48Z,,0
2026-09-12T06:36:48Z,1.92,0
2026-09-12T06:37:48Z,1.92,0
2026-09-12T06:38:48Z,1.92,0
2026-09-12T06:39:48Z,1.92,0
2026-09-12T06:40:48Z,1.92,
2026-09-12T06:41:48Z,,0
2026-09-12T06:42:48Z,1.92,0
2026-09-12T06:43:48Z,1.92,0
2026-09-12T06:44:48Z,1.92,0
2026-09-12T06:45:48Z,1.92,0
2026-09-12T06:46:48Z,1.92,
2026-09-12T06:47:48Z,,0
2026-09-12T06:48:48Z,1.92,0
2026-09-12T06:49:48Z,1.92,0
2026-09-12T06:50:48Z,1.92,0
2026-09-12T06:51:48Z,1.92,0
2026-09-12T06:52:48Z,1.92,
2026-09-12T06:53:48Z,,0
2026-09-12T06:54:48Z,1.92,0
2026-09-12T06:55:48Z,1.92,0
2026-09-12T06:56:48Z,1.92,0
2026-09-12T06:57:48Z,1.66,0
2026-09-12T06:58:48Z,1.92,
2026-09-12T06:59:48Z,1.92,
2026-09-12T07:00:48Z,,0
2026-09-12T07:01:48Z,,0
2026-09-12T07:02:48Z,1.92,0
2026-09-12T07:03:48Z,1.66,0
2026-09-12T07:04:48Z,1.92,0
2026-09-12T07:05:48Z,1.92,
2026-09-12T07:06:48Z,1.92,
2026-09-12T07:07:48Z,,0
2026-09-12T07:08:48Z,1.66,0
2026-09-12T07:09:48Z,1.92,0
2026-09-12T07:10:48Z,1.92,0
2026-09-12T07:11:48Z,1.66,0
2026-09-12T07:12:48Z,1.66,
2026-09-12T07:13:48Z,,0
2026-09-12T07:14:48Z,1.66,0
2026-09-12T07:15:48Z,1.66,0
2026-09-12T07:16:48Z,1.66,0
2026-09-12T07:17:48Z,1.66,0
2026-09-12T07:18:48Z,1.66,
2026-09-12T07:19:48Z,,0
2026-09-12T07:20:48Z,1.66,0
2026-09-12T07:21:48Z,1.66,0
2026-09-12T07:22:48Z,1.66,0
2026-09-12T07:23:48Z,1.66,0
2026-09-12T07:24:48Z,1.66,
2026-09-12T07:25:48Z,,0
2026-09-12T07:26:48Z,,0
2026-09-12T07:27:48Z,1.66,0
2026-09-12T07:28:48Z,1.66,0
2026-09-12T07:29:48Z,1.66,0
2026-09-12T07:30:48Z,1.66,
2026-09-12T07:31:48Z,1.66,
2026-09-12T07:32:48Z,,0
2026-09-12T07:33:48Z,1.66,0
2026-09-12T07:34:48Z,1.66,0
2026-09-12T07:35:48Z,1.66,0
2026-09-12T07:36:48Z,1.66,0
2026-09-12T07:37:48Z,1.66,
2026-09-12T07:38:48Z,,0
2026-09-12T07:39:48Z,1.66,0
2026-09-12T07:40:48Z,1.66,0
2026-09-12T07:41:48Z,1.66,0
2026-09-12T07:42:48Z,1.66,0
2026-09-12T07:43:48Z,1.66,
2026-09-12T07:44:48Z,,0
2026-09-12T07:45:48Z,,0
2026-09-12T07:46:48Z,1.66,0
2026-09-12T07:47:48Z,1.66,0
2026-09-12T07:48:48Z,1.66,0
2026-09-12T07:49:48Z,1.66,
2026-09-12T07:50:48Z,1.66,0
2026-09-12T07:51:48Z,,0
2026-09-12T07:52:48Z,1.66,0
2026-09-12T07:53:48Z,1.66,0
2026-09-12T07:54:48Z,1.66,0
2026-09-12T07:55:48Z,1.66,
2026-09-12T07:56:48Z,1.66,
2026-09-12T07:57:48Z,,0
2026-09-12T07:58:48Z,,0
2026-09-12T07:59:48Z,1.66,0
2026-09-12T08:00:48Z,1.66,0
2026-09-12T08:01:48Z,1.66,0
2026-09-12T08:02:48Z,1.66,
2026-09-12T08:03:48Z,1.66,
2026-09-12T08:04:48Z,,0
2026-09-12T08:05:48Z,,0
2026-09-12T08:06:48Z,1.66,0
2026-09-12T08:07:48Z,1.66,0
2026-09-12T08:08:48Z,1.66,0
2026-09-12T08:09:48Z,1.66,
2026-09-12T08:10:48Z,1.66,
2026-09-12T08:11:48Z,,0
2026-09-12T08:12:48Z,1.66,0
2026-09-12T08:13:48Z,2.18,0
2026-09-12T08:14:48Z,1.66,0
2026-09-12T08:15:48Z,1.66,0
2026-09-12T08:16:48Z,1.66,
2026-09-12T08:17:48Z,,0
2026-09-12T08:18:48Z,1.66,0
2026-09-12T08:19:48Z,1.66,0
2026-09-12T08:20:48Z,1.66,0
2026-09-12T08:21:48Z,1.66,0
2026-09-12T08:22:48Z,1.66,
2026-09-12T08:23:48Z,,0
2026-09-12T08:24:48Z,1.66,0
2026-09-12T08:25:48Z,1.66,0
2026-09-12T08:26:48Z,1.66,0
2026-09-12T08:27:48Z,1.66,0
2026-09-12T08:28:48Z,1.66,
2026-09-12T08:29:48Z,1.66,
2026-09-12T08:30:48Z,,0
2026-09-12T08:31:48Z,1.66,0
2026-09-12T08:32:48Z,1.66,0
2026-09-12T08:33:48Z,1.66,0
2026-09-12T08:34:48Z,1.66,0
2026-09-12T08:35:48Z,1.66,
2026-09-12T08:36:48Z,,0
2026-09-12T08:37:48Z,1.66,0
2026-09-12T08:38:48Z,1.66,0
2026-09-12T08:39:48Z,1.66,0
2026-09-12T08:40:48Z,1.66,0
2026-09-12T08:41:48Z,1.66,
2026-09-12T08:42:48Z,,0
2026-09-12T08:43:48Z,1.66,0
2026-09-12T08:44:48Z,1.66,0
2026-09-12T08:45:48Z,1.66,0
2026-09-12T08:46:48Z,1.66,0
2026-09-12T08:47:48Z,1.66,
2026-09-12T08:48:48Z,,0
2026-09-12T08:49:48Z,1.66,0
2026-09-12T08:50:48Z,1.66,0
2026-09-12T08:51:48Z,1.66,0
2026-09-12T08:52:48Z,1.66,0
2026-09-12T08:53:48Z,1.66,
2026-09-12T08:54:48Z,,0
2026-09-12T08:55:48Z,1.66,0
2026-09-12T08:56:48Z,1.66,0
2026-09-12T08:57:48Z,1.66,0
2026-09-12T08:58:48Z,1.66,0
2026-09-12T08:59:48Z,1.66,0
2026-09-12T09:00:48Z,1.66,
2026-09-12T09:01:48Z,1.66,0
2026-09-12T09:02:48Z,1.66,0
2026-09-12T09:03:48Z,1.66,0
2026-09-12T09:04:48Z,1.66,0
2026-09-12T09:05:48Z,1.66,0
2026-09-12T09:06:48Z,1.66,
2026-09-12T09:07:48Z,1.66,0
2026-09-12T09:08:48Z,1.66,0
2026-09-12T09:09:48Z,1.66,0
2026-09-12T09:10:48Z,1.66,0
2026-09-12T09:11:48Z,1.66,0
2026-09-12T09:13:48Z,1.66,0
2026-09-12T09:14:48Z,1.66,0
2026-09-12T09:15:48Z,1.66,0
2026-09-12T09:16:48Z,1.66,0
2026-09-12T09:17:48Z,1.66,0
2026-09-12T09:19:48Z,1.66,0
2026-09-12T09:20:48Z,1.66,0
2026-09-12T09:21:48Z,1.66,0
2026-09-12T09:22:48Z,1.66,0
2026-09-12T09:23:48Z,1.66,0
2026-09-12T09:25:48Z,1.66,0
2026-09-12T09:26:48Z,1.66,0
2026-09-12T09:27:48Z,1.66,0
2026-09-12T09:28:48Z,1.66,0
2026-09-12T09:29:48Z,1.66,0
2026-09-12T09:31:48Z,1.66,0
2026-09-12T09:32:48Z,1.66,0
2026-09-12T09:33:48Z,1.66,0
2026-09-12T09:34:48Z,1.66,0
2026-09-12T09:35:48Z,1.66,0
2026-09-12T09:37:48Z,1.66,0
2026-09-12T09:38:48Z,1.66,0
2026-09-12T09:39:48Z,1.66,0
2026-09-12T09:40:48Z,1.66,0
2026-09-12T09:41:48Z,1.66,0
2026-09-12T09:43:48Z,1.66,0
2026-09-12T09:44:48Z,1.66,0
2026-09-12T09:45:48Z,1.66,0
2026-09-12T09:46:48Z,1.66,0
2026-09-12T09:47:48Z,1.66,0
2026-09-12T09:48:48Z,1.66,
2026-09-12T09:49:48Z,1.66,0
2026-09-12T09:50:48Z,1.66,0
2026-09-12T09:51:48Z,1.66,0
2026-09-12T09:52:48Z,1.66,0
2026-09-12T09:54:48Z,1.66,0
2026-09-12T09:55:48Z,1.66,0
2026-09-12T09:57:48Z,1.66,0
2026-09-12T09:58:48Z,1.66,0
2026-09-12T09:59:48Z,1.66,0
2026-09-12T10:01:48Z,1.66,
2026-09-12T10:02:48Z,1.66,0
2026-09-12T10:03:48Z,1.66,0
2026-09-12T10:04:48Z,1.66,0
2026-09-12T10:05:48Z,1.66,0
2026-09-12T10:06:48Z,,0
2026-09-12T10:07:48Z,1.66,0
2026-09-12T10:08:48Z,1.66,0
2026-09-12T10:09:48Z,1.66,0
2026-09-12T10:10:48Z,1.66,0
2026-09-12T10:11:48Z,1.66,0
2026-09-12T10:12:48Z,1.66,
2026-09-12T10:13:48Z,1.66,0
2026-09-12T10:14:48Z,1.66,0
2026-09-12T10:15:48Z,1.66,0
2026-09-12T10:16:48Z,1.66,0
2026-09-12T10:17:48Z,,0
2026-09-12T10:19:48Z,1.66,0
2026-09-12T10:20:48Z,1.92,0
2026-09-12T10:21:48Z,1.92,0
2026-09-12T10:22:48Z,1.66,0
2026-09-12T10:23:48Z,1.66,0
2026-09-12T10:25:48Z,1.66,0
2026-09-12T10:26:48Z,1.66,0
2026-09-12T10:27:48Z,1.66,0
2026-09-12T10:28:48Z,1.66,0
2026-09-12T10:29:48Z,1.66,0
2026-09-12T10:32:48Z,1.66,0
2026-09-12T10:33:48Z,1.66,0
2026-09-12T10:34:48Z,1.66,0
2026-09-12T10:35:48Z,1.66,0
2026-09-12T10:36:48Z,,0
2026-09-12T10:38:48Z,1.66,0
2026-09-12T10:39:48Z,1.66,0
2026-09-12T10:40:48Z,1.66,0
2026-09-12T10:41:48Z,1.66,0
2026-09-12T10:42:48Z,1.66,0
2026-09-12T10:44:48Z,1.66,0
2026-09-12T10:45:48Z,1.66,0
2026-09-12T10:46:48Z,1.66,0
2026-09-12T10:47:48Z,1.66,0
2026-09-12T10:48:48Z,1.66,0
2026-09-12T10:50:48Z,1.66,0
2026-09-12T10:51:48Z,1.66,0
2026-09-12T10:52:48Z,1.66,0
2026-09-12T10:53:48Z,1.66,0
2026-09-12T10:54:48Z,1.66,0
2026-09-12T10:57:48Z,1.66,0
2026-09-12T10:58:48Z,1.66,0
2026-09-12T10:59:48Z,1.66,0
2026-09-12T11:00:48Z,1.66,0
2026-09-12T11:01:48Z,1.66,0
2026-09-12T11:04:48Z,1.66,0
2026-09-12T11:05:48Z,1.66,0
2026-09-12T11:06:48Z,1.66,0
2026-09-12T11:07:48Z,1.66,0
2026-09-12T11:08:48Z,1.66,
2026-09-12T11:10:48Z,,0
2026-09-12T11:11:48Z,1.66,0
2026-09-12T11:12:48Z,1.66,0
2026-09-12T11:13:48Z,1.66,0
2026-09-12T11:14:48Z,1.66,0
2026-09-12T11:16:48Z,,0
2026-09-12T11:17:48Z,1.66,0
2026-09-12T11:18:48Z,1.66,0
2026-09-12T11:19:48Z,1.66,0
2026-09-12T11:20:48Z,1.66,0
2026-09-12T11:21:48Z,1.66,
2026-09-12T11:23:48Z,1.66,0
2026-09-12T11:24:48Z,1.66,0
2026-09-12T11:25:48Z,1.66,0
2026-09-12T11:26:48Z,1.66,0
2026-09-12T11:27:48Z,1.66,0
2026-09-12T11:29:48Z,,0
2026-09-12T11:30:48Z,1.66,0
2026-09-12T11:31:48Z,1.66,0
2026-09-12T11:32:48Z,1.66,0
2026-09-12T11:33:48Z,1.66,0
2026-09-12T11:34:48Z,1.66,
2026-09-12T11:36:48Z,1.66,0
2026-09-12T11:37:48Z,1.66,0
2026-09-12T11:38:48Z,1.66,0
2026-09-12T11:39:48Z,1.66,0
2026-09-12T11:40:48Z,1.66,0
2026-09-12T11:42:48Z,,0
2026-09-12T11:43:48Z,1.66,0
2026-09-12T11:44:48Z,1.66,0
2026-09-12T11:45:48Z,1.66,0
2026-09-12T11:46:48Z,1.66,0
2026-09-12T11:47:48Z,1.66,0
2026-09-12T11:48:48Z,1.66,0
2026-09-12T11:50:48Z,1.66,0
2026-09-12T11:51:48Z,1.66,0
2026-09-12T11:52:48Z,1.66,0
2026-09-12T11:53:48Z,1.66,0
2026-09-12T11:54:48Z,1.66,0
2026-09-12T11:56:48Z,1.66,
2026-09-12T11:57:48Z,1.66,0
2026-09-12T11:58:48Z,1.66,0
2026-09-12T11:59:48Z,1.66,0
2026-09-12T12:00:48Z,1.66,0
2026-09-12T12:01:48Z,1.66,0
2026-09-12T12:03:48Z,1.66,0
2026-09-12T12:04:48Z,1.66,0
2026-09-12T12:05:48Z,1.66,0
2026-09-12T12:06:48Z,1.66,0
2026-09-12T12:07:48Z,1.66,0
2026-09-12T12:09:48Z,1.66,
2026-09-12T12:10:48Z,1.66,0
2026-09-12T12:11:48Z,1.66,0
2026-09-12T12:12:48Z,1.66,0
2026-09-12T12:13:48Z,1.66,0
2026-09-12T12:14:48Z,,0
2026-09-12T12:15:48Z,1.66,0
2026-09-12T12:16:48Z,1.66,0
2026-09-12T12:17:48Z,1.66,0
2026-09-12T12:18:48Z,1.66,0
2026-09-12T12:19:48Z,1.66,0
2026-09-12T12:21:48Z,1.66,0
2026-09-12T12:22:48Z,1.66,0
2026-09-12T12:23:48Z,1.66,0
2026-09-12T12:24:48Z,1.66,0
2026-09-12T12:25:48Z,1.66,0
2026-09-12T12:27:48Z,1.66,0
2026-09-12T12:28:48Z,1.66,0
2026-09-12T12:29:48Z,1.66,0
2026-09-12T12:30:48Z,1.66,0
2026-09-12T12:31:48Z,1.66,0
2026-09-12T12:34:48Z,1.66,0
2026-09-12T12:35:48Z,1.66,0
2026-09-12T12:36:48Z,1.66,0
2026-09-12T12:37:48Z,1.66,0
2026-09-12T12:38:48Z,1.66,0
2026-09-12T12:40:48Z,1.66,0
2026-09-12T12:41:48Z,1.66,0
2026-09-12T12:42:48Z,1.66,0
2026-09-12T12:43:48Z,1.66,0
2026-09-12T12:44:48Z,1.66,0
2026-09-12T12:45:48Z,1.66,
2026-09-12T12:47:48Z,1.66,0
2026-09-12T12:48:48Z,1.66,0
2026-09-12T12:49:48Z,1.66,0
2026-09-12T12:50:48Z,1.66,0
2026-09-12T12:51:48Z,1.66,0
2026-09-12T12:52:48Z,1.66,0
2026-09-12T12:54:48Z,1.66,0
2026-09-12T12:55:48Z,1.66,0
2026-09-12T12:56:48Z,1.66,0
2026-09-12T12:57:48Z,1.66,0
2026-09-12T12:58:48Z,1.66,0
2026-09-12T13:01:48Z,1.66,
2026-09-12T13:02:48Z,1.66,0
2026-09-12T13:03:48Z,1.66,0
2026-09-12T13:04:48Z,1.66,0
2026-09-12T13:05:48Z,1.66,0
2026-09-12T13:06:48Z,,0
2026-09-12T13:08:48Z,1.66,
2026-09-12T13:09:48Z,1.66,0
2026-09-12T13:10:48Z,1.66,0
2026-09-12T13:11:48Z,1.66,0
2026-09-12T13:12:48Z,1.66,0
2026-09-12T13:13:48Z,,0
2026-09-12T13:15:48Z,1.66,
2026-09-12T13:16:48Z,1.66,0
2026-09-12T13:17:48Z,1.66,0
2026-09-12T13:18:48Z,1.66,0
2026-09-12T13:19:48Z,1.66,0
2026-09-12T13:20:48Z,,0
2026-09-12T13:22:48Z,1.66,0
2026-09-12T13:23:48Z,1.66,0
2026-09-12T13:24:48Z,1.66,0
2026-09-12T13:25:48Z,1.66,0
2026-09-12T13:26:48Z,1.66,0
2026-09-12T13:28:48Z,1.66,
2026-09-12T13:29:48Z,1.66,0
2026-09-12T13:30:48Z,1.66,0
2026-09-12T13:31:48Z,1.66,0
2026-09-12T13:32:48Z,1.66,0
2026-09-12T13:33:48Z,,0
2026-09-12T13:35:48Z,1.66,
2026-09-12T13:36:48Z,1.66,0
2026-09-12T13:37:48Z,1.66,0
2026-09-12T13:38:48Z,1.66,0
2026-09-12T13:39:48Z,1.66,0
2026-09-12T13:40:48Z,,0
2026-09-12T13:42:48Z,1.66,0
2026-09-12T13:43:48Z,1.66,0
2026-09-12T13:44:48Z,1.66,0
2026-09-12T13:45:48Z,1.66,0
2026-09-12T13:46:48Z,,0
2026-09-12T13:48:48Z,1.66,0
2026-09-12T13:49:48Z,1.66,0
2026-09-12T13:50:48Z,1.66,0
2026-09-12T13:51:48Z,1.66,0
2026-09-12T13:52:48Z,1.66,0
2026-09-12T13:54:48Z,1.66,
2026-09-12T13:55:48Z,1.66,0
2026-09-12T13:56:48Z,1.66,0
2026-09-12T13:57:48Z,1.66,0
2026-09-12T13:58:48Z,1.66,0
2026-09-12T13:59:48Z,1.66,0
2026-09-12T14:00:48Z,,0
2026-09-12T14:03:48Z,1.66,
2026-09-12T14:04:48Z,1.66,0
2026-09-12T14:05:48Z,1.66,0
2026-09-12T14:06:48Z,1.66,0
2026-09-12T14:07:48Z,1.66,0
2026-09-12T14:08:48Z,,0
2026-09-12T14:10:48Z,1.66,
2026-09-12T14:11:48Z,1.66,0
2026-09-12T14:12:48Z,1.66,0
2026-09-12T14:13:48Z,1.66,0
2026-09-12T14:14:48Z,1.66,0
2026-09-12T14:15:48Z,,0
2026-09-12T14:17:48Z,1.66,
2026-09-12T14:18:48Z,1.66,0
2026-09-12T14:19:48Z,1.66,0
2026-09-12T14:20:48Z,1.66,0
2026-09-12T14:21:48Z,1.66,0
2026-09-12T14:22:48Z,,0
2026-09-12T14:24:48Z,1.66,
2026-09-12T14:25:48Z,1.66,0
2026-09-12T14:26:48Z,1.66,0
2026-09-12T14:27:48Z,1.66,0
2026-09-12T14:28:48Z,1.66,0
2026-09-12T14:29:48Z,,0
2026-09-12T14:31:48Z,1.66,
2026-09-12T14:32:48Z,1.66,0
2026-09-12T14:33:48Z,1.66,0
2026-09-12T14:34:48Z,1.66,0
2026-09-12T14:35:48Z,1.66,0
2026-09-12T14:36:48Z,,0
2026-09-12T14:38:48Z,1.66,
2026-09-12T14:39:48Z,1.66,0
2026-09-12T14:40:48Z,1.66,0
2026-09-12T14:41:48Z,1.66,0
2026-09-12T14:42:48Z,1.66,0
2026-09-12T14:43:48Z,,0
2026-09-12T14:45:48Z,1.66,0
2026-09-12T14:46:48Z,1.66,0
2026-09-12T14:47:48Z,1.66,0
2026-09-12T14:48:48Z,1.66,0
2026-09-12T14:49:48Z,1.66,0
2026-09-12T14:51:48Z,,0
2026-09-12T14:52:48Z,1.66,0
2026-09-12T14:53:48Z,1.66,0
2026-09-12T14:54:48Z,1.66,0
2026-09-12T14:55:48Z,1.66,0
2026-09-12T14:56:48Z,1.66,
2026-09-12T14:59:48Z,1.66,0
2026-09-12T15:00:48Z,1.66,0
2026-09-12T15:01:48Z,1.66,0
2026-09-12T15:02:48Z,1.66,0
2026-09-12T15:03:48Z,1.66,0
2026-09-12T15:04:48Z,1.66,
2026-09-12T15:07:48Z,1.66,0
2026-09-12T15:08:48Z,1.66,0
2026-09-12T15:09:48Z,1.66,0
2026-09-12T15:10:48Z,1.66,0
2026-09-12T15:11:48Z,1.66,
2026-09-12T15:13:48Z,1.66,0
2026-09-12T15:14:48Z,1.66,0
2026-09-12T15:15:48Z,1.66,0
2026-09-12T15:16:48Z,1.66,0
2026-09-12T15:17:48Z,1.66,0
2026-09-12T15:19:48Z,1.66,0
2026-09-12T15:20:48Z,1.66,0
2026-09-12T15:21:48Z,1.66,0
2026-09-12T15:22:48Z,1.66,0
2026-09-12T15:23:48Z,1.66,0
2026-09-12T15:24:48Z,1.66,0
2026-09-12T15:25:48Z,1.66,0
2026-09-12T15:26:48Z,1.66,0
2026-09-12T15:27:48Z,1.66,0
2026-09-12T15:28:48Z,1.66,0
2026-09-12T15:30:48Z,1.66,0
2026-09-12T15:31:48Z,1.66,0
2026-09-12T15:32:48Z,1.66,0
2026-09-12T15:33:48Z,1.66,0
2026-09-12T15:34:48Z,1.66,0
2026-09-12T15:36:48Z,1.66,
2026-09-12T15:37:48Z,1.66,0
2026-09-12T15:38:48Z,1.66,0
2026-09-12T15:39:48Z,1.66,0
2026-09-12T15:40:48Z,1.66,0
2026-09-12T15:41:48Z,,0
2026-09-12T15:43:48Z,1.66,0
2026-09-12T15:44:48Z,1.66,0
2026-09-12T15:45:48Z,1.66,0
2026-09-12T15:46:48Z,1.66,0
2026-09-12T15:47:48Z,1.66,0
2026-09-12T15:50:48Z,1.66,
2026-09-12T15:51:48Z,1.66,0
2026-09-12T15:52:48Z,1.66,0
2026-09-12T15:53:48Z,1.66,0
2026-09-12T15:54:48Z,1.66,0
2026-09-12T15:55:48Z,,0
2026-09-12T15:58:48Z,1.66,0
2026-09-12T15:59:48Z,1.66,0
2026-09-12T16:00:48Z,1.66,0
2026-09-12T16:01:48Z,1.66,0
2026-09-12T16:02:48Z,1.66,0
2026-09-12T16:05:48Z,1.66,
2026-09-12T16:06:48Z,1.66,0
2026-09-12T16:07:48Z,1.66,0
2026-09-12T16:08:48Z,1.66,0
2026-09-12T16:09:48Z,1.66,0
2026-09-12T16:10:48Z,,0
2026-09-12T16:13:48Z,1.66,
2026-09-12T16:14:48Z,1.66,0
2026-09-12T16:15:48Z,1.66,0
2026-09-12T16:16:48Z,1.66,0
2026-09-12T16:17:48Z,1.66,0
2026-09-12T16:18:48Z,,0
2026-09-12T16:20:48Z,1.66,
2026-09-12T16:21:48Z,1.66,0
2026-09-12T16:22:48Z,1.66,0
2026-09-12T16:23:48Z,1.66,0
2026-09-12T16:24:48Z,1.66,0
2026-09-12T16:25:48Z,,0
2026-09-12T16:27:48Z,1.66,0
2026-09-12T16:28:48Z,1.66,0
2026-09-12T16:29:48Z,1.66,0
2026-09-12T16:30:48Z,1.66,0
2026-09-12T16:33:48Z,1.66,0
2026-09-12T16:34:48Z,1.66,0
2026-09-12T16:35:48Z,1.66,0
2026-09-12T16:38:48Z,1.66,0
2026-09-12T16:39:48Z,1.66,0
2026-09-12T17:35:48Z,1.66,
2026-09-12T17:38:48Z,1.66,
2026-09-12T17:40:48Z,,0
2026-09-12T17:41:48Z,,0
2026-09-12T17:42:48Z,1.66,
2026-09-12T17:43:48Z,1.66,
2026-09-12T17:44:48Z,,0
2026-09-12T17:46:48Z,1.66,0
2026-09-12T17:47:48Z,1.66,0
2026-09-12T17:48:48Z,1.66,0
2026-09-12T17:49:48Z,,0
2026-09-12T17:50:48Z,1.66,0
2026-09-12T17:51:48Z,1.66,0
2026-09-12T17:52:48Z,1.66,0
2026-09-12T17:53:48Z,1.66,
2026-09-12T17:54:48Z,1.66,0
2026-09-12T17:55:48Z,,0
2026-09-12T17:56:48Z,,0
2026-09-12T17:57:48Z,1.66,0
2026-09-12T17:58:48Z,1.66,0
2026-09-12T17:59:48Z,1.66,0
2026-09-12T18:00:48Z,1.66,
2026-09-12T18:03:48Z,,0
2026-09-12T18:08:48Z,,0
2026-09-12T18:09:48Z,1.66,
2026-09-12T18:13:48Z,1.66,0
2026-09-12T18:14:48Z,1.66,0
2026-09-12T20:30:48Z,1.66,0
2026-09-12T20:34:48Z,1.66,0
2026-09-12T20:35:48Z,1.66,0
2026-09-12T20:36:48Z,1.66,0
2026-09-12T20:37:48Z,1.66,0
2026-09-12T20:38:48Z,1.66,0
2026-09-12T20:39:48Z,1.66,0
2026-09-12T20:40:48Z,1.66,0
2026-09-12T20:41:48Z,1.66,0
2026-09-12T20:42:48Z,1.66,0
2026-09-12T20:43:48Z,1.66,0
2026-09-12T20:44:48Z,1.66,0
2026-09-12T20:45:48Z,1.66,0
2026-09-12T20:46:48Z,1.66,0
2026-09-12T20:47:48Z,,0
2026-09-12T20:48:48Z,1.66,0
2026-09-12T20:49:48Z,1.66,0
2026-09-12T20:50:48Z,1.66,0
2026-09-12T20:51:48Z,1.66,0
2026-09-12T20:52:48Z,,0
2026-09-12T20:53:48Z,1.66,0
2026-09-12T20:54:48Z,1.66,0
2026-09-12T20:55:48Z,1.66,0
2026-09-12T20:56:48Z,1.66,0
2026-09-12T20:57:48Z,1.66,
2026-09-12T21:00:48Z,1.66,0
2026-09-12T21:01:48Z,1.66,0
2026-09-12T21:02:48Z,1.66,0
2026-09-12T21:03:48Z,1.66,0
2026-09-12T21:04:48Z,1.66,
2026-09-12T21:05:48Z,,0
2026-09-12T21:06:48Z,1.66,0
2026-09-12T21:07:48Z,1.66,0
2026-09-12T21:08:48Z,1.66,0
2026-09-12T21:09:48Z,1.66,0
2026-09-12T21:10:48Z,1.66,
2026-09-12T21:11:48Z,,0
2026-09-12T21:12:48Z,1.66,0
2026-09-12T21:13:48Z,1.66,0
2026-09-12T21:14:48Z,1.66,0
2026-09-12T21:15:48Z,1.66,0
2026-09-12T21:16:48Z,1.66,
2026-09-12T21:17:48Z,,0
2026-09-12T21:18:48Z,1.66,0
2026-09-12T21:19:48Z,1.66,0
2026-09-12T21:20:48Z,1.66,0
2026-09-12T21:21:48Z,1.66,0
2026-09-12T21:22:48Z,1.66,
2026-09-12T21:23:48Z,,0
2026-09-12T21:24:48Z,1.66,0
2026-09-12T21:25:48Z,1.66,0
2026-09-12T21:26:48Z,1.66,0
2026-09-12T21:27:48Z,1.66,0
2026-09-12T21:28:48Z,1.66,0
2026-09-12T21:29:48Z,,0
2026-09-12T21:30:48Z,1.66,0
2026-09-12T21:31:48Z,1.66,0
2026-09-12T21:32:48Z,1.66,0
2026-09-12T21:33:48Z,1.66,
2026-09-12T21:34:48Z,1.66,0
2026-09-12T21:35:48Z,,0
2026-09-12T21:36:48Z,1.66,0
2026-09-12T21:37:48Z,1.66,0
2026-09-12T21:38:48Z,1.66,0
2026-09-12T21:39:48Z,1.66,0
2026-09-12T21:40:48Z,1.66,
2026-09-12T21:41:48Z,,0
2026-09-12T21:42:48Z,1.66,0
2026-09-12T21:43:48Z,1.66,0
2026-09-12T21:44:48Z,1.66,0
2026-09-12T21:45:48Z,1.66,0
2026-09-12T21:46:48Z,1.66,
2026-09-12T21:47:48Z,,0
2026-09-12T21:48:48Z,1.66,0
2026-09-12T21:49:48Z,1.66,0
2026-09-12T21:50:48Z,1.66,0
2026-09-12T21:51:48Z,1.66,0
2026-09-12T21:52:48Z,1.66,
2026-09-12T21:53:48Z,,0
2026-09-12T21:54:48Z,1.66,0
2026-09-12T21:55:48Z,1.66,0
2026-09-12T21:56:48Z,1.66,0
2026-09-12T21:57:48Z,1.66,
2026-09-12T21:58:48Z,1.66,
2026-09-12T21:59:48Z,1.66,0
2026-09-12T22:00:48Z,1.66,0
2026-09-12T22:01:48Z,1.66,0
2026-09-12T22:02:48Z,1.66,0
2026-09-12T22:03:48Z,1.66,0
2026-09-12T22:04:48Z,1.66,0
2026-09-12T22:05:48Z,1.66,0
2026-09-12T22:06:48Z,1.66,0
2026-09-12T22:08:48Z,1.66,0
2026-09-12T22:09:48Z,1.66,0
2026-09-12T22:10:48Z,1.66,0
2026-09-12T22:11:48Z,1.66,0
2026-09-12T22:12:48Z,1.66,0
2026-09-12T22:13:48Z,1.66,
2026-09-12T22:14:48Z,1.66,0
2026-09-12T22:15:48Z,1.66,0
2026-09-12T22:16:48Z,1.66,0
2026-09-12T22:17:48Z,1.66,0
2026-09-12T22:19:48Z,1.66,
2026-09-12T22:20:48Z,1.66,0
2026-09-12T22:21:48Z,1.66,0
2026-09-12T22:22:48Z,1.66,0
2026-09-12T22:23:48Z,1.66,0
2026-09-12T22:24:48Z,,0
2026-09-12T22:25:48Z,1.66,
2026-09-12T22:26:48Z,1.66,
2026-09-12T22:27:48Z,1.66,0
2026-09-12T22:28:48Z,1.66,0
2026-09-12T22:29:48Z,1.66,0
2026-09-12T22:30:48Z,1.66,0
2026-09-12T22:31:48Z,,0
2026-09-12T22:32:48Z,1.66,
2026-09-12T22:33:48Z,1.66,0
2026-09-12T22:34:48Z,1.66,0
2026-09-12T22:35:48Z,1.66,0
2026-09-12T22:36:48Z,1.66,0
2026-09-12T22:37:48Z,,0
2026-09-12T22:38:48Z,1.66,
2026-09-12T22:39:48Z,1.66,0
2026-09-12T22:40:48Z,1.66,0
2026-09-12T22:41:48Z,1.66,0
2026-09-12T22:42:48Z,1.66,0
2026-09-12T22:43:48Z,,0
2026-09-12T22:44:48Z,1.66,
2026-09-12T22:45:48Z,1.66,0
2026-09-12T22:46:48Z,1.66,0
2026-09-12T22:47:48Z,1.66,0
2026-09-12T22:48:48Z,1.66,0
2026-09-12T22:49:48Z,1.66,0
2026-09-12T22:50:48Z,1.66,0
2026-09-12T22:52:48Z,1.66,0
2026-09-12T22:53:48Z,1.66,0
2026-09-12T22:54:48Z,1.66,0
2026-09-12T22:55:48Z,1.66,0
2026-09-12T22:56:48Z,1.66,0
2026-09-12T22:58:48Z,1.66,0
2026-09-12T22:59:48Z,1.66,0
2026-09-12T23:00:48Z,1.66,0
2026-09-12T23:01:48Z,1.66,0
2026-09-12T23:02:48Z,1.66,0
2026-09-12T23:04:48Z,,0
2026-09-12T23:06:48Z,1.66,0
2026-09-12T23:07:48Z,1.66,0
2026-09-12T23:08:48Z,1.66,0
2026-09-12T23:09:48Z,1.66,0
2026-09-12T23:11:48Z,,0
2026-09-12T23:12:48Z,1.66,0
2026-09-12T23:13:48Z,1.66,0
2026-09-12T23:14:48Z,1.66,0
2026-09-12T23:15:48Z,1.66,0
2026-09-12T23:16:48Z,1.66,
2026-09-12T23:17:48Z,1.66,0
2026-09-12T23:18:48Z,1.66,0
2026-09-12T23:19:48Z,1.66,0
2026-09-12T23:20:48Z,1.66,0
2026-09-12T23:22:48Z,1.66,
2026-09-12T23:23:48Z,1.66,0
2026-09-12T23:24:48Z,1.66,0
2026-09-12T23:25:48Z,1.66,0
2026-09-12T23:26:48Z,1.66,0
2026-09-12T23:29:48Z,1.66,0
2026-09-12T23:30:48Z,1.66,0
2026-09-12T23:31:48Z,1.66,0
2026-09-12T23:32:48Z,1.66,0
2026-09-12T23:33:48Z,1.66,0
2026-09-12T23:35:48Z,1.66,
2026-09-12T23:36:48Z,1.66,0
2026-09-12T23:37:48Z,1.66,0
2026-09-12T23:38:48Z,1.66,0
2026-09-12T23:39:48Z,1.66,0
2026-09-12T23:40:48Z,,0
2026-09-12T23:42:48Z,1.66,0
2026-09-12T23:43:48Z,1.66,0
2026-09-12T23:44:48Z,1.66,0
2026-09-12T23:45:48Z,1.66,0
2026-09-12T23:47:48Z,1.66,
2026-09-12T23:48:48Z,1.66,0
2026-09-12T23:49:48Z,1.66,0
2026-09-12T23:50:48Z,1.66,0
2026-09-12T23:51:48Z,1.66,0
2026-09-12T23:52:48Z,1.66,0
2026-09-12T23:53:48Z,1.66,0
2026-09-12T23:54:48Z,1.66,0
2026-09-12T23:55:48Z,1.66,0
2026-09-12T23:56:48Z,1.66,0
2026-09-12T23:58:48Z,1.66,0
2026-09-12T23:59:48Z,1.66,0
2026-09-13T00:00:48Z,1.66,0
2026-09-13T00:01:48Z,1.66,0
2026-09-13T00:02:48Z,1.66,0
2026-09-13T00:04:48Z,1.66,0
2026-09-13T00:05:48Z,1.66,0
2026-09-13T00:06:48Z,1.66,0
2026-09-13T00:07:48Z,1.66,0
2026-09-13T00:08:48Z,1.66,0
2026-09-13T00:09:48Z,,0
2026-09-13T00:11:48Z,1.66,0
2026-09-13T00:12:48Z,1.66,0
2026-09-13T00:13:48Z,1.66,0
2026-09-13T00:14:48Z,1.66,0
2026-09-13T00:15:48Z,1.66,0
2026-09-13T00:17:48Z,1.66,0
2026-09-13T00:18:48Z,1.66,0
2026-09-13T00:19:48Z,1.66,0
2026-09-13T00:20:48Z,1.66,0
2026-09-13T00:21:48Z,1.66,0
2026-09-13T00:23:48Z,1.66,0
2026-09-13T00:24:48Z,1.66,0
2026-09-13T00:25:48Z,1.66,0
2026-09-13T00:26:48Z,1.66,0
2026-09-13T00:28:48Z,1.66,0
2026-09-13T00:29:48Z,1.66,0
2026-09-13T00:30:48Z,1.66,0
2026-09-13T00:31:48Z,1.66,0
2026-09-13T00:32:48Z,1.66,0
2026-09-13T00:34:48Z,1.66,0
2026-09-13T00:35:48Z,1.66,0
2026-09-13T00:36:48Z,1.66,0
2026-09-13T00:37:48Z,1.66,0
2026-09-13T00:38:48Z,1.66,0
2026-09-13T00:40:48Z,1.66,0
2026-09-13T00:41:48Z,1.66,0
2026-09-13T00:42:48Z,1.66,0
2026-09-13T00:43:48Z,1.66,0
2026-09-13T00:44:48Z,1.66,0
2026-09-13T00:45:48Z,1.66,0
2026-09-13T00:46:48Z,1.66,0
2026-09-13T00:47:48Z,1.66,0
2026-09-13T00:48:48Z,1.66,0
2026-09-13T00:49:48Z,1.66,0
2026-09-13T00:51:48Z,1.66,0
2026-09-13T00:52:48Z,1.66,0
2026-09-13T00:53:48Z,1.66,0
2026-09-13T00:54:48Z,1.66,0
2026-09-13T00:55:48Z,1.66,0
2026-09-13T00:57:48Z,1.66,0
2026-09-13T00:58:48Z,1.66,0
2026-09-13T00:59:48Z,1.66,0
2026-09-13T01:00:48Z,1.66,0
2026-09-13T01:01:48Z,1.66,0
2026-09-13T01:02:48Z,1.66,0
2026-09-13T01:04:48Z,1.66,0
2026-09-13T01:05:48Z,1.66,0
2026-09-13T01:06:48Z,1.66,0
2026-09-13T01:07:48Z,1.66,0
2026-09-13T01:16:48Z,1.66,0
2026-09-13T01:17:48Z,1.66,0
2026-09-13T01:18:48Z,1.66,0
2026-09-13T02:00:48Z,1.66,0
2026-09-13T02:01:48Z,1.66,0
2026-09-13T02:02:48Z,,0
2026-09-13T02:03:48Z,1.66,0
2026-09-13T02:04:48Z,1.66,0
2026-09-13T02:05:48Z,1.66,0
2026-09-13T02:06:48Z,1.66,0
2026-09-13T02:07:48Z,1.66,0
2026-09-13T02:16:48Z,1.66,0
2026-09-13T02:17:48Z,1.66,0
2026-09-13T02:18:48Z,1.66,0
2026-09-13T02:19:48Z,1.66,0
2026-09-13T02:20:48Z,1.66,0
2026-09-13T02:21:48Z,1.66,0
2026-09-13T02:22:48Z,1.66,0
2026-09-13T02:23:48Z,1.66,0
2026-09-13T02:24:48Z,1.66,0
2026-09-13T02:25:48Z,1.66,0
2026-09-13T02:26:48Z,1.66,0
2026-09-13T02:27:48Z,1.66,0
2026-09-13T02:28:48Z,1.66,0
2026-09-13T02:30:48Z,1.66,0
2026-09-13T02:31:48Z,1.66,0
2026-09-13T02:32:48Z,1.66,0
2026-09-13T02:33:48Z,1.66,0
2026-09-13T02:34:48Z,1.66,0
2026-09-13T02:35:48Z,1.66,0
2026-09-13T02:36:48Z,1.66,0
2026-09-13T02:37:48Z,1.66,0
2026-09-13T02:38:48Z,1.66,0
2026-09-13T02:39:48Z,1.66,0
2026-09-13T02:40:48Z,1.66,
2026-09-13T02:41:48Z,,0
2026-09-13T02:42:48Z,1.66,0
2026-09-13T02:43:48Z,1.66,0
2026-09-13T02:44:48Z,1.66,0
2026-09-13T02:45:48Z,1.66,0
2026-09-13T02:46:48Z,1.66,
2026-09-13T02:47:48Z,,0
2026-09-13T02:48:48Z,1.66,0
2026-09-13T02:49:48Z,1.66,0
2026-09-13T03:06:48Z,1.66,0
2026-09-13T03:07:48Z,1.66,0
2026-09-13T03:08:48Z,1.66,0
2026-09-13T03:09:48Z,1.66,0
2026-09-13T03:10:48Z,1.66,0
2026-09-13T03:11:48Z,1.66,0
2026-09-13T03:12:48Z,1.66,0
2026-09-13T03:13:48Z,1.66,0
2026-09-13T03:14:48Z,1.66,0
2026-09-13T03:15:48Z,1.66,0
2026-09-13T03:16:48Z,1.66,0
2026-09-13T03:17:48Z,1.66,0
2026-09-13T03:18:48Z,1.66,0
2026-09-13T03:19:48Z,1.66,0
2026-09-13T03:20:48Z,1.66,0
2026-09-13T03:21:48Z,,0
2026-09-13T03:22:48Z,1.66,0
2026-09-13T03:23:48Z,1.66,0
2026-09-13T03:24:48Z,1.66,0
2026-09-13T03:25:48Z,1.66,0
2026-09-13T03:26:48Z,1.66,0
2026-09-13T03:27:48Z,,0
2026-09-13T03:28:48Z,1.66,0
2026-09-13T03:29:48Z,1.66,0
2026-09-13T03:30:48Z,1.66,
2026-09-13T03:31:48Z,1.66,
2026-09-13T03:32:48Z,1.66,0
2026-09-13T03:33:48Z,,0
2026-09-13T03:34:48Z,1.66,0
2026-09-13T03:35:48Z,1.66,0
2026-09-13T03:36:48Z,1.66,0
2026-09-13T03:37:48Z,1.66,
2026-09-13T03:38:48Z,1.66,0
2026-09-13T03:39:48Z,1.66,0
2026-09-13T03:40:48Z,1.66,0
2026-09-13T03:41:48Z,1.66,0
2026-09-13T03:42:48Z,1.66,0
2026-09-13T03:43:48Z,1.66,
2026-09-13T03:44:48Z,1.66,0
2026-09-13T03:45:48Z,1.66,0
2026-09-13T03:46:48Z,,0
2026-09-13T03:47:48Z,1.66,0
2026-09-13T03:48:48Z,1.66,0
2026-09-13T03:49:48Z,1.66,
2026-09-13T03:50:48Z,1.66,
2026-09-13T03:51:48Z,1.66,0
2026-09-13T03:52:48Z,,0
2026-09-13T03:53:48Z,,0
2026-09-13T03:54:48Z,1.66,0
2026-09-13T03:55:48Z,1.66,0
2026-09-13T03:56:48Z,1.66,
2026-09-13T03:57:48Z,1.66,
2026-09-13T03:58:48Z,,0
2026-09-13T03:59:48Z,,0
2026-09-13T04:00:48Z,,0
2026-09-13T04:01:48Z,1.66,0
2026-09-13T04:02:48Z,1.66,
2026-09-13T04:03:48Z,1.66,
2026-09-13T04:04:48Z,1.66,0
2026-09-13T04:05:48Z,1.66,0
2026-09-13T04:06:48Z,,0
2026-09-13T04:07:48Z,1.66,0
2026-09-13T04:08:48Z,1.66,0
2026-09-13T04:09:48Z,1.66,
2026-09-13T04:10:48Z,1.66,
2026-09-13T04:11:48Z,1.66,0
2026-09-13T04:12:48Z,,0
2026-09-13T04:13:48Z,,0
2026-09-13T04:14:48Z,1.66,0
2026-09-13T04:15:48Z,1.66,0
2026-09-13T04:16:48Z,1.66,
2026-09-13T04:17:48Z,1.66,
2026-09-13T04:18:48Z,1.66,0
2026-09-13T04:19:48Z,,0
2026-09-13T04:20:48Z,,0
2026-09-13T04:21:48Z,1.66,0
2026-09-13T04:22:48Z,1.66,
2026-09-13T04:23:48Z,1.66,
2026-09-13T04:24:48Z,1.66,0
2026-09-13T04:25:48Z,1.66,0
2026-09-13T04:26:48Z,,0
2026-09-13T04:27:48Z,1.66,0
2026-09-13T04:28:48Z,1.66,0
2026-09-13T04:29:48Z,1.66,
2026-09-13T04:30:48Z,1.66,
2026-09-13T04:31:48Z,1.66,0
2026-09-13T04:32:48Z,,0
2026-09-13T04:33:48Z,,0
2026-09-13T04:34:48Z,1.66,0
2026-09-13T04:35:48Z,1.66,0
2026-09-13T04:36:48Z,1.66,
2026-09-13T04:37:48Z,1.66,
2026-09-13T04:38:48Z,1.66,0
2026-09-13T04:39:48Z,,0
2026-09-13T04:40:48Z,,0
2026-09-13T04:41:48Z,1.66,0
2026-09-13T04:42:48Z,1.66,
2026-09-13T04:43:48Z,1.66,
2026-09-13T04:44:48Z,1.66,0
2026-09-13T04:45:48Z,1.66,0
2026-09-13T04:46:48Z,,0
2026-09-13T04:47:48Z,1.66,0
2026-09-13T04:48:48Z,1.66,0
2026-09-13T04:49:48Z,1.66,
2026-09-13T04:50:48Z,1.66,0
2026-09-13T04:51:48Z,1.66,0
2026-09-13T04:52:48Z,,0
2026-09-13T04:53:48Z,1.66,0
2026-09-13T04:54:48Z,1.66,0
2026-09-13T04:55:48Z,1.66,
2026-09-13T04:56:48Z,1.66,
2026-09-13T04:57:48Z,1.66,0
2026-09-13T04:58:48Z,1.66,0
2026-09-13T04:59:48Z,1.66,0
2026-09-13T05:00:48Z,1.66,0
2026-09-13T05:01:48Z,1.66,0
2026-09-13T05:03:48Z,1.66,0
2026-09-13T05:04:48Z,1.66,0
2026-09-13T05:05:48Z,1.66,0
2026-09-13T05:06:48Z,1.66,0
2026-09-13T05:07:48Z,,0
2026-09-13T05:09:48Z,1.66,
2026-09-13T05:10:48Z,1.66,0
2026-09-13T05:11:48Z,1.66,0
2026-09-13T05:12:48Z,1.66,0
2026-09-13T05:13:48Z,1.66,0
2026-09-13T05:14:48Z,1.66,0
2026-09-13T05:16:48Z,1.66,
2026-09-13T05:17:48Z,1.66,0
2026-09-13T05:18:48Z,1.66,0
2026-09-13T05:19:48Z,1.66,0
2026-09-13T05:20:48Z,1.66,0
2026-09-13T05:21:48Z,,0
2026-09-13T05:22:48Z,1.66,
2026-09-13T05:23:48Z,1.66,
2026-09-13T05:24:48Z,1.66,0
2026-09-13T05:25:48Z,1.66,0
2026-09-13T05:26:48Z,1.66,0
2026-09-13T05:27:48Z,,0
2026-09-13T05:28:48Z,1.66,
2026-09-13T05:29:48Z,1.66,0
2026-09-13T05:30:48Z,1.66,0
2026-09-13T05:31:48Z,1.66,0
2026-09-13T05:32:48Z,1.66,0
2026-09-13T05:33:48Z,,0
2026-09-13T05:34:48Z,1.66,0
2026-09-13T05:35:48Z,1.66,
2026-09-13T05:36:48Z,1.66,0
2026-09-13T05:37:48Z,1.66,0
2026-09-13T05:38:48Z,1.66,0
2026-09-13T05:39:48Z,,0
2026-09-13T05:40:48Z,1.66,0
2026-09-13T05:41:48Z,1.66,
2026-09-13T05:42:48Z,1.66,0
2026-09-13T05:43:48Z,1.66,0
2026-09-13T05:44:48Z,1.66,0
2026-09-13T05:45:48Z,,0
2026-09-13T05:46:48Z,1.66,0
2026-09-13T05:47:48Z,1.66,
2026-09-13T05:48:48Z,1.66,0
2026-09-13T05:49:48Z,1.66,0
2026-09-13T05:50:48Z,1.66,0
2026-09-13T05:51:48Z,,0
2026-09-13T05:52:48Z,1.66,
2026-09-13T05:53:48Z,1.66,0
2026-09-13T05:54:48Z,1.66,0
2026-09-13T05:55:48Z,1.66,0
2026-09-13T05:56:48Z,1.66,0
2026-09-13T05:57:48Z,,0
2026-09-13T05:59:48Z,1.66,
2026-09-13T06:00:48Z,1.66,
2026-09-13T06:01:48Z,1.66,0
2026-09-13T06:03:48Z,1.66,0
2026-09-13T06:04:48Z,,0
2026-09-13T06:05:48Z,,0
2026-09-13T06:06:48Z,1.66,
2026-09-13T06:07:48Z,1.66,0
2026-09-13T06:08:48Z,1.66,0
2026-09-13T06:09:48Z,1.66,0
2026-09-13T06:10:48Z,1.66,0
2026-09-13T06:11:48Z,,0
2026-09-13T06:12:48Z,1.66,
2026-09-13T06:13:48Z,1.66,0
2026-09-13T06:14:48Z,1.66,0
2026-09-13T06:15:48Z,1.66,0
2026-09-13T06:16:48Z,1.66,0
2026-09-13T06:17:48Z,,0
2026-09-13T06:19:48Z,1.66,
2026-09-13T06:20:48Z,1.66,0
2026-09-13T06:21:48Z,1.66,0
2026-09-13T06:22:48Z,1.66,0
2026-09-13T06:23:48Z,1.66,0
2026-09-13T06:24:48Z,,0
2026-09-13T06:26:48Z,1.66,
2026-09-13T06:27:48Z,1.66,0
2026-09-13T06:28:48Z,1.66,0
2026-09-13T06:29:48Z,1.66,0
2026-09-13T06:30:48Z,1.66,0
2026-09-13T06:31:48Z,,0
2026-09-13T06:32:48Z,1.66,
2026-09-13T06:33:48Z,1.66,0
2026-09-13T06:34:48Z,1.66,0
2026-09-13T06:35:48Z,1.66,0
2026-09-13T06:36:48Z,1.66,0
2026-09-13T06:37:48Z,,0
2026-09-13T08:01:41Z,1.92,0
2026-09-13T08:02:41Z,1.92,0
2026-09-13T08:03:41Z,1.92,0
2026-09-13T08:04:41Z,1.66,0
2026-09-13T08:05:41Z,1.92,0
2026-09-13T08:08:41Z,1.92,0
2026-09-13T08:09:41Z,1.92,0
2026-09-13T08:10:41Z,1.92,0
2026-09-13T08:11:41Z,1.92,0
2026-09-13T08:14:41Z,1.92,0
2026-09-13T08:15:41Z,1.92,0
2026-09-13T08:16:41Z,1.92,0
2026-09-13T08:17:41Z,1.92,0
2026-09-13T08:18:41Z,1.92,0
2026-09-13T08:19:41Z,1.66,
2026-09-13T08:21:41Z,1.92,0
2026-09-13T08:22:41Z,1.66,0
2026-09-13T08:23:41Z,1.66,0
2026-09-13T08:24:41Z,1.66,0
2026-09-13T08:25:41Z,1.92,0
2026-09-13T08:28:41Z,1.92,0
2026-09-13T08:29:41Z,1.92,0
2026-09-13T08:30:41Z,1.92,0
2026-09-13T08:31:41Z,1.92,0
2026-09-13T08:32:41Z,1.66,0
2026-09-13T08:34:41Z,1.66,0
2026-09-13T08:35:41Z,1.66,0
2026-09-13T08:36:41Z,1.66,0
2026-09-13T08:37:41Z,1.66,0
2026-09-13T08:38:41Z,1.66,0
2026-09-13T08:39:41Z,1.66,0
2026-09-13T08:41:41Z,1.66,0
2026-09-13T08:42:41Z,1.66,0
2026-09-13T08:43:41Z,1.66,0
2026-09-13T08:44:41Z,1.66,0
2026-09-13T08:45:41Z,1.66,0
2026-09-13T08:47:41Z,1.66,
2026-09-13T08:48:41Z,1.66,0
2026-09-13T08:49:41Z,1.66,0
2026-09-13T08:50:41Z,1.66,0
2026-09-13T08:51:41Z,1.66,0
2026-09-13T08:54:41Z,1.66,0
2026-09-13T08:55:41Z,1.66,0
2026-09-13T08:56:41Z,1.66,0
2026-09-13T08:57:41Z,1.66,0
2026-09-13T08:58:41Z,1.66,0
2026-09-13T08:59:41Z,,0
2026-09-13T09:02:41Z,1.66,0
2026-09-13T09:03:41Z,1.66,0
2026-09-13T09:04:41Z,1.66,0
2026-09-13T09:05:41Z,1.66,0
2026-09-13T09:06:41Z,1.66,0
2026-09-13T09:09:41Z,1.66,0
2026-09-13T09:10:41Z,1.66,0
2026-09-13T09:11:41Z,1.66,0
2026-09-13T09:12:41Z,1.66,0
2026-09-13T09:13:41Z,1.66,0
2026-09-13T09:14:41Z,,0
2026-09-13T09:16:41Z,1.66,0
2026-09-13T09:17:41Z,1.66,0
2026-09-13T09:18:41Z,1.66,0
2026-09-13T09:19:41Z,1.66,0
2026-09-13T09:20:41Z,1.66,0
2026-09-13T09:23:41Z,1.66,0
2026-09-13T09:24:41Z,1.66,0
2026-09-13T09:25:41Z,1.66,0
2026-09-13T09:26:41Z,1.66,0
2026-09-13T09:27:41Z,1.66,0
2026-09-13T09:30:41Z,1.66,0
2026-09-13T09:31:41Z,1.66,0
2026-09-13T09:32:41Z,1.66,0
2026-09-13T09:33:41Z,1.66,0
2026-09-13T09:34:41Z,1.66,0
2026-09-13T09:35:41Z,1.66,0
2026-09-13T09:36:41Z,1.66,0
2026-09-13T09:38:41Z,1.66,0
2026-09-13T09:39:41Z,1.66,0
2026-09-13T09:40:41Z,1.66,0
2026-09-13T09:41:41Z,1.66,0
2026-09-13T09:42:41Z,1.66,0
2026-09-13T09:45:41Z,1.66,0
2026-09-13T09:46:41Z,1.66,0
2026-09-13T09:47:41Z,1.66,0
2026-09-13T09:48:41Z,1.66,0
2026-09-13T09:49:41Z,1.66,0
2026-09-13T09:52:41Z,1.66,0
2026-09-13T09:53:41Z,1.66,0
2026-09-13T09:54:41Z,1.66,0
2026-09-13T09:55:41Z,1.66,0
2026-09-13T09:58:41Z,1.66,0
2026-09-13T09:59:41Z,1.66,0
2026-09-13T10:00:41Z,1.66,0
2026-09-13T10:01:41Z,1.66,0
2026-09-13T10:02:41Z,1.66,0
2026-09-13T10:05:41Z,1.66,0
2026-09-13T10:06:41Z,1.66,0
2026-09-13T10:07:41Z,1.66,0
2026-09-13T10:08:41Z,1.66,0
2026-09-13T10:09:41Z,1.66,0
2026-09-13T10:12:41Z,1.66,0
2026-09-13T10:13:41Z,1.66,0
2026-09-13T10:14:41Z,1.66,0
2026-09-13T10:15:41Z,1.66,0
2026-09-13T10:16:41Z,1.66,
2026-09-13T10:19:41Z,1.66,0
2026-09-13T10:20:41Z,1.66,0
2026-09-13T10:21:41Z,1.66,0
2026-09-13T10:22:41Z,1.66,0
2026-09-13T10:25:41Z,,0
2026-09-13T10:26:41Z,1.66,0
2026-09-13T10:27:41Z,1.66,0
2026-09-13T10:28:41Z,1.66,0
2026-09-13T10:29:41Z,1.66,0
2026-09-13T10:30:41Z,1.66,
2026-09-13T10:32:41Z,1.66,0
2026-09-13T10:33:41Z,1.66,0
2026-09-13T10:34:41Z,1.66,0
2026-09-13T10:35:41Z,1.66,0
2026-09-13T10:36:41Z,1.66,0
2026-09-13T10:38:41Z,1.66,0
2026-09-13T10:39:41Z,1.66,0
2026-09-13T10:40:41Z,1.66,0
2026-09-13T10:41:41Z,1.66,0
2026-09-13T10:42:41Z,1.66,0
2026-09-13T10:45:41Z,1.66,
2026-09-13T10:46:41Z,1.66,0
2026-09-13T10:47:41Z,1.66,0
2026-09-13T10:48:41Z,1.66,0
2026-09-13T10:49:41Z,1.66,0
2026-09-13T10:50:41Z,1.66,0
2026-09-13T10:52:41Z,1.66,
2026-09-13T10:53:41Z,1.66,0
2026-09-13T10:54:41Z,1.66,0
2026-09-13T10:55:41Z,1.66,0
2026-09-13T10:56:41Z,1.66,0
2026-09-13T10:59:41Z,1.66,
2026-09-13T11:00:41Z,1.66,0
2026-09-13T11:01:41Z,1.66,0
2026-09-13T11:02:41Z,1.66,0
2026-09-13T11:03:41Z,1.66,0
2026-09-13T11:04:41Z,1.66,0
2026-09-13T11:07:41Z,1.66,
2026-09-13T11:08:41Z,1.66,0
2026-09-13T11:09:41Z,1.66,0
2026-09-13T11:10:41Z,1.66,0
2026-09-13T11:11:41Z,1.66,0
2026-09-13T11:12:41Z,,0
2026-09-13T11:14:41Z,1.66,0
2026-09-13T11:15:41Z,1.66,0
2026-09-13T11:16:41Z,1.66,0
2026-09-13T11:17:41Z,1.66,0
2026-09-13T11:18:41Z,1.66,0
2026-09-13T11:20:41Z,1.66,
2026-09-13T11:21:41Z,1.92,0
2026-09-13T11:22:41Z,1.66,0
2026-09-13T11:23:41Z,1.66,0
2026-09-13T11:24:41Z,1.66,0
2026-09-13T11:25:41Z,,0
2026-09-13T11:27:41Z,1.66,
2026-09-13T11:28:41Z,1.66,0
2026-09-13T11:29:41Z,1.66,0
2026-09-13T11:30:41Z,1.66,0
2026-09-13T11:31:41Z,1.66,0
2026-09-13T11:32:41Z,,0
2026-09-13T11:34:41Z,1.66,0
2026-09-13T11:35:41Z,1.66,0
2026-09-13T11:36:41Z,1.66,0
2026-09-13T11:37:41Z,1.66,0
2026-09-13T11:38:41Z,1.92,0
2026-09-13T11:39:41Z,,0
2026-09-13T11:40:41Z,1.66,
2026-09-13T11:41:41Z,1.66,0
2026-09-13T11:42:41Z,1.66,0
2026-09-13T11:43:41Z,1.66,0
2026-09-13T11:44:41Z,1.66,0
2026-09-13T11:45:41Z,,0
2026-09-13T11:47:41Z,1.66,
2026-09-13T11:48:41Z,1.66,
2026-09-13T11:49:41Z,1.66,0
2026-09-13T11:50:41Z,1.66,0
2026-09-13T11:51:41Z,1.66,0
2026-09-13T11:52:41Z,1.92,0
2026-09-13T11:54:41Z,1.66,0
2026-09-13T11:55:41Z,1.66,0
2026-09-13T11:56:41Z,1.66,0
2026-09-13T11:57:41Z,1.66,0
2026-09-13T11:58:41Z,,0
2026-09-13T12:01:41Z,1.66,0
2026-09-13T12:02:41Z,1.66,0
2026-09-13T12:03:41Z,1.66,0
2026-09-13T12:04:41Z,1.66,0
2026-09-13T12:05:41Z,1.66,0
2026-09-13T12:07:41Z,1.92,
2026-09-13T12:08:41Z,1.92,0
2026-09-13T12:09:41Z,1.66,0
2026-09-13T12:10:41Z,1.66,0
2026-09-13T12:11:41Z,1.66,0
2026-09-13T12:14:41Z,1.66,0
2026-09-13T12:15:41Z,1.66,0
2026-09-13T12:16:41Z,1.66,0
2026-09-13T12:17:41Z,1.66,0
2026-09-13T12:18:41Z,1.66,0
2026-09-13T12:20:41Z,1.66,0
2026-09-13T12:21:41Z,1.66,0
2026-09-13T12:22:41Z,1.92,0
2026-09-13T12:23:41Z,1.92,0
2026-09-13T12:24:41Z,1.66,0
2026-09-13T12:26:41Z,1.92,0
2026-09-13T12:27:41Z,1.92,0
2026-09-13T12:28:41Z,1.66,0
2026-09-13T12:29:41Z,1.66,0
2026-09-13T12:30:41Z,1.92,0
2026-09-13T12:33:41Z,1.92,0
2026-09-13T12:34:41Z,1.92,0
2026-09-13T12:35:41Z,1.92,0
2026-09-13T12:36:41Z,1.66,0
2026-09-13T12:37:41Z,1.66,0
2026-09-13T12:39:41Z,1.66,0
2026-09-13T12:40:41Z,1.66,0
2026-09-13T12:41:41Z,1.66,0
2026-09-13T12:42:41Z,1.66,0
2026-09-13T12:43:41Z,1.66,0
2026-09-13T12:46:41Z,1.66,0
2026-09-13T12:47:41Z,1.92,0
2026-09-13T12:48:41Z,1.92,0
2026-09-13T12:49:41Z,1.92,0
2026-09-13T12:50:41Z,1.66,0
2026-09-13T12:52:41Z,1.66,0
2026-09-13T12:53:41Z,1.66,0
2026-09-13T12:54:41Z,1.92,0
2026-09-13T12:55:41Z,1.66,0
2026-09-13T12:56:41Z,1.66,0
2026-09-13T13:02:41Z,1.66,0
2026-09-13T13:03:41Z,1.66,0
2026-09-13T13:04:41Z,1.92,0
2026-09-13T13:05:41Z,1.66,0
2026-09-13T13:06:41Z,1.66,0
2026-09-13T13:09:41Z,1.92,0
2026-09-13T13:10:41Z,1.92,0
2026-09-13T13:11:41Z,1.66,0
2026-09-13T13:12:41Z,1.66,0
2026-09-13T13:13:41Z,1.66,0
2026-09-13T13:17:41Z,1.92,0
2026-09-13T13:18:41Z,1.92,0
2026-09-13T13:19:41Z,1.92,0
2026-09-13T13:20:41Z,1.66,0
2026-09-13T13:24:41Z,1.66,0
2026-09-13T13:25:41Z,1.66,0
2026-09-13T13:26:41Z,1.66,0
2026-09-13T13:27:41Z,1.66,0
2026-09-13T13:28:41Z,,0
2026-09-13T13:30:41Z,1.66,
2026-09-13T13:31:41Z,1.92,0
2026-09-13T13:32:41Z,1.92,0
2026-09-13T13:33:41Z,1.92,0
2026-09-13T13:34:41Z,1.92,0
2026-09-13T13:35:41Z,,0
2026-09-13T13:37:41Z,1.92,
2026-09-13T13:38:41Z,1.66,0
2026-09-13T13:39:41Z,1.66,0
2026-09-13T13:40:41Z,1.66,0
2026-09-13T13:41:41Z,1.92,0
2026-09-13T13:42:41Z,,0
2026-09-13T13:44:41Z,1.66,
2026-09-13T13:45:41Z,1.66,0
2026-09-13T13:46:41Z,1.66,0
2026-09-13T13:47:41Z,1.66,0
2026-09-13T13:48:41Z,1.66,0
2026-09-13T13:49:41Z,,0
2026-09-13T13:51:41Z,1.66,
2026-09-13T13:52:41Z,1.66,0
2026-09-13T13:53:41Z,1.66,0
2026-09-13T13:54:41Z,1.66,0
2026-09-13T13:55:41Z,1.92,0
2026-09-13T13:56:41Z,,0
2026-09-13T13:58:41Z,1.66,
2026-09-13T13:59:41Z,1.66,
2026-09-13T14:00:41Z,1.66,0
2026-09-13T14:01:41Z,1.66,0
2026-09-13T14:02:41Z,1.92,0
2026-09-13T14:03:41Z,,0
2026-09-13T14:04:41Z,,0
2026-09-13T14:05:41Z,1.66,
2026-09-13T14:06:41Z,1.66,
2026-09-13T14:07:41Z,1.66,0
2026-09-13T14:08:41Z,1.92,0
2026-09-13T14:09:41Z,1.92,0
2026-09-13T14:10:41Z,,0
2026-09-13T14:11:41Z,1.92,0
2026-09-13T14:12:41Z,1.92,0
2026-09-13T14:13:41Z,1.66,0
2026-09-13T14:14:41Z,1.66,0
2026-09-13T14:15:41Z,1.66,
2026-09-13T14:16:41Z,1.66,0
2026-09-13T14:17:41Z,1.92,0
2026-09-13T14:18:41Z,1.66,0
2026-09-13T14:19:41Z,1.66,0
2026-09-13T14:20:41Z,1.66,0
2026-09-13T14:23:41Z,1.92,0
2026-09-13T14:24:41Z,1.92,0
2026-09-13T14:25:41Z,1.92,0
2026-09-13T14:26:41Z,1.92,0
2026-09-13T14:27:41Z,1.92,0
2026-09-13T14:29:41Z,1.92,
2026-09-13T14:30:41Z,1.92,0
2026-09-13T14:31:41Z,1.92,0
2026-09-13T14:32:41Z,1.92,0
2026-09-13T14:33:41Z,1.66,0
2026-09-13T14:35:41Z,1.66,
2026-09-13T14:36:41Z,1.66,0
2026-09-13T14:37:41Z,1.66,0
2026-09-13T14:38:41Z,1.66,0
2026-09-13T14:39:41Z,1.66,0
2026-09-13T14:40:41Z,,0
2026-09-13T14:41:41Z,1.92,
2026-09-13T14:42:41Z,1.66,0
2026-09-13T14:43:41Z,1.92,0
2026-09-13T14:44:41Z,1.92,0
2026-09-13T14:45:41Z,1.92,0
2026-09-13T14:46:41Z,1.92,0
2026-09-13T14:47:41Z,1.66,0
2026-09-13T14:48:41Z,1.66,0
2026-09-13T14:49:41Z,1.66,0
2026-09-13T14:51:41Z,1.66,0
2026-09-13T14:52:41Z,1.92,0
2026-09-13T14:53:41Z,1.92,0
2026-09-13T14:54:41Z,1.92,0
2026-09-13T14:55:41Z,1.92,0
2026-09-13T14:59:41Z,1.92,0
2026-09-13T15:00:41Z,1.92,0
2026-09-13T15:01:41Z,1.92,0
2026-09-13T15:02:41Z,1.92,0
2026-09-13T15:05:41Z,1.66,0
2026-09-13T15:06:41Z,1.66,0
2026-09-13T15:07:41Z,1.66,0
2026-09-13T15:08:41Z,1.66,0
2026-09-13T15:09:41Z,1.92,0
2026-09-13T15:14:41Z,1.92,0
2026-09-13T15:15:41Z,1.92,0
2026-09-13T15:16:41Z,1.66,0
2026-09-13T15:17:41Z,1.66,0
2026-09-13T15:18:41Z,1.66,
2026-09-13T15:21:41Z,,0
2026-09-13T15:22:41Z,1.92,0
2026-09-13T15:23:41Z,1.92,0
2026-09-13T15:24:41Z,1.92,0
2026-09-13T15:25:41Z,1.92,0
2026-09-13T15:28:41Z,,0
2026-09-13T15:29:41Z,1.92,0
2026-09-13T15:30:41Z,1.66,0
2026-09-13T15:31:41Z,1.92,0
2026-09-13T15:32:41Z,1.66,0
2026-09-13T15:33:41Z,1.66,
2026-09-13T15:35:41Z,,0
2026-09-13T15:36:41Z,1.66,0
2026-09-13T15:37:41Z,1.66,0
2026-09-13T15:38:41Z,1.92,0
2026-09-13T15:39:41Z,1.66,0
2026-09-13T15:40:41Z,1.92,
2026-09-13T15:42:41Z,1.66,0
2026-09-13T15:43:41Z,1.66,0
2026-09-13T15:44:41Z,1.92,0
2026-09-13T15:45:41Z,1.66,0
2026-09-13T15:46:41Z,1.66,
2026-09-13T15:48:41Z,,0
2026-09-13T15:49:41Z,1.66,0
2026-09-13T15:50:41Z,1.66,0
2026-09-13T15:51:41Z,1.66,0
2026-09-13T15:52:41Z,1.66,0
2026-09-13T15:55:41Z,1.66,0
2026-09-13T15:56:41Z,1.92,0
2026-09-13T15:57:41Z,1.66,0
2026-09-13T15:58:41Z,1.92,0
2026-09-13T15:59:41Z,1.92,0
2026-09-13T16:00:41Z,1.66,0
2026-09-13T16:03:41Z,,0
2026-09-13T16:04:41Z,1.92,0
2026-09-13T16:05:41Z,1.66,0
2026-09-13T16:06:41Z,1.66,0
2026-09-13T16:07:41Z,1.66,0
2026-09-13T16:08:41Z,1.92,
2026-09-13T16:10:41Z,,0
2026-09-13T16:11:41Z,1.66,0
2026-09-13T16:12:41Z,1.92,0
2026-09-13T16:13:41Z,1.92,0
2026-09-13T16:14:41Z,1.92,0
2026-09-13T16:15:41Z,1.92,
2026-09-13T16:17:41Z,,0
2026-09-13T16:18:41Z,1.66,0
2026-09-13T16:19:41Z,1.92,0
2026-09-13T16:20:41Z,1.92,0
2026-09-13T16:21:41Z,1.92,0
2026-09-13T16:22:41Z,1.66,
2026-09-13T16:24:41Z,1.92,0
2026-09-13T16:25:41Z,1.92,0
2026-09-13T16:26:41Z,1.92,0
2026-09-13T16:27:41Z,1.66,0
2026-09-13T16:28:41Z,1.66,
2026-09-13T16:29:41Z,1.92,
2026-09-13T16:30:41Z,,0
2026-09-13T16:31:41Z,1.66,0
2026-09-13T16:32:41Z,1.92,0
2026-09-13T16:33:41Z,1.66,0
2026-09-13T16:34:41Z,1.66,0
2026-09-13T16:35:41Z,1.66,
2026-09-13T16:37:41Z,,0
2026-09-13T16:38:41Z,1.66,0
2026-09-13T16:39:41Z,1.66,0
2026-09-13T16:40:41Z,1.92,0
2026-09-13T16:41:41Z,1.92,0
2026-09-13T16:43:41Z,,0
2026-09-13T16:44:41Z,1.66,0
2026-09-13T16:45:41Z,1.92,0
2026-09-13T16:46:41Z,1.92,0
2026-09-13T16:47:41Z,1.92,0
2026-09-13T16:48:41Z,1.66,
2026-09-13T16:49:41Z,,0
2026-09-13T16:50:41Z,1.66,0
2026-09-13T16:51:41Z,1.66,0
2026-09-13T16:52:41Z,1.66,0
2026-09-13T16:53:41Z,1.66,0
2026-09-13T16:54:41Z,1.66,
2026-09-13T16:55:41Z,,0
2026-09-13T16:56:41Z,1.92,0
2026-09-13T16:57:41Z,1.92,0
2026-09-13T16:58:41Z,1.92,0
2026-09-13T16:59:41Z,1.66,0
2026-09-13T17:00:41Z,1.66,0
2026-09-13T17:03:41Z,,0
2026-09-13T17:04:41Z,1.92,0
2026-09-13T17:05:41Z,1.92,0
2026-09-13T17:06:41Z,1.92,0
2026-09-13T17:07:41Z,1.92,0
2026-09-13T17:10:41Z,1.92,0
2026-09-13T17:11:41Z,1.66,0
2026-09-13T17:12:41Z,1.66,0
2026-09-13T17:13:41Z,1.66,0
2026-09-13T17:14:41Z,1.66,0
2026-09-13T17:16:41Z,1.66,0
2026-09-13T17:17:41Z,1.66,0
2026-09-13T17:18:41Z,1.66,0
2026-09-13T17:19:41Z,1.66,0
2026-09-13T17:20:41Z,1.92,0
2026-09-13T17:23:41Z,1.66,0
2026-09-13T17:24:41Z,1.92,0
2026-09-13T17:25:41Z,1.92,0
2026-09-13T17:26:41Z,1.92,0
2026-09-13T17:27:41Z,,0
2026-09-13T17:30:41Z,1.92,0
2026-09-13T17:31:41Z,1.92,0
2026-09-13T17:32:41Z,1.66,0
2026-09-13T17:33:41Z,1.66,0
2026-09-13T17:34:41Z,1.66,0
2026-09-13T17:37:41Z,1.66,0
2026-09-13T17:38:41Z,1.92,0
2026-09-13T17:39:41Z,1.92,0
2026-09-13T17:40:41Z,1.66,0
2026-09-13T17:41:41Z,,0
2026-09-13T17:42:41Z,1.66,
2026-09-13T17:43:41Z,1.66,0
2026-09-13T17:44:41Z,1.66,0
2026-09-13T17:45:41Z,1.66,0
2026-09-13T17:46:41Z,1.92,0
2026-09-13T17:47:41Z,,0
2026-09-13T17:49:41Z,1.66,
2026-09-13T17:50:41Z,1.66,0
2026-09-13T17:51:41Z,1.92,0
2026-09-13T17:52:41Z,1.66,0
2026-09-13T17:53:41Z,,0
2026-09-13T17:54:41Z,1.66,0
2026-09-13T17:55:41Z,1.92,
2026-09-13T17:56:41Z,1.66,
2026-09-13T17:57:41Z,1.66,0
2026-09-13T17:58:41Z,1.66,0
2026-09-13T17:59:41Z,1.66,0
2026-09-13T18:00:41Z,,0
2026-09-13T18:01:41Z,,0
2026-09-13T18:02:41Z,1.66,
2026-09-13T18:03:41Z,1.66,
2026-09-13T18:04:41Z,1.92,0
2026-09-13T18:05:41Z,1.66,0
2026-09-13T18:06:41Z,1.66,0
2026-09-13T18:07:41Z,,0
2026-09-13T18:08:41Z,,0
2026-09-13T18:09:41Z,1.66,
2026-09-13T18:10:41Z,1.66,
2026-09-13T18:11:41Z,1.66,0
2026-09-13T18:12:41Z,1.92,0
2026-09-13T18:13:41Z,1.66,0
2026-09-13T18:14:41Z,,0
2026-09-13T18:15:41Z,1.66,0
2026-09-13T18:16:41Z,1.66,
2026-09-13T18:17:41Z,1.92,0
2026-09-13T18:18:41Z,1.66,0
2026-09-13T18:19:41Z,1.66,0
2026-09-13T18:20:41Z,,0
2026-09-13T18:21:41Z,,0
2026-09-13T18:22:41Z,1.66,
2026-09-13T18:23:41Z,1.66,0
2026-09-13T18:24:41Z,1.66,0
2026-09-13T18:25:41Z,1.92,0
2026-09-13T18:26:41Z,1.66,0
2026-09-13T18:27:41Z,,0
2026-09-13T18:29:41Z,1.66,
2026-09-13T18:30:41Z,1.66,0
2026-09-13T18:31:41Z,1.92,0
2026-09-13T18:32:41Z,1.66,0
2026-09-13T18:33:41Z,1.66,0
2026-09-13T18:34:41Z,,0
2026-09-13T18:35:41Z,1.66,
2026-09-13T18:36:41Z,1.66,
2026-09-13T18:37:41Z,1.66,0
2026-09-13T18:38:41Z,1.66,0
2026-09-13T18:39:41Z,1.66,0
2026-09-13T18:40:41Z,,0
2026-09-13T18:41:41Z,,0
2026-09-13T18:42:41Z,1.66,
2026-09-13T18:43:41Z,1.66,0
2026-09-13T18:44:41Z,1.66,0
2026-09-13T18:45:41Z,1.66,0
2026-09-13T18:47:41Z,,0
2026-09-13T18:48:41Z,1.66,
2026-09-13T18:49:41Z,1.66,0
2026-09-13T18:50:41Z,1.66,0
2026-09-13T18:51:41Z,1.66,0
2026-09-13T18:52:41Z,,0
2026-09-13T18:53:41Z,,0
2026-09-13T18:54:41Z,1.66,
2026-09-13T18:55:41Z,1.66,
2026-09-13T18:56:41Z,1.66,0
2026-09-13T18:57:41Z,1.66,0
2026-09-13T18:58:41Z,,0
2026-09-13T18:59:41Z,,0
2026-09-13T19:00:41Z,1.66,0
2026-09-13T19:01:41Z,1.66,
2026-09-13T19:02:41Z,1.66,0
2026-09-13T19:03:41Z,1.66,0
2026-09-13T19:04:41Z,1.66,0
2026-09-13T19:05:41Z,,0
2026-09-13T19:06:41Z,,0
2026-09-13T19:07:41Z,1.66,
2026-09-13T19:08:41Z,1.66,
2026-09-13T19:09:41Z,1.66,0
2026-09-13T19:10:41Z,1.66,0
2026-09-13T19:11:41Z,1.66,0
2026-09-13T19:12:41Z,,0
2026-09-13T19:13:41Z,1.66,0
2026-09-13T19:14:41Z,1.66,
2026-09-13T19:15:41Z,1.66,
2026-09-13T19:16:41Z,1.66,0
2026-09-13T19:17:41Z,1.66,0
2026-09-13T19:18:41Z,,0
2026-09-13T19:19:41Z,,0
2026-09-13T19:20:41Z,1.66,0
2026-09-13T19:21:41Z,1.66,
2026-09-13T19:22:41Z,1.66,0
2026-09-13T19:23:41Z,1.66,0
2026-09-13T19:24:41Z,1.66,0
2026-09-13T19:25:41Z,,0
2026-09-13T19:26:41Z,1.66,0
2026-09-13T19:27:41Z,1.66,
2026-09-13T19:28:41Z,1.66,0
2026-09-13T19:29:41Z,1.66,0
2026-09-13T19:30:41Z,1.66,0
2026-09-13T19:31:41Z,,0
2026-09-13T19:32:41Z,1.66,0
2026-09-13T19:33:41Z,1.66,
2026-09-13T19:34:41Z,1.66,
2026-09-13T19:35:41Z,1.66,0
2026-09-13T19:36:41Z,1.66,0
2026-09-13T19:37:41Z,,0
2026-09-13T19:38:41Z,1.66,0
2026-09-13T19:39:41Z,1.66,0
2026-09-13T19:40:41Z,1.66,
2026-09-13T19:41:41Z,1.66,
2026-09-13T19:42:41Z,1.66,0
2026-09-13T19:43:41Z,,0
2026-09-13T19:44:41Z,1.66,0
2026-09-13T19:45:41Z,1.66,0
2026-09-13T19:46:41Z,1.66,
2026-09-13T19:47:41Z,1.66,
2026-09-13T19:48:41Z,1.66,0
2026-09-13T19:49:41Z,,0
2026-09-13T19:50:41Z,1.66,0
2026-09-13T19:51:41Z,1.66,0
2026-09-13T19:52:41Z,1.66,
2026-09-13T19:53:41Z,1.66,0
2026-09-13T19:54:41Z,1.66,0
2026-09-13T19:55:41Z,,0
2026-09-13T19:56:41Z,,0
2026-09-13T19:57:41Z,1.66,0
2026-09-13T19:58:41Z,1.66,
2026-09-13T19:59:41Z,1.66,
2026-09-13T20:00:41Z,1.66,0
2026-09-13T20:01:41Z,1.66,0
2026-09-13T20:02:41Z,,0
2026-09-13T20:03:41Z,,0
2026-09-13T20:04:41Z,1.66,0
2026-09-13T20:05:41Z,1.66,
2026-09-13T20:06:41Z,1.66,
2026-09-13T20:07:41Z,1.66,0
2026-09-13T20:08:41Z,,0
2026-09-13T20:09:41Z,,0
2026-09-13T20:10:41Z,1.66,0
2026-09-13T20:11:41Z,1.66,
2026-09-13T20:12:41Z,1.66,
2026-09-13T20:13:41Z,1.66,0
2026-09-13T20:14:41Z,1.66,0
2026-09-13T20:15:41Z,,0
2026-09-13T20:16:41Z,,0
2026-09-13T20:17:41Z,1.66,0
2026-09-13T20:18:41Z,1.66,
2026-09-13T20:19:41Z,1.66,0
2026-09-13T20:20:41Z,1.66,0
2026-09-13T20:21:41Z,1.66,0
2026-09-13T20:22:41Z,,0
2026-09-13T20:23:41Z,1.66,0
2026-09-13T20:24:41Z,1.66,0
2026-09-13T20:25:41Z,1.66,
2026-09-13T20:26:41Z,1.66,0
2026-09-13T20:27:41Z,1.66,0
2026-09-13T20:28:41Z,,0
2026-09-13T20:29:41Z,,0
2026-09-13T20:30:41Z,1.66,0
2026-09-13T20:31:41Z,1.66,
2026-09-13T20:32:41Z,1.66,0
2026-09-13T20:33:41Z,1.66,0
2026-09-13T20:34:41Z,1.66,0
2026-09-13T20:35:41Z,,0
2026-09-13T20:36:41Z,1.66,0
2026-09-13T20:37:41Z,1.66,
2026-09-13T20:38:41Z,1.66,
2026-09-13T20:39:41Z,1.66,0
2026-09-13T20:40:41Z,1.66,0
2026-09-13T20:41:41Z,,0
2026-09-13T20:42:41Z,,0
2026-09-13T20:43:41Z,1.66,0
2026-09-13T20:44:41Z,1.66,
2026-09-13T20:45:41Z,1.66,
2026-09-13T20:46:41Z,1.66,0
2026-09-13T20:47:41Z,1.66,0
2026-09-13T20:48:41Z,,0
2026-09-13T20:49:41Z,1.66,0
2026-09-13T20:50:41Z,1.66,0
2026-09-13T20:51:41Z,1.66,
2026-09-13T20:52:41Z,1.66,0
2026-09-13T20:53:41Z,1.66,0
2026-09-13T20:54:41Z,,0
2026-09-13T20:55:41Z,1.66,0
2026-09-13T20:56:41Z,1.66,0
2026-09-13T20:57:41Z,1.66,
2026-09-13T20:58:41Z,1.66,
2026-09-13T20:59:41Z,1.66,
2026-09-13T21:00:41Z,1.66,0
2026-09-13T21:01:41Z,,0
2026-09-13T21:03:41Z,,0
2026-09-13T21:04:41Z,1.66,0
2026-09-13T21:05:41Z,1.66,
2026-09-13T21:06:41Z,1.66,
2026-09-13T21:07:41Z,1.66,
2026-09-13T21:08:41Z,,0
2026-09-13T21:09:41Z,,0
2026-09-13T21:10:41Z,1.66,0
2026-09-13T21:11:41Z,1.66,0
2026-09-13T21:12:41Z,1.66,
2026-09-13T21:13:41Z,1.66,
2026-09-13T21:14:41Z,1.66,0
2026-09-13T21:15:41Z,,0
2026-09-13T21:16:41Z,,0
2026-09-13T21:17:41Z,1.66,0
2026-09-13T21:18:41Z,1.66,0
2026-09-13T21:19:41Z,1.66,
2026-09-13T21:20:41Z,1.66,
2026-09-13T21:21:41Z,,0
2026-09-13T21:22:41Z,,0
2026-09-13T21:23:41Z,,0
2026-09-13T21:24:41Z,1.66,0
2026-09-13T21:25:41Z,1.66,0
2026-09-13T21:26:41Z,1.66,
2026-09-13T21:27:41Z,1.66,
2026-09-13T21:28:41Z,1.66,0
2026-09-13T21:29:41Z,,0
2026-09-13T21:30:41Z,,0
2026-09-13T21:31:41Z,1.66,0
2026-09-13T21:32:41Z,1.66,0
2026-09-13T21:33:41Z,1.66,
2026-09-13T21:34:41Z,1.66,0
2026-09-13T21:35:41Z,1.66,0
2026-09-13T21:36:41Z,,0
2026-09-13T21:37:41Z,1.66,0
2026-09-13T21:38:41Z,1.66,0
2026-09-13T21:39:41Z,1.66,
2026-09-13T21:40:41Z,1.66,
2026-09-13T21:41:41Z,1.66,0
2026-09-13T21:42:41Z,,0
2026-09-13T21:43:41Z,,0
2026-09-13T21:44:41Z,1.66,0
2026-09-13T21:45:41Z,1.66,0
2026-09-13T21:46:41Z,1.66,
2026-09-13T21:47:41Z,1.66,
2026-09-13T21:48:41Z,1.66,0
2026-09-13T21:49:41Z,,0
2026-09-13T21:50:41Z,,0
2026-09-13T21:51:41Z,1.66,0
2026-09-13T21:52:41Z,1.66,0
2026-09-13T21:53:41Z,1.66,
2026-09-13T21:54:41Z,1.66,0
2026-09-13T21:55:41Z,1.66,0
2026-09-13T21:56:41Z,,0
2026-09-13T21:57:41Z,,0
2026-09-13T21:58:41Z,1.66,0
2026-09-13T21:59:41Z,1.66,0
2026-09-13T22:00:41Z,1.66,
2026-09-13T22:01:41Z,1.66,
2026-09-13T22:02:41Z,1.66,0
2026-09-13T22:03:41Z,,0
2026-09-13T22:04:41Z,,0
2026-09-13T22:05:41Z,,0
2026-09-13T22:06:41Z,1.66,0
2026-09-13T22:07:41Z,1.66,
2026-09-13T22:08:41Z,1.66,
2026-09-13T22:09:41Z,1.66,
2026-09-13T22:10:41Z,1.66,0
2026-09-13T22:11:41Z,,0
2026-09-13T22:12:41Z,,0
2026-09-13T22:13:41Z,1.66,0
2026-09-13T22:14:41Z,1.66,0
2026-09-13T22:15:41Z,1.66,
2026-09-13T22:16:41Z,1.66,
2026-09-13T22:17:41Z,1.66,0
2026-09-13T22:18:41Z,,0
2026-09-13T22:19:41Z,,0
2026-09-13T22:20:41Z,1.66,0
2026-09-13T22:21:41Z,1.66,
2026-09-13T22:22:41Z,1.66,
2026-09-13T22:23:41Z,1.66,0
2026-09-13T22:24:41Z,1.66,0
2026-09-13T22:25:41Z,,0
2026-09-13T22:26:41Z,,0
2026-09-13T22:27:41Z,,0
2026-09-13T22:28:41Z,1.92,
2026-09-13T22:29:41Z,1.66,
2026-09-13T22:30:41Z,1.66,0
2026-09-13T22:31:41Z,1.66,0
2026-09-13T22:32:41Z,,0
2026-09-13T22:33:41Z,,0
2026-09-13T22:34:41Z,1.66,0
2026-09-13T22:35:41Z,1.66,
2026-09-13T22:36:41Z,1.66,
2026-09-13T22:37:41Z,1.66,0
2026-09-13T22:38:41Z,1.66,0
2026-09-13T22:39:41Z,,0
2026-09-13T22:40:41Z,,0
2026-09-13T22:41:41Z,1.66,0
2026-09-13T22:42:41Z,1.66,
2026-09-13T22:43:41Z,1.66,0
2026-09-13T22:44:41Z,1.66,0
2026-09-13T22:45:41Z,1.66,0
2026-09-13T22:46:41Z,,0
2026-09-13T22:47:41Z,,0
2026-09-13T22:48:41Z,1.66,
2026-09-13T22:49:41Z,1.66,
2026-09-13T22:50:41Z,1.92,0
2026-09-13T22:51:41Z,1.66,0
2026-09-13T22:52:41Z,1.66,0
2026-09-13T22:53:41Z,,0
2026-09-13T22:54:41Z,1.92,0
2026-09-13T22:55:41Z,1.92,
2026-09-13T22:56:41Z,1.66,
2026-09-13T22:57:41Z,1.66,
2026-09-13T22:58:41Z,1.66,0
2026-09-13T22:59:41Z,1.66,0
2026-09-13T23:00:41Z,,0
2026-09-13T23:01:41Z,,0
2026-09-13T23:02:41Z,,0
2026-09-13T23:03:41Z,1.66,
2026-09-13T23:04:41Z,1.66,
2026-09-13T23:05:41Z,1.66,0
2026-09-13T23:06:41Z,1.92,0
2026-09-13T23:07:41Z,,0
2026-09-13T23:08:41Z,,0
2026-09-13T23:09:41Z,,0
2026-09-13T23:10:41Z,1.92,
2026-09-13T23:11:41Z,1.92,
2026-09-13T23:12:41Z,1.92,0
2026-09-13T23:13:41Z,1.92,0
2026-09-13T23:14:41Z,1.92,0
2026-09-13T23:15:41Z,,0
2026-09-13T23:16:41Z,,0
2026-09-13T23:17:41Z,1.92,
2026-09-13T23:18:41Z,1.92,
2026-09-13T23:19:41Z,1.92,0
2026-09-13T23:20:41Z,1.66,0
2026-09-13T23:21:41Z,1.66,0
2026-09-13T23:22:41Z,,0
2026-09-13T23:23:41Z,,0
2026-09-13T23:24:41Z,1.92,0
2026-09-13T23:25:41Z,1.66,
2026-09-13T23:26:41Z,1.66,
2026-09-13T23:27:41Z,1.66,0
2026-09-13T23:28:41Z,,0
2026-09-13T23:29:41Z,,0
2026-09-13T23:30:41Z,,0
2026-09-13T23:31:41Z,1.92,0
2026-09-13T23:32:41Z,1.92,
2026-09-13T23:33:41Z,1.92,
2026-09-13T23:34:41Z,1.92,0
2026-09-13T23:35:41Z,1.92,0
2026-09-13T23:36:41Z,,0
2026-09-13T23:37:41Z,,0
2026-09-13T23:38:41Z,1.92,0
2026-09-13T23:39:41Z,1.92,
2026-09-13T23:40:41Z,1.92,
2026-09-13T23:41:41Z,1.92,0
2026-09-13T23:42:41Z,2.18,0
2026-09-13T23:43:41Z,,0
2026-09-13T23:44:41Z,1.92,0
2026-09-13T23:45:41Z,1.92,0
2026-09-13T23:46:41Z,1.92,
2026-09-13T23:47:41Z,1.92,
2026-09-13T23:48:41Z,1.92,0
2026-09-13T23:49:41Z,,0
2026-09-13T23:50:41Z,,0
2026-09-13T23:51:41Z,1.92,0
2026-09-13T23:52:41Z,1.92,0
2026-09-13T23:53:41Z,1.92,
2026-09-13T23:54:41Z,1.66,0
2026-09-13T23:55:41Z,1.92,0
2026-09-13T23:56:41Z,,0
2026-09-13T23:57:41Z,,0
2026-09-13T23:58:41Z,,0
2026-09-13T23:59:41Z,,0
2026-09-14T00:00:41Z,1.92,
2026-09-14T00:01:41Z,1.92,
2026-09-14T00:02:41Z,1.92,
2026-09-14T00:03:41Z,1.92,0
2026-09-14T00:04:41Z,1.66,0
2026-09-14T00:05:41Z,1.92,0
2026-09-14T00:06:41Z,1.92,0
2026-09-14T00:07:41Z,1.92,0
2026-09-14T00:08:41Z,1.92,
2026-09-14T00:09:41Z,1.92,0
2026-09-14T00:10:41Z,1.92,0
2026-09-14T00:11:41Z,1.92,0
2026-09-14T00:12:41Z,1.92,0
2026-09-14T00:13:41Z,,0
2026-09-14T00:15:41Z,1.92,0
2026-09-14T00:16:41Z,1.92,0
2026-09-14T00:17:41Z,1.92,0
2026-09-14T00:18:41Z,1.66,0
2026-09-14T00:19:41Z,1.92,0
2026-09-14T00:21:41Z,1.92,0
2026-09-14T00:22:41Z,1.92,0
2026-09-14T00:23:41Z,1.92,0
2026-09-14T00:24:41Z,1.92,0
2026-09-14T00:25:41Z,1.92,0
2026-09-14T00:27:41Z,1.92,0
2026-09-14T00:28:41Z,1.92,0
2026-09-14T00:29:41Z,1.92,0
2026-09-14T00:30:41Z,1.92,0
2026-09-14T00:31:41Z,1.92,0
2026-09-14T00:33:41Z,1.92,0
2026-09-14T00:34:41Z,1.92,0
2026-09-14T00:35:41Z,1.66,0
2026-09-14T00:36:41Z,1.92,0
2026-09-14T00:37:41Z,1.92,0
2026-09-14T00:39:41Z,1.92,0
2026-09-14T00:40:41Z,1.92,0
2026-09-14T00:41:41Z,1.92,0
2026-09-14T00:42:41Z,1.92,0
2026-09-14T00:43:41Z,1.92,0
2026-09-14T00:45:41Z,1.92,0
2026-09-14T00:46:41Z,1.92,0
2026-09-14T00:47:41Z,1.92,0
2026-09-14T00:48:41Z,1.92,0
2026-09-14T00:49:41Z,1.92,0
2026-09-14T00:51:41Z,1.92,0
2026-09-14T00:52:41Z,1.92,0
2026-09-14T00:53:41Z,1.92,0
2026-09-14T00:54:41Z,1.92,0
2026-09-14T00:55:41Z,1.92,0
2026-09-14T00:58:41Z,1.66,0
2026-09-14T00:59:41Z,1.92,0
2026-09-14T01:00:41Z,1.92,0
2026-09-14T01:01:41Z,1.92,0
2026-09-14T01:02:41Z,1.92,0
2026-09-14T01:04:41Z,1.92,0
2026-09-14T01:05:41Z,1.92,0
2026-09-14T01:06:41Z,1.92,0
2026-09-14T01:07:41Z,1.92,0
2026-09-14T01:08:41Z,1.92,0
2026-09-14T01:10:41Z,,0
2026-09-14T01:11:41Z,1.92,0
2026-09-14T01:12:41Z,1.92,0
2026-09-14T01:13:41Z,2.18,0
2026-09-14T01:14:41Z,1.92,0
2026-09-14T01:16:41Z,1.92,0
2026-09-14T01:17:41Z,1.92,0
2026-09-14T01:18:41Z,1.92,0
2026-09-14T01:19:41Z,1.92,0
2026-09-14T01:20:41Z,1.92,0
2026-09-14T01:22:41Z,1.92,0
2026-09-14T01:23:41Z,1.92,0
2026-09-14T01:24:41Z,1.92,0
2026-09-14T01:25:41Z,1.92,0
2026-09-14T01:26:41Z,1.92,0
2026-09-14T01:29:41Z,1.92,0
2026-09-14T01:30:41Z,1.92,0
2026-09-14T01:31:41Z,1.92,0
2026-09-14T01:32:41Z,2.18,0
2026-09-14T01:34:41Z,1.92,0
2026-09-14T01:35:41Z,1.92,0
2026-09-14T01:36:41Z,1.92,0
2026-09-14T01:37:41Z,1.92,0
2026-09-14T01:38:41Z,2.18,0
2026-09-14T01:41:41Z,1.92,0
2026-09-14T01:42:41Z,1.92,0
2026-09-14T01:43:41Z,1.92,0
2026-09-14T01:44:41Z,1.66,0
2026-09-14T01:45:41Z,1.66,0
2026-09-14T01:47:41Z,1.92,0
2026-09-14T01:48:41Z,1.92,0
2026-09-14T01:49:41Z,1.92,0
2026-09-14T01:50:41Z,2.18,0
2026-09-14T01:51:41Z,1.92,0
2026-09-14T01:53:41Z,1.92,0
2026-09-14T01:54:41Z,1.92,0
2026-09-14T01:55:41Z,1.92,0
2026-09-14T01:56:41Z,1.92,0
2026-09-14T01:57:41Z,1.66,0
2026-09-14T02:00:41Z,1.92,0
2026-09-14T02:01:41Z,1.92,0
2026-09-14T02:02:41Z,1.92,0
2026-09-14T02:03:41Z,1.92,0
2026-09-14T02:04:41Z,1.92,0
2026-09-14T02:07:41Z,,0
2026-09-14T02:08:41Z,1.92,0
2026-09-14T02:09:41Z,1.92,0
2026-09-14T02:10:41Z,1.66,0
2026-09-14T02:11:41Z,1.92,0
2026-09-14T02:13:41Z,1.92,0
2026-09-14T02:14:41Z,1.92,0
2026-09-14T02:15:41Z,1.92,0
2026-09-14T02:16:41Z,1.92,0
2026-09-14T02:17:41Z,1.92,0
2026-09-14T02:18:41Z,,0
2026-09-14T02:19:41Z,1.92,0
2026-09-14T02:20:41Z,1.92,0
2026-09-14T02:21:41Z,1.92,0
2026-09-14T02:22:41Z,1.92,0
2026-09-14T02:23:41Z,1.92,
2026-09-14T02:25:41Z,,0
2026-09-14T02:26:41Z,1.92,0
2026-09-14T02:27:41Z,1.92,0
2026-09-14T02:28:41Z,1.92,0
2026-09-14T02:29:41Z,1.92,0
2026-09-14T02:30:41Z,1.92,
2026-09-14T02:32:41Z,,0
2026-09-14T02:33:41Z,1.92,0
2026-09-14T02:34:41Z,1.92,0
2026-09-14T02:35:41Z,1.92,0
2026-09-14T02:36:41Z,1.92,0
2026-09-14T02:38:41Z,,0
2026-09-14T02:39:41Z,1.92,0
2026-09-14T02:40:41Z,1.92,0
2026-09-14T02:41:41Z,1.92,0
2026-09-14T02:42:41Z,1.92,0
2026-09-14T02:44:41Z,,0
2026-09-14T02:45:41Z,1.92,0
2026-09-14T02:46:41Z,1.66,0
2026-09-14T02:47:41Z,1.92,0
2026-09-14T02:48:41Z,1.92,0
2026-09-14T02:49:41Z,1.66,
2026-09-14T02:51:41Z,,0
2026-09-14T02:52:41Z,1.92,0
2026-09-14T02:53:41Z,1.92,0
2026-09-14T02:54:41Z,1.92,0
2026-09-14T02:55:41Z,1.92,0
2026-09-14T02:58:41Z,1.92,0
2026-09-14T02:59:41Z,1.92,0
2026-09-14T03:00:41Z,1.92,0
2026-09-14T03:01:41Z,1.92,0
2026-09-14T03:02:41Z,1.92,
2026-09-14T03:04:41Z,1.92,0
2026-09-14T03:05:41Z,1.92,0
2026-09-14T03:06:41Z,1.92,0
2026-09-14T03:07:41Z,1.66,0
2026-09-14T03:08:41Z,1.66,0
2026-09-14T03:09:41Z,1.92,0
2026-09-14T03:10:41Z,1.92,0
2026-09-14T03:12:41Z,1.92,0
2026-09-14T03:13:41Z,1.92,0
2026-09-14T03:14:41Z,1.92,0
2026-09-14T03:15:41Z,1.92,0
2026-09-14T03:16:41Z,1.92,0
2026-09-14T03:18:41Z,1.92,0
2026-09-14T03:19:41Z,1.66,0
2026-09-14T03:20:41Z,1.92,0
2026-09-14T03:21:41Z,1.92,0
2026-09-14T03:22:41Z,1.66,0
2026-09-14T03:24:41Z,1.92,0
2026-09-14T03:25:41Z,1.92,0
2026-09-14T03:26:41Z,1.66,0
2026-09-14T03:27:41Z,1.92,0
2026-09-14T03:28:41Z,1.92,0
2026-09-14T03:31:41Z,1.92,0
2026-09-14T03:32:41Z,1.92,0
2026-09-14T03:33:41Z,1.92,0
2026-09-14T03:34:41Z,1.92,0
2026-09-14T03:35:41Z,1.92,0
2026-09-14T03:37:41Z,1.92,0
2026-09-14T03:38:41Z,1.92,0
2026-09-14T03:39:41Z,1.92,0
2026-09-14T03:40:41Z,1.92,0
2026-09-14T03:41:41Z,1.66,0
2026-09-14T03:43:41Z,1.66,0
2026-09-14T03:44:41Z,1.92,0
2026-09-14T03:45:41Z,1.92,0
2026-09-14T03:46:41Z,1.92,0
2026-09-14T03:47:41Z,1.66,0
2026-09-14T03:49:41Z,1.92,0
2026-09-14T03:50:41Z,1.66,0
2026-09-14T03:51:41Z,1.92,0
2026-09-14T03:52:41Z,1.92,0
2026-09-14T03:53:41Z,1.92,0
2026-09-14T03:55:41Z,1.66,0
2026-09-14T03:56:41Z,1.92,0
2026-09-14T03:57:41Z,1.92,0
2026-09-14T03:58:41Z,1.92,0
2026-09-14T03:59:41Z,1.92,0
2026-09-14T04:00:41Z,1.92,0
2026-09-14T04:03:41Z,1.92,
2026-09-14T04:04:41Z,1.92,0
2026-09-14T04:05:41Z,1.66,0
2026-09-14T04:06:41Z,1.66,0
2026-09-14T04:07:41Z,1.66,0
2026-09-14T04:09:41Z,1.66,0
2026-09-14T04:10:41Z,1.92,0
2026-09-14T04:11:41Z,1.92,0
2026-09-14T04:12:41Z,1.92,0
2026-09-14T04:13:41Z,1.66,0
2026-09-14T04:15:41Z,1.66,0
2026-09-14T04:16:41Z,1.66,0
2026-09-14T04:17:41Z,1.66,0
2026-09-14T04:18:41Z,1.66,0
2026-09-14T04:19:41Z,1.66,0
2026-09-14T04:22:41Z,1.92,0
2026-09-14T04:23:41Z,1.92,0
2026-09-14T04:24:41Z,1.92,0
2026-09-14T04:25:41Z,1.66,0
2026-09-14T04:26:41Z,1.66,0
2026-09-14T04:29:41Z,1.66,0
2026-09-14T04:30:41Z,1.66,0
2026-09-14T04:31:41Z,1.66,0
2026-09-14T04:32:41Z,1.66,0
2026-09-14T04:34:41Z,1.66,
2026-09-14T04:35:41Z,1.66,0
2026-09-14T04:36:41Z,1.92,0
2026-09-14T04:37:41Z,1.92,0
2026-09-14T04:38:41Z,1.92,0
2026-09-14T04:39:41Z,1.66,0
2026-09-14T04:40:41Z,1.92,
2026-09-14T04:41:41Z,1.66,
2026-09-14T04:42:41Z,1.66,
2026-09-14T04:43:41Z,1.92,
2026-09-14T04:44:41Z,1.92,
2026-09-14T06:00:41Z,,0
2026-09-14T06:02:41Z,1.66,
2026-09-14T06:03:41Z,1.66,0
2026-09-14T06:04:41Z,1.92,0
2026-09-14T06:05:41Z,1.66,0
2026-09-14T06:06:41Z,1.66,0
2026-09-14T06:07:41Z,,0
2026-09-14T06:10:41Z,1.66,
2026-09-14T06:11:41Z,1.92,0
2026-09-14T06:12:41Z,1.66,0
2026-09-14T06:13:41Z,1.66,0
2026-09-14T06:14:41Z,1.66,0
2026-09-14T06:15:41Z,,0
2026-09-14T06:16:41Z,1.66,
2026-09-14T06:17:41Z,1.66,0
2026-09-14T06:18:41Z,1.66,0
2026-09-14T06:19:41Z,1.66,0
2026-09-14T06:20:41Z,1.66,0
2026-09-14T06:21:41Z,,0
2026-09-14T06:23:41Z,1.66,0
2026-09-14T06:24:41Z,1.66,0
2026-09-14T06:25:41Z,1.66,0
2026-09-14T06:26:41Z,1.66,0
2026-09-14T06:27:41Z,,0
2026-09-14T06:29:41Z,1.66,
2026-09-14T06:30:41Z,1.66,0
2026-09-14T06:31:41Z,1.66,0
2026-09-14T06:32:41Z,1.66,0
2026-09-14T06:33:41Z,1.66,0
2026-09-14T06:34:41Z,,0
2026-09-14T06:35:41Z,1.66,
2026-09-14T06:36:41Z,1.66,
2026-09-14T06:37:41Z,1.66,0
2026-09-14T06:38:41Z,1.66,0
2026-09-14T06:39:41Z,1.66,0
2026-09-14T06:40:41Z,,0
2026-09-14T06:41:41Z,,0
2026-09-14T06:42:41Z,1.66,
2026-09-14T06:43:41Z,1.66,0
2026-09-14T06:44:41Z,1.66,0
2026-09-14T06:45:41Z,1.66,0
2026-09-14T06:46:41Z,1.66,0
2026-09-14T06:47:41Z,,0
2026-09-14T06:48:41Z,1.66,
2026-09-14T06:49:41Z,1.66,0
2026-09-14T06:50:41Z,1.66,0
2026-09-14T06:51:41Z,1.66,0
2026-09-14T06:52:41Z,1.66,0
2026-09-14T06:53:41Z,1.66,0
2026-09-14T06:54:41Z,1.66,0
2026-09-14T06:55:41Z,,0
2026-09-14T06:56:41Z,1.66,0
2026-09-14T06:57:41Z,1.66,0
2026-09-14T06:58:41Z,1.66,0
2026-09-14T06:59:41Z,1.66,0
2026-09-14T07:00:41Z,1.66,0
2026-09-14T07:03:41Z,1.66,0
2026-09-14T07:04:41Z,1.66,0
2026-09-14T07:05:41Z,1.66,0
2026-09-14T07:06:41Z,1.66,0
2026-09-14T07:07:41Z,,0
2026-09-14T07:09:41Z,1.66,0
2026-09-14T07:10:41Z,1.66,0
2026-09-14T07:11:41Z,1.66,0
2026-09-14T07:12:41Z,1.66,0
2026-09-14T07:13:41Z,1.66,0
2026-09-14T07:16:41Z,1.66,0
2026-09-14T07:17:41Z,1.66,0
2026-09-14T07:18:41Z,1.66,0
2026-09-14T07:19:41Z,1.66,0
2026-09-14T07:20:41Z,1.66,0
2026-09-14T07:22:41Z,1.66,0
2026-09-14T07:23:41Z,1.66,0
2026-09-14T07:24:41Z,1.66,0
2026-09-14T07:25:41Z,1.66,0
2026-09-14T07:26:41Z,1.66,0
2026-09-14T07:28:41Z,1.66,0
2026-09-14T07:29:41Z,1.66,0
2026-09-14T07:30:41Z,1.66,0
2026-09-14T07:31:41Z,1.66,0
2026-09-14T07:32:41Z,1.66,0
2026-09-14T07:34:41Z,1.66,0
2026-09-14T07:35:41Z,1.66,0
2026-09-14T07:36:41Z,1.66,0
2026-09-14T07:37:41Z,1.66,0
2026-09-14T07:38:41Z,,0
2026-09-14T07:40:41Z,1.66,0
2026-09-14T07:41:41Z,1.66,0
2026-09-14T07:42:41Z,1.66,0
2026-09-14T07:43:41Z,1.66,0
2026-09-14T07:44:41Z,1.66,0
2026-09-14T07:46:41Z,1.66,0
2026-09-14T07:47:41Z,1.66,0
2026-09-14T07:48:41Z,1.66,0
2026-09-14T07:49:41Z,1.66,0
2026-09-14T07:50:41Z,1.66,0
2026-09-14T07:52:41Z,1.66,0
2026-09-14T07:53:41Z,1.66,0
2026-09-14T07:54:41Z,1.66,0
2026-09-14T07:55:41Z,1.66,0
2026-09-14T07:57:41Z,1.66,0
2026-09-14T07:58:41Z,1.66,0
2026-09-14T07:59:41Z,1.66,0
2026-09-14T08:00:41Z,1.66,0
2026-09-14T08:01:41Z,1.66,0
2026-09-14T08:03:41Z,1.66,0
2026-09-14T08:04:41Z,1.66,0
2026-09-14T08:05:41Z,1.66,0
2026-09-14T08:06:41Z,1.66,0
2026-09-14T08:07:41Z,1.66,0
2026-09-14T08:09:41Z,1.66,0
2026-09-14T08:10:41Z,1.66,0
2026-09-14T08:11:41Z,1.66,0
2026-09-14T08:53:33Z,1.66,0
2026-09-14T08:54:33Z,1.66,0
2026-09-14T08:55:33Z,1.66,0
2026-09-14T08:56:33Z,1.66,0
2026-09-14T08:57:33Z,1.66,0
2026-09-14T08:58:33Z,1.66,0
2026-09-14T08:59:33Z,1.92,0
2026-09-14T09:00:33Z,1.92,0
2026-09-14T09:01:33Z,1.92,0
2026-09-14T09:02:33Z,1.66,0
2026-09-14T09:03:33Z,1.66,0
2026-09-14T09:04:33Z,1.66,0
2026-09-14T09:06:33Z,1.66,
2026-09-14T09:07:33Z,1.66,0
2026-09-14T09:08:33Z,1.66,0
2026-09-14T09:09:33Z,1.66,0
2026-09-14T09:10:33Z,1.66,0
2026-09-14T09:12:33Z,1.66,0
2026-09-14T09:13:33Z,1.66,0
2026-09-14T09:14:33Z,1.66,0
2026-09-14T09:15:33Z,1.66,0
2026-09-14T09:16:33Z,1.66,0
2026-09-14T09:18:33Z,1.66,0
2026-09-14T09:19:33Z,1.66,0
2026-09-14T09:20:33Z,1.66,0
2026-09-14T09:21:33Z,1.66,0
2026-09-14T09:23:33Z,1.66,0
2026-09-14T09:24:33Z,1.66,0
2026-09-14T09:25:33Z,1.66,0
2026-09-14T09:26:33Z,1.66,0
2026-09-14T09:29:33Z,1.66,0
2026-09-14T09:30:33Z,1.66,0
2026-09-14T09:31:33Z,1.66,0
2026-09-14T09:32:33Z,1.66,0
2026-09-14T09:34:33Z,1.66,0
2026-09-14T09:35:33Z,1.66,0
2026-09-14T09:36:33Z,1.66,0
2026-09-14T09:37:33Z,1.66,0
2026-09-14T09:38:33Z,1.66,0
2026-09-14T09:40:33Z,1.66,0
2026-09-14T09:41:33Z,1.66,0
2026-09-14T09:42:33Z,1.66,0
2026-09-14T09:43:33Z,1.66,0
2026-09-14T09:45:33Z,1.66,0
2026-09-14T09:46:33Z,1.66,0
2026-09-14T09:47:33Z,1.66,0
2026-09-14T09:48:33Z,1.66,0
2026-09-14T09:49:33Z,1.66,0
2026-09-14T09:51:33Z,1.66,0
2026-09-14T09:52:33Z,1.66,0
2026-09-14T09:53:33Z,1.66,0
2026-09-14T09:54:33Z,1.66,0
2026-09-14T09:56:33Z,1.66,
2026-09-14T09:57:33Z,1.66,0
2026-09-14T09:58:33Z,1.66,0
2026-09-14T09:59:33Z,1.66,0
2026-09-14T10:00:33Z,1.66,0
2026-09-14T10:01:33Z,,0
2026-09-14T10:02:33Z,1.66,
2026-09-14T10:03:33Z,1.66,0
2026-09-14T10:04:33Z,1.66,0
2026-09-14T10:05:33Z,1.66,0
2026-09-14T10:06:33Z,1.66,0
2026-09-14T10:08:33Z,1.66,0
2026-09-14T10:09:33Z,1.66,0
2026-09-14T10:10:33Z,1.66,0
2026-09-14T10:11:33Z,1.66,0
2026-09-14T10:12:33Z,,0
2026-09-14T10:13:33Z,1.66,
2026-09-14T10:14:33Z,1.66,0
2026-09-14T10:15:33Z,1.66,0
2026-09-14T10:16:33Z,1.66,0
2026-09-14T10:17:33Z,1.92,0
2026-09-14T10:19:33Z,1.66,0
2026-09-14T10:20:33Z,1.66,0
2026-09-14T10:21:33Z,1.66,0
2026-09-14T10:22:33Z,1.66,0
2026-09-14T10:24:33Z,1.66,0
2026-09-14T10:25:33Z,1.66,0
2026-09-14T10:26:33Z,1.66,0
2026-09-14T10:27:33Z,1.66,0
2026-09-14T12:02:33Z,1.92,0
2026-09-14T12:03:33Z,1.66,0
2026-09-14T12:04:33Z,1.92,0
2026-09-14T12:05:33Z,1.66,0
2026-09-14T12:08:33Z,1.66,0
2026-09-14T12:09:33Z,1.92,0
2026-09-14T12:10:33Z,1.92,0
2026-09-14T12:11:33Z,1.92,0
2026-09-14T12:12:33Z,1.66,
2026-09-14T12:13:33Z,1.66,0
2026-09-14T12:14:33Z,1.66,0
2026-09-14T12:15:33Z,1.66,0
2026-09-14T12:16:33Z,1.66,0
2026-09-14T12:17:33Z,1.66,
2026-09-14T12:18:33Z,1.92,0
2026-09-14T12:19:33Z,1.92,0
2026-09-14T12:20:33Z,1.92,0
2026-09-14T12:21:33Z,1.66,0
2026-09-14T12:23:33Z,1.66,0
2026-09-14T12:24:33Z,1.66,0
2026-09-14T12:25:33Z,1.92,0
2026-09-14T12:26:33Z,1.92,0
2026-09-14T12:27:33Z,1.66,0
2026-09-14T12:29:33Z,1.92,0
2026-09-14T12:30:33Z,1.66,0
2026-09-14T12:31:33Z,1.66,0
2026-09-14T12:32:33Z,1.66,0
2026-09-14T12:33:33Z,1.66,
2026-09-14T12:35:33Z,1.66,0
2026-09-14T12:36:33Z,1.66,0
2026-09-14T12:37:33Z,1.66,0
2026-09-14T12:38:33Z,1.66,0
2026-09-14T12:40:33Z,1.66,0
2026-09-14T12:41:33Z,1.66,0
2026-09-14T12:42:33Z,1.92,0
2026-09-14T12:43:33Z,1.66,0
2026-09-14T12:44:33Z,1.66,0
2026-09-14T12:46:33Z,1.66,0
2026-09-14T12:47:33Z,1.66,0
2026-09-14T12:48:33Z,1.92,0
2026-09-14T12:49:33Z,1.66,0
2026-09-14T12:50:33Z,1.66,0
2026-09-14T12:52:33Z,1.66,0
2026-09-14T12:53:33Z,1.66,0
2026-09-14T12:54:33Z,1.66,0
2026-09-14T12:55:33Z,1.66,0
2026-09-14T12:56:33Z,,0
2026-09-14T12:57:33Z,1.66,
2026-09-14T12:58:33Z,1.66,0
2026-09-14T12:59:33Z,1.66,0
2026-09-14T13:00:33Z,1.92,0
2026-09-14T13:01:33Z,1.92,0
2026-09-14T13:03:33Z,1.66,0
2026-09-14T13:04:33Z,1.66,0
2026-09-14T13:05:33Z,1.66,0
2026-09-14T13:06:33Z,1.92,0
2026-09-14T13:07:33Z,1.92,0
2026-09-14T13:09:33Z,1.66,
2026-09-14T13:10:33Z,1.66,0
2026-09-14T13:11:33Z,1.66,0
2026-09-14T13:12:33Z,1.66,0
2026-09-14T13:13:33Z,1.66,0
2026-09-14T13:15:33Z,1.92,0
2026-09-14T13:16:33Z,1.66,0
2026-09-14T13:17:33Z,1.66,0
2026-09-14T13:18:33Z,1.66,0
2026-09-14T13:19:33Z,1.66,0
2026-09-14T13:21:33Z,1.66,0
2026-09-14T13:22:33Z,1.92,0
2026-09-14T13:23:33Z,1.92,0
2026-09-14T13:24:33Z,1.66,0
2026-09-14T13:25:33Z,1.92,0
2026-09-14T13:27:33Z,1.92,0
2026-09-14T13:28:33Z,1.92,0
2026-09-14T13:29:33Z,1.92,0
2026-09-14T13:30:33Z,1.92,0
2026-09-14T13:31:33Z,1.92,0
2026-09-14T13:34:33Z,1.66,0
2026-09-14T13:35:33Z,1.66,0
2026-09-14T13:36:33Z,1.92,0
2026-09-14T13:37:33Z,1.92,0
2026-09-14T13:39:33Z,1.92,0
2026-09-14T13:40:33Z,1.92,0
2026-09-14T13:41:33Z,1.92,0
2026-09-14T13:42:33Z,1.92,0
2026-09-14T13:43:33Z,1.92,0
2026-09-14T13:44:33Z,1.66,0
2026-09-14T13:45:33Z,1.92,0
2026-09-14T13:46:33Z,1.92,0
2026-09-14T13:47:33Z,1.92,0
2026-09-14T13:48:33Z,1.66,0
2026-09-14T13:49:33Z,1.92,0
2026-09-14T13:50:33Z,1.92,0
2026-09-14T13:51:33Z,1.92,0
2026-09-14T13:52:33Z,1.92,0
2026-09-14T13:53:33Z,1.92,0
2026-09-14T13:54:33Z,1.92,0
2026-09-14T13:55:33Z,1.92,0
2026-09-14T13:56:33Z,1.66,0
2026-09-14T13:57:33Z,1.92,0
2026-09-14T13:58:33Z,1.92,0
2026-09-14T13:59:33Z,1.92,0
2026-09-14T14:02:33Z,1.92,0
2026-09-14T14:03:33Z,1.92,0
2026-09-14T14:04:33Z,1.92,0
2026-09-14T14:05:33Z,1.92,0
2026-09-14T14:07:33Z,1.92,0
2026-09-14T14:08:33Z,1.92,0
2026-09-14T14:09:33Z,1.92,0
2026-09-14T14:10:33Z,1.92,0
2026-09-14T14:11:33Z,1.92,0
2026-09-14T14:13:33Z,1.92,0
2026-09-14T14:14:33Z,1.92,0
2026-09-14T14:15:33Z,1.92,0
2026-09-14T14:16:33Z,1.92,0
2026-09-14T14:19:33Z,1.92,0
2026-09-14T14:20:33Z,1.92,0
2026-09-14T14:21:33Z,1.66,0
2026-09-14T14:22:33Z,1.92,0
2026-09-14T14:24:33Z,1.92,0
2026-09-14T14:25:33Z,1.92,0
2026-09-14T14:26:33Z,1.92,0
2026-09-14T14:27:33Z,1.92,0
2026-09-14T14:28:33Z,1.92,0
2026-09-14T14:30:33Z,1.92,0
2026-09-14T14:31:33Z,1.92,0
2026-09-14T14:32:33Z,1.92,0
2026-09-14T14:33:33Z,1.92,0
2026-09-14T14:34:33Z,1.92,0
2026-09-14T14:35:33Z,,0
2026-09-14T14:36:33Z,1.92,0
2026-09-14T14:37:33Z,1.92,0
2026-09-14T14:38:33Z,1.92,0
2026-09-14T14:39:33Z,1.66,0
2026-09-14T14:41:33Z,1.92,0
2026-09-14T14:42:33Z,1.92,0
2026-09-14T14:43:33Z,1.92,0
2026-09-14T14:44:33Z,1.92,0
2026-09-14T14:45:33Z,1.92,0
2026-09-14T14:47:33Z,1.92,0
2026-09-14T14:48:33Z,1.92,0
2026-09-14T14:49:33Z,1.92,0
2026-09-14T14:50:33Z,1.92,0
2026-09-14T14:51:33Z,1.92,0
2026-09-14T14:53:33Z,1.66,0
2026-09-14T14:54:33Z,1.92,0
2026-09-14T14:55:33Z,1.92,0
2026-09-14T14:56:33Z,1.92,0
2026-09-14T14:58:33Z,1.92,0
2026-09-14T14:59:33Z,1.92,0
2026-09-14T15:00:33Z,1.66,0
2026-09-14T15:01:33Z,1.92,0
2026-09-14T15:02:33Z,1.92,0
2026-09-14T15:04:33Z,,0
2026-09-14T15:05:33Z,1.66,0
2026-09-14T15:06:33Z,1.92,0
2026-09-14T15:07:33Z,1.92,0
2026-09-14T15:08:33Z,1.66,0
2026-09-14T15:09:33Z,1.66,
2026-09-14T15:11:33Z,1.92,0
2026-09-14T15:12:33Z,1.92,0
2026-09-14T15:13:33Z,1.92,0
2026-09-14T15:14:33Z,1.66,0
2026-09-14T15:15:33Z,1.66,
2026-09-14T15:16:33Z,1.66,0
2026-09-14T15:17:33Z,1.92,0
2026-09-14T15:18:33Z,1.92,0
2026-09-14T15:19:33Z,1.92,0
2026-09-14T15:20:33Z,1.92,0
2026-09-14T15:22:33Z,1.92,0
2026-09-14T15:23:33Z,1.92,0
2026-09-14T15:24:33Z,1.92,0
2026-09-14T15:25:33Z,1.92,0
2026-09-14T15:27:33Z,1.92,0
2026-09-14T15:28:33Z,1.66,0
2026-09-14T15:29:33Z,1.66,0
2026-09-14T15:30:33Z,1.66,0
2026-09-14T15:31:33Z,1.92,0
2026-09-14T15:33:33Z,1.66,0
2026-09-14T15:34:33Z,1.92,0
2026-09-14T15:35:33Z,1.92,0
2026-09-14T15:36:33Z,1.92,0
2026-09-14T15:38:33Z,1.92,0
2026-09-14T15:39:33Z,1.92,0
2026-09-14T15:40:33Z,1.92,0
2026-09-14T15:41:33Z,1.92,0
2026-09-14T15:42:33Z,1.92,0
2026-09-14T15:43:33Z,1.92,0
2026-09-14T15:44:33Z,1.92,0
2026-09-14T15:45:33Z,1.92,0
2026-09-14T15:46:33Z,1.92,0
2026-09-14T15:48:33Z,1.66,0
2026-09-14T15:49:33Z,1.92,0
2026-09-14T15:50:33Z,1.92,0
2026-09-14T15:51:33Z,1.92,0
2026-09-14T15:52:33Z,1.92,0
2026-09-14T15:53:33Z,1.92,0
2026-09-14T15:56:33Z,,0
2026-09-14T15:57:33Z,1.92,0
2026-09-14T15:58:33Z,2.18,0
2026-09-14T15:59:33Z,1.92,0
2026-09-14T16:00:33Z,1.66,0
2026-09-14T16:02:33Z,1.66,0
2026-09-14T16:03:33Z,1.92,0
2026-09-14T16:04:33Z,1.92,0
2026-09-14T16:05:33Z,1.92,0
2026-09-14T16:06:33Z,1.92,0
2026-09-14T16:08:33Z,1.66,0
2026-09-14T16:09:33Z,1.92,0
2026-09-14T16:10:33Z,1.92,0
2026-09-14T16:11:33Z,1.92,0
2026-09-14T16:12:33Z,1.92,0
2026-09-14T16:14:33Z,1.92,0
2026-09-14T16:15:33Z,1.92,0
2026-09-14T16:16:33Z,1.66,0
2026-09-14T16:17:33Z,1.66,0
2026-09-14T16:19:33Z,1.92,0
2026-09-14T16:20:33Z,1.92,0
2026-09-14T16:21:33Z,1.92,0
2026-09-14T16:22:33Z,1.92,0
2026-09-14T16:23:33Z,1.92,
2026-09-14T16:24:33Z,1.92,0
2026-09-14T16:25:33Z,1.92,0
2026-09-14T16:26:33Z,1.66,0
2026-09-14T16:27:33Z,1.92,0
2026-09-14T16:29:33Z,1.92,0
2026-09-14T16:30:33Z,1.92,0
2026-09-14T16:31:33Z,1.66,0
2026-09-14T16:32:33Z,1.92,0
2026-09-14T16:33:33Z,1.92,
2026-09-14T16:34:33Z,1.66,0
2026-09-14T16:35:33Z,1.66,0
2026-09-14T16:36:33Z,1.92,0
2026-09-14T16:37:33Z,1.92,0
2026-09-14T16:39:33Z,1.92,0
2026-09-14T16:40:33Z,1.92,0
2026-09-14T16:41:33Z,1.92,0
2026-09-14T16:42:33Z,1.92,0
2026-09-14T16:43:33Z,1.92,0
2026-09-14T16:44:33Z,1.92,0
2026-09-14T16:45:33Z,1.66,0
2026-09-14T16:46:33Z,1.66,0
2026-09-14T16:47:33Z,1.92,0
2026-09-14T16:48:33Z,1.92,0
2026-09-14T16:49:33Z,,0
2026-09-14T16:50:33Z,1.66,0
2026-09-14T16:51:33Z,1.66,0
2026-09-14T16:52:33Z,1.66,0
2026-09-14T16:53:33Z,1.92,0
2026-09-14T16:54:33Z,1.92,0
2026-09-14T16:55:33Z,1.92,0
2026-09-14T16:58:33Z,1.92,0
2026-09-14T16:59:33Z,1.92,0
2026-09-14T17:00:33Z,1.92,0
2026-09-14T17:01:33Z,1.92,0
2026-09-14T17:04:33Z,1.92,0
2026-09-14T17:05:33Z,1.92,0
2026-09-14T17:06:33Z,1.92,0
2026-09-14T17:07:33Z,1.92,0
2026-09-14T17:08:33Z,1.92,0
2026-09-14T17:11:33Z,1.92,0
2026-09-14T17:12:33Z,1.66,0
2026-09-14T17:13:33Z,1.92,0
2026-09-14T17:14:33Z,1.92,0
2026-09-14T17:16:33Z,1.66,0
2026-09-14T17:17:33Z,1.92,0
2026-09-14T17:18:33Z,1.92,0
2026-09-14T17:19:33Z,1.92,0
2026-09-14T17:20:33Z,1.92,0
2026-09-14T17:22:33Z,1.92,0
2026-09-14T17:23:33Z,1.66,0
2026-09-14T17:24:33Z,1.92,0
2026-09-14T17:25:33Z,1.92,0
2026-09-14T17:26:33Z,1.92,0
2026-09-14T17:28:33Z,1.92,0
2026-09-14T17:29:33Z,1.92,0
2026-09-14T17:30:33Z,1.92,0
2026-09-14T17:31:33Z,1.92,0
2026-09-14T17:32:33Z,1.92,0
2026-09-14T17:34:33Z,1.92,0
2026-09-14T17:35:33Z,1.66,0
2026-09-14T17:36:33Z,1.92,0
2026-09-14T17:37:33Z,1.92,0
2026-09-14T17:38:33Z,1.92,0
2026-09-14T17:40:33Z,1.66,0
2026-09-14T17:41:33Z,1.66,0
2026-09-14T17:42:33Z,1.92,0
2026-09-14T17:43:33Z,1.92,0
2026-09-14T17:45:33Z,1.92,0
2026-09-14T17:46:33Z,1.66,0
2026-09-14T17:47:33Z,1.92,0
2026-09-14T17:48:33Z,1.92,0
2026-09-14T17:49:33Z,1.66,0
2026-09-14T17:50:33Z,1.66,0
2026-09-14T17:51:33Z,1.66,0
2026-09-14T17:52:33Z,1.66,0
2026-09-14T17:53:33Z,1.92,0
2026-09-14T17:54:33Z,1.92,0
2026-09-14T17:55:33Z,1.92,0
2026-09-14T17:56:33Z,1.66,0
2026-09-14T17:57:33Z,1.92,0
2026-09-14T17:58:33Z,1.66,0
2026-09-14T17:59:33Z,1.92,0
2026-09-14T18:00:33Z,1.92,0
2026-09-14T18:02:33Z,,0
2026-09-14T18:03:33Z,1.66,0
2026-09-14T18:04:33Z,1.66,0
2026-09-14T18:05:33Z,1.66,0
2026-09-14T18:06:33Z,1.92,0
2026-09-14T18:07:33Z,1.92,
2026-09-14T18:08:33Z,,0
2026-09-14T18:09:33Z,1.66,0
2026-09-14T18:10:33Z,1.92,0
2026-09-14T18:11:33Z,1.92,0
2026-09-14T18:12:33Z,1.92,0
2026-09-14T18:13:33Z,1.92,
2026-09-14T18:14:33Z,1.92,0
2026-09-14T18:15:33Z,1.92,0
2026-09-14T18:16:33Z,1.92,0
2026-09-14T18:17:33Z,1.92,0
2026-09-14T18:19:33Z,1.92,0
2026-09-14T18:20:33Z,1.92,0
2026-09-14T18:21:33Z,1.92,0
2026-09-14T18:22:33Z,1.92,0
2026-09-14T18:23:33Z,1.92,
2026-09-14T18:24:33Z,1.92,0
2026-09-14T18:25:33Z,1.66,0
2026-09-14T18:26:33Z,1.92,0
2026-09-14T18:27:33Z,1.92,0
2026-09-14T18:28:33Z,1.92,
2026-09-14T18:29:33Z,,0
2026-09-14T18:30:33Z,1.92,0
2026-09-14T18:31:33Z,1.92,0
2026-09-14T18:32:33Z,1.92,0
2026-09-14T18:33:33Z,1.92,0
2026-09-14T18:34:33Z,1.92,0
2026-09-14T18:35:33Z,1.92,0
2026-09-14T18:36:33Z,1.92,0
2026-09-14T18:37:33Z,1.92,0
2026-09-14T18:38:33Z,1.92,0
2026-09-14T18:39:33Z,1.92,0
2026-09-14T18:40:33Z,,0
2026-09-14T18:41:33Z,1.92,0
2026-09-14T18:42:33Z,1.92,0
2026-09-14T18:43:33Z,1.92,0
2026-09-14T18:44:33Z,1.92,
2026-09-14T18:45:33Z,,0
2026-09-14T18:46:33Z,1.92,0
2026-09-14T18:47:33Z,1.92,0
2026-09-14T18:48:33Z,1.92,0
2026-09-14T18:49:33Z,1.92,0
2026-09-14T18:50:33Z,1.92,0
2026-09-14T18:51:33Z,,0
2026-09-14T18:52:33Z,1.66,0
2026-09-14T18:53:33Z,1.92,0
2026-09-14T18:54:33Z,1.66,0
2026-09-14T18:55:33Z,1.92,0
2026-09-14T18:56:33Z,,0
2026-09-14T18:57:33Z,,0
2026-09-14T18:58:33Z,1.92,0
2026-09-14T18:59:33Z,1.92,0
2026-09-14T19:00:33Z,1.66,0
2026-09-14T19:01:33Z,1.92,
2026-09-14T19:02:33Z,,0
2026-09-14T19:03:33Z,,0
2026-09-14T19:04:33Z,1.66,0
2026-09-14T19:05:33Z,1.92,0
2026-09-14T19:06:33Z,1.92,0
2026-09-14T19:07:33Z,1.66,
2026-09-14T19:09:33Z,,0
2026-09-14T19:10:33Z,1.92,0
2026-09-14T19:11:33Z,1.92,0
2026-09-14T19:12:33Z,1.92,0
2026-09-14T19:13:33Z,1.92,0
2026-09-14T19:14:33Z,1.92,
2026-09-14T19:15:33Z,,0
2026-09-14T19:16:33Z,1.66,0
2026-09-14T19:17:33Z,1.66,0
2026-09-14T19:18:33Z,1.66,0
2026-09-14T19:19:33Z,1.66,
2026-09-14T19:20:33Z,,0
2026-09-14T19:21:33Z,1.92,0
2026-09-14T19:22:33Z,1.66,0
2026-09-14T19:23:33Z,1.66,0
2026-09-14T19:24:33Z,1.66,0
2026-09-14T19:25:33Z,1.92,
2026-09-14T19:26:33Z,,0
2026-09-14T19:27:33Z,1.92,0
2026-09-14T19:28:33Z,1.92,0
2026-09-14T19:29:33Z,1.92,0
2026-09-14T19:30:33Z,1.92,0
2026-09-14T19:31:33Z,1.92,
2026-09-14T19:32:33Z,,0
2026-09-14T19:33:33Z,,0
2026-09-14T19:34:33Z,1.92,0
2026-09-14T19:35:33Z,1.92,0
2026-09-14T19:36:33Z,1.66,0
2026-09-14T19:37:33Z,1.92,
2026-09-14T19:38:33Z,,0
2026-09-14T19:39:33Z,1.92,0
2026-09-14T19:40:33Z,1.92,0
2026-09-14T19:41:33Z,1.92,0
2026-09-14T19:42:33Z,1.92,0
2026-09-14T19:43:33Z,1.92,
2026-09-14T19:44:33Z,,0
2026-09-14T19:45:33Z,1.92,0
2026-09-14T19:46:33Z,1.66,0
2026-09-14T19:47:33Z,1.92,0
2026-09-14T19:48:33Z,1.92,
2026-09-14T19:49:33Z,1.92,0
2026-09-14T19:50:33Z,,0
2026-09-14T19:51:33Z,1.92,0
2026-09-14T19:52:33Z,1.92,0
2026-09-14T19:53:33Z,1.92,0
2026-09-14T19:54:33Z,1.92,
2026-09-14T19:55:33Z,1.92,0
2026-09-14T19:56:33Z,,0
2026-09-14T19:57:33Z,1.66,0
2026-09-14T19:58:33Z,1.66,0
2026-09-14T19:59:33Z,1.92,0
2026-09-14T20:00:33Z,1.92,
2026-09-14T20:01:33Z,1.92,
2026-09-14T20:02:33Z,,0
2026-09-14T20:03:33Z,1.92,0
2026-09-14T20:04:33Z,1.92,0
2026-09-14T20:05:33Z,2.18,0
2026-09-14T20:06:33Z,1.92,
2026-09-14T20:07:33Z,1.92,0
2026-09-14T20:08:33Z,1.92,0
2026-09-14T20:09:33Z,1.92,0
2026-09-14T20:10:33Z,1.66,0
2026-09-14T20:11:33Z,1.66,0
2026-09-14T20:12:33Z,1.92,0
2026-09-14T20:13:33Z,1.92,
2026-09-14T20:14:33Z,1.66,0
2026-09-14T20:15:33Z,1.92,0
2026-09-14T20:16:33Z,1.92,0
2026-09-14T20:17:33Z,1.92,0
2026-09-14T20:19:33Z,1.66,0
2026-09-14T20:20:33Z,1.92,0
2026-09-14T20:21:33Z,1.92,0
2026-09-14T20:22:33Z,1.92,0
2026-09-14T20:23:33Z,,0
2026-09-14T20:24:33Z,1.92,
2026-09-14T20:25:33Z,1.66,0
2026-09-14T20:26:33Z,1.92,0
2026-09-14T20:27:33Z,1.92,0
2026-09-14T20:28:33Z,1.92,0
2026-09-14T20:29:33Z,,0
2026-09-14T20:30:33Z,1.92,0
2026-09-14T20:31:33Z,1.92,0
2026-09-14T20:32:33Z,1.92,0
2026-09-14T20:33:33Z,1.92,0
2026-09-14T20:34:33Z,1.92,0
2026-09-14T20:36:33Z,1.92,0
2026-09-14T20:37:33Z,1.92,0
2026-09-14T20:38:33Z,1.92,0
2026-09-14T20:39:33Z,1.92,0
2026-09-14T20:40:33Z,,0
2026-09-14T20:41:33Z,1.92,
2026-09-14T20:42:33Z,1.92,0
2026-09-14T20:43:33Z,1.66,0
2026-09-14T20:44:33Z,1.66,0
2026-09-14T20:45:33Z,1.66,0
2026-09-14T20:47:33Z,1.92,0
2026-09-14T20:48:33Z,1.92,0
2026-09-14T20:49:33Z,1.92,0
2026-09-14T20:50:33Z,1.92,0
2026-09-14T20:51:33Z,,0
2026-09-14T20:52:33Z,1.92,0
2026-09-14T20:53:33Z,1.92,0
2026-09-14T20:54:33Z,1.92,0
2026-09-14T20:55:33Z,1.66,0
2026-09-14T20:56:33Z,,0
2026-09-14T20:58:33Z,1.92,
2026-09-14T20:59:33Z,1.92,0
2026-09-14T21:00:33Z,1.92,0
2026-09-14T21:01:33Z,1.92,0
2026-09-14T21:02:33Z,,0
2026-09-14T21:03:33Z,1.92,
2026-09-14T21:04:33Z,1.92,0
2026-09-14T21:05:33Z,1.92,0
2026-09-14T21:06:33Z,1.92,0
2026-09-14T21:07:33Z,1.92,0
2026-09-14T21:08:33Z,,0
2026-09-14T21:09:33Z,1.92,
2026-09-14T21:10:33Z,1.66,0
2026-09-14T21:11:33Z,1.92,0
2026-09-14T21:12:33Z,1.92,0
2026-09-14T21:13:33Z,1.92,0
2026-09-14T21:14:33Z,,0
2026-09-14T21:15:33Z,1.92,
2026-09-14T21:16:33Z,1.92,0
2026-09-14T21:17:33Z,1.92,0
2026-09-14T21:18:33Z,1.92,0
2026-09-14T21:19:33Z,1.92,0
2026-09-14T21:20:33Z,,0
2026-09-14T21:21:33Z,1.92,
2026-09-14T21:22:33Z,1.92,0
2026-09-14T21:23:33Z,1.92,0
2026-09-14T21:24:33Z,1.92,0
2026-09-14T21:25:33Z,1.92,0
2026-09-14T21:26:33Z,,0
2026-09-14T21:27:33Z,1.92,
2026-09-14T21:28:33Z,1.92,0
2026-09-14T21:29:33Z,1.92,0
2026-09-14T21:30:33Z,1.92,0
2026-09-14T21:31:33Z,,0
2026-09-14T21:32:33Z,1.92,
2026-09-14T21:33:33Z,1.92,0
2026-09-14T21:34:33Z,2.18,0
2026-09-14T21:35:33Z,1.92,0
2026-09-14T21:36:33Z,1.92,0
2026-09-14T21:38:33Z,1.92,0
2026-09-14T21:39:33Z,1.66,0
2026-09-14T21:40:33Z,1.92,0
2026-09-14T21:41:33Z,1.92,0
2026-09-14T21:42:33Z,,0
2026-09-14T21:43:33Z,1.92,
2026-09-14T21:44:33Z,2.18,0
2026-09-14T21:45:33Z,1.92,0
2026-09-14T21:46:33Z,1.92,0
2026-09-14T21:47:33Z,1.92,0
2026-09-14T21:48:33Z,,0
2026-09-14T21:49:33Z,1.92,
2026-09-14T21:50:33Z,1.92,0
2026-09-14T21:51:33Z,1.92,0
2026-09-14T21:52:33Z,1.92,0
2026-09-14T21:53:33Z,1.92,0
2026-09-14T21:54:33Z,2.18,0
2026-09-14T21:55:33Z,1.92,0
2026-09-14T21:56:33Z,1.92,0
2026-09-14T21:57:33Z,1.92,0
2026-09-14T21:58:33Z,1.92,0
2026-09-14T21:59:33Z,1.92,0
2026-09-14T22:00:33Z,,0
2026-09-14T22:02:33Z,1.92,
2026-09-14T22:03:33Z,1.92,0
2026-09-14T22:04:33Z,1.92,0
2026-09-14T22:05:33Z,1.92,0
2026-09-14T22:06:33Z,,0
2026-09-14T22:07:33Z,,0
2026-09-14T22:08:33Z,1.92,
2026-09-14T22:09:33Z,1.92,0
2026-09-14T22:10:33Z,1.92,0
2026-09-14T22:11:33Z,1.66,0
2026-09-14T22:12:33Z,1.66,0
2026-09-14T22:13:33Z,1.92,0
2026-09-14T22:14:33Z,1.92,0
2026-09-14T22:15:33Z,2.18,0
2026-09-14T22:16:33Z,1.92,0
2026-09-14T22:17:33Z,1.92,0
2026-09-14T22:18:33Z,,0
2026-09-14T22:19:33Z,1.92,
2026-09-14T22:20:33Z,2.18,0
2026-09-14T22:21:33Z,1.92,0
2026-09-14T22:22:33Z,1.92,0
2026-09-14T22:23:33Z,,0
2026-09-14T22:24:33Z,1.92,0
2026-09-14T22:25:33Z,1.92,
2026-09-14T22:26:33Z,1.92,
2026-09-14T22:27:33Z,2.18,0
2026-09-14T22:28:33Z,2.18,0
2026-09-14T22:29:33Z,,0
2026-09-14T22:30:33Z,,0
2026-09-14T22:31:33Z,1.92,
2026-09-14T22:32:33Z,1.92,0
2026-09-14T22:33:33Z,1.92,0
2026-09-14T22:34:33Z,1.92,0
2026-09-14T22:35:33Z,1.92,0
2026-09-14T22:36:33Z,1.92,0
2026-09-14T22:37:33Z,1.92,0
2026-09-14T22:38:33Z,1.92,0
2026-09-14T22:39:33Z,1.92,0
2026-09-14T22:40:33Z,1.92,0
2026-09-14T22:41:33Z,1.92,0
2026-09-14T22:42:33Z,1.92,0
2026-09-14T22:43:33Z,1.92,0
2026-09-14T22:44:33Z,1.92,0
2026-09-14T22:45:33Z,,0
2026-09-14T22:46:33Z,1.92,0
2026-09-14T22:47:33Z,2.18,
2026-09-14T22:48:33Z,1.92,0
2026-09-14T22:49:33Z,1.92,0
2026-09-14T22:50:33Z,1.92,0
2026-09-14T22:51:33Z,,0
2026-09-14T22:52:33Z,1.92,0
2026-09-14T22:53:33Z,1.92,
2026-09-14T22:54:33Z,1.92,0
2026-09-14T22:55:33Z,1.92,0
2026-09-14T22:56:33Z,,0
2026-09-14T22:57:33Z,,0
2026-09-14T22:58:33Z,1.92,
2026-09-14T22:59:33Z,1.92,
2026-09-14T23:00:33Z,1.92,0
2026-09-14T23:01:33Z,1.92,0
2026-09-14T23:02:33Z,,0
2026-09-14T23:03:33Z,,0
2026-09-14T23:04:33Z,1.92,0
2026-09-14T23:05:33Z,1.92,
2026-09-14T23:06:33Z,1.92,0
2026-09-14T23:07:33Z,1.92,0
2026-09-14T23:08:33Z,,0
2026-09-14T23:09:33Z,,0
2026-09-14T23:10:33Z,1.92,0
2026-09-14T23:11:33Z,1.92,
2026-09-14T23:12:33Z,1.92,0
2026-09-14T23:13:33Z,1.92,0
2026-09-14T23:14:33Z,2.18,0
2026-09-14T23:15:33Z,,0
2026-09-14T23:16:33Z,1.92,0
2026-09-14T23:17:33Z,2.18,
2026-09-14T23:18:33Z,1.92,0
2026-09-14T23:19:33Z,1.92,0
2026-09-14T23:20:33Z,1.92,0
2026-09-14T23:21:33Z,,0
2026-09-14T23:22:33Z,1.92,0
2026-09-14T23:23:33Z,1.92,
2026-09-14T23:24:33Z,2.18,0
2026-09-14T23:25:33Z,1.92,0
2026-09-14T23:26:33Z,1.92,0
2026-09-14T23:27:33Z,,0
2026-09-14T23:28:33Z,,0
2026-09-14T23:29:33Z,1.92,
2026-09-14T23:30:33Z,1.92,
2026-09-14T23:31:33Z,1.66,0
2026-09-14T23:32:33Z,1.92,0
2026-09-14T23:33:33Z,,0
2026-09-14T23:34:33Z,1.92,0
2026-09-14T23:35:33Z,1.92,0
2026-09-14T23:36:33Z,1.92,
2026-09-14T23:37:33Z,1.92,0
2026-09-14T23:38:33Z,1.92,0
2026-09-14T23:39:33Z,,0
2026-09-14T23:40:33Z,1.92,0
2026-09-14T23:41:33Z,1.92,
2026-09-14T23:42:33Z,2.18,0
2026-09-14T23:43:33Z,2.18,0
2026-09-14T23:44:33Z,2.18,0
2026-09-14T23:45:33Z,,0
2026-09-14T23:46:33Z,1.92,0
2026-09-14T23:47:33Z,1.92,
2026-09-14T23:48:33Z,2.18,
2026-09-14T23:49:33Z,2.18,0
2026-09-14T23:50:33Z,1.92,0
2026-09-14T23:51:33Z,,0
2026-09-14T23:52:33Z,1.92,0
2026-09-14T23:53:33Z,1.92,
2026-09-14T23:54:33Z,1.92,0
2026-09-14T23:55:33Z,1.92,0
2026-09-14T23:56:33Z,1.92,0
2026-09-14T23:57:33Z,,0
2026-09-14T23:58:33Z,,0
2026-09-14T23:59:33Z,1.92,0
2026-09-15T00:00:33Z,1.92,
2026-09-15T00:01:33Z,1.92,
2026-09-15T00:02:33Z,2.18,0
2026-09-15T00:03:33Z,2.18,0
2026-09-15T00:05:33Z,1.92,0
2026-09-15T00:06:33Z,1.92,
2026-09-15T00:07:33Z,2.18,
2026-09-15T00:08:33Z,1.92,0
2026-09-15T00:09:33Z,1.92,0
2026-09-15T00:10:33Z,,0
2026-09-15T00:11:33Z,1.92,0
2026-09-15T00:12:33Z,1.92,0
2026-09-15T00:13:33Z,2.18,0
2026-09-15T00:14:33Z,2.18,0
2026-09-15T00:15:33Z,1.92,
2026-09-15T00:16:33Z,,0
2026-09-15T00:17:33Z,1.92,0
2026-09-15T00:18:33Z,1.92,0
2026-09-15T00:19:33Z,1.92,0
2026-09-15T00:20:33Z,2.18,0
2026-09-15T00:22:33Z,1.92,0
2026-09-15T00:23:33Z,1.92,0
2026-09-15T00:24:33Z,1.92,0
2026-09-15T00:25:33Z,2.18,0
2026-09-15T00:26:33Z,2.18,0
2026-09-15T00:28:33Z,2.18,0
2026-09-15T00:29:33Z,1.92,0
2026-09-15T00:30:33Z,1.92,0
2026-09-15T00:31:33Z,2.18,0
2026-09-15T00:32:33Z,1.92,0
2026-09-15T00:34:33Z,2.18,0
2026-09-15T00:35:33Z,2.18,0
2026-09-15T00:36:33Z,2.18,0
2026-09-15T00:37:33Z,2.18,0
2026-09-15T00:39:33Z,2.18,0
2026-09-15T00:40:33Z,2.18,0
2026-09-15T00:41:33Z,2.18,0
2026-09-15T00:42:33Z,1.92,0
2026-09-15T00:43:33Z,2.18,0
2026-09-15T00:45:33Z,2.18,0
2026-09-15T00:46:33Z,1.92,0
2026-09-15T00:47:33Z,1.92,0
2026-09-15T00:48:33Z,2.18,0
2026-09-15T00:50:33Z,2.18,0
2026-09-15T00:51:33Z,2.18,0
2026-09-15T00:52:33Z,1.92,0
2026-09-15T00:53:33Z,1.92,0
2026-09-15T00:54:33Z,1.92,0
2026-09-15T00:56:33Z,2.18,0
2026-09-15T00:57:33Z,1.92,0
2026-09-15T00:58:33Z,2.18,0
2026-09-15T00:59:33Z,2.18,0
2026-09-15T01:00:33Z,2.18,0
2026-09-15T01:03:33Z,2.57,0
2026-09-15T01:04:33Z,2.18,0
2026-09-15T01:05:33Z,2.18,0
2026-09-15T01:06:33Z,2.18,0
2026-09-15T01:08:33Z,2.18,0
2026-09-15T01:09:33Z,1.92,0
2026-09-15T01:10:33Z,1.92,0
2026-09-15T01:11:33Z,2.18,0
2026-09-15T01:12:33Z,2.18,0
2026-09-15T01:14:33Z,2.18,0
2026-09-15T01:15:33Z,2.18,0
2026-09-15T01:16:33Z,1.92,0
2026-09-15T01:17:33Z,1.92,0
2026-09-15T01:18:33Z,2.18,0
2026-09-15T01:20:33Z,2.18,0
2026-09-15T01:21:33Z,2.18,0
2026-09-15T01:22:33Z,2.57,0
2026-09-15T01:23:33Z,2.18,0
2026-09-15T01:24:33Z,2.57,0
2026-09-15T01:26:33Z,2.18,0
2026-09-15T01:27:33Z,2.57,0
2026-09-15T01:28:33Z,2.57,0
2026-09-15T01:29:33Z,2.57,0
2026-09-15T01:30:33Z,2.57,0
2026-09-15T01:32:33Z,2.18,0
2026-09-15T01:33:33Z,2.18,0
2026-09-15T01:34:33Z,2.18,0
2026-09-15T01:35:33Z,2.18,0
2026-09-15T01:37:33Z,2.18,0
2026-09-15T01:38:33Z,2.18,0
2026-09-15T01:39:33Z,2.18,0
2026-09-15T01:40:33Z,2.18,0
2026-09-15T01:41:33Z,1.92,0
2026-09-15T01:43:33Z,1.92,0
2026-09-15T01:44:33Z,2.18,0
2026-09-15T01:45:33Z,2.18,0
2026-09-15T01:46:33Z,2.18,0
2026-09-15T01:47:33Z,2.18,0
2026-09-15T03:00:33Z,2.83,0
2026-09-15T03:01:33Z,3.09,0
2026-09-15T03:04:33Z,2.83,0
2026-09-15T03:05:33Z,3.09,0
2026-09-15T03:06:33Z,2.83,0
2026-09-15T03:07:33Z,2.57,0
2026-09-15T03:11:33Z,2.57,0
2026-09-15T03:12:33Z,2.18,0
2026-09-15T03:13:33Z,2.57,0
2026-09-15T03:14:33Z,2.57,0
2026-09-15T03:15:33Z,2.83,0
2026-09-15T03:16:33Z,2.57,0
2026-09-15T03:18:33Z,2.57,0
2026-09-15T03:19:33Z,2.83,0
2026-09-15T03:20:33Z,2.18,0
2026-09-15T03:21:33Z,2.18,0
2026-09-15T03:24:33Z,2.57,0
2026-09-15T03:25:33Z,2.18,0
2026-09-15T03:26:33Z,2.57,0
2026-09-15T03:27:33Z,2.57,0
2026-09-15T03:31:33Z,2.18,0
2026-09-15T03:32:33Z,2.18,0
2026-09-15T03:33:33Z,2.57,0
2026-09-15T03:34:33Z,2.57,0
2026-09-15T03:35:33Z,,0
2026-09-15T03:37:33Z,2.83,
2026-09-15T03:38:33Z,2.18,0
2026-09-15T03:39:33Z,2.57,0
2026-09-15T03:40:33Z,2.57,0
2026-09-15T03:41:33Z,,0
2026-09-15T03:42:33Z,2.83,
2026-09-15T03:43:33Z,3.09,0
2026-09-15T03:44:33Z,3.09,0
2026-09-15T03:45:33Z,2.57,0
2026-09-15T03:46:33Z,2.83,0
2026-09-15T03:47:33Z,,0
2026-09-15T03:48:33Z,3.09,
2026-09-15T03:49:33Z,3.48,0
2026-09-15T03:50:33Z,2.83,0
2026-09-15T03:51:33Z,2.57,0
2026-09-15T03:52:33Z,2.57,0
2026-09-15T03:53:33Z,,0
2026-09-15T03:54:33Z,2.57,
2026-09-15T03:55:33Z,2.57,
2026-09-15T03:56:33Z,3.09,0
2026-09-15T03:57:33Z,3.09,0
2026-09-15T03:58:33Z,3.09,0
2026-09-15T03:59:33Z,3.48,0
2026-09-15T04:00:33Z,,0
2026-09-15T04:03:33Z,2.57,0
2026-09-15T04:04:33Z,2.18,0
2026-09-15T04:05:33Z,2.18,0
2026-09-15T04:06:33Z,2.57,0
2026-09-15T04:07:33Z,2.18,0
2026-09-15T04:10:33Z,,0
2026-09-15T04:11:33Z,2.83,0
2026-09-15T04:12:33Z,2.83,0
2026-09-15T04:13:33Z,3.48,0
2026-09-15T04:14:33Z,2.83,0
2026-09-15T04:17:33Z,2.83,0
2026-09-15T04:18:33Z,2.57,0
2026-09-15T04:19:33Z,2.57,0
2026-09-15T04:20:33Z,3.48,0
2026-09-15T04:21:33Z,3.09,
2026-09-15T04:23:33Z,,0
2026-09-15T04:24:33Z,2.57,0
2026-09-15T04:25:33Z,2.18,0
2026-09-15T04:26:33Z,2.57,0
2026-09-15T04:27:33Z,2.83,0
2026-09-15T04:30:33Z,2.57,0
2026-09-15T04:31:33Z,2.57,0
2026-09-15T04:32:33Z,2.57,0
2026-09-15T04:33:33Z,2.83,0
2026-09-15T04:34:33Z,2.57,0
2026-09-15T04:37:33Z,,0
2026-09-15T04:38:33Z,2.57,0
2026-09-15T04:39:33Z,2.57,0
2026-09-15T04:40:33Z,3.48,0
2026-09-15T04:41:33Z,3.09,0
2026-09-15T04:44:33Z,2.57,0
2026-09-15T04:45:33Z,2.83,0
2026-09-15T04:46:33Z,2.57,0
2026-09-15T04:47:33Z,2.57,0
2026-09-15T04:48:33Z,2.57,0
2026-09-15T04:51:33Z,2.57,0
2026-09-15T04:52:33Z,2.18,0
2026-09-15T04:53:33Z,2.57,0
2026-09-15T04:54:33Z,2.18,0
2026-09-15T04:55:33Z,3.09,
2026-09-15T04:58:33Z,2.83,0
2026-09-15T04:59:33Z,2.57,0
2026-09-15T05:00:33Z,2.18,0
2026-09-15T05:01:33Z,2.57,0
2026-09-15T05:02:33Z,2.57,
2026-09-15T05:05:33Z,,0
2026-09-15T05:06:33Z,2.57,0
2026-09-15T05:07:33Z,2.57,0
2026-09-15T05:08:33Z,2.57,0
2026-09-15T05:09:33Z,2.83,0
2026-09-15T05:12:33Z,2.57,
2026-09-15T05:13:33Z,2.57,0
2026-09-15T05:14:33Z,2.83,0
2026-09-15T05:15:33Z,2.57,0
2026-09-15T05:16:33Z,2.57,0
2026-09-15T05:20:33Z,2.83,0
2026-09-15T05:21:33Z,2.83,0
2026-09-15T05:22:33Z,2.83,0
2026-09-15T05:23:33Z,2.57,0
2026-09-15T05:24:33Z,2.57,0
2026-09-15T05:28:33Z,2.57,0
2026-09-15T05:29:33Z,2.57,0
2026-09-15T05:30:33Z,2.18,0
2026-09-15T05:31:33Z,2.18,0
2026-09-15T05:32:33Z,2.83,0
2026-09-15T05:34:33Z,2.57,0
2026-09-15T05:35:33Z,2.57,0
2026-09-15T05:36:33Z,3.48,0
2026-09-15T05:37:33Z,3.09,0
2026-09-15T05:38:33Z,2.83,0
2026-09-15T05:40:33Z,2.18,0
2026-09-15T05:41:33Z,2.57,0
2026-09-15T05:42:33Z,2.57,0
2026-09-15T05:43:33Z,2.57,0
2026-09-15T05:44:33Z,2.57,0
2026-09-15T05:47:33Z,3.09,0
2026-09-15T05:48:33Z,3.48,0
2026-09-15T05:49:33Z,3.09,0
2026-09-15T05:50:33Z,2.57,0
2026-09-15T05:51:33Z,2.57,0
2026-09-15T05:54:33Z,2.18,0
2026-09-15T05:55:33Z,2.57,0
2026-09-15T05:56:33Z,3.48,0
2026-09-15T05:57:33Z,3.09,0
2026-09-15T06:02:33Z,2.57,0
2026-09-15T06:03:33Z,2.83,0
2026-09-15T06:04:33Z,2.83,0
2026-09-15T06:05:33Z,2.83,0
2026-09-15T06:06:33Z,2.57,0
2026-09-15T06:09:33Z,2.18,0
2026-09-15T06:10:33Z,2.83,0
2026-09-15T06:11:33Z,2.57,0
2026-09-15T06:12:33Z,2.83,0
2026-09-15T06:13:33Z,2.57,0
2026-09-15T06:17:33Z,2.57,0
2026-09-15T06:18:33Z,2.83,0
2026-09-15T06:19:33Z,3.09,0
2026-09-15T06:20:33Z,2.83,0
2026-09-15T06:21:33Z,2.57,0
2026-09-15T06:24:33Z,,0
2026-09-15T06:25:33Z,2.83,0
2026-09-15T06:26:33Z,2.83,0
2026-09-15T06:27:33Z,3.09,0
2026-09-15T06:28:33Z,2.83,0
2026-09-15T06:29:33Z,2.83,0
2026-09-15T06:33:33Z,2.57,0
2026-09-15T06:34:33Z,2.83,0
2026-09-15T06:35:33Z,2.83,0
2026-09-15T06:36:33Z,3.48,0
2026-09-15T06:37:33Z,3.48,0
2026-09-15T06:40:33Z,2.83,0
2026-09-15T06:41:33Z,2.83,0
2026-09-15T06:42:33Z,3.09,0
2026-09-15T06:43:33Z,2.83,0
2026-09-15T06:44:33Z,2.57,0
2026-09-15T06:47:33Z,,0
2026-09-15T06:48:33Z,2.57,0
2026-09-15T06:49:33Z,3.09,0
2026-09-15T06:50:33Z,3.48,0
2026-09-15T06:51:33Z,3.09,0
2026-09-15T06:54:33Z,3.09,0
2026-09-15T06:55:33Z,2.83,0
2026-09-15T06:56:33Z,2.83,0
2026-09-15T06:57:33Z,3.09,0
2026-09-15T06:58:33Z,2.57,0
2026-09-15T07:02:33Z,2.57,0
2026-09-15T07:03:33Z,2.83,0
2026-09-15T07:04:33Z,2.83,0
2026-09-15T07:05:33Z,2.57,0
2026-09-15T07:06:33Z,2.83,0
2026-09-15T07:09:33Z,2.83,0
2026-09-15T07:10:33Z,3.09,0
2026-09-15T07:11:33Z,2.83,0
2026-09-15T07:12:33Z,3.09,0
2026-09-15T07:13:33Z,2.83,0
2026-09-15T07:16:33Z,3.48,0
2026-09-15T07:17:33Z,2.83,0
2026-09-15T07:18:33Z,2.83,0
2026-09-15T07:19:33Z,2.83,0
2026-09-15T07:20:33Z,3.48,0
2026-09-15T07:23:33Z,2.57,0
2026-09-15T07:24:33Z,2.83,0
2026-09-15T07:25:33Z,2.83,0
2026-09-15T07:26:33Z,3.09,0
2026-09-15T07:27:33Z,3.74,0
2026-09-15T09:01:33Z,4,
2026-09-15T09:02:33Z,3.48,0
2026-09-15T09:03:33Z,2.83,0
2026-09-15T09:04:33Z,2.57,0
2026-09-15T09:05:33Z,2.83,0
2026-09-15T09:06:33Z,,0
2026-09-15T09:09:33Z,3.09,
2026-09-15T09:10:33Z,2.83,0
2026-09-15T09:11:33Z,2.83,0
2026-09-15T09:12:33Z,3.09,0
2026-09-15T09:13:33Z,,0
2026-09-15T09:15:33Z,3.74,
2026-09-15T09:16:33Z,3.48,0
2026-09-15T09:17:33Z,3.48,0
2026-09-15T09:18:33Z,3.09,0
2026-09-15T09:19:33Z,2.83,0
2026-09-15T09:20:33Z,,0
2026-09-15T09:22:33Z,2.83,0
2026-09-15T09:23:33Z,3.74,0
2026-09-15T09:24:33Z,3.74,0
2026-09-15T09:25:33Z,4,0
2026-09-15T09:26:33Z,,0
2026-09-15T09:28:33Z,3.09,
2026-09-15T09:29:33Z,3.09,0
2026-09-15T09:30:33Z,2.83,0
2026-09-15T09:31:33Z,3.09,0
2026-09-15T09:32:33Z,4,0
2026-09-15T09:33:33Z,,0
2026-09-15T09:36:33Z,3.48,
2026-09-15T09:37:33Z,3.09,0
2026-09-15T09:38:33Z,3.48,0
2026-09-15T09:39:33Z,3.48,0
2026-09-15T09:40:33Z,,0
2026-09-15T09:41:33Z,,0
2026-09-15T09:43:33Z,3.74,
2026-09-15T09:44:33Z,3.74,0
2026-09-15T09:45:33Z,3.48,0
2026-09-15T09:46:33Z,3.48,0
2026-09-15T09:47:33Z,,0
2026-09-15T09:49:33Z,3.09,
2026-09-15T09:50:33Z,3.48,0
2026-09-15T09:51:33Z,3.74,0
2026-09-15T09:52:33Z,3.74,0
2026-09-15T09:53:33Z,3.09,0
2026-09-15T09:54:33Z,,0
2026-09-15T09:55:33Z,4.39,
2026-09-15T09:56:33Z,4,
2026-09-15T09:57:33Z,3.74,0
2026-09-15T09:58:33Z,3.48,0
2026-09-15T09:59:33Z,3.09,0
2026-09-15T10:00:33Z,2.83,0
2026-09-15T10:01:33Z,,0
2026-09-15T10:04:33Z,4.39,0
2026-09-15T10:05:33Z,4,0
2026-09-15T10:06:33Z,4,0
2026-09-15T10:07:33Z,3.48,0
2026-09-15T10:08:33Z,3.48,0
2026-09-15T10:12:33Z,3.48,0
2026-09-15T10:13:33Z,3.09,0
2026-09-15T10:14:33Z,3.09,0
2026-09-15T10:15:33Z,3.48,0
2026-09-15T10:16:33Z,3.48,
2026-09-15T10:19:33Z,2.83,0
2026-09-15T10:20:33Z,3.48,0
2026-09-15T10:21:33Z,3.74,0
2026-09-15T10:22:33Z,3.74,0
2026-09-15T10:23:33Z,2.83,
2026-09-15T10:25:33Z,,0
2026-09-15T10:26:33Z,2.83,0
2026-09-15T10:27:33Z,2.83,0
2026-09-15T10:28:33Z,3.74,0
2026-09-15T10:29:33Z,3.48,0
2026-09-15T10:30:33Z,3.48,
2026-09-15T10:33:33Z,,0
2026-09-15T10:34:33Z,3.74,0
2026-09-15T10:35:33Z,4,0
2026-09-15T10:36:33Z,2.83,0
2026-09-15T10:37:33Z,2.83,0
2026-09-15T10:38:33Z,4.39,
2026-09-15T10:41:33Z,,0
2026-09-15T10:42:33Z,3.74,0
2026-09-15T10:43:33Z,3.74,0
2026-09-15T10:44:33Z,4.39,0
2026-09-15T10:45:33Z,4,0
2026-09-15T10:46:33Z,4,
2026-09-15T10:48:33Z,4,0
2026-09-15T10:49:33Z,4,0
2026-09-15T10:50:33Z,3.74,0
2026-09-15T10:51:33Z,3.09,0
2026-09-15T10:52:33Z,3.09,0
2026-09-15T10:54:33Z,3.09,0
2026-09-15T10:55:33Z,2.83,0
2026-09-15T10:56:33Z,2.57,0
2026-09-15T10:57:33Z,2.18,0
2026-09-15T11:01:33Z,,0
2026-09-15T11:02:33Z,3.09,0
2026-09-15T11:03:33Z,3.74,0
2026-09-15T11:04:33Z,3.48,0
2026-09-15T11:05:33Z,3.48,0
2026-09-15T11:09:33Z,3.48,0
2026-09-15T11:10:33Z,3.48,0
2026-09-15T11:11:33Z,3.48,0
2026-09-15T11:12:33Z,4,0
2026-09-15T11:15:33Z,3.74,0
2026-09-15T11:16:33Z,3.09,0
2026-09-15T11:17:33Z,3.09,0
2026-09-15T11:18:33Z,3.09,0
2026-09-15T11:19:33Z,3.48,0
2026-09-15T11:23:33Z,3.09,0
2026-09-15T11:24:33Z,3.09,0
2026-09-15T11:25:33Z,3.09,0
2026-09-15T11:26:33Z,3.09,0
2026-09-15T11:30:33Z,3.09,0
2026-09-15T11:31:33Z,3.48,0
2026-09-15T11:32:33Z,3.48,0
2026-09-15T11:33:33Z,2.83,0
2026-09-15T11:34:33Z,2.83,
2026-09-15T11:36:33Z,,0
2026-09-15T11:37:33Z,,0
2026-09-15T11:38:33Z,3.74,0
2026-09-15T11:39:33Z,3.74,0
2026-09-15T11:40:33Z,3.09,0
2026-09-15T11:41:33Z,2.83,
2026-09-15T11:43:33Z,,0
2026-09-15T11:44:33Z,,0
2026-09-15T11:45:33Z,2.83,0
2026-09-15T11:46:33Z,3.74,0
2026-09-15T11:47:33Z,3.48,0
2026-09-15T11:48:33Z,3.48,
2026-09-15T11:49:33Z,3.74,
2026-09-15T11:51:33Z,,0
2026-09-15T11:52:33Z,3.74,0
2026-09-15T11:53:33Z,3.48,0
2026-09-15T11:54:33Z,3.09,0
2026-09-15T11:55:33Z,3.48,
2026-09-15T11:56:33Z,4.65,
2026-09-15T11:58:33Z,,0
2026-09-15T11:59:33Z,,0
2026-09-15T12:00:33Z,3.74,0
2026-09-15T12:01:33Z,4,0
2026-09-15T12:02:33Z,3.09,0
2026-09-15T12:03:33Z,4,
2026-09-15T12:04:33Z,3.74,
2026-09-15T12:06:33Z,,0
2026-09-15T12:07:33Z,,0
2026-09-15T12:08:33Z,3.74,0
2026-09-15T12:09:33Z,3.48,0
2026-09-15T12:10:33Z,3.09,0
2026-09-15T12:11:33Z,3.09,
2026-09-15T12:12:33Z,3.48,
2026-09-15T12:14:33Z,,0
2026-09-15T12:15:33Z,,0
2026-09-15T12:16:33Z,3.09,0
2026-09-15T12:17:33Z,3.48,0
2026-09-15T12:18:33Z,3.09,
2026-09-15T12:19:33Z,3.48,
2026-09-15T12:20:33Z,3.09,
2026-09-15T12:22:33Z,,0
2026-09-15T12:23:33Z,3.09,0
2026-09-15T12:24:33Z,3.09,0
2026-09-15T12:25:33Z,3.09,0
2026-09-15T12:26:33Z,3.09,
2026-09-15T12:27:33Z,3.74,
2026-09-15T12:28:33Z,,0
2026-09-15T12:29:33Z,,0
2026-09-15T12:30:33Z,3.48,0
2026-09-15T12:31:33Z,3.09,0
2026-09-15T12:32:33Z,3.48,0
2026-09-15T12:33:33Z,2.83,
2026-09-15T12:34:33Z,2.83,
2026-09-15T12:35:33Z,2.83,
2026-09-15T12:36:33Z,,0
2026-09-15T12:37:33Z,,0
2026-09-15T12:38:33Z,3.09,0
2026-09-15T12:39:33Z,3.09,0
2026-09-15T12:40:33Z,2.83,0
2026-09-15T12:41:33Z,3.48,
2026-09-15T12:42:33Z,3.48,
2026-09-15T12:43:33Z,4.39,0
2026-09-15T12:44:33Z,3.48,0
2026-09-15T12:45:33Z,3.48,0
2026-09-15T12:46:33Z,2.83,0
2026-09-15T12:47:33Z,3.48,0
2026-09-15T12:49:33Z,3.48,0
2026-09-15T12:50:33Z,3.09,0
2026-09-15T12:51:33Z,2.83,0
2026-09-15T12:52:33Z,3.09,0
2026-09-15T12:53:33Z,3.74,0
2026-09-15T12:55:33Z,2.83,
2026-09-15T12:56:33Z,3.74,0
2026-09-15T12:57:33Z,3.74,0
2026-09-15T12:58:33Z,3.48,0
2026-09-15T12:59:33Z,3.09,0
2026-09-15T13:00:33Z,3.48,0
2026-09-15T13:03:33Z,,0
2026-09-15T13:04:33Z,2.83,0
2026-09-15T13:05:33Z,3.74,0
2026-09-15T13:06:33Z,3.09,0
2026-09-15T13:07:33Z,4,0
2026-09-15T13:08:33Z,3.74,
2026-09-15T13:10:33Z,,0
2026-09-15T13:11:33Z,3.09,0
2026-09-15T13:12:33Z,3.09,0
2026-09-15T13:13:33Z,3.48,0
2026-09-15T13:14:33Z,3.09,0
2026-09-15T13:15:33Z,3.48,
2026-09-15T13:17:33Z,,0
2026-09-15T13:18:33Z,3.09,0
2026-09-15T13:19:33Z,3.48,0
2026-09-15T13:20:33Z,3.48,0
2026-09-15T13:21:33Z,3.09,0
2026-09-15T13:22:33Z,3.48,
2026-09-15T13:24:33Z,3.09,0
2026-09-15T13:25:33Z,3.09,0
2026-09-15T13:26:33Z,3.48,0
2026-09-15T13:27:33Z,2.83,0
2026-09-15T13:28:33Z,3.09,
2026-09-15T13:30:33Z,,0
2026-09-15T13:31:33Z,3.09,0
2026-09-15T13:32:33Z,3.09,0
2026-09-15T13:33:33Z,3.09,0
2026-09-15T13:34:33Z,3.48,0
2026-09-15T13:35:33Z,3.48,
2026-09-15T13:38:33Z,3.09,0
2026-09-15T13:39:33Z,3.09,0
2026-09-15T13:40:33Z,2.83,0
2026-09-15T13:41:33Z,3.48,0
2026-09-15T13:42:33Z,3.48,
2026-09-15T13:44:33Z,,0
2026-09-15T13:45:33Z,3.74,0
2026-09-15T13:46:33Z,3.48,0
2026-09-15T13:47:33Z,3.48,0
2026-09-15T13:48:33Z,2.83,0
2026-09-15T13:49:33Z,2.83,
2026-09-15T13:51:33Z,,0
2026-09-15T13:52:33Z,3.09,0
2026-09-15T13:53:33Z,3.09,0
2026-09-15T13:54:33Z,2.83,0
2026-09-15T13:55:33Z,3.09,
2026-09-15T13:58:33Z,3.48,0
2026-09-15T13:59:33Z,4.39,0
2026-09-15T14:00:33Z,3.74,0
2026-09-15T14:01:33Z,4,0
2026-09-15T14:02:33Z,3.74,0
2026-09-15T14:06:33Z,3.48,0
2026-09-15T14:07:33Z,2.83,0
2026-09-15T14:08:33Z,3.48,0
2026-09-15T14:09:33Z,3.48,0
2026-09-15T14:12:33Z,3.09,0
2026-09-15T14:13:33Z,2.57,0
2026-09-15T14:14:33Z,3.48,0
2026-09-15T14:15:33Z,3.74,0
2026-09-15T14:16:33Z,4,0
2026-09-15T14:18:33Z,,0
2026-09-15T14:19:33Z,3.09,0
2026-09-15T14:20:33Z,3.48,0
2026-09-15T14:21:33Z,3.09,0
2026-09-15T14:22:33Z,3.48,0
2026-09-15T14:25:33Z,4,0
2026-09-15T14:26:33Z,3.48,0
2026-09-15T14:27:33Z,4.65,0
2026-09-15T14:28:33Z,3.48,0
2026-09-15T14:29:33Z,3.09,0
2026-09-15T14:33:33Z,3.48,0
2026-09-15T14:34:33Z,3.48,0
2026-09-15T14:35:33Z,3.48,0
2026-09-15T14:36:33Z,3.09,0
2026-09-15T14:39:33Z,3.09,0
2026-09-15T14:40:33Z,2.83,0
2026-09-15T14:41:33Z,2.57,0
2026-09-15T14:42:33Z,2.57,0
2026-09-15T14:43:33Z,3.09,0
2026-09-15T14:44:33Z,2.83,0
2026-09-15T14:45:33Z,3.09,0
2026-09-15T14:46:33Z,3.09,0
2026-09-15T14:47:33Z,3.48,0
2026-09-15T14:50:33Z,3.09,0
2026-09-15T14:51:33Z,3.48,0
2026-09-15T14:52:33Z,3.09,0
2026-09-15T14:53:33Z,3.09,0
2026-09-15T14:57:33Z,3.09,0
2026-09-15T14:58:33Z,3.09,0
2026-09-15T14:59:33Z,3.09,0
2026-09-15T15:00:33Z,3.09,0
2026-09-15T15:01:33Z,3.09,0
2026-09-15T15:06:33Z,2.83,0
2026-09-15T15:07:33Z,3.09,0
2026-09-15T15:08:33Z,3.09,0
2026-09-15T15:09:33Z,2.83,0
2026-09-15T15:10:33Z,3.48,0
2026-09-15T15:13:33Z,3.48,0
2026-09-15T15:14:33Z,3.09,0
2026-09-15T15:15:33Z,3.48,0
2026-09-15T15:16:33Z,3.09,0
2026-09-15T15:17:33Z,2.83,0
2026-09-15T15:20:33Z,3.48,0
2026-09-15T15:21:33Z,3.48,0
2026-09-15T15:22:33Z,3.09,0
2026-09-15T15:23:33Z,2.83,0
2026-09-15T15:24:33Z,3.48,0
2026-09-15T15:27:33Z,,0
2026-09-15T15:28:33Z,3.48,0
2026-09-15T15:29:33Z,3.09,0
2026-09-15T15:30:33Z,3.09,0
2026-09-15T15:31:33Z,3.48,0
2026-09-15T15:34:33Z,,0
2026-09-15T15:35:33Z,3.48,0
2026-09-15T15:36:33Z,2.83,0
2026-09-15T15:37:33Z,3.09,0
2026-09-15T15:38:33Z,2.83,0
2026-09-15T15:39:33Z,3.48,
2026-09-15T15:41:33Z,,0
2026-09-15T15:42:33Z,3.09,0
2026-09-15T15:43:33Z,3.74,0
2026-09-15T15:44:33Z,3.74,0
2026-09-15T15:45:33Z,3.09,0
2026-09-15T15:46:33Z,2.83,
2026-09-15T15:48:33Z,,0
2026-09-15T15:49:33Z,,0
2026-09-15T15:50:33Z,4.39,0
2026-09-15T15:51:33Z,3.48,0
2026-09-15T15:52:33Z,3.48,0
2026-09-15T15:53:33Z,3.09,
2026-09-15T15:56:33Z,,0
2026-09-15T15:57:33Z,,0
2026-09-15T15:58:33Z,3.48,0
2026-09-15T15:59:33Z,2.83,0
2026-09-15T16:00:33Z,2.83,0
2026-09-15T16:01:33Z,3.09,
2026-09-15T16:02:33Z,3.09,
2026-09-15T16:04:33Z,,0
2026-09-15T16:05:33Z,3.74,0
2026-09-15T16:06:33Z,3.48,0
2026-09-15T16:07:33Z,3.48,0
2026-09-15T16:08:33Z,3.09,0
2026-09-15T16:09:33Z,3.09,
2026-09-15T16:11:33Z,,0
2026-09-15T16:12:33Z,,0
2026-09-15T16:13:33Z,3.09,0
2026-09-15T16:14:33Z,3.48,0
2026-09-15T16:15:33Z,2.83,0
2026-09-15T16:16:33Z,3.48,
2026-09-15T16:17:33Z,3.09,
2026-09-15T16:18:33Z,,0
2026-09-15T16:19:33Z,,0
2026-09-15T16:20:33Z,2.83,0
2026-09-15T16:21:33Z,2.57,0
2026-09-15T16:22:33Z,2.57,0
2026-09-15T16:23:33Z,3.09,
2026-09-15T16:24:33Z,2.83,0
2026-09-15T16:25:33Z,,0
2026-09-15T16:26:33Z,,0
2026-09-15T16:27:33Z,3.48,0
2026-09-15T16:28:33Z,3.48,0
2026-09-15T16:29:33Z,2.57,
2026-09-15T16:30:33Z,2.83,
2026-09-15T16:31:33Z,,0
2026-09-15T16:32:33Z,,0
2026-09-15T16:33:33Z,3.74,0
2026-09-15T16:34:33Z,3.09,0
2026-09-15T16:35:33Z,3.48,0
2026-09-15T16:36:33Z,3.09,
2026-09-15T16:37:33Z,3.09,
2026-09-15T16:38:33Z,,0
2026-09-15T16:39:33Z,,0
2026-09-15T16:40:33Z,2.83,0
2026-09-15T16:41:33Z,2.83,0
2026-09-15T16:42:33Z,3.09,0
2026-09-15T16:43:33Z,3.09,
2026-09-15T16:44:33Z,,0
2026-09-15T16:45:33Z,,0
2026-09-15T16:46:33Z,2.83,0
2026-09-15T16:47:33Z,2.83,0
2026-09-15T16:48:33Z,3.09,0
2026-09-15T16:49:33Z,3.74,
2026-09-15T16:50:33Z,2.83,0
2026-09-15T16:51:33Z,,0
2026-09-15T16:52:33Z,2.83,0
2026-09-15T16:53:33Z,2.83,0
2026-09-15T16:54:33Z,2.83,0
2026-09-15T16:55:33Z,3.09,
2026-09-15T16:56:33Z,2.83,
2026-09-15T16:57:33Z,,0
2026-09-15T16:58:33Z,,0
2026-09-15T16:59:33Z,2.83,0
2026-09-15T17:00:33Z,2.57,0
2026-09-15T17:01:33Z,3.09,0
2026-09-15T17:02:33Z,3.09,
2026-09-15T17:03:33Z,3.48,
2026-09-15T17:04:33Z,,0
2026-09-15T17:05:33Z,,0
2026-09-15T17:06:33Z,2.83,0
2026-09-15T17:07:33Z,2.83,0
2026-09-15T17:08:33Z,3.09,0
2026-09-15T17:09:33Z,2.57,
2026-09-15T17:10:33Z,3.09,
2026-09-15T17:11:33Z,,0
2026-09-15T17:12:33Z,,0
2026-09-15T17:13:33Z,2.57,0
2026-09-15T17:14:33Z,2.57,0
2026-09-15T17:15:33Z,2.83,0
2026-09-15T17:16:33Z,2.83,
2026-09-15T17:18:33Z,,0
2026-09-15T17:19:33Z,2.83,0
2026-09-15T17:20:33Z,2.83,0
2026-09-15T17:21:33Z,2.83,0
2026-09-15T17:22:33Z,2.57,
2026-09-15T17:23:33Z,2.57,
2026-09-15T17:24:33Z,2.57,
2026-09-15T17:25:33Z,,0
2026-09-15T17:26:33Z,,0
2026-09-15T17:27:33Z,2.57,0
2026-09-15T17:28:33Z,2.18,0
2026-09-15T17:29:33Z,2.83,0
2026-09-15T17:30:33Z,2.57,
2026-09-15T17:31:33Z,,0
2026-09-15T17:32:33Z,,0
2026-09-15T17:33:33Z,2.83,0
2026-09-15T17:34:33Z,2.83,0
2026-09-15T17:35:33Z,3.09,0
2026-09-15T17:36:33Z,3.09,
2026-09-15T17:37:33Z,,0
2026-09-15T17:38:33Z,2.57,0
2026-09-15T17:39:33Z,2.57,0
2026-09-15T17:40:33Z,2.57,0
2026-09-15T17:41:33Z,2.57,0
2026-09-15T17:42:33Z,2.83,
2026-09-15T17:44:33Z,,0
2026-09-15T17:45:33Z,3.09,0
2026-09-15T17:46:33Z,2.83,0
2026-09-15T17:47:33Z,3.09,0
2026-09-15T17:48:33Z,2.83,
2026-09-15T17:49:33Z,2.83,
2026-09-15T17:50:33Z,,0
2026-09-15T17:51:33Z,2.83,0
2026-09-15T17:52:33Z,2.83,0
2026-09-15T17:53:33Z,2.83,0
2026-09-15T17:54:33Z,2.83,0
2026-09-15T17:55:33Z,2.57,
2026-09-15T17:57:33Z,,0
2026-09-15T17:58:33Z,2.18,0
2026-09-15T17:59:33Z,2.83,0
2026-09-15T18:00:33Z,2.57,0
2026-09-15T18:01:33Z,2.57,0
2026-09-15T18:02:33Z,2.57,
2026-09-15T18:06:33Z,,0
2026-09-15T18:07:33Z,2.18,0
2026-09-15T18:08:33Z,2.18,0
2026-09-15T18:09:33Z,2.57,0
2026-09-15T18:10:33Z,2.57,0
2026-09-15T18:12:33Z,,0
2026-09-15T18:13:33Z,2.57,0
2026-09-15T18:14:33Z,2.57,0
2026-09-15T18:15:33Z,2.57,0
2026-09-15T18:16:33Z,2.83,0
2026-09-15T18:18:33Z,2.83,0
2026-09-15T18:19:33Z,2.18,0
2026-09-15T18:20:33Z,2.83,0
2026-09-15T18:21:33Z,2.57,0
2026-09-15T18:22:33Z,2.57,0
2026-09-15T18:25:33Z,2.83,0
2026-09-15T18:26:33Z,2.57,0
2026-09-15T18:27:33Z,2.18,0
2026-09-15T18:28:33Z,2.18,0
2026-09-15T18:29:33Z,2.57,0
2026-09-15T18:32:33Z,2.57,0
2026-09-15T18:33:33Z,2.18,0
2026-09-15T18:34:33Z,2.18,0
2026-09-15T18:35:33Z,2.57,0
2026-09-15T18:36:33Z,2.18,0
2026-09-15T18:39:33Z,2.57,0
2026-09-15T18:40:33Z,2.57,0
2026-09-15T18:41:33Z,2.18,0
2026-09-15T18:42:33Z,2.18,0
2026-09-15T18:43:33Z,2.18,0
2026-09-15T18:45:33Z,2.57,0
2026-09-15T18:46:33Z,2.57,0
2026-09-15T18:47:33Z,2.57,0
2026-09-15T18:48:33Z,2.18,0
2026-09-15T18:49:33Z,2.57,0
2026-09-15T18:52:33Z,2.18,0
2026-09-15T18:53:33Z,2.18,0
2026-09-15T18:59:53Z,2.18,0
2026-09-15T19:00:53Z,2.18,0
2026-09-15T19:01:53Z,2.57,0
2026-09-15T19:02:53Z,2.83,0
2026-09-15T19:03:53Z,1.92,0
2026-09-15T19:04:53Z,2.18,0
2026-09-15T19:07:53Z,2.83,0
2026-09-15T19:08:53Z,2.57,0
2026-09-15T19:09:53Z,2.57,0
2026-09-15T19:10:53Z,3.09,0
2026-09-15T19:11:53Z,2.57,0
2026-09-15T19:14:53Z,2.57,0
2026-09-15T19:15:53Z,2.57,0
2026-09-15T19:16:53Z,2.18,0
2026-09-15T19:17:53Z,2.57,0
2026-09-15T19:18:53Z,2.57,0
2026-09-15T19:22:53Z,2.83,0
2026-09-15T19:23:53Z,2.57,0
2026-09-15T19:24:53Z,2.57,0
2026-09-15T19:25:53Z,2.57,0
2026-09-15T19:26:53Z,2.18,0
2026-09-15T19:28:53Z,2.18,0
2026-09-15T19:29:53Z,2.57,0
2026-09-15T19:30:53Z,2.18,0
2026-09-15T19:31:53Z,2.18,0
2026-09-15T19:32:53Z,2.83,0
2026-09-15T19:34:53Z,2.57,0
2026-09-15T19:35:53Z,2.18,0
2026-09-15T19:36:53Z,2.18,0
2026-09-15T19:37:53Z,2.57,0
2026-09-15T19:38:53Z,2.57,0
2026-09-15T19:39:53Z,2.57,0
2026-09-15T19:42:53Z,2.57,0
2026-09-15T19:43:53Z,2.57,0
2026-09-15T19:44:53Z,2.57,0
2026-09-15T19:45:53Z,2.57,0
2026-09-15T19:46:53Z,2.57,0
2026-09-15T19:49:53Z,2.18,0
2026-09-15T19:50:53Z,2.57,0
2026-09-15T19:51:53Z,2.57,0
2026-09-15T19:52:53Z,2.57,0
2026-09-15T19:53:53Z,2.18,0
2026-09-15T19:55:53Z,2.57,0
2026-09-15T19:56:53Z,2.57,0
2026-09-15T19:57:53Z,2.57,0
2026-09-15T19:58:53Z,2.18,0
2026-09-15T19:59:53Z,2.18,0
2026-09-15T20:00:53Z,2.18,0
2026-09-15T20:04:53Z,2.57,0
2026-09-15T20:05:53Z,2.57,0
2026-09-15T20:06:53Z,2.18,0
2026-09-15T20:07:53Z,2.18,0
2026-09-15T20:08:53Z,2.57,0
2026-09-15T20:09:53Z,,0
2026-09-15T20:12:53Z,2.57,0
2026-09-15T20:13:53Z,2.18,0
2026-09-15T20:14:53Z,2.57,0
2026-09-15T20:15:53Z,1.92,0
2026-09-15T20:16:53Z,2.18,0
2026-09-15T20:18:53Z,2.57,0
2026-09-15T20:19:53Z,2.57,0
2026-09-15T20:20:53Z,2.18,0
2026-09-15T20:21:53Z,2.18,0
2026-09-15T20:22:53Z,2.57,0
2026-09-15T20:25:53Z,,0
2026-09-15T20:26:53Z,2.83,0
2026-09-15T20:27:53Z,2.57,0
2026-09-15T20:28:53Z,2.57,0
2026-09-15T20:29:53Z,2.57,0
2026-09-15T20:30:53Z,2.57,
2026-09-15T20:32:53Z,,0
2026-09-15T20:33:53Z,2.57,0
2026-09-15T20:34:53Z,2.18,0
2026-09-15T20:35:53Z,1.92,0
2026-09-15T20:36:53Z,2.18,0
2026-09-15T20:37:53Z,2.18,
2026-09-15T20:39:53Z,2.18,0
2026-09-15T20:40:53Z,2.18,0
2026-09-15T20:41:53Z,2.18,0
2026-09-15T20:42:53Z,2.18,0
2026-09-15T20:43:53Z,1.92,0
2026-09-15T20:44:53Z,2.18,
2026-09-15T20:46:53Z,,0
2026-09-15T20:47:53Z,2.18,0
2026-09-15T20:48:53Z,2.18,0
2026-09-15T20:49:53Z,2.18,0
2026-09-15T20:50:53Z,2.57,0
2026-09-15T20:51:53Z,2.18,0
2026-09-15T20:53:53Z,2.18,0
2026-09-15T20:54:53Z,2.18,0
2026-09-15T20:55:53Z,1.92,0
2026-09-15T20:56:53Z,1.92,0
2026-09-15T20:57:53Z,2.18,0
2026-09-15T20:59:53Z,,0
2026-09-15T21:00:53Z,,0
2026-09-15T21:01:53Z,1.92,0
2026-09-15T21:02:53Z,2.18,0
2026-09-15T21:03:53Z,1.92,0
2026-09-15T21:04:53Z,1.92,0
2026-09-15T21:05:53Z,2.18,
2026-09-15T21:07:53Z,,0
2026-09-15T21:08:53Z,1.92,0
2026-09-15T21:09:53Z,1.92,0
2026-09-15T21:10:53Z,1.92,0
2026-09-15T21:11:53Z,2.18,0
2026-09-15T21:12:53Z,1.92,
2026-09-15T21:14:53Z,1.92,0
2026-09-15T21:15:53Z,1.92,0
2026-09-15T21:16:53Z,1.92,0
2026-09-15T21:17:53Z,1.92,0
2026-09-15T21:18:53Z,1.92,
2026-09-15T21:19:53Z,1.92,
2026-09-15T21:20:53Z,,0
2026-09-15T21:21:53Z,,0
2026-09-15T21:22:53Z,2.18,0
2026-09-15T21:23:53Z,2.18,0
2026-09-15T21:24:53Z,1.92,0
2026-09-15T21:25:53Z,1.92,
2026-09-15T21:26:53Z,1.92,
2026-09-15T21:27:53Z,,0
2026-09-15T21:28:53Z,,0
2026-09-15T21:29:53Z,1.92,0
2026-09-15T21:30:53Z,1.92,0
2026-09-15T21:31:53Z,1.92,0
2026-09-15T21:32:53Z,1.92,
2026-09-15T21:33:53Z,1.92,
2026-09-15T21:34:53Z,,0
2026-09-15T21:35:53Z,,0
2026-09-15T21:36:53Z,1.92,0
2026-09-15T21:37:53Z,1.92,0
2026-09-15T21:38:53Z,1.92,0
2026-09-15T21:39:53Z,1.92,
2026-09-15T21:40:53Z,1.92,
2026-09-15T21:41:53Z,,0
2026-09-15T21:42:53Z,1.92,0
2026-09-15T21:43:53Z,1.92,0
2026-09-15T21:44:53Z,1.92,0
2026-09-15T21:45:53Z,1.92,0
2026-09-15T21:46:53Z,1.92,
2026-09-15T21:48:53Z,,0
2026-09-15T21:49:53Z,1.66,0
2026-09-15T21:50:53Z,1.92,0
2026-09-15T21:51:53Z,1.92,0
2026-09-15T21:52:53Z,1.92,0
2026-09-15T21:53:53Z,1.92,
2026-09-15T21:54:53Z,,0
2026-09-15T21:55:53Z,,0
2026-09-15T21:56:53Z,,0
2026-09-15T21:57:53Z,1.92,0
2026-09-15T21:58:53Z,1.92,0
2026-09-15T21:59:53Z,1.92,0
2026-09-15T22:00:53Z,1.92,
2026-09-15T22:01:53Z,1.92,
2026-09-15T22:03:53Z,,0
2026-09-15T22:04:53Z,1.92,0
2026-09-15T22:05:53Z,1.92,0
2026-09-15T22:06:53Z,1.92,0
2026-09-15T22:07:53Z,1.92,0
2026-09-15T22:08:53Z,1.92,
2026-09-15T22:09:53Z,1.92,
2026-09-15T22:11:53Z,,0
2026-09-15T22:12:53Z,,0
2026-09-15T22:13:53Z,1.92,0
2026-09-15T22:14:53Z,1.92,0
2026-09-15T22:15:53Z,1.92,0
2026-09-15T22:16:53Z,1.92,
2026-09-15T22:17:53Z,1.66,
2026-09-15T22:18:53Z,,0
2026-09-15T22:19:53Z,,0
2026-09-15T22:20:53Z,,0
2026-09-15T22:21:53Z,1.92,0
2026-09-15T22:22:53Z,1.92,0
2026-09-15T22:23:53Z,1.66,
2026-09-15T22:24:53Z,1.66,0
2026-09-15T22:25:53Z,1.92,0
2026-09-15T22:26:53Z,,0
2026-09-15T22:27:53Z,,0
2026-09-15T22:28:53Z,1.92,0
2026-09-15T22:29:53Z,1.92,0
2026-09-15T22:30:53Z,1.92,
2026-09-15T22:31:53Z,1.92,
2026-09-15T22:32:53Z,1.92,0
2026-09-15T22:33:53Z,,0
2026-09-15T22:34:53Z,1.92,0
2026-09-15T22:35:53Z,1.92,0
2026-09-15T22:36:53Z,1.92,0
2026-09-15T22:37:53Z,1.92,
2026-09-15T22:38:53Z,1.92,
2026-09-15T22:39:53Z,,0
2026-09-15T22:40:53Z,,0
2026-09-15T22:41:53Z,1.66,0
2026-09-15T22:42:53Z,1.92,0
2026-09-15T22:43:53Z,1.92,0
2026-09-15T22:44:53Z,1.92,
2026-09-15T22:45:53Z,1.92,0
2026-09-15T22:46:53Z,,0
2026-09-15T22:47:53Z,,0
2026-09-15T22:48:53Z,1.66,0
2026-09-15T22:49:53Z,1.92,0
2026-09-15T22:50:53Z,1.92,
2026-09-15T22:51:53Z,1.92,
2026-09-15T22:52:53Z,,0
2026-09-15T22:53:53Z,,0
2026-09-15T22:54:53Z,1.92,0
2026-09-15T22:55:53Z,1.92,0
2026-09-15T22:56:53Z,1.92,0
2026-09-15T22:57:53Z,1.92,
2026-09-15T22:58:53Z,1.92,
2026-09-15T22:59:53Z,1.66,0
2026-09-15T23:00:53Z,,0
2026-09-15T23:01:53Z,,0
2026-09-15T23:02:53Z,1.92,0
2026-09-15T23:03:53Z,1.92,0
2026-09-15T23:04:53Z,1.92,0
2026-09-15T23:05:53Z,1.92,
2026-09-15T23:06:53Z,1.66,
2026-09-15T23:07:53Z,1.66,0
2026-09-15T23:08:53Z,,0
2026-09-15T23:09:53Z,,0
2026-09-15T23:10:53Z,1.92,0
2026-09-15T23:11:53Z,1.92,0
2026-09-15T23:12:53Z,1.92,
2026-09-15T23:13:53Z,1.66,0
2026-09-15T23:14:53Z,1.92,0
2026-09-15T23:15:53Z,,0
2026-09-15T23:16:53Z,,0
2026-09-15T23:17:53Z,1.92,0
2026-09-15T23:18:53Z,1.92,
2026-09-15T23:19:53Z,1.92,
2026-09-15T23:20:53Z,1.92,
2026-09-15T23:21:53Z,1.92,0
2026-09-15T23:22:53Z,,0
2026-09-15T23:23:53Z,,0
2026-09-15T23:24:53Z,1.92,0
2026-09-15T23:25:53Z,2.18,0
2026-09-15T23:26:53Z,1.92,
2026-09-15T23:27:53Z,1.92,
2026-09-15T23:28:53Z,1.92,0
2026-09-15T23:29:53Z,1.92,0
2026-09-15T23:30:53Z,,0
2026-09-15T23:31:53Z,,0
2026-09-15T23:32:53Z,1.92,0
2026-09-15T23:33:53Z,1.92,
2026-09-15T23:34:53Z,1.92,
2026-09-15T23:35:53Z,1.92,
2026-09-15T23:36:53Z,1.92,
2026-09-16T00:00:53Z,1.92,0
2026-09-16T00:01:53Z,1.92,0
2026-09-16T00:02:53Z,1.92,
2026-09-16T00:03:53Z,1.92,
2026-09-16T00:04:53Z,,0
2026-09-16T00:05:53Z,,0
2026-09-16T00:06:53Z,,0
2026-09-16T00:07:53Z,1.92,0
2026-09-16T00:08:53Z,1.92,0
2026-09-16T00:09:53Z,1.92,0
2026-09-16T00:10:53Z,1.92,
2026-09-16T00:11:53Z,1.92,
2026-09-16T00:12:53Z,,0
2026-09-16T00:13:53Z,1.92,0
2026-09-16T00:14:53Z,1.92,0
2026-09-16T00:15:53Z,1.92,0
2026-09-16T00:16:53Z,1.92,0
2026-09-16T00:17:53Z,1.92,
2026-09-16T00:19:53Z,,0
2026-09-16T00:20:53Z,1.92,0
2026-09-16T00:21:53Z,1.92,0
2026-09-16T00:22:53Z,1.92,0
2026-09-16T00:23:53Z,1.92,0
2026-09-16T00:24:53Z,1.92,
2026-09-16T00:25:53Z,1.92,
2026-09-16T00:27:53Z,,0
2026-09-16T00:28:53Z,1.66,0
2026-09-16T00:29:53Z,1.66,0
2026-09-16T00:30:53Z,1.66,0
2026-09-16T00:31:53Z,1.92,0
2026-09-16T00:32:53Z,1.92,
2026-09-16T00:34:53Z,2.18,0
2026-09-16T00:35:53Z,1.92,0
2026-09-16T00:36:53Z,1.92,0
2026-09-16T00:37:53Z,1.92,0
2026-09-16T00:38:53Z,1.92,0
2026-09-16T00:39:53Z,1.92,
2026-09-16T00:41:53Z,,0
2026-09-16T00:42:53Z,1.92,0
2026-09-16T00:43:53Z,1.92,0
2026-09-16T00:44:53Z,1.66,0
2026-09-16T00:45:53Z,1.92,0
2026-09-16T00:46:53Z,1.92,
2026-09-16T00:48:53Z,,0
2026-09-16T00:49:53Z,1.92,0
2026-09-16T00:50:53Z,1.92,0
2026-09-16T00:51:53Z,1.92,0
2026-09-16T00:52:53Z,1.92,0
2026-09-16T00:53:53Z,2.18,
2026-09-16T00:54:53Z,,0
2026-09-16T00:55:53Z,,0
2026-09-16T00:56:53Z,1.92,0
2026-09-16T00:57:53Z,2.18,0
2026-09-16T00:58:53Z,1.92,0
2026-09-16T00:59:53Z,1.92,0
2026-09-16T01:00:53Z,1.66,
2026-09-16T01:02:53Z,,0
2026-09-16T01:03:53Z,1.92,0
2026-09-16T01:04:53Z,1.92,0
2026-09-16T01:05:53Z,1.92,0
2026-09-16T01:06:53Z,1.92,0
2026-09-16T01:07:53Z,1.92,
2026-09-16T01:09:53Z,,0
2026-09-16T01:10:53Z,1.92,0
2026-09-16T01:11:53Z,1.92,0
2026-09-16T01:12:53Z,1.92,0
2026-09-16T01:13:53Z,2.18,0
2026-09-16T01:14:53Z,1.92,
2026-09-16T01:16:53Z,,0
2026-09-16T01:17:53Z,1.92,0
2026-09-16T01:18:53Z,1.92,0
2026-09-16T01:19:53Z,1.92,0
2026-09-16T01:20:53Z,1.92,0
2026-09-16T01:22:53Z,1.92,0
2026-09-16T01:23:53Z,1.92,0
2026-09-16T01:24:53Z,1.66,0
2026-09-16T01:25:53Z,1.66,0
2026-09-16T01:26:53Z,1.92,0
2026-09-16T01:28:53Z,1.92,0
2026-09-16T01:29:53Z,1.92,0
2026-09-16T01:30:53Z,2.18,0
2026-09-16T01:31:53Z,1.92,0
2026-09-16T01:32:53Z,1.92,0
2026-09-16T01:35:53Z,1.92,0
2026-09-16T01:36:53Z,1.92,0
2026-09-16T01:37:53Z,1.92,0
2026-09-16T01:38:53Z,1.92,0
2026-09-16T01:39:53Z,1.92,0
2026-09-16T01:42:53Z,1.92,0
2026-09-16T01:43:53Z,1.92,0
2026-09-16T01:44:53Z,1.92,0
2026-09-16T01:45:53Z,1.92,0
2026-09-16T01:46:53Z,1.92,0
2026-09-16T01:49:53Z,1.66,0
2026-09-16T01:50:53Z,1.92,0
2026-09-16T01:51:53Z,1.92,0
2026-09-16T01:52:53Z,1.92,0
2026-09-16T01:53:53Z,1.92,0
2026-09-16T01:54:53Z,,0
2026-09-16T01:56:53Z,1.92,
2026-09-16T01:57:53Z,1.92,
2026-09-16T01:58:53Z,1.92,0
2026-09-16T01:59:53Z,1.92,0
2026-09-16T02:00:53Z,1.92,0
2026-09-16T02:01:53Z,1.92,0
2026-09-16T02:02:53Z,,0
2026-09-16T02:05:53Z,1.92,
2026-09-16T02:06:53Z,1.92,0
2026-09-16T02:07:53Z,1.92,0
2026-09-16T02:08:53Z,1.92,0
2026-09-16T02:09:53Z,1.92,0
2026-09-16T02:10:53Z,,0
2026-09-16T02:13:53Z,1.92,
2026-09-16T02:14:53Z,1.92,0
2026-09-16T02:15:53Z,1.92,0
2026-09-16T02:16:53Z,1.92,0
2026-09-16T02:17:53Z,1.92,0
2026-09-16T02:18:53Z,,0
2026-09-16T02:19:53Z,,0
2026-09-16T02:22:53Z,1.92,
2026-09-16T02:23:53Z,1.92,
2026-09-16T02:24:53Z,1.92,0
2026-09-16T02:25:53Z,1.92,0
2026-09-16T02:26:53Z,1.92,0
2026-09-16T02:27:53Z,,0
2026-09-16T02:28:53Z,,0
2026-09-16T02:31:53Z,1.92,
2026-09-16T02:32:53Z,1.66,
2026-09-16T02:33:53Z,1.66,0
2026-09-16T02:34:53Z,1.92,0
2026-09-16T02:35:53Z,1.92,0
2026-09-16T02:36:53Z,,0
2026-09-16T02:37:53Z,,0
2026-09-16T02:40:53Z,1.92,
2026-09-16T02:41:53Z,1.92,
2026-09-16T02:42:53Z,1.92,0
2026-09-16T02:43:53Z,1.92,0
2026-09-16T02:44:53Z,1.92,0
2026-09-16T02:45:53Z,,0
2026-09-16T02:46:53Z,,0
2026-09-16T02:50:53Z,1.66,
2026-09-16T02:51:53Z,1.92,
2026-09-16T02:52:53Z,1.92,0
2026-09-16T02:53:53Z,1.66,0
2026-09-16T02:54:53Z,1.66,0
2026-09-16T02:55:53Z,1.92,0
2026-09-16T02:56:53Z,,0
2026-09-16T03:02:53Z,1.92,
2026-09-16T03:03:53Z,1.66,
2026-09-16T03:04:53Z,1.92,0
2026-09-16T03:05:53Z,1.92,0
2026-09-16T03:06:53Z,1.92,0
2026-09-16T03:07:53Z,,0
2026-09-16T03:08:53Z,,0
2026-09-16T03:13:53Z,1.92,
2026-09-16T03:14:53Z,1.66,0
2026-09-16T03:15:53Z,1.66,0
2026-09-16T03:16:53Z,1.92,0
2026-09-16T03:17:53Z,1.92,0
2026-09-16T03:18:53Z,,0
2026-09-16T03:19:53Z,,0
2026-09-16T03:23:53Z,1.92,
2026-09-16T03:24:53Z,1.92,
2026-09-16T03:25:53Z,1.92,0
2026-09-16T03:26:53Z,1.92,0
2026-09-16T03:27:53Z,1.92,0
2026-09-16T03:28:53Z,1.92,0
2026-09-16T03:29:53Z,,0
2026-09-16T03:30:53Z,,0
2026-09-16T03:35:53Z,1.92,
2026-09-16T03:36:53Z,1.92,
2026-09-16T03:37:53Z,1.92,
2026-09-16T03:38:53Z,1.92,0
2026-09-16T03:39:53Z,1.92,0
2026-09-16T03:40:53Z,1.92,0
2026-09-16T03:41:53Z,,0
2026-09-16T03:42:53Z,,0
2026-09-16T03:46:53Z,1.92,
2026-09-16T03:47:53Z,1.92,
2026-09-16T03:48:53Z,1.92,0
2026-09-16T03:49:53Z,1.92,0
2026-09-16T03:50:53Z,1.92,0
2026-09-16T03:51:53Z,1.92,0
2026-09-16T03:52:53Z,,0
2026-09-16T03:58:53Z,1.92,
2026-09-16T03:59:53Z,1.92,
2026-09-16T04:00:53Z,1.92,0
2026-09-16T04:01:53Z,1.92,0
2026-09-16T04:02:53Z,1.92,0
2026-09-16T04:03:53Z,,0
2026-09-16T04:04:53Z,,0
2026-09-16T04:05:53Z,,0
2026-09-16T04:09:53Z,1.92,
2026-09-16T04:10:53Z,2.18,
2026-09-16T04:11:53Z,1.92,0
2026-09-16T04:12:53Z,2.18,0
2026-09-16T04:13:53Z,1.92,0
2026-09-16T04:14:53Z,,0
2026-09-16T04:15:53Z,,0
2026-09-16T04:20:53Z,1.92,
2026-09-16T04:21:53Z,1.66,
2026-09-16T04:22:53Z,1.92,0
2026-09-16T04:23:53Z,1.66,0
2026-09-16T04:24:53Z,1.92,0
2026-09-16T04:25:53Z,2.18,0
2026-09-16T04:26:53Z,,0
2026-09-16T04:27:53Z,,0
2026-09-16T04:31:53Z,1.92,
2026-09-16T04:32:53Z,1.92,
2026-09-16T04:33:53Z,1.92,
2026-09-16T04:34:53Z,1.92,
2026-09-16T04:35:53Z,1.92,
2026-09-16T05:02:53Z,1.92,
2026-09-16T05:03:53Z,1.66,
2026-09-16T05:04:53Z,1.66,0
2026-09-16T05:05:53Z,1.92,0
2026-09-16T05:06:53Z,2.18,0
2026-09-16T05:07:53Z,,0
2026-09-16T05:08:53Z,,0
2026-09-16T05:09:53Z,,0
2026-09-16T05:13:53Z,1.66,
2026-09-16T05:14:53Z,1.92,
2026-09-16T05:15:53Z,1.92,0
2026-09-16T05:16:53Z,1.92,0
2026-09-16T05:17:53Z,1.92,0
2026-09-16T05:18:53Z,,0
2026-09-16T05:19:53Z,,0
2026-09-16T05:20:53Z,,0
2026-09-16T05:23:53Z,1.92,
2026-09-16T05:24:53Z,1.92,
2026-09-16T05:25:53Z,1.92,0
2026-09-16T05:26:53Z,1.92,0
2026-09-16T05:27:53Z,1.66,0
2026-09-16T05:28:53Z,,0
2026-09-16T05:29:53Z,,0
2026-09-16T05:30:53Z,,0
2026-09-16T05:33:53Z,1.92,
2026-09-16T05:34:53Z,1.92,
2026-09-16T05:35:53Z,1.92,
2026-09-16T05:36:53Z,1.66,
2026-09-16T05:37:53Z,1.92,0
2026-09-16T05:38:53Z,,0
2026-09-16T05:39:53Z,,0
2026-09-16T05:40:53Z,,0
2026-09-16T05:41:53Z,,0
2026-09-16T05:43:53Z,1.92,
2026-09-16T05:44:53Z,1.92,
2026-09-16T05:45:53Z,1.92,
2026-09-16T05:46:53Z,1.92,
2026-09-16T05:47:53Z,1.92,0
2026-09-16T05:48:53Z,,0
2026-09-16T05:49:53Z,,0
2026-09-16T05:50:53Z,,0
2026-09-16T05:51:53Z,,0
2026-09-16T05:52:53Z,,0
2026-09-16T05:54:53Z,1.92,
2026-09-16T05:55:53Z,1.92,
2026-09-16T05:56:53Z,1.92,
2026-09-16T05:57:53Z,1.66,
2026-09-16T05:58:53Z,1.66,
2026-09-16T05:59:53Z,1.92,0
2026-09-16T06:00:53Z,,0
2026-09-16T06:01:53Z,,0
2026-09-16T06:02:53Z,,0
2026-09-16T06:03:53Z,,0
2026-09-16T06:08:53Z,1.92,
2026-09-16T06:09:53Z,1.92,
2026-09-16T06:10:53Z,1.66,0
2026-09-16T06:11:53Z,1.92,0
2026-09-16T06:12:53Z,1.92,0
2026-09-16T06:13:53Z,,0
2026-09-16T06:14:53Z,,0
2026-09-16T06:15:53Z,,0
2026-09-16T06:18:53Z,1.66,
2026-09-16T06:19:53Z,1.66,
2026-09-16T06:20:53Z,1.92,0
2026-09-16T06:21:53Z,1.92,0
2026-09-16T06:22:53Z,1.66,0
2026-09-16T06:23:53Z,,0
2026-09-16T06:24:53Z,,0
2026-09-16T06:25:53Z,,0
2026-09-16T06:29:53Z,1.66,
2026-09-16T06:30:53Z,1.92,
2026-09-16T06:31:53Z,1.92,
2026-09-16T06:32:53Z,1.92,0
2026-09-16T06:33:53Z,1.92,0
2026-09-16T06:34:53Z,,0
2026-09-16T06:35:53Z,,0
2026-09-16T06:36:53Z,,0
2026-09-16T06:40:53Z,1.92,
2026-09-16T06:41:53Z,1.92,
2026-09-16T06:42:53Z,1.92,
2026-09-16T06:43:53Z,1.92,0
2026-09-16T06:44:53Z,1.66,0
2026-09-16T06:45:53Z,1.92,0
2026-09-16T06:46:53Z,,0
2026-09-16T06:47:53Z,,0
2026-09-16T06:53:53Z,1.92,
2026-09-16T06:54:53Z,1.92,0
2026-09-16T06:55:53Z,1.92,0
2026-09-16T06:56:53Z,1.92,0
2026-09-16T06:57:53Z,1.92,0
2026-09-16T06:58:53Z,,0
2026-09-16T06:59:53Z,,0
2026-09-16T07:00:53Z,,0
2026-09-16T07:05:53Z,1.92,
2026-09-16T07:06:53Z,1.66,
2026-09-16T07:07:53Z,1.92,
2026-09-16T07:08:53Z,1.92,0
2026-09-16T07:09:53Z,1.92,0
2026-09-16T07:10:53Z,1.66,0
2026-09-16T07:11:53Z,,0
2026-09-16T07:12:53Z,,0
2026-09-16T07:17:53Z,1.66,
2026-09-16T07:18:53Z,1.66,
2026-09-16T07:19:53Z,1.92,0
2026-09-16T07:20:53Z,1.92,0
2026-09-16T07:21:53Z,1.92,0
2026-09-16T07:22:53Z,,0
2026-09-16T07:23:53Z,,0
2026-09-16T07:29:53Z,1.66,
2026-09-16T07:30:53Z,1.66,
2026-09-16T07:31:53Z,1.92,0
2026-09-16T07:32:53Z,1.66,0
2026-09-16T07:33:53Z,1.66,0
2026-09-16T07:34:53Z,,0
2026-09-16T07:35:53Z,,0
2026-09-16T07:36:53Z,,0
2026-09-16T07:40:53Z,1.66,
2026-09-16T07:41:53Z,1.66,
2026-09-16T07:42:53Z,1.66,
2026-09-16T07:43:53Z,1.66,0
2026-09-16T07:44:53Z,1.66,0
2026-09-16T07:45:53Z,1.66,0
2026-09-16T07:46:53Z,,0
2026-09-16T07:47:53Z,,0
2026-09-16T07:52:53Z,1.92,
2026-09-16T07:53:53Z,1.66,
2026-09-16T07:54:53Z,1.66,0
2026-09-16T07:55:53Z,1.66,0
2026-09-16T07:56:53Z,1.66,0
2026-09-16T07:57:53Z,1.66,0
2026-09-16T07:58:53Z,1.66,0
2026-09-16T07:59:53Z,1.66,0
2026-09-16T08:00:53Z,1.66,0
2026-09-16T08:01:53Z,1.66,0
2026-09-16T08:08:53Z,1.66,0
2026-09-16T08:09:53Z,1.66,0
2026-09-16T08:10:53Z,1.66,0
2026-09-16T08:11:53Z,1.92,0
2026-09-16T08:12:53Z,1.92,0
2026-09-16T08:17:53Z,1.66,0
2026-09-16T08:18:53Z,1.66,0
2026-09-16T08:19:53Z,1.66,0
2026-09-16T08:20:53Z,1.66,0
2026-09-16T08:21:53Z,1.66,0
2026-09-16T08:28:53Z,1.92,0
2026-09-16T08:29:53Z,1.66,0
2026-09-16T08:30:53Z,1.66,0
2026-09-16T08:31:53Z,1.66,0
2026-09-16T08:32:53Z,1.66,0
2026-09-16T08:37:53Z,1.66,0
2026-09-16T08:38:53Z,1.66,0
2026-09-16T08:39:53Z,1.92,0
2026-09-16T08:40:53Z,1.66,0
2026-09-16T08:41:53Z,1.66,0
2026-09-16T08:46:53Z,1.66,0
2026-09-16T08:47:53Z,1.66,0
2026-09-16T08:48:53Z,1.66,0
2026-09-16T08:49:53Z,1.66,0
2026-09-16T08:50:53Z,1.66,0
2026-09-16T08:55:53Z,1.66,0
2026-09-16T08:56:53Z,1.66,0
2026-09-16T08:57:53Z,1.66,0
2026-09-16T08:58:53Z,1.66,0
2026-09-16T08:59:53Z,1.66,0
2026-09-16T09:00:53Z,1.66,0
2026-09-16T09:01:53Z,1.66,0
2026-09-16T09:09:53Z,1.66,0
2026-09-16T09:10:53Z,1.66,0
2026-09-16T09:11:53Z,1.66,0
2026-09-16T09:12:53Z,1.66,0
2026-09-16T09:13:53Z,1.66,0
2026-09-16T09:19:53Z,1.66,0
2026-09-16T09:20:53Z,1.66,0
2026-09-16T09:21:53Z,1.66,0
2026-09-16T09:22:53Z,1.66,0
2026-09-16T09:23:53Z,1.66,0
2026-09-16T09:24:53Z,1.66,0
2026-09-16T09:30:53Z,1.66,0
2026-09-16T09:31:53Z,1.66,0
2026-09-16T09:32:53Z,1.66,0
2026-09-16T09:33:53Z,1.66,0
2026-09-16T09:34:53Z,1.66,0
2026-09-16T09:35:53Z,1.66,0
2026-09-16T09:41:53Z,1.66,0
2026-09-16T09:42:53Z,1.66,0
2026-09-16T09:43:53Z,1.66,0
2026-09-16T09:44:53Z,1.66,0
2026-09-16T09:45:53Z,1.66,0
2026-09-16T10:02:53Z,,0
2026-09-16T10:03:53Z,1.66,0
2026-09-16T10:04:53Z,1.66,0
2026-09-16T10:05:53Z,1.66,0
2026-09-16T10:06:53Z,1.66,0
2026-09-16T10:07:53Z,1.66,0
2026-09-16T10:14:53Z,1.66,0
2026-09-16T10:15:53Z,1.66,0
2026-09-16T10:16:53Z,1.66,0
2026-09-16T10:17:53Z,1.66,0
2026-09-16T10:18:53Z,1.66,0
2026-09-16T10:19:53Z,1.66,0
2026-09-16T10:27:53Z,1.66,
2026-09-16T10:28:53Z,1.66,0
2026-09-16T10:29:53Z,1.66,0
2026-09-16T10:30:53Z,1.66,0
2026-09-16T10:31:53Z,1.66,0
2026-09-16T10:38:53Z,1.66,
2026-09-16T10:39:53Z,1.66,0
2026-09-16T10:40:53Z,1.66,0
2026-09-16T10:41:53Z,1.66,0
2026-09-16T10:42:53Z,1.66,0
2026-09-16T10:43:53Z,,0
2026-09-16T10:44:53Z,,0
2026-09-16T10:47:53Z,1.66,0
2026-09-16T10:48:53Z,1.66,0
2026-09-16T10:49:53Z,1.66,0
2026-09-16T10:50:53Z,1.66,0
2026-09-16T10:51:53Z,1.66,0
2026-09-16T10:57:53Z,1.66,
2026-09-16T10:58:53Z,1.66,0
2026-09-16T10:59:53Z,1.66,0
2026-09-16T11:00:53Z,1.66,0
2026-09-16T11:01:53Z,1.66,0
2026-09-16T11:02:53Z,1.66,0
2026-09-16T11:04:53Z,1.66,0
2026-09-16T11:05:53Z,1.66,0
2026-09-16T11:06:53Z,1.66,0
2026-09-16T11:07:53Z,1.66,0
2026-09-16T11:08:53Z,1.66,0
2026-09-16T11:15:53Z,1.66,0
2026-09-16T11:16:53Z,1.66,0
2026-09-16T11:17:53Z,1.66,0
2026-09-16T11:18:53Z,1.66,0
2026-09-16T11:19:53Z,1.66,0
2026-09-16T11:20:53Z,1.66,0
2026-09-16T11:27:53Z,1.66,0
2026-09-16T11:28:53Z,1.66,0
2026-09-16T11:29:53Z,1.66,0
2026-09-16T11:30:53Z,1.66,0
2026-09-16T11:31:53Z,1.66,0
2026-09-16T11:32:53Z,1.66,
2026-09-16T11:39:53Z,1.66,0
2026-09-16T11:40:53Z,1.66,0
2026-09-16T11:41:53Z,1.66,0
2026-09-16T11:42:53Z,1.66,0
2026-09-16T11:43:53Z,1.66,0
2026-09-16T11:50:53Z,1.66,0
2026-09-16T11:51:53Z,1.66,0
2026-09-16T11:52:53Z,1.66,0
2026-09-16T11:53:53Z,1.66,0
2026-09-16T11:54:53Z,1.66,0
2026-09-16T12:03:53Z,1.66,0
2026-09-16T12:04:53Z,1.66,0
2026-09-16T12:05:53Z,1.66,0
2026-09-16T12:06:53Z,1.66,0
2026-09-16T12:07:53Z,1.66,0
2026-09-16T12:14:53Z,1.66,0
2026-09-16T12:15:53Z,1.66,0
2026-09-16T12:16:53Z,1.66,0
2026-09-16T12:17:53Z,1.66,0
2026-09-16T12:18:53Z,1.66,0
2026-09-16T12:19:53Z,1.66,0
2026-09-16T12:26:53Z,1.66,
2026-09-16T12:27:53Z,1.66,0
2026-09-16T12:28:53Z,1.66,0
2026-09-16T12:29:53Z,1.66,0
2026-09-16T12:30:53Z,1.66,0
2026-09-16T12:31:53Z,1.66,0
2026-09-16T12:37:53Z,1.66,
2026-09-16T12:38:53Z,1.66,0
2026-09-16T12:39:53Z,1.66,0
2026-09-16T12:40:53Z,1.66,0
2026-09-16T12:41:53Z,1.66,0
2026-09-16T12:42:53Z,1.66,0
2026-09-16T12:48:53Z,1.66,
2026-09-16T12:49:53Z,1.66,0
2026-09-16T12:50:53Z,1.66,0
2026-09-16T12:51:53Z,1.66,0
2026-09-16T12:52:53Z,1.66,0
2026-09-16T12:53:53Z,1.66,0
2026-09-16T12:54:53Z,,0
2026-09-16T13:00:53Z,1.66,
2026-09-16T13:01:53Z,1.66,0
2026-09-16T13:02:53Z,1.66,0
2026-09-16T13:03:53Z,1.66,0
2026-09-16T13:04:53Z,1.66,0
2026-09-16T13:05:53Z,1.66,0
2026-09-16T13:06:53Z,,0
2026-09-16T13:13:53Z,1.66,
2026-09-16T13:14:53Z,1.66,0
2026-09-16T13:15:53Z,1.66,0
2026-09-16T13:16:53Z,1.66,0
2026-09-16T13:17:53Z,1.66,0
2026-09-16T13:18:53Z,,0
2026-09-16T13:25:53Z,1.66,
2026-09-16T13:26:53Z,1.66,0
2026-09-16T13:27:53Z,1.66,0
2026-09-16T13:28:53Z,1.66,0
2026-09-16T13:29:53Z,1.66,0
2026-09-16T13:30:53Z,,0
2026-09-16T13:37:53Z,1.66,0
2026-09-16T13:38:53Z,1.66,0
2026-09-16T13:39:53Z,1.66,0
2026-09-16T13:40:53Z,1.66,0
2026-09-16T13:41:53Z,1.66,0
2026-09-16T13:47:53Z,1.66,
2026-09-16T13:48:53Z,1.66,0
2026-09-16T13:49:53Z,1.66,0
2026-09-16T13:50:53Z,1.66,0
2026-09-16T13:51:53Z,1.66,0
2026-09-16T13:52:53Z,,0
2026-09-16T13:58:53Z,1.66,
2026-09-16T13:59:53Z,1.66,0
2026-09-16T14:00:53Z,1.66,0
2026-09-16T14:01:53Z,1.66,0
2026-09-16T14:02:53Z,1.66,0
2026-09-16T14:03:53Z,,0
2026-09-16T14:04:53Z,1.66,0
2026-09-16T14:05:53Z,1.66,0
2026-09-16T14:06:53Z,1.66,0
2026-09-16T14:07:53Z,1.66,0
2026-09-16T14:08:53Z,1.66,0
2026-09-16T14:13:53Z,1.66,0
2026-09-16T14:14:53Z,1.66,0
2026-09-16T14:15:53Z,1.66,0
2026-09-16T14:16:53Z,1.66,0
2026-09-16T14:17:53Z,1.66,0
2026-09-16T14:18:53Z,1.66,
2026-09-16T14:19:53Z,1.66,0
2026-09-16T14:20:53Z,1.66,0
2026-09-16T14:21:53Z,1.66,0
2026-09-16T14:22:53Z,1.66,0
2026-09-16T14:23:53Z,1.66,0
2026-09-16T14:29:53Z,1.66,0
2026-09-16T14:30:53Z,1.66,0
2026-09-16T14:31:53Z,1.66,0
2026-09-16T14:32:53Z,1.66,0
2026-09-16T14:33:53Z,1.66,0
2026-09-16T14:34:53Z,,0
2026-09-16T14:39:53Z,1.66,
2026-09-16T14:40:53Z,1.66,0
2026-09-16T14:41:53Z,1.66,0
2026-09-16T14:42:53Z,1.66,0
2026-09-16T14:43:53Z,1.66,0
2026-09-16T14:44:53Z,1.66,0
2026-09-16T14:45:53Z,1.66,0
2026-09-16T14:46:53Z,1.66,0
2026-09-16T14:47:53Z,1.66,0
2026-09-16T14:48:53Z,1.66,0
2026-09-16T14:49:53Z,1.66,0
2026-09-16T14:54:53Z,1.66,0
2026-09-16T14:55:53Z,1.66,0
2026-09-16T14:56:53Z,1.66,0
2026-09-16T14:57:53Z,1.66,0
2026-09-16T14:58:53Z,1.66,0
2026-09-16T14:59:53Z,1.66,0
2026-09-16T15:00:53Z,1.66,0
2026-09-16T15:07:53Z,,0
2026-09-16T15:08:53Z,1.66,0
2026-09-16T15:09:53Z,1.66,0
2026-09-16T15:10:53Z,1.66,0
2026-09-16T15:11:53Z,1.66,0
2026-09-16T15:12:53Z,1.66,0
2026-09-16T15:17:53Z,,0
2026-09-16T15:18:53Z,1.66,0
2026-09-16T15:19:53Z,1.66,0
2026-09-16T15:20:53Z,1.66,0
2026-09-16T15:21:53Z,1.66,0
2026-09-16T15:22:53Z,1.66,0
2026-09-16T15:28:53Z,1.66,0
2026-09-16T15:29:53Z,1.66,0
2026-09-16T15:30:53Z,1.66,0
2026-09-16T15:31:53Z,1.66,0
2026-09-16T15:32:53Z,1.66,0
2026-09-16T15:37:53Z,1.66,0
2026-09-16T15:38:53Z,1.66,0
2026-09-16T15:39:53Z,1.66,0
2026-09-16T15:40:53Z,1.66,0
2026-09-16T15:41:53Z,1.66,0
2026-09-16T15:42:53Z,1.66,
2026-09-16T15:47:53Z,,0
2026-09-16T15:48:53Z,1.66,0
2026-09-16T15:49:53Z,1.66,0
2026-09-16T15:50:53Z,1.66,0
2026-09-16T15:51:53Z,1.66,0
2026-09-16T15:52:53Z,1.66,
2026-09-16T15:57:53Z,,0
2026-09-16T15:58:53Z,1.66,0
2026-09-16T15:59:53Z,1.66,0
2026-09-16T16:00:53Z,1.66,0
2026-09-16T16:01:53Z,1.66,0
2026-09-16T16:02:53Z,1.66,0
2026-09-16T16:03:53Z,1.66,
2026-09-16T16:08:53Z,,0
2026-09-16T16:09:53Z,1.66,0
2026-09-16T16:10:53Z,1.66,0
2026-09-16T16:11:53Z,1.66,0
2026-09-16T16:12:53Z,1.66,0
2026-09-16T16:13:53Z,1.66,
2026-09-16T16:14:53Z,1.66,
2026-09-16T16:17:53Z,,0
2026-09-16T16:18:53Z,,0
2026-09-16T16:19:53Z,1.66,0
2026-09-16T16:20:53Z,1.66,0
2026-09-16T16:21:53Z,1.66,0
2026-09-16T16:22:53Z,1.66,
2026-09-16T16:23:53Z,1.66,
2026-09-16T16:27:53Z,,0
2026-09-16T16:28:53Z,,0
2026-09-16T16:30:53Z,1.66,0
2026-09-16T16:31:53Z,1.66,0
2026-09-16T16:32:53Z,1.66,
2026-09-16T16:33:53Z,1.66,
2026-09-16T16:37:53Z,,0
2026-09-16T16:38:53Z,,0
2026-09-16T16:39:53Z,,0
2026-09-16T16:40:53Z,1.66,0
2026-09-16T16:41:53Z,1.66,0
2026-09-16T16:42:53Z,1.66,
2026-09-16T16:43:53Z,1.66,
2026-09-16T16:44:53Z,1.66,
2026-09-16T16:47:53Z,,0
2026-09-16T16:48:53Z,,0
2026-09-16T16:49:53Z,,0
2026-09-16T16:50:53Z,,0
2026-09-16T16:51:53Z,1.66,0
2026-09-16T16:52:53Z,1.66,
2026-09-16T16:53:53Z,1.66,
2026-09-16T16:54:53Z,1.66,
2026-09-16T16:55:53Z,1.66,
2026-09-16T16:58:53Z,,0
2026-09-16T16:59:53Z,,0
2026-09-16T17:00:53Z,,0
2026-09-16T17:01:53Z,1.66,0
2026-09-16T17:02:53Z,1.66,0
2026-09-16T17:03:53Z,1.66,
2026-09-16T17:04:53Z,1.66,
2026-09-16T17:05:53Z,1.66,
2026-09-16T17:06:53Z,1.66,
2026-09-16T17:08:53Z,,0
2026-09-16T17:09:53Z,,0
2026-09-16T17:10:53Z,,0
2026-09-16T17:11:53Z,1.66,0
2026-09-16T17:12:53Z,1.66,0
2026-09-16T17:13:53Z,1.66,
2026-09-16T17:14:53Z,1.66,
2026-09-16T17:15:53Z,1.66,
2026-09-16T17:18:53Z,,0
2026-09-16T17:19:53Z,,0
2026-09-16T17:20:53Z,,0
2026-09-16T17:21:53Z,,0
2026-09-16T17:22:53Z,1.66,0
2026-09-16T17:23:53Z,1.66,
2026-09-16T17:24:53Z,1.66,
2026-09-16T17:25:53Z,1.66,
2026-09-16T17:26:53Z,1.66,
2026-09-16T17:30:53Z,1.66,0
2026-09-16T17:31:53Z,1.66,0
2026-09-16T17:32:53Z,1.66,0
2026-09-16T17:33:53Z,1.66,0
2026-09-16T17:34:53Z,1.66,
2026-09-16T17:35:53Z,1.66,
2026-09-16T17:38:53Z,,0
2026-09-16T17:39:53Z,,0
2026-09-16T17:40:53Z,1.66,0
2026-09-16T17:41:53Z,1.66,0
2026-09-16T17:42:53Z,1.66,0
2026-09-16T17:43:53Z,1.66,
2026-09-16T17:44:53Z,1.66,
2026-09-16T17:49:53Z,1.66,0
2026-09-16T17:50:53Z,1.66,0
2026-09-16T17:51:53Z,1.66,0
2026-09-16T17:52:53Z,1.66,0
2026-09-16T17:53:53Z,1.66,
2026-09-16T17:57:53Z,,0
2026-09-16T17:58:53Z,,0
2026-09-16T17:59:53Z,1.66,0
2026-09-16T18:00:53Z,1.66,0
2026-09-16T18:01:53Z,1.66,0
2026-09-16T18:02:53Z,1.66,0
2026-09-16T18:03:53Z,1.66,
2026-09-16T18:04:53Z,1.66,
2026-09-16T18:09:53Z,,0
2026-09-16T18:10:53Z,1.66,0
2026-09-16T18:11:53Z,1.66,0
2026-09-16T18:12:53Z,1.66,0
2026-09-16T18:13:53Z,1.66,0
2026-09-16T18:14:53Z,1.66,
2026-09-16T18:18:53Z,,0
2026-09-16T18:19:53Z,1.66,0
2026-09-16T18:20:53Z,1.66,0
2026-09-16T18:21:53Z,1.66,0
2026-09-16T18:22:53Z,1.66,0
2026-09-16T18:23:53Z,1.66,
2026-09-16T18:28:53Z,,0
2026-09-16T18:29:53Z,,0
2026-09-16T18:30:53Z,1.66,0
2026-09-16T18:31:53Z,1.66,0
2026-09-16T18:32:53Z,1.66,0
2026-09-16T18:33:53Z,1.66,0
2026-09-16T18:34:53Z,1.66,
2026-09-16T18:35:53Z,1.66,
2026-09-16T18:39:53Z,,0
2026-09-16T18:40:53Z,1.66,0
2026-09-16T18:41:53Z,1.66,0
2026-09-16T18:42:53Z,1.66,0
2026-09-16T18:43:53Z,1.66,0
2026-09-16T18:44:53Z,1.66,
2026-09-16T18:45:53Z,1.66,
2026-09-16T18:50:53Z,,0
2026-09-16T18:51:53Z,,0
2026-09-16T18:52:53Z,1.66,0
2026-09-16T18:53:53Z,1.66,0
2026-09-16T18:54:53Z,1.66,0
2026-09-16T18:55:53Z,1.66,
2026-09-16T18:56:53Z,1.66,
2026-09-16T19:00:53Z,,0
2026-09-16T19:01:53Z,,0
2026-09-16T19:02:53Z,,0
2026-09-16T19:03:53Z,1.66,0
2026-09-16T19:04:53Z,1.66,0
2026-09-16T19:05:53Z,1.66,0
2026-09-16T19:06:53Z,1.66,
2026-09-16T19:07:53Z,1.66,
2026-09-16T19:11:53Z,,0
2026-09-16T19:12:53Z,,0
2026-09-16T19:13:53Z,1.66,0
2026-09-16T19:14:53Z,1.66,0
2026-09-16T19:15:53Z,1.66,0
2026-09-16T19:16:53Z,1.66,0
2026-09-16T19:17:53Z,1.66,
2026-09-16T19:22:53Z,,0
2026-09-16T19:23:53Z,,0
2026-09-16T19:24:53Z,1.66,0
2026-09-16T19:25:53Z,1.66,0
2026-09-16T19:26:53Z,1.66,0
2026-09-16T19:27:53Z,1.66,
2026-09-16T19:28:53Z,1.66,
2026-09-16T19:32:53Z,,0
2026-09-16T19:33:53Z,,0
2026-09-16T19:34:53Z,,0
2026-09-16T19:35:53Z,1.66,0
2026-09-16T19:36:53Z,1.66,0
2026-09-16T19:37:53Z,1.66,0
2026-09-16T19:38:53Z,1.66,
2026-09-16T19:39:53Z,1.66,
2026-09-16T19:43:53Z,,0
2026-09-16T19:44:53Z,,0
2026-09-16T19:45:53Z,1.66,0
2026-09-16T19:46:53Z,1.66,0
2026-09-16T19:47:53Z,1.66,0
2026-09-16T20:03:53Z,1.66,0
2026-09-16T20:04:53Z,1.66,0
2026-09-16T20:05:53Z,1.66,0
2026-09-16T20:06:53Z,1.66,0
2026-09-16T20:07:53Z,1.66,0
2026-09-16T20:08:53Z,1.66,0
2026-09-16T20:09:53Z,1.66,0
2026-09-16T20:12:53Z,1.66,0
2026-09-16T20:13:53Z,1.66,0
2026-09-16T20:14:53Z,1.66,0
2026-09-16T20:15:53Z,1.66,0
2026-09-16T20:16:53Z,1.66,0
2026-09-16T20:17:53Z,1.66,
2026-09-16T20:22:53Z,1.66,0
2026-09-16T20:23:53Z,1.66,0
2026-09-16T20:24:53Z,1.66,0
2026-09-16T20:25:53Z,1.66,0
2026-09-16T20:26:53Z,1.66,0
2026-09-16T20:27:53Z,1.66,
2026-09-16T20:32:53Z,1.66,0
2026-09-16T20:33:53Z,1.66,0
2026-09-16T20:34:53Z,1.66,0
2026-09-16T20:35:53Z,1.66,0
2026-09-16T20:36:53Z,1.66,0
2026-09-16T20:41:53Z,1.66,0
2026-09-16T20:42:53Z,1.66,0
2026-09-16T20:43:53Z,1.66,0
2026-09-16T20:44:53Z,1.66,0
2026-09-16T20:45:53Z,1.66,0
2026-09-16T20:46:53Z,1.66,
2026-09-16T20:47:53Z,1.66,0
2026-09-16T20:48:53Z,1.66,0
2026-09-16T20:49:53Z,1.66,0
2026-09-16T20:50:53Z,1.66,0
2026-09-16T20:51:53Z,1.66,0
2026-09-16T20:57:53Z,1.66,0
2026-09-16T20:58:53Z,1.66,0
2026-09-16T20:59:53Z,1.66,0
2026-09-16T21:00:53Z,1.66,0
2026-09-16T21:01:53Z,1.66,0
2026-09-16T21:08:53Z,1.66,0
2026-09-16T21:09:53Z,1.66,0
2026-09-16T21:10:53Z,1.66,0
2026-09-16T21:11:53Z,1.66,0
2026-09-16T21:12:53Z,1.66,0
2026-09-16T21:18:53Z,1.66,0
2026-09-16T21:19:53Z,1.66,0
2026-09-16T21:20:53Z,1.66,0
2026-09-16T21:21:53Z,1.66,0
2026-09-16T21:22:53Z,1.66,0
2026-09-16T21:28:53Z,1.66,0
2026-09-16T21:29:53Z,1.66,0
2026-09-16T21:30:53Z,1.66,0
2026-09-16T21:31:53Z,1.66,0
2026-09-16T21:32:53Z,1.66,0
2026-09-16T21:33:53Z,1.66,
2026-09-16T21:40:53Z,1.66,0
2026-09-16T21:41:53Z,1.66,0
2026-09-16T21:42:53Z,1.66,0
2026-09-16T21:43:53Z,1.66,0
2026-09-16T21:47:53Z,,0
2026-09-16T21:48:53Z,1.66,0
2026-09-16T21:49:53Z,1.66,0
2026-09-16T21:50:53Z,1.66,0
2026-09-16T21:51:53Z,1.66,0
2026-09-16T21:52:53Z,1.66,0
2026-09-16T21:57:53Z,,0
2026-09-16T21:58:53Z,,0
2026-09-16T21:59:53Z,1.66,0
2026-09-16T22:00:53Z,1.66,0
2026-09-16T22:02:53Z,1.66,0
2026-09-16T22:03:53Z,1.66,
2026-09-16T22:04:53Z,1.66,
2026-09-16T22:08:53Z,,0
2026-09-16T22:09:53Z,,0
2026-09-16T22:10:53Z,1.66,0
2026-09-16T22:11:53Z,1.66,0
2026-09-16T22:12:53Z,1.66,0
2026-09-16T22:13:53Z,1.66,
2026-09-16T22:14:53Z,1.66,
2026-09-16T22:19:53Z,,0
2026-09-16T22:20:53Z,,0
2026-09-16T22:21:53Z,1.66,0
2026-09-16T22:22:53Z,1.66,0
2026-09-16T22:23:53Z,1.66,0
2026-09-16T22:24:53Z,1.66,
2026-09-16T22:25:53Z,1.66,
2026-09-16T22:29:53Z,,0
2026-09-16T22:30:53Z,1.66,0
2026-09-16T22:31:53Z,1.66,0
2026-09-16T22:32:53Z,1.66,0
2026-09-16T22:33:53Z,1.66,0
2026-09-16T22:34:53Z,1.66,
2026-09-16T22:35:53Z,1.66,
2026-09-16T22:40:53Z,,0
2026-09-16T22:41:53Z,,0
2026-09-16T22:42:53Z,1.66,0
2026-09-16T22:43:53Z,1.66,0
2026-09-16T22:44:53Z,1.66,0
2026-09-16T22:45:53Z,1.66,0
2026-09-16T22:46:53Z,1.66,
2026-09-16T22:50:53Z,,0
2026-09-16T22:51:53Z,,0
2026-09-16T22:52:53Z,1.66,0
2026-09-16T22:53:53Z,1.66,0
2026-09-16T22:54:53Z,1.66,0
2026-09-16T22:55:53Z,1.66,0
2026-09-16T22:56:53Z,1.66,
2026-09-16T23:02:53Z,,0
2026-09-16T23:03:53Z,,0
2026-09-16T23:04:53Z,1.66,0
2026-09-16T23:05:53Z,1.66,0
2026-09-16T23:06:53Z,1.66,0
2026-09-16T23:07:53Z,1.66,
2026-09-16T23:08:53Z,1.66,
2026-09-16T23:12:53Z,,0
2026-09-16T23:13:53Z,1.66,0
2026-09-16T23:14:53Z,1.66,0
2026-09-16T23:15:53Z,1.66,0
2026-09-16T23:16:53Z,1.66,0
2026-09-16T23:17:53Z,1.66,
2026-09-16T23:18:53Z,1.66,
2026-09-16T23:22:53Z,,0
2026-09-16T23:23:53Z,,0
2026-09-16T23:24:53Z,,0
2026-09-16T23:25:53Z,2.18,0
2026-09-16T23:26:53Z,1.66,0
2026-09-16T23:27:53Z,1.66,0
2026-09-16T23:28:53Z,1.66,
2026-09-16T23:29:53Z,1.66,
2026-09-16T23:33:53Z,,0
2026-09-16T23:34:53Z,,0
2026-09-16T23:35:53Z,,0
2026-09-16T23:36:53Z,1.66,0
2026-09-16T23:37:53Z,1.66,0
2026-09-16T23:38:53Z,1.66,
2026-09-16T23:39:53Z,1.66,
2026-09-16T23:40:53Z,1.66,
2026-09-16T23:42:53Z,,0
2026-09-16T23:43:53Z,,0
2026-09-16T23:44:53Z,,0
2026-09-16T23:45:53Z,,0
2026-09-16T23:46:53Z,,0
2026-09-16T23:47:53Z,1.92,
2026-09-16T23:48:53Z,1.92,
2026-09-16T23:49:53Z,1.92,
2026-09-16T23:50:53Z,1.92,
2026-09-16T23:51:53Z,1.66,
2026-09-16T23:52:53Z,,0
2026-09-16T23:53:53Z,,0
2026-09-16T23:54:53Z,,0
2026-09-16T23:55:53Z,,0
2026-09-16T23:56:53Z,,0
2026-09-16T23:57:53Z,,0
2026-09-16T23:58:53Z,1.92,
2026-09-16T23:59:53Z,1.92,
2026-09-17T00:00:53Z,1.92,
2026-09-17T00:01:53Z,1.92,
2026-09-17T00:02:53Z,1.92,
2026-09-17T00:04:53Z,,0
2026-09-17T00:05:53Z,,0
2026-09-17T00:06:53Z,,0
2026-09-17T00:07:53Z,,0
2026-09-17T00:08:53Z,,0
2026-09-17T00:09:53Z,1.92,
2026-09-17T00:10:53Z,1.92,
2026-09-17T00:11:53Z,1.92,
2026-09-17T00:12:53Z,1.92,
2026-09-17T00:13:53Z,1.92,
2026-09-17T00:14:53Z,1.92,
2026-09-17T01:00:53Z,,0
2026-09-17T01:01:53Z,,0
2026-09-17T01:02:53Z,,0
2026-09-17T01:03:53Z,,0
2026-09-17T01:04:53Z,,0
2026-09-17T01:05:53Z,,0
2026-09-17T01:06:53Z,1.92,
2026-09-17T01:07:53Z,1.92,
2026-09-17T01:08:53Z,1.92,
2026-09-17T01:09:53Z,1.92,
2026-09-17T01:10:53Z,1.92,
2026-09-17T01:11:53Z,2.18,
2026-09-17T01:12:53Z,,0
2026-09-17T01:13:53Z,,0
2026-09-17T01:14:53Z,,0
2026-09-17T01:15:53Z,,0
2026-09-17T01:16:53Z,,0
2026-09-17T01:18:53Z,1.92,
2026-09-17T01:19:53Z,2.18,
2026-09-17T01:20:53Z,2.18,
2026-09-17T01:21:53Z,1.92,
2026-09-17T01:22:53Z,2.18,
2026-09-17T01:23:53Z,,0
2026-09-17T01:24:53Z,,0
2026-09-17T01:25:53Z,,0
2026-09-17T01:26:53Z,,0
2026-09-17T01:27:53Z,,0
2026-09-17T01:28:53Z,,0
2026-09-17T01:29:53Z,1.92,
2026-09-17T01:30:53Z,2.18,
2026-09-17T01:31:53Z,2.18,
2026-09-17T01:32:53Z,1.92,
2026-09-17T01:33:53Z,1.92,
2026-09-17T01:34:53Z,2.18,0
2026-09-17T01:35:53Z,,0
2026-09-17T01:36:53Z,,0
2026-09-17T01:38:53Z,1.92,0
2026-09-17T01:39:53Z,1.92,0
2026-09-17T01:40:53Z,1.92,0
2026-09-17T01:41:53Z,1.92,0
2026-09-17T01:42:53Z,1.92,0
2026-09-17T01:46:53Z,,0
2026-09-17T01:47:53Z,,0
2026-09-17T01:48:53Z,2.18,0
2026-09-17T01:49:53Z,1.92,0
2026-09-17T01:50:53Z,2.18,0
2026-09-17T01:51:53Z,2.18,0
2026-09-17T01:52:53Z,1.92,
2026-09-17T01:57:53Z,,0
2026-09-17T01:58:53Z,1.92,0
2026-09-17T01:59:53Z,1.92,0
2026-09-17T02:00:53Z,1.92,0
2026-09-17T02:01:53Z,1.92,0
2026-09-17T02:02:53Z,1.92,
2026-09-17T02:09:53Z,1.92,0
2026-09-17T02:10:53Z,1.92,0
2026-09-17T02:11:53Z,1.92,0
2026-09-17T02:12:53Z,1.92,0
2026-09-17T02:13:53Z,1.92,0
2026-09-17T02:14:53Z,1.92,0
2026-09-17T02:22:53Z,1.92,0
2026-09-17T02:23:53Z,2.18,0
2026-09-17T02:24:53Z,2.18,0
2026-09-17T02:25:53Z,1.92,0
2026-09-17T02:26:53Z,1.92,0
2026-09-17T02:33:53Z,,0
2026-09-17T02:34:53Z,2.18,0
2026-09-17T02:35:53Z,1.92,0
2026-09-17T02:36:53Z,2.18,0
2026-09-17T02:37:53Z,1.92,0
2026-09-17T02:38:53Z,1.92,
2026-09-17T02:39:53Z,1.92,
2026-09-17T02:45:53Z,,0
2026-09-17T02:46:53Z,1.92,0
2026-09-17T02:47:53Z,1.92,0
2026-09-17T02:48:53Z,1.92,0
2026-09-17T02:49:53Z,1.92,0
2026-09-17T02:50:53Z,1.92,0
2026-09-17T02:51:53Z,1.92,
2026-09-17T02:58:53Z,,0
2026-09-17T02:59:53Z,2.18,0
2026-09-17T03:00:53Z,2.18,0
2026-09-17T03:01:53Z,2.18,0
2026-09-17T03:03:53Z,1.92,0
2026-09-17T03:04:53Z,1.92,
2026-09-17T03:10:53Z,,0
2026-09-17T03:11:53Z,1.92,0
2026-09-17T03:12:53Z,1.92,0
2026-09-17T03:13:53Z,1.92,0
2026-09-17T03:14:53Z,1.92,0
2026-09-17T03:15:53Z,2.18,
2026-09-17T03:16:53Z,2.18,
2026-09-17T03:24:53Z,,0
2026-09-17T03:25:53Z,2.18,0
2026-09-17T03:26:53Z,2.18,0
2026-09-17T03:27:53Z,2.18,0
2026-09-17T03:28:53Z,2.18,0
2026-09-17T03:29:53Z,1.92,0
2026-09-17T03:30:53Z,2.18,
2026-09-17T03:36:53Z,,0
2026-09-17T03:37:53Z,,0
2026-09-17T03:38:53Z,1.92,0
2026-09-17T03:39:53Z,2.18,0
2026-09-17T03:40:53Z,1.92,0
2026-09-17T03:41:53Z,1.92,0
2026-09-17T03:42:53Z,1.92,
2026-09-17T03:43:53Z,1.92,
2026-09-17T03:49:53Z,,0
2026-09-17T03:50:53Z,1.92,0
2026-09-17T03:51:53Z,1.92,0
2026-09-17T03:52:53Z,1.92,0
2026-09-17T03:53:53Z,1.92,0
2026-09-17T03:54:53Z,1.92,0
2026-09-17T03:55:53Z,1.92,0
2026-09-17T03:56:53Z,1.92,0
2026-09-17T03:57:53Z,1.92,0
2026-09-17T03:58:53Z,1.92,0
2026-09-17T03:59:53Z,2.18,0
2026-09-17T04:00:53Z,1.92,0
2026-09-17T04:01:53Z,,0
2026-09-17T04:08:53Z,1.92,
2026-09-17T04:09:53Z,1.92,0
2026-09-17T04:10:53Z,2.18,0
2026-09-17T04:11:53Z,2.18,0
2026-09-17T04:12:53Z,1.92,0
2026-09-17T04:13:53Z,,0
2026-09-17T04:14:53Z,,0
2026-09-17T04:20:53Z,2.18,
2026-09-17T04:21:53Z,2.18,0
2026-09-17T04:22:53Z,1.92,0
2026-09-17T04:23:53Z,2.18,0
2026-09-17T04:24:53Z,1.92,0
2026-09-17T04:25:53Z,1.92,0
2026-09-17T04:26:53Z,,0
2026-09-17T04:33:53Z,1.92,
2026-09-17T04:34:53Z,1.92,
2026-09-17T04:35:53Z,1.92,0
2026-09-17T04:36:53Z,1.92,0
2026-09-17T04:37:53Z,1.92,0
2026-09-17T04:38:53Z,2.18,0
2026-09-17T04:44:53Z,2.18,0
2026-09-17T04:45:53Z,1.92,0
2026-09-17T04:46:53Z,1.92,0
2026-09-17T04:47:53Z,1.92,0
2026-09-17T04:48:53Z,1.92,0
2026-09-17T04:49:53Z,1.92,0
2026-09-17T04:57:53Z,2.18,
2026-09-17T04:58:53Z,1.92,0
2026-09-17T04:59:53Z,1.92,0
2026-09-17T05:00:53Z,1.92,0
2026-09-17T05:01:53Z,1.92,0
2026-09-17T05:02:53Z,1.92,0
2026-09-17T05:03:53Z,,0
2026-09-17T06:00:53Z,1.92,0
2026-09-17T06:01:53Z,1.92,0
2026-09-17T06:02:53Z,1.92,0
2026-09-17T06:03:53Z,1.92,0
2026-09-17T06:04:53Z,1.92,0
2026-09-17T06:05:53Z,1.92,
2026-09-17T06:12:53Z,2.18,0
2026-09-17T06:13:53Z,1.92,0
2026-09-17T06:14:53Z,1.92,0
2026-09-17T06:15:53Z,1.92,0
2026-09-17T06:16:53Z,1.92,0
2026-09-17T06:22:53Z,2.18,0
2026-09-17T06:23:53Z,1.92,0
2026-09-17T06:24:53Z,2.18,0
2026-09-17T06:25:53Z,1.92,0
2026-09-17T06:26:53Z,1.92,0
2026-09-17T06:33:53Z,2.18,0
2026-09-17T06:34:53Z,2.18,0
2026-09-17T06:35:53Z,2.18,0
2026-09-17T06:36:53Z,1.92,0
2026-09-17T06:37:53Z,2.18,0
2026-09-17T06:45:53Z,1.92,0
2026-09-17T06:46:53Z,2.18,0
2026-09-17T06:47:53Z,2.18,0
2026-09-17T06:48:53Z,2.18,0
2026-09-17T06:49:53Z,1.92,0
2026-09-17T06:50:53Z,1.92,0
2026-09-17T06:51:53Z,,0
2026-09-17T06:58:53Z,1.92,
2026-09-17T06:59:53Z,2.18,0
2026-09-17T07:00:53Z,2.18,0
2026-09-17T07:01:53Z,2.57,0
2026-09-17T07:02:53Z,2.18,0
2026-09-17T07:03:53Z,2.18,0
2026-09-17T07:04:53Z,,0
2026-09-17T07:11:53Z,1.92,
2026-09-17T07:12:53Z,2.18,0
2026-09-17T07:13:53Z,2.18,0
2026-09-17T07:14:53Z,2.18,0
2026-09-17T07:15:53Z,2.18,0
2026-09-17T07:16:53Z,,0
2026-09-17T07:23:53Z,2.18,
2026-09-17T07:24:53Z,1.92,0
2026-09-17T07:25:53Z,1.92,0
2026-09-17T07:26:53Z,2.18,0
2026-09-17T07:27:53Z,1.92,0
2026-09-17T07:28:53Z,,0
2026-09-17T07:29:53Z,,0
2026-09-17T07:35:53Z,1.92,
2026-09-17T07:36:53Z,1.92,0
2026-09-17T07:37:53Z,2.18,0
2026-09-17T07:38:53Z,2.18,0
2026-09-17T07:39:53Z,2.18,0
2026-09-17T07:40:53Z,1.92,0
2026-09-17T07:41:53Z,,0
2026-09-17T07:47:53Z,2.57,
2026-09-17T07:48:53Z,2.18,
2026-09-17T07:49:53Z,2.18,0
2026-09-17T07:50:53Z,2.18,0
2026-09-17T07:51:53Z,2.57,0
2026-09-17T07:52:53Z,2.18,0
2026-09-17T07:53:53Z,,0
2026-09-17T07:54:53Z,,0
2026-09-17T08:01:53Z,2.18,
2026-09-17T08:02:53Z,1.92,0
2026-09-17T08:03:53Z,2.18,0
2026-09-17T08:04:53Z,2.18,0
2026-09-17T08:05:53Z,2.18,0
2026-09-17T08:06:53Z,,0
2026-09-17T08:12:53Z,2.18,
2026-09-17T08:13:53Z,2.18,
2026-09-17T08:14:53Z,2.18,0
2026-09-17T08:15:53Z,2.18,0
2026-09-17T08:16:53Z,2.18,0
2026-09-17T08:17:53Z,1.92,0
2026-09-17T08:18:53Z,,0
2026-09-17T08:26:53Z,2.18,
2026-09-17T08:27:53Z,2.18,0
2026-09-17T08:28:53Z,2.18,0
2026-09-17T08:29:53Z,2.18,0
2026-09-17T08:30:53Z,1.92,0
2026-09-17T08:31:53Z,1.92,0
2026-09-17T08:32:53Z,,0
2026-09-17T08:38:53Z,2.18,0
2026-09-17T08:39:53Z,2.18,0
2026-09-17T08:40:53Z,2.18,0
2026-09-17T08:41:53Z,2.18,0
2026-09-17T08:42:53Z,1.92,0
2026-09-17T08:43:53Z,1.92,0
2026-09-17T08:44:53Z,2.18,0
2026-09-17T08:45:53Z,2.18,0
2026-09-17T08:52:53Z,2.18,0
2026-09-17T08:53:53Z,2.57,0
2026-09-17T08:54:53Z,2.57,0
2026-09-17T08:55:53Z,2.57,0
2026-09-17T09:02:53Z,2.18,0
2026-09-17T09:03:53Z,2.18,0
2026-09-17T09:04:53Z,2.18,0
2026-09-17T09:05:53Z,2.18,0
2026-09-17T09:06:53Z,2.18,0
2026-09-17T09:07:53Z,2.18,0
2026-09-17T09:13:53Z,2.18,0
2026-09-17T09:14:53Z,2.18,0
2026-09-17T09:15:53Z,2.18,0
2026-09-17T09:16:53Z,2.18,0
2026-09-17T09:17:53Z,1.92,0
2026-09-17T09:24:53Z,,0
2026-09-17T09:25:53Z,1.92,0
2026-09-17T09:26:53Z,2.18,0
2026-09-17T09:27:53Z,2.18,0
2026-09-17T09:28:53Z,2.18,0
2026-09-17T09:29:53Z,2.18,0
2026-09-17T09:37:53Z,,0
2026-09-17T09:38:53Z,2.18,0
2026-09-17T09:39:53Z,2.18,0
2026-09-17T09:40:53Z,2.18,0
2026-09-17T09:41:53Z,2.18,0
2026-09-17T09:42:53Z,2.18,0
2026-09-17T09:49:53Z,2.57,0
2026-09-17T09:50:53Z,2.57,0
2026-09-17T09:51:53Z,2.57,0
2026-09-17T09:52:53Z,2.57,0
2026-09-17T09:53:53Z,2.57,0
2026-09-17T09:54:53Z,2.57,0
2026-09-17T10:02:53Z,3.09,0
2026-09-17T10:03:53Z,2.18,0
2026-09-17T10:04:53Z,2.57,0
2026-09-17T10:05:53Z,2.18,0
2026-09-17T10:06:53Z,2.18,0
2026-09-17T11:04:59Z,1.92,
2026-09-17T11:05:59Z,1.92,0
2026-09-17T11:06:59Z,2.18,0
2026-09-17T11:07:59Z,2.18,0
2026-09-17T11:08:59Z,2.18,0
2026-09-17T11:09:59Z,,0
2026-09-17T11:16:59Z,2.18,
2026-09-17T11:17:59Z,2.18,0
2026-09-17T11:18:59Z,1.92,0
2026-09-17T11:19:59Z,2.18,0
2026-09-17T11:20:59Z,1.92,0
2026-09-17T11:30:59Z,1.92,0
2026-09-17T11:31:59Z,2.18,0
2026-09-17T11:32:59Z,2.18,0
2026-09-17T11:33:59Z,2.57,0
2026-09-17T11:34:59Z,2.18,0
2026-09-17T11:35:59Z,1.92,0
2026-09-17T11:36:59Z,2.18,0
2026-09-17T11:37:59Z,1.92,0
2026-09-17T11:38:59Z,1.92,0
2026-09-17T11:39:59Z,2.18,0
2026-09-17T11:46:59Z,1.92,0
2026-09-17T11:47:59Z,1.92,0
2026-09-17T11:48:59Z,2.18,0
2026-09-17T11:49:59Z,1.92,0
2026-09-17T11:50:59Z,2.18,0
2026-09-17T11:59:59Z,2.18,0
2026-09-17T12:00:59Z,2.18,0
2026-09-17T12:01:59Z,1.92,0
2026-09-17T12:02:59Z,1.92,0
2026-09-17T12:11:59Z,2.18,0
2026-09-17T12:12:59Z,1.92,0
2026-09-17T12:13:59Z,1.92,0
2026-09-17T12:14:59Z,2.18,0
2026-09-17T12:23:59Z,1.92,0
2026-09-17T12:24:59Z,1.92,0
2026-09-17T12:25:59Z,2.18,0
2026-09-17T12:26:59Z,1.92,0
2026-09-17T12:43:59Z,1.92,0
2026-09-17T12:44:59Z,1.92,0
2026-09-17T12:45:59Z,1.92,0
2026-09-17T12:46:59Z,1.92,0
2026-09-17T12:47:59Z,2.18,0
2026-09-17T12:48:59Z,2.18,
2026-09-17T12:51:59Z,,0
2026-09-17T12:52:59Z,1.92,0
2026-09-17T12:53:59Z,1.92,0
2026-09-17T12:54:59Z,1.92,0
2026-09-17T12:55:59Z,2.18,0
2026-09-17T12:56:59Z,2.18,
2026-09-17T13:03:59Z,,0
2026-09-17T13:04:59Z,2.18,0
2026-09-17T13:05:59Z,2.18,0
2026-09-17T13:06:59Z,1.92,0
2026-09-17T13:07:59Z,1.92,0
2026-09-17T13:08:59Z,2.18,
2026-09-17T13:09:59Z,1.92,0
2026-09-17T13:10:59Z,1.92,0
2026-09-17T13:11:59Z,2.18,0
2026-09-17T13:12:59Z,2.18,0
2026-09-17T13:18:59Z,1.92,0
2026-09-17T13:19:59Z,1.92,0
2026-09-17T13:20:59Z,1.92,0
2026-09-17T13:21:59Z,1.92,0
2026-09-17T13:22:59Z,2.18,0
2026-09-17T13:23:59Z,,0
2026-09-17T13:31:59Z,2.18,
2026-09-17T13:32:59Z,1.92,0
2026-09-17T13:33:59Z,1.92,0
2026-09-17T13:34:59Z,1.92,0
2026-09-17T13:35:59Z,,0
2026-09-17T13:36:59Z,,0
2026-09-17T13:42:59Z,1.92,
2026-09-17T13:43:59Z,1.92,0
2026-09-17T13:44:59Z,2.18,0
2026-09-17T13:45:59Z,2.18,0
2026-09-17T13:46:59Z,,0
2026-09-17T13:47:59Z,,0
2026-09-17T13:54:59Z,2.18,
2026-09-17T13:55:59Z,2.18,
2026-09-17T13:56:59Z,2.18,0
2026-09-17T13:57:59Z,2.18,0
2026-09-17T13:58:59Z,1.92,0
2026-09-17T13:59:59Z,,0
2026-09-17T14:00:59Z,,0
2026-09-17T14:07:59Z,1.92,
2026-09-17T14:08:59Z,1.92,0
2026-09-17T14:09:59Z,1.92,0
2026-09-17T14:10:59Z,1.92,0
2026-09-17T14:11:59Z,2.18,0
2026-09-17T14:12:59Z,,0
2026-09-17T14:17:59Z,2.18,0
2026-09-17T14:18:59Z,2.18,0
2026-09-17T14:19:59Z,2.18,0
2026-09-17T14:20:59Z,2.18,0
2026-09-17T14:29:59Z,1.92,0
2026-09-17T14:30:59Z,2.18,0
2026-09-17T14:31:59Z,2.18,0
2026-09-17T14:32:59Z,2.18,0
2026-09-17T14:41:59Z,1.92,0
2026-09-17T14:42:59Z,1.92,0
2026-09-17T14:43:59Z,1.92,0
2026-09-17T14:44:59Z,1.92,0
2026-09-17T14:52:59Z,1.92,0
2026-09-17T14:53:59Z,1.92,0
2026-09-17T14:54:59Z,1.92,0
2026-09-17T14:55:59Z,1.92,0
2026-09-17T14:56:59Z,1.92,
2026-09-17T15:04:59Z,,0
2026-09-17T15:05:59Z,1.92,0
2026-09-17T15:06:59Z,1.92,0
2026-09-17T15:07:59Z,1.92,0
2026-09-17T15:08:59Z,1.92,0
2026-09-17T15:09:59Z,2.18,
2026-09-17T15:18:59Z,1.92,0
2026-09-17T15:19:59Z,1.92,0
2026-09-17T15:20:59Z,2.18,0
2026-09-17T15:21:59Z,2.18,0
2026-09-17T15:22:59Z,2.18,
2026-09-17T15:31:59Z,2.18,0
2026-09-17T15:32:59Z,2.18,0
2026-09-17T15:33:59Z,1.92,0
2026-09-17T15:34:59Z,1.92,0
2026-09-17T15:35:59Z,1.92,0
2026-09-17T15:43:59Z,1.92,0
2026-09-17T15:44:59Z,1.92,0
2026-09-17T15:45:59Z,1.92,0
2026-09-17T15:46:59Z,1.92,0
2026-09-17T15:47:59Z,1.92,
2026-09-17T15:55:59Z,,0
2026-09-17T15:56:59Z,1.92,0
2026-09-17T15:57:59Z,1.92,0
2026-09-17T15:58:59Z,1.92,0
2026-09-17T15:59:59Z,2.18,0
2026-09-17T16:00:59Z,1.92,0
2026-09-17T16:01:59Z,1.92,0
2026-09-17T16:02:59Z,1.92,0
2026-09-17T16:03:59Z,1.92,0
2026-09-17T16:04:59Z,1.92,0
2026-09-17T16:11:59Z,1.66,0
2026-09-17T16:12:59Z,1.92,0
2026-09-17T16:13:59Z,1.92,0
2026-09-17T16:14:59Z,1.92,0
2026-09-17T16:15:59Z,,0
2026-09-17T16:23:59Z,1.92,
2026-09-17T16:24:59Z,1.92,0
2026-09-17T16:25:59Z,1.92,0
2026-09-17T16:26:59Z,2.18,0
2026-09-17T16:27:59Z,1.92,0
2026-09-17T16:28:59Z,,0
2026-09-17T16:35:59Z,1.92,
2026-09-17T16:36:59Z,1.92,
2026-09-17T16:37:59Z,1.92,0
2026-09-17T16:38:59Z,1.92,0
2026-09-17T16:39:59Z,1.92,0
2026-09-17T16:40:59Z,,0
2026-09-17T16:41:59Z,,0
2026-09-17T16:48:59Z,1.92,0
2026-09-17T16:49:59Z,2.18,0
2026-09-17T16:50:59Z,1.92,0
2026-09-17T16:51:59Z,1.66,0
2026-09-17T16:52:59Z,,0
2026-09-17T17:00:59Z,1.92,
2026-09-17T17:01:59Z,1.92,
2026-09-17T17:02:59Z,1.92,0
2026-09-17T17:03:59Z,1.66,0
2026-09-17T17:04:59Z,1.92,0
2026-09-17T17:05:59Z,,0
2026-09-17T17:11:59Z,1.66,
2026-09-17T17:12:59Z,1.92,
2026-09-17T17:13:59Z,1.92,0
2026-09-17T17:14:59Z,1.92,0
2026-09-17T17:15:59Z,1.92,0
2026-09-17T17:16:59Z,,0
2026-09-17T17:17:59Z,,0
2026-09-17T17:23:59Z,1.92,
2026-09-17T17:24:59Z,1.92,
2026-09-17T17:25:59Z,1.92,0
2026-09-17T17:26:59Z,1.92,0
2026-09-17T17:27:59Z,1.92,0
2026-09-17T17:28:59Z,,0
2026-09-17T17:29:59Z,,0
2026-09-17T17:35:59Z,1.92,
2026-09-17T17:36:59Z,1.92,
2026-09-17T17:37:59Z,1.66,0
2026-09-17T17:38:59Z,1.66,0
2026-09-17T17:39:59Z,,0
2026-09-17T17:40:59Z,,0
2026-09-17T17:47:59Z,1.92,
2026-09-17T17:48:59Z,1.92,0
2026-09-17T17:49:59Z,1.92,0
2026-09-17T17:50:59Z,1.92,0
2026-09-17T17:51:59Z,,0
2026-09-17T17:59:59Z,1.92,
2026-09-17T18:00:59Z,1.66,
2026-09-17T18:01:59Z,1.66,0
2026-09-17T18:02:59Z,1.92,0
2026-09-17T18:03:59Z,1.92,0
2026-09-17T18:04:59Z,,0
2026-09-17T18:13:59Z,1.92,
2026-09-17T18:14:59Z,1.92,0
2026-09-17T18:15:59Z,1.92,0
2026-09-17T18:16:59Z,1.92,0
2026-09-17T18:17:59Z,,0
2026-09-17T18:25:59Z,1.66,
2026-09-17T18:26:59Z,1.66,0
2026-09-17T18:27:59Z,1.66,0
2026-09-17T18:28:59Z,1.92,0
2026-09-17T18:29:59Z,1.66,0
2026-09-17T18:30:59Z,,0
2026-09-17T18:38:59Z,1.66,
2026-09-17T18:39:59Z,1.66,0
2026-09-17T18:40:59Z,1.92,0
2026-09-17T18:41:59Z,1.66,0
2026-09-17T18:42:59Z,,0
2026-09-17T18:49:59Z,1.92,
2026-09-17T18:50:59Z,1.92,0
2026-09-17T18:51:59Z,1.92,0
2026-09-17T18:52:59Z,1.92,0
2026-09-17T18:53:59Z,1.92,0
2026-09-17T18:54:59Z,,0
2026-09-17T19:03:59Z,1.92,
2026-09-17T19:04:59Z,1.92,
2026-09-17T19:05:59Z,1.92,0
2026-09-17T19:06:59Z,1.92,0
2026-09-17T19:07:59Z,1.92,0
2026-09-17T19:08:59Z,,0
2026-09-17T19:15:59Z,1.92,
2026-09-17T19:16:59Z,1.92,
2026-09-17T19:17:59Z,1.92,
2026-09-17T19:18:59Z,1.92,0
2026-09-17T19:19:59Z,1.92,0
2026-09-17T19:20:59Z,1.92,0
2026-09-17T19:21:59Z,,0
2026-09-17T19:30:59Z,1.66,
2026-09-17T19:31:59Z,1.92,0
2026-09-17T19:32:59Z,1.92,0
2026-09-17T19:33:59Z,1.92,0
2026-09-17T19:34:59Z,1.66,0
2026-09-17T19:43:59Z,1.92,0
2026-09-17T19:44:59Z,1.92,0
2026-09-17T19:45:59Z,1.92,0
2026-09-17T19:46:59Z,1.92,0
2026-09-17T19:47:59Z,1.66,
2026-09-17T19:53:59Z,,0
2026-09-17T19:54:59Z,1.92,0
2026-09-17T19:55:59Z,1.66,0
2026-09-17T19:56:59Z,1.66,0
2026-09-17T19:57:59Z,1.66,0
2026-09-17T19:58:59Z,1.92,0
2026-09-17T20:08:59Z,1.92,0
2026-09-17T20:09:59Z,1.92,0
2026-09-17T20:10:59Z,1.92,0
2026-09-17T20:11:59Z,1.66,0
2026-09-17T20:19:59Z,1.66,0
2026-09-17T20:20:59Z,1.66,0
2026-09-17T20:21:59Z,1.92,0
2026-09-17T20:22:59Z,1.92,0
2026-09-17T20:23:59Z,1.92,0
2026-09-17T20:24:59Z,1.92,0
2026-09-17T20:33:59Z,1.92,
2026-09-17T20:34:59Z,1.66,0
2026-09-17T20:35:59Z,1.92,0
2026-09-17T20:36:59Z,1.92,0
2026-09-17T20:37:59Z,1.92,0
2026-09-17T20:45:59Z,1.66,0
2026-09-17T20:46:59Z,1.92,0
2026-09-17T20:47:59Z,1.92,0
2026-09-17T20:48:59Z,1.92,0
2026-09-17T20:49:59Z,1.66,0
2026-09-17T20:50:59Z,1.66,
2026-09-17T21:00:59Z,1.92,0
2026-09-17T21:01:59Z,1.92,0
2026-09-17T21:02:59Z,1.66,0
2026-09-17T21:03:59Z,1.66,0
2026-09-17T21:04:59Z,1.92,0
2026-09-17T21:13:59Z,1.66,0
2026-09-17T21:14:59Z,1.66,0
2026-09-17T21:15:59Z,1.92,0
2026-09-17T21:16:59Z,1.92,0
2026-09-17T21:25:59Z,,0
2026-09-17T21:26:59Z,1.92,0
2026-09-17T21:27:59Z,1.66,0
2026-09-17T21:28:59Z,1.66,0
2026-09-17T21:29:59Z,1.92,0
2026-09-17T21:38:59Z,1.92,
2026-09-17T21:39:59Z,1.92,0
2026-09-17T21:40:59Z,1.92,0
2026-09-17T21:41:59Z,1.92,0
2026-09-17T21:42:59Z,1.66,0
2026-09-17T21:43:59Z,,0
2026-09-17T21:51:59Z,1.66,0
2026-09-17T21:52:59Z,1.66,0
2026-09-17T21:53:59Z,1.92,0
2026-09-17T21:54:59Z,1.92,0
2026-09-17T21:55:59Z,1.92,0
2026-09-17T22:04:59Z,1.92,0
2026-09-17T22:05:59Z,1.92,0
2026-09-17T22:06:59Z,1.92,0
2026-09-17T22:07:59Z,1.92,0
2026-09-17T22:08:59Z,1.92,0
2026-09-17T22:17:59Z,1.92,0
2026-09-17T22:18:59Z,1.92,0
2026-09-17T22:19:59Z,1.92,0
2026-09-17T22:20:59Z,1.92,0
2026-09-17T22:30:59Z,1.92,0
2026-09-17T22:31:59Z,1.92,0
2026-09-17T22:32:59Z,1.92,0
2026-09-17T22:33:59Z,1.92,0
2026-09-17T22:34:59Z,1.92,0
2026-09-17T22:42:59Z,1.92,0
2026-09-17T22:43:59Z,1.92,0
2026-09-17T22:44:59Z,1.92,0
2026-09-17T22:45:59Z,1.92,0
2026-09-17T22:46:59Z,1.92,0
2026-09-17T22:47:59Z,1.92,0
2026-09-17T22:48:59Z,1.92,0
2026-09-17T22:56:59Z,2.18,0
2026-09-17T22:57:59Z,1.92,0
2026-09-17T22:58:59Z,1.92,0
2026-09-17T22:59:59Z,1.92,0
2026-09-17T23:00:59Z,1.92,0
2026-09-17T23:09:59Z,1.92,0
2026-09-17T23:10:59Z,1.92,0
2026-09-17T23:11:59Z,1.92,0
2026-09-17T23:12:59Z,1.92,0
2026-09-17T23:13:59Z,1.92,
2026-09-17T23:21:59Z,2.18,0
2026-09-17T23:22:59Z,1.92,0
2026-09-17T23:23:59Z,1.92,0
2026-09-17T23:24:59Z,1.92,0
2026-09-17T23:25:59Z,1.66,
2026-09-17T23:33:59Z,,0
2026-09-17T23:34:59Z,2.18,0
2026-09-17T23:35:59Z,2.18,0
2026-09-17T23:36:59Z,1.92,0
2026-09-17T23:37:59Z,1.92,
2026-09-17T23:38:59Z,1.92,
2026-09-17T23:44:59Z,,0
2026-09-17T23:45:59Z,,0
2026-09-17T23:46:59Z,1.92,0
2026-09-17T23:47:59Z,1.92,0
2026-09-17T23:48:59Z,1.92,0
2026-09-17T23:49:59Z,1.92,
2026-09-17T23:50:59Z,2.18,
2026-09-17T23:59:59Z,,0
2026-09-18T00:00:59Z,,0
2026-09-18T00:01:59Z,,0
2026-09-18T00:02:59Z,1.92,0
2026-09-18T00:03:59Z,1.92,0
2026-09-18T00:04:59Z,1.92,
2026-09-18T00:05:59Z,1.92,
2026-09-18T00:12:59Z,,0
2026-09-18T00:13:59Z,,0
2026-09-18T00:14:59Z,2.18,0
2026-09-18T00:15:59Z,1.92,0
2026-09-18T00:16:59Z,2.18,0
2026-09-18T00:17:59Z,1.92,
2026-09-18T00:18:59Z,1.92,
2026-09-18T00:24:59Z,,0
2026-09-18T00:25:59Z,,0
2026-09-18T00:26:59Z,,0
2026-09-18T00:27:59Z,,0
2026-09-18T00:28:59Z,,0
2026-09-18T00:29:59Z,1.92,0
2026-09-18T00:30:59Z,1.92,
2026-09-18T00:31:59Z,1.92,
2026-09-18T00:32:59Z,1.92,
2026-09-18T01:05:59Z,,0
2026-09-18T01:06:59Z,,0
2026-09-18T01:07:59Z,,0
2026-09-18T01:08:59Z,1.92,0
2026-09-18T01:09:59Z,2.18,0
2026-09-18T01:10:59Z,2.18,
2026-09-18T01:11:59Z,1.92,
2026-09-18T01:12:59Z,1.92,
2026-09-18T01:18:59Z,,0
2026-09-18T01:19:59Z,,0
2026-09-18T01:20:59Z,1.92,0
2026-09-18T01:21:59Z,2.18,0
2026-09-18T01:22:59Z,2.18,
2026-09-18T01:23:59Z,2.18,
2026-09-18T01:24:59Z,2.18,
2026-09-18T01:31:59Z,,0
2026-09-18T01:32:59Z,,0
2026-09-18T01:33:59Z,2.18,0
2026-09-18T01:34:59Z,2.18,0
2026-09-18T01:35:59Z,1.92,
2026-09-18T01:36:59Z,1.92,
2026-09-18T01:37:59Z,2.18,
2026-09-18T01:42:59Z,,0
2026-09-18T01:43:59Z,,0
2026-09-18T01:44:59Z,,0
2026-09-18T01:45:59Z,1.92,0
2026-09-18T01:46:59Z,1.92,0
2026-09-18T01:47:59Z,1.92,
2026-09-18T01:48:59Z,1.92,
2026-09-18T01:49:59Z,1.92,
2026-09-18T01:54:59Z,,0
2026-09-18T01:55:59Z,,0
2026-09-18T01:56:59Z,,0
2026-09-18T01:57:59Z,,0
2026-09-18T01:58:59Z,1.92,0
2026-09-18T01:59:59Z,1.92,0
2026-09-18T02:00:59Z,1.92,
2026-09-18T02:01:59Z,1.92,
2026-09-18T02:08:59Z,,0
2026-09-18T02:09:59Z,2.18,0
2026-09-18T02:10:59Z,1.92,0
2026-09-18T02:11:59Z,1.92,0
2026-09-18T02:12:59Z,1.92,
2026-09-18T02:13:59Z,1.92,
2026-09-18T02:21:59Z,,0
2026-09-18T02:22:59Z,1.92,0
2026-09-18T02:23:59Z,1.92,0
2026-09-18T02:24:59Z,1.92,0
2026-09-18T02:25:59Z,1.92,
2026-09-18T02:33:59Z,,0
2026-09-18T02:34:59Z,1.92,0
2026-09-18T02:35:59Z,1.92,0
2026-09-18T02:36:59Z,1.92,0
2026-09-18T02:37:59Z,1.92,
2026-09-18T02:38:59Z,1.92,
2026-09-18T02:45:59Z,,0
2026-09-18T02:46:59Z,,0
2026-09-18T02:47:59Z,1.92,0
2026-09-18T02:48:59Z,1.92,0
2026-09-18T02:49:59Z,1.92,0
2026-09-18T02:50:59Z,1.92,
2026-09-18T02:57:59Z,,0
2026-09-18T02:58:59Z,,0
2026-09-18T02:59:59Z,1.92,0
2026-09-18T03:00:59Z,1.92,0
2026-09-18T03:01:59Z,1.92,0
2026-09-18T03:02:59Z,1.92,
2026-09-18T03:10:59Z,,0
2026-09-18T03:11:59Z,,0
2026-09-18T03:12:59Z,1.92,0
2026-09-18T03:13:59Z,1.92,0
2026-09-18T03:14:59Z,1.92,0
2026-09-18T03:15:59Z,1.92,
2026-09-18T03:22:59Z,,0
2026-09-18T03:23:59Z,1.92,0
2026-09-18T03:24:59Z,1.92,0
2026-09-18T03:25:59Z,1.92,0
2026-09-18T03:26:59Z,1.92,0
2026-09-18T03:27:59Z,1.92,
2026-09-18T03:35:59Z,,0
2026-09-18T03:36:59Z,2.18,0
2026-09-18T03:37:59Z,1.92,0
2026-09-18T03:38:59Z,1.92,0
2026-09-18T03:39:59Z,1.92,0
2026-09-18T03:47:59Z,1.92,0
2026-09-18T03:48:59Z,1.92,0
2026-09-18T03:49:59Z,1.92,0
2026-09-18T03:50:59Z,1.92,0
2026-09-18T03:51:59Z,1.92,0
2026-09-18T03:57:59Z,1.92,0
2026-09-18T03:58:59Z,1.92,0
2026-09-18T03:59:59Z,1.92,0
2026-09-18T04:00:59Z,1.92,0
2026-09-18T04:01:59Z,1.92,0
2026-09-18T04:09:59Z,1.92,0
2026-09-18T04:10:59Z,1.92,0
2026-09-18T04:11:59Z,1.92,0
2026-09-18T04:12:59Z,2.18,0
2026-09-18T04:13:59Z,1.92,0
2026-09-18T04:22:59Z,1.92,0
2026-09-18T04:23:59Z,1.92,0
2026-09-18T04:24:59Z,1.92,0
2026-09-18T04:25:59Z,2.18,0
2026-09-18T04:33:59Z,1.92,0
2026-09-18T04:34:59Z,1.92,0
2026-09-18T04:35:59Z,1.92,0
2026-09-18T04:36:59Z,1.92,0
2026-09-18T04:37:59Z,1.92,0
2026-09-18T04:45:59Z,1.92,
2026-09-18T04:46:59Z,1.92,0
2026-09-18T04:47:59Z,1.92,0
2026-09-18T04:48:59Z,1.92,0
2026-09-18T04:49:59Z,1.92,0
2026-09-18T04:58:59Z,,0
2026-09-18T04:59:59Z,1.92,0
2026-09-18T05:00:59Z,1.92,0
2026-09-18T05:01:59Z,1.92,0
2026-09-18T05:02:59Z,1.92,0
2026-09-18T05:03:59Z,1.92,
2026-09-18T05:11:59Z,,0
2026-09-18T05:12:59Z,1.92,0
2026-09-18T05:13:59Z,1.92,0
2026-09-18T05:14:59Z,1.92,0
2026-09-18T05:15:59Z,1.92,
2026-09-18T05:23:59Z,,0
2026-09-18T05:24:59Z,1.92,0
2026-09-18T05:25:59Z,1.92,0
2026-09-18T05:26:59Z,1.92,0
2026-09-18T05:27:59Z,1.92,0
2026-09-18T05:28:59Z,1.92,
2026-09-18T05:35:59Z,,0
2026-09-18T05:36:59Z,,0
2026-09-18T05:37:59Z,1.92,0
2026-09-18T05:38:59Z,2.18,0
2026-09-18T05:39:59Z,1.92,0
2026-09-18T05:40:59Z,1.92,
2026-09-18T07:02:59Z,,0
2026-09-18T07:03:59Z,,0
2026-09-18T07:04:59Z,,0
2026-09-18T07:05:59Z,,0
2026-09-18T07:07:59Z,1.92,
2026-09-18T07:08:59Z,1.92,
2026-09-18T07:09:59Z,1.92,
2026-09-18T07:10:59Z,1.92,
2026-09-18T07:11:59Z,1.92,
2026-09-18T07:14:59Z,,0
2026-09-18T07:15:59Z,,0
2026-09-18T07:16:59Z,,0
2026-09-18T07:17:59Z,,0
2026-09-18T07:18:59Z,,0
2026-09-18T07:19:59Z,1.92,
2026-09-18T07:20:59Z,1.92,
2026-09-18T07:21:59Z,1.92,
2026-09-18T07:22:59Z,1.92,
2026-09-18T07:23:59Z,1.92,
2026-09-18T07:27:59Z,,0
2026-09-18T07:28:59Z,,0
2026-09-18T07:29:59Z,,0
2026-09-18T07:30:59Z,,0
2026-09-18T07:31:59Z,,0
2026-09-18T07:32:59Z,1.92,
2026-09-18T07:33:59Z,1.92,
2026-09-18T07:34:59Z,2.18,
2026-09-18T07:35:59Z,1.92,
2026-09-18T07:39:59Z,,0
2026-09-18T07:40:59Z,,0
2026-09-18T07:41:59Z,,0
2026-09-18T07:42:59Z,,0
2026-09-18T07:43:59Z,1.92,0
2026-09-18T07:44:59Z,1.92,
2026-09-18T07:45:59Z,2.18,
2026-09-18T07:46:59Z,1.92,
2026-09-18T07:47:59Z,1.92,
2026-09-18T07:52:59Z,,0
2026-09-18T07:53:59Z,,0
2026-09-18T07:54:59Z,,0
2026-09-18T07:55:59Z,,0
2026-09-18T07:56:59Z,,0
2026-09-18T07:57:59Z,2.18,
2026-09-18T07:58:59Z,1.92,
2026-09-18T07:59:59Z,1.92,
2026-09-18T08:00:59Z,1.92,
2026-09-18T08:01:59Z,2.18,
2026-09-18T08:05:59Z,,0
2026-09-18T08:06:59Z,,0
2026-09-18T08:07:59Z,,0
2026-09-18T08:08:59Z,,0
2026-09-18T08:09:59Z,,0
2026-09-18T08:11:59Z,1.92,
2026-09-18T08:12:59Z,1.92,
2026-09-18T08:13:59Z,1.92,
2026-09-18T08:14:59Z,1.92,
2026-09-18T08:18:59Z,,0
2026-09-18T08:19:59Z,,0
2026-09-18T08:20:59Z,,0
2026-09-18T08:21:59Z,,0
2026-09-18T08:22:59Z,,0
2026-09-18T08:23:59Z,1.92,
2026-09-18T08:24:59Z,1.92,
2026-09-18T08:25:59Z,1.92,
2026-09-18T08:26:59Z,1.92,
2026-09-18T08:27:59Z,1.92,
2026-09-18T08:31:59Z,,0
2026-09-18T08:33:59Z,,0
2026-09-18T08:34:59Z,,0
2026-09-18T08:35:59Z,,0
2026-09-18T08:36:59Z,1.92,
2026-09-18T08:37:59Z,1.92,
2026-09-18T08:38:59Z,1.92,
2026-09-18T08:39:59Z,1.92,
2026-09-18T08:40:59Z,1.92,
2026-09-18T08:44:59Z,,0
2026-09-18T08:45:59Z,,0
2026-09-18T08:47:59Z,,0
2026-09-18T08:49:59Z,1.92,
2026-09-18T08:50:59Z,1.92,
2026-09-18T08:51:59Z,1.92,
2026-09-18T08:52:59Z,2.18,
2026-09-18T08:53:59Z,1.92,
2026-09-18T08:57:59Z,,0
2026-09-18T08:58:59Z,,0
2026-09-18T08:59:59Z,,0
2026-09-18T09:00:59Z,,0
2026-09-18T09:01:59Z,,0
2026-09-18T09:02:59Z,1.92,
2026-09-18T09:03:59Z,1.92,
2026-09-18T09:04:59Z,1.92,
2026-09-18T09:05:59Z,1.92,
2026-09-18T09:06:59Z,1.92,
2026-09-18T09:09:59Z,,0
2026-09-18T09:10:59Z,,0
2026-09-18T09:11:59Z,,0
2026-09-18T09:12:59Z,,0
2026-09-18T09:13:59Z,,0
2026-09-18T09:14:59Z,1.92,
2026-09-18T09:15:59Z,2.18,
2026-09-18T09:16:59Z,1.92,
2026-09-18T09:17:59Z,2.18,
2026-09-18T09:18:59Z,1.92,
2026-09-18T09:23:59Z,,0
2026-09-18T09:24:59Z,,0
2026-09-18T09:25:59Z,,0
2026-09-18T09:26:59Z,,0
2026-09-18T09:27:59Z,,0
2026-09-18T09:28:59Z,1.92,
2026-09-18T09:29:59Z,1.92,
2026-09-18T09:30:59Z,1.92,
2026-09-18T09:31:59Z,2.18,
2026-09-18T09:35:59Z,,0
2026-09-18T09:36:59Z,,0
2026-09-18T09:37:59Z,,0
2026-09-18T09:38:59Z,,0
2026-09-18T09:39:59Z,1.92,0
2026-09-18T09:40:59Z,2.18,
2026-09-18T09:41:59Z,1.92,
2026-09-18T09:42:59Z,1.92,
2026-09-18T09:43:59Z,1.92,
2026-09-18T09:48:59Z,,0
2026-09-18T09:49:59Z,,0
2026-09-18T09:50:59Z,,0
2026-09-18T09:51:59Z,,0
2026-09-18T09:53:59Z,1.92,
2026-09-18T09:54:59Z,1.92,
2026-09-18T09:55:59Z,1.92,
2026-09-18T09:56:59Z,1.92,
2026-09-18T10:00:59Z,,0
2026-09-18T10:01:59Z,,0
2026-09-18T10:02:59Z,,0
2026-09-18T10:03:59Z,,0
2026-09-18T10:04:59Z,,0
2026-09-18T10:06:59Z,1.92,
2026-09-18T10:07:59Z,1.92,
2026-09-18T10:08:59Z,1.92,
2026-09-18T10:09:59Z,1.92,
2026-09-18T10:10:59Z,1.92,
2026-09-18T10:13:59Z,1.66,0
2026-09-18T10:14:59Z,1.92,0
2026-09-18T10:15:59Z,1.92,0
2026-09-18T10:16:59Z,1.92,
2026-09-18T10:23:59Z,,0
2026-09-18T10:24:59Z,1.92,0
2026-09-18T10:25:59Z,1.66,0
2026-09-18T10:26:59Z,1.92,0
2026-09-18T10:27:59Z,1.66,
2026-09-18T10:28:59Z,1.66,
2026-09-18T10:35:59Z,,0
2026-09-18T10:36:59Z,,0
2026-09-18T10:37:59Z,1.92,0
2026-09-18T10:38:59Z,1.92,0
2026-09-18T10:39:59Z,1.66,0
2026-09-18T10:40:59Z,1.66,
2026-09-18T10:41:59Z,1.66,
2026-09-18T10:47:59Z,,0
2026-09-18T10:48:59Z,,0
2026-09-18T10:49:59Z,,0
2026-09-18T10:50:59Z,1.66,0
2026-09-18T10:51:59Z,1.92,0
2026-09-18T10:52:59Z,1.66,
2026-09-18T10:53:59Z,1.66,
2026-09-18T11:00:59Z,,0
2026-09-18T11:01:59Z,,0
2026-09-18T11:02:59Z,1.66,0
2026-09-18T11:03:59Z,1.92,0
2026-09-18T11:04:59Z,1.92,0
2026-09-18T11:05:59Z,1.92,
2026-09-18T11:06:59Z,1.92,
2026-09-18T11:12:59Z,,0
2026-09-18T11:13:59Z,,0
2026-09-18T11:14:59Z,,0
2026-09-18T11:15:59Z,1.92,0
2026-09-18T11:16:59Z,1.66,0
2026-09-18T11:17:59Z,1.92,
2026-09-18T11:18:59Z,1.92,
2026-09-18T11:19:59Z,1.92,
2026-09-18T11:24:59Z,,0
2026-09-18T11:25:59Z,,0
2026-09-18T11:26:59Z,,0
2026-09-18T11:27:59Z,,0
2026-09-18T11:28:59Z,,0
2026-09-18T11:29:59Z,1.92,
2026-09-18T11:30:59Z,1.92,
2026-09-18T11:31:59Z,1.92,
2026-09-18T11:32:59Z,1.92,
2026-09-18T11:37:59Z,,0
2026-09-18T11:38:59Z,,0
2026-09-18T11:39:59Z,,0
2026-09-18T11:40:59Z,,0
2026-09-18T11:41:59Z,1.92,0
2026-09-18T11:42:59Z,1.66,
2026-09-18T11:43:59Z,1.66,
2026-09-18T11:44:59Z,1.92,
2026-09-18T11:49:59Z,,0
2026-09-18T11:50:59Z,,0
2026-09-18T11:51:59Z,,0
2026-09-18T11:52:59Z,1.92,0
2026-09-18T11:53:59Z,1.92,0
2026-09-18T11:54:59Z,1.66,0
2026-09-18T11:55:59Z,1.66,
2026-09-18T11:56:59Z,1.66,
2026-09-18T12:03:59Z,,0
2026-09-18T12:04:59Z,,0
2026-09-18T12:05:59Z,,0
2026-09-18T12:06:59Z,1.92,0
2026-09-18T12:07:59Z,1.66,0
2026-09-18T12:08:59Z,1.92,
2026-09-18T12:09:59Z,1.66,
2026-09-18T12:10:59Z,1.66,
2026-09-18T12:15:59Z,,0
2026-09-18T12:16:59Z,,0
2026-09-18T12:17:59Z,,0
2026-09-18T12:18:59Z,1.66,0
2026-09-18T12:19:59Z,1.66,0
2026-09-18T12:20:59Z,1.66,
2026-09-18T12:21:59Z,1.66,
2026-09-18T12:22:59Z,1.66,
2026-09-18T12:23:59Z,1.66,
2026-09-18T12:29:59Z,,0
2026-09-18T12:30:59Z,,0
2026-09-18T12:31:59Z,1.66,0
2026-09-18T12:32:59Z,1.66,0
2026-09-18T12:33:59Z,1.92,0
2026-09-18T12:34:59Z,1.92,
2026-09-18T12:40:59Z,,0
2026-09-18T12:41:59Z,,0
2026-09-18T12:42:59Z,1.66,0
2026-09-18T12:43:59Z,1.66,0
2026-09-18T12:44:59Z,1.66,0
2026-09-18T12:45:59Z,1.66,0
2026-09-18T12:46:59Z,1.66,
2026-09-18T12:53:59Z,,0
2026-09-18T12:54:59Z,1.66,0
2026-09-18T12:55:59Z,1.66,0
2026-09-18T12:56:59Z,1.66,0
2026-09-18T12:57:59Z,1.66,0
2026-09-18T12:58:59Z,1.66,0
2026-09-18T12:59:59Z,1.66,
2026-09-18T13:07:59Z,,0
2026-09-18T13:08:59Z,,0
2026-09-18T13:09:59Z,1.66,0
2026-09-18T13:10:59Z,1.92,0
2026-09-18T13:11:59Z,1.66,0
2026-09-18T13:12:59Z,1.66,
2026-09-18T13:13:59Z,1.66,
2026-09-18T13:19:59Z,,0
2026-09-18T13:20:59Z,,0
2026-09-18T13:21:59Z,,0
2026-09-18T13:22:59Z,1.66,0
2026-09-18T13:23:59Z,1.92,0
2026-09-18T13:24:59Z,1.92,
2026-09-18T13:25:59Z,1.92,
2026-09-18T13:31:59Z,1.92,0
2026-09-18T13:32:59Z,1.92,0
2026-09-18T13:33:59Z,1.92,0
2026-09-18T13:34:59Z,1.92,0
2026-09-18T13:42:59Z,1.92,0
2026-09-18T13:43:59Z,1.92,0
2026-09-18T13:44:59Z,1.92,0
2026-09-18T13:45:59Z,1.92,0
2026-09-18T13:53:59Z,1.66,0
2026-09-18T13:54:59Z,1.92,0
2026-09-18T13:55:59Z,1.92,0
2026-09-18T13:56:59Z,1.92,0
2026-09-18T13:57:59Z,1.66,0
2026-09-18T13:58:59Z,1.66,0
2026-09-18T14:07:59Z,1.66,0
2026-09-18T14:08:59Z,1.66,0
2026-09-18T14:09:59Z,1.66,0
2026-09-18T14:10:59Z,1.66,0
2026-09-18T14:11:59Z,1.66,0
2026-09-18T14:12:59Z,1.66,0
2026-09-18T14:19:59Z,1.66,0
2026-09-18T14:20:59Z,1.66,0
2026-09-18T14:21:59Z,1.66,0
2026-09-18T14:22:59Z,1.66,0
2026-09-18T14:23:59Z,1.92,0
2026-09-18T14:32:59Z,1.92,0
2026-09-18T14:33:59Z,1.66,0
2026-09-18T14:34:59Z,1.66,0
2026-09-18T14:35:59Z,1.66,0
2026-09-18T14:36:59Z,1.66,
2026-09-18T14:43:59Z,,0
2026-09-18T14:44:59Z,1.92,0
2026-09-18T14:45:59Z,1.66,0
2026-09-18T14:46:59Z,1.66,0
2026-09-18T14:47:59Z,1.92,0
2026-09-18T14:56:59Z,1.66,
2026-09-18T14:57:59Z,1.66,0
2026-09-18T14:58:59Z,1.66,0
2026-09-18T14:59:59Z,1.66,0
2026-09-18T15:00:59Z,1.92,0
2026-09-18T15:09:59Z,1.92,0
2026-09-18T15:10:59Z,1.66,0
2026-09-18T15:11:59Z,1.66,0
2026-09-18T15:12:59Z,1.66,0
2026-09-18T15:13:59Z,1.66,0
2026-09-18T15:21:59Z,1.66,
2026-09-18T15:22:59Z,1.66,0
2026-09-18T15:23:59Z,1.66,0
2026-09-18T15:24:59Z,1.66,0
2026-09-18T15:25:59Z,,0
2026-09-18T15:33:59Z,1.66,
2026-09-18T15:34:59Z,1.66,0
2026-09-18T15:35:59Z,1.66,0
2026-09-18T15:36:59Z,1.92,0
2026-09-18T15:37:59Z,1.66,0
2026-09-18T15:38:59Z,1.66,0
2026-09-18T15:39:59Z,,0
2026-09-18T15:45:59Z,1.66,
2026-09-18T15:46:59Z,1.66,
2026-09-18T15:47:59Z,1.66,0
2026-09-18T15:48:59Z,1.66,0
2026-09-18T15:49:59Z,1.66,0
2026-09-18T15:50:59Z,1.66,0
2026-09-18T15:51:59Z,,0
2026-09-18T16:00:59Z,,0
2026-09-18T16:01:59Z,1.66,0
2026-09-18T16:02:59Z,1.66,0
2026-09-18T16:03:59Z,1.66,0
2026-09-18T16:04:59Z,1.92,0
2026-09-18T16:12:59Z,1.66,
2026-09-18T16:13:59Z,1.66,0
2026-09-18T16:14:59Z,1.66,0
2026-09-18T16:15:59Z,1.66,0
2026-09-18T16:16:59Z,1.66,0
2026-09-18T16:17:59Z,1.66,0
2026-09-18T16:26:59Z,1.92,0
2026-09-18T16:27:59Z,1.66,0
2026-09-18T16:28:59Z,1.66,0
2026-09-18T16:29:59Z,1.66,0
2026-09-18T16:38:59Z,1.66,0
2026-09-18T16:39:59Z,1.66,0
2026-09-18T16:40:59Z,1.66,0
2026-09-18T16:41:59Z,1.66,0
2026-09-18T16:42:59Z,1.66,0
2026-09-18T16:51:59Z,1.66,0
2026-09-18T16:52:59Z,1.66,0
2026-09-18T16:53:59Z,1.92,0
2026-09-18T16:54:59Z,1.66,0
2026-09-18T16:55:59Z,1.66,0
2026-09-18T17:03:59Z,,0
2026-09-18T17:04:59Z,,0
2026-09-18T17:05:59Z,1.92,0
2026-09-18T17:06:59Z,1.66,0
2026-09-18T17:07:59Z,1.92,0
2026-09-18T17:08:59Z,1.92,0
2026-09-18T17:09:59Z,1.66,0
2026-09-18T17:10:59Z,1.66,
2026-09-18T17:18:59Z,1.66,0
2026-09-18T17:19:59Z,1.66,0
2026-09-18T17:20:59Z,1.92,0
2026-09-18T17:21:59Z,1.66,0
2026-09-18T17:22:59Z,1.66,0
2026-09-18T17:23:59Z,1.66,0
2026-09-18T17:24:59Z,1.92,
2026-09-18T17:32:59Z,,0
2026-09-18T17:33:59Z,1.66,0
2026-09-18T17:34:59Z,1.66,0
2026-09-18T17:35:59Z,1.92,0
2026-09-18T17:36:59Z,1.92,0
2026-09-18T17:37:59Z,1.66,
2026-09-18T17:43:59Z,,0
2026-09-18T17:44:59Z,,0
2026-09-18T17:45:59Z,1.66,0
2026-09-18T17:46:59Z,1.92,0
2026-09-18T17:47:59Z,1.66,0
2026-09-18T17:48:59Z,1.66,0
2026-09-18T17:49:59Z,1.66,
2026-09-18T17:50:59Z,1.92,
2026-09-18T17:56:59Z,,0
2026-09-18T17:57:59Z,,0
2026-09-18T17:58:59Z,,0
2026-09-18T17:59:59Z,1.66,0
2026-09-18T18:00:59Z,1.66,0
2026-09-18T18:01:59Z,1.92,0
2026-09-18T18:02:59Z,1.66,
2026-09-18T18:03:59Z,1.66,
2026-09-18T18:04:59Z,1.66,
2026-09-18T18:12:59Z,1.66,0
2026-09-18T18:13:59Z,1.66,0
2026-09-18T18:14:59Z,1.66,0
2026-09-18T18:15:59Z,1.66,0
2026-09-18T18:16:59Z,1.92,
2026-09-18T18:23:59Z,,0
2026-09-18T18:24:59Z,1.66,0
2026-09-18T18:25:59Z,1.66,0
2026-09-18T18:26:59Z,1.66,0
2026-09-18T18:27:59Z,1.66,0
2026-09-18T18:28:59Z,1.66,
2026-09-18T18:35:59Z,,0
2026-09-18T18:36:59Z,1.66,0
2026-09-18T18:37:59Z,1.66,0
2026-09-18T18:38:59Z,1.66,0
2026-09-18T18:39:59Z,1.66,0
2026-09-18T18:40:59Z,1.66,0
2026-09-18T18:41:59Z,1.66,
2026-09-18T18:48:59Z,,0
2026-09-18T18:49:59Z,1.66,0
2026-09-18T18:50:59Z,1.66,0
2026-09-18T18:51:59Z,1.66,0
2026-09-18T18:52:59Z,1.66,0
2026-09-18T18:53:59Z,1.66,
2026-09-18T19:01:59Z,,0
2026-09-18T19:02:59Z,,0
2026-09-18T19:03:59Z,1.66,0
2026-09-18T19:04:59Z,1.66,0
2026-09-18T19:05:59Z,1.66,0
2026-09-18T19:06:59Z,1.66,
2026-09-18T19:07:59Z,1.66,
2026-09-18T19:12:59Z,,0
2026-09-18T19:13:59Z,,0
2026-09-18T19:14:59Z,,0
2026-09-18T19:15:59Z,1.66,0
2026-09-18T19:16:59Z,1.66,0
2026-09-18T19:17:59Z,1.92,0
2026-09-18T19:18:59Z,1.66,
2026-09-18T19:19:59Z,1.66,
2026-09-18T19:20:59Z,1.66,
2026-09-18T19:26:59Z,,0
2026-09-18T19:27:59Z,,0
2026-09-18T19:28:59Z,,0
2026-09-18T19:29:59Z,1.66,0
2026-09-18T19:30:59Z,1.66,0
2026-09-18T19:31:59Z,1.66,0
2026-09-18T19:32:59Z,1.66,
2026-09-18T19:33:59Z,1.66,
2026-09-18T19:34:59Z,1.66,
2026-09-18T19:38:59Z,,0
2026-09-18T19:39:59Z,,0
2026-09-18T19:40:59Z,,0
2026-09-18T19:41:59Z,,0
2026-09-18T19:42:59Z,1.92,0
2026-09-18T19:43:59Z,1.66,0
2026-09-18T19:44:59Z,1.66,
2026-09-18T19:45:59Z,1.66,
2026-09-18T19:46:59Z,1.66,
2026-09-18T19:51:59Z,,0
2026-09-18T19:52:59Z,,0
2026-09-18T19:53:59Z,,0
2026-09-18T19:54:59Z,1.66,0
2026-09-18T19:55:59Z,1.66,
2026-09-18T19:56:59Z,1.66,
2026-09-18T19:57:59Z,1.66,
2026-09-18T19:58:59Z,1.66,
2026-09-18T19:59:59Z,1.66,
2026-09-18T20:04:59Z,,0
2026-09-18T20:05:59Z,,0
2026-09-18T20:06:59Z,,0
2026-09-18T20:07:59Z,,0
2026-09-18T20:08:59Z,1.66,0
2026-09-18T20:09:59Z,1.66,
2026-09-18T20:10:59Z,1.66,
2026-09-18T20:11:59Z,1.66,
2026-09-18T20:12:59Z,1.66,
2026-09-18T20:13:59Z,1.66,
2026-09-18T20:16:59Z,,0
2026-09-18T20:17:59Z,,0
2026-09-18T20:18:59Z,,0
2026-09-18T20:19:59Z,1.92,0
2026-09-18T20:20:59Z,1.66,0
2026-09-18T20:21:59Z,1.66,
2026-09-18T20:22:59Z,1.66,
2026-09-18T20:23:59Z,1.66,
2026-09-18T20:24:59Z,1.66,
2026-09-18T20:25:59Z,1.66,
2026-09-18T20:28:59Z,,0
2026-09-18T20:29:59Z,,0
2026-09-18T20:30:59Z,,0
2026-09-18T20:31:59Z,1.66,0
2026-09-18T20:32:59Z,1.66,0
2026-09-18T20:33:59Z,1.66,0
2026-09-18T20:34:59Z,1.66,0
2026-09-18T20:35:59Z,1.66,
2026-09-18T20:40:59Z,,0
2026-09-18T20:41:59Z,,0
2026-09-18T20:42:59Z,1.66,0
2026-09-18T20:43:59Z,1.66,0
2026-09-18T20:44:59Z,1.66,0
2026-09-18T20:45:59Z,1.66,0
2026-09-18T20:46:59Z,1.66,
2026-09-18T20:52:59Z,,0
2026-09-18T20:53:59Z,,0
2026-09-18T20:54:59Z,1.66,0
2026-09-18T20:55:59Z,1.66,0
2026-09-18T20:56:59Z,1.66,0
2026-09-18T20:57:59Z,1.66,
2026-09-18T20:58:59Z,1.66,
2026-09-18T20:59:59Z,1.66,
2026-09-18T21:04:59Z,,0
2026-09-18T21:05:59Z,,0
2026-09-18T21:06:59Z,,0
2026-09-18T21:07:59Z,,0
2026-09-18T21:08:59Z,1.66,0
2026-09-18T21:09:59Z,1.66,0
2026-09-18T21:10:59Z,1.66,
2026-09-18T21:11:59Z,1.66,
2026-09-18T21:12:59Z,1.92,
2026-09-18T21:13:59Z,1.66,
2026-09-18T21:17:59Z,,0
2026-09-18T21:18:59Z,,0
2026-09-18T21:19:59Z,,0
2026-09-18T21:20:59Z,1.66,0
2026-09-18T21:21:59Z,1.66,0
2026-09-18T21:22:59Z,1.66,0
2026-09-18T21:23:59Z,1.66,
2026-09-18T21:24:59Z,1.66,
2026-09-18T21:25:59Z,1.66,
2026-09-18T21:31:59Z,,0
2026-09-18T21:32:59Z,,0
2026-09-18T21:33:59Z,1.66,0
2026-09-18T21:34:59Z,1.66,0
2026-09-18T21:35:59Z,1.66,0
2026-09-18T21:36:59Z,1.66,
2026-09-18T21:37:59Z,1.66,
2026-09-18T21:42:59Z,,0
2026-09-18T21:43:59Z,,0
2026-09-18T21:44:59Z,,0
2026-09-18T21:45:59Z,1.66,0
2026-09-18T21:46:59Z,1.66,0
2026-09-18T21:47:59Z,1.66,0
2026-09-18T21:48:59Z,1.66,
2026-09-18T21:49:59Z,1.66,0
2026-09-18T21:50:59Z,1.66,0
2026-09-18T21:51:59Z,1.66,0
2026-09-18T21:52:59Z,1.66,0
2026-09-18T21:59:59Z,1.66,
2026-09-18T22:00:59Z,1.66,
2026-09-18T22:01:59Z,1.66,0
2026-09-18T22:02:59Z,1.66,0
2026-09-18T22:03:59Z,1.66,0
2026-09-18T22:04:59Z,1.66,0
2026-09-18T22:05:59Z,,0
2026-09-18T22:12:59Z,1.66,
2026-09-18T22:13:59Z,1.66,0
2026-09-18T22:14:59Z,1.66,0
2026-09-18T22:15:59Z,1.66,0
2026-09-18T22:16:59Z,1.92,0
2026-09-18T22:17:59Z,1.66,0
2026-09-18T22:27:59Z,1.66,0
2026-09-18T22:28:59Z,1.66,0
2026-09-18T22:29:59Z,1.66,0
2026-09-18T22:30:59Z,1.66,0
2026-09-18T22:31:59Z,1.66,0
2026-09-18T22:32:59Z,1.66,
2026-09-18T22:39:59Z,1.66,0
2026-09-18T22:40:59Z,1.66,0
2026-09-18T22:41:59Z,1.66,0
2026-09-18T22:42:59Z,1.66,0
2026-09-18T22:43:59Z,1.66,0
2026-09-18T22:51:59Z,,0
2026-09-18T22:52:59Z,1.66,0
2026-09-18T22:53:59Z,1.66,0
2026-09-18T22:54:59Z,1.92,0
2026-09-18T22:55:59Z,1.66,0
2026-09-18T22:56:59Z,1.66,0
2026-09-18T22:57:59Z,1.92,
2026-09-18T23:06:59Z,1.92,0
2026-09-18T23:07:59Z,1.92,0
2026-09-18T23:08:59Z,1.66,0
2026-09-18T23:09:59Z,1.66,0
2026-09-18T23:10:59Z,1.66,
2026-09-18T23:11:59Z,1.66,
2026-09-18T23:19:59Z,,0
2026-09-18T23:20:59Z,1.92,0
2026-09-18T23:21:59Z,1.66,0
2026-09-18T23:22:59Z,1.92,0
2026-09-18T23:23:59Z,1.66,0
2026-09-18T23:24:59Z,1.66,0
2026-09-18T23:25:59Z,1.92,
2026-09-18T23:31:59Z,,0
2026-09-18T23:32:59Z,1.66,0
2026-09-18T23:33:59Z,1.66,0
2026-09-18T23:34:59Z,1.66,0
2026-09-18T23:35:59Z,1.92,0
2026-09-18T23:36:59Z,1.92,0
2026-09-18T23:43:59Z,,0
2026-09-18T23:44:59Z,1.92,0
2026-09-18T23:45:59Z,1.92,0
2026-09-18T23:46:59Z,1.66,0
2026-09-18T23:47:59Z,1.66,0
2026-09-18T23:48:59Z,1.92,
2026-09-18T23:54:59Z,,0
2026-09-18T23:55:59Z,,0
2026-09-18T23:56:59Z,,0
2026-09-18T23:57:59Z,1.66,0
2026-09-18T23:58:59Z,1.92,0
2026-09-18T23:59:59Z,1.92,0
2026-09-19T00:00:59Z,1.92,0
2026-09-19T00:01:59Z,1.92,0
2026-09-19T00:02:59Z,1.92,0
2026-09-19T00:03:59Z,1.92,0
2026-09-19T00:04:59Z,1.92,0
2026-09-19T00:05:59Z,1.92,0
2026-09-19T00:10:59Z,1.92,0
2026-09-19T00:11:59Z,1.92,0
2026-09-19T00:12:59Z,1.92,0
2026-09-19T00:13:59Z,1.92,0
2026-09-19T00:14:59Z,1.92,0
2026-09-19T00:15:59Z,,0
2026-09-19T00:21:59Z,1.92,
2026-09-19T00:22:59Z,1.92,0
2026-09-19T00:23:59Z,1.92,0
2026-09-19T00:24:59Z,1.92,0
2026-09-19T00:25:59Z,1.92,0
2026-09-19T00:26:59Z,,0
2026-09-19T00:27:59Z,,0
2026-09-19T00:33:59Z,1.92,
2026-09-19T00:34:59Z,1.92,0
2026-09-19T00:35:59Z,1.92,0
2026-09-19T00:36:59Z,1.92,0
2026-09-19T00:37:59Z,1.92,0
2026-09-19T00:38:59Z,,0
2026-09-19T00:39:59Z,,0
2026-09-19T00:41:59Z,1.92,0
2026-09-19T00:42:59Z,2.18,0
2026-09-19T00:43:59Z,1.92,0
2026-09-19T00:44:59Z,2.18,0
2026-09-19T00:45:59Z,1.92,0
2026-09-19T00:54:59Z,1.92,0
2026-09-19T00:55:59Z,2.18,0
2026-09-19T00:56:59Z,1.92,0
2026-09-19T00:57:59Z,1.92,0
2026-09-19T01:04:59Z,,0
2026-09-19T01:05:59Z,1.92,0
2026-09-19T01:06:59Z,1.92,0
2026-09-19T01:07:59Z,1.92,0
2026-09-19T01:08:59Z,2.18,0
2026-09-19T01:09:59Z,2.18,0
2026-09-19T01:10:59Z,1.92,
2026-09-19T01:17:59Z,,0
2026-09-19T01:18:59Z,2.18,0
2026-09-19T01:19:59Z,1.92,0
2026-09-19T01:20:59Z,1.92,0
2026-09-19T01:21:59Z,2.18,0
2026-09-19T01:22:59Z,1.92,
2026-09-19T02:00:59Z,2.18,0
2026-09-19T02:01:59Z,2.18,0
2026-09-19T02:02:59Z,2.18,0
2026-09-19T02:03:59Z,1.92,0
2026-09-19T02:04:59Z,,0
2026-09-19T02:10:59Z,1.92,0
2026-09-19T02:11:59Z,2.18,0
2026-09-19T02:12:59Z,2.18,0
2026-09-19T02:13:59Z,1.92,0
2026-09-19T02:14:59Z,1.92,0
2026-09-19T02:15:59Z,2.18,0
2026-09-19T02:16:59Z,1.92,0
2026-09-19T02:17:59Z,1.92,0
2026-09-19T02:18:59Z,2.18,0
2026-09-19T02:19:59Z,1.92,0
2026-09-19T02:20:59Z,1.92,0
2026-09-19T02:26:59Z,2.18,0
2026-09-19T02:27:59Z,1.92,0
2026-09-19T02:28:59Z,2.18,0
2026-09-19T02:29:59Z,2.18,0
2026-09-19T02:30:59Z,2.18,0
2026-09-19T02:31:59Z,2.18,0
2026-09-19T02:39:59Z,2.57,0
2026-09-19T02:40:59Z,2.57,0
2026-09-19T02:41:59Z,1.92,0
2026-09-19T02:42:59Z,1.92,0
2026-09-19T02:50:59Z,2.18,0
2026-09-19T02:51:59Z,2.18,0
2026-09-19T02:52:59Z,2.18,0
2026-09-19T02:53:59Z,2.18,0
2026-09-19T02:54:59Z,1.92,0
2026-09-19T02:55:59Z,,0
2026-09-19T03:02:59Z,2.57,0
2026-09-19T03:03:59Z,2.57,0
2026-09-19T03:04:59Z,2.18,0
2026-09-19T03:05:59Z,2.18,0
2026-09-19T03:06:59Z,2.57,0
2026-09-19T03:07:59Z,2.57,0
2026-09-19T03:14:59Z,2.18,
2026-09-19T03:15:59Z,2.18,
2026-09-19T03:16:59Z,2.57,0
2026-09-19T03:17:59Z,1.92,0
2026-09-19T03:18:59Z,2.18,0
2026-09-19T03:19:59Z,2.18,0
2026-09-19T03:20:59Z,,0
2026-09-19T03:26:59Z,2.18,
2026-09-19T03:27:59Z,2.18,
2026-09-19T03:28:59Z,2.18,0
2026-09-19T03:29:59Z,2.57,0
2026-09-19T03:30:59Z,2.18,0
2026-09-19T03:31:59Z,2.57,0
2026-09-19T03:38:59Z,2.18,
2026-09-19T03:39:59Z,2.18,0
2026-09-19T03:40:59Z,2.18,0
2026-09-19T03:41:59Z,2.57,0
2026-09-19T03:42:59Z,2.18,0
2026-09-19T03:43:59Z,2.18,0
2026-09-19T03:44:59Z,,0
2026-09-19T03:51:59Z,2.18,0
2026-09-19T03:52:59Z,2.18,0
2026-09-19T03:53:59Z,2.57,0
2026-09-19T03:54:59Z,2.57,0
2026-09-19T03:55:59Z,2.57,0
2026-09-19T03:56:59Z,,0
2026-09-19T04:04:59Z,2.83,0
2026-09-19T04:05:59Z,2.57,0
2026-09-19T04:06:59Z,2.57,0
2026-09-19T04:07:59Z,2.18,0
2026-09-19T04:08:59Z,3.09,0
2026-09-19T04:09:59Z,,0
2026-09-19T04:16:59Z,2.57,
2026-09-19T04:17:59Z,3.09,0
2026-09-19T04:18:59Z,2.18,0
2026-09-19T04:19:59Z,2.57,0
2026-09-19T04:20:59Z,2.18,0
2026-09-19T04:21:59Z,2.57,0
2026-09-19T04:22:59Z,2.18,0
2026-09-19T04:23:59Z,2.18,0
2026-09-19T04:24:59Z,2.18,0
2026-09-19T04:25:59Z,2.83,0
2026-09-19T04:30:59Z,2.57,0
2026-09-19T04:31:59Z,2.83,0
2026-09-19T04:32:59Z,3.09,0
2026-09-19T04:33:59Z,3.09,0
2026-09-19T04:34:59Z,2.83,0
2026-09-19T04:35:59Z,2.57,0
2026-09-19T04:42:59Z,2.18,0
2026-09-19T04:43:59Z,2.57,0
2026-09-19T04:44:59Z,2.57,0
2026-09-19T04:45:59Z,2.57,0
2026-09-19T04:46:59Z,2.18,0
2026-09-19T04:53:59Z,2.57,0
2026-09-19T04:54:59Z,2.83,0
2026-09-19T04:55:59Z,2.57,0
2026-09-19T04:56:59Z,2.57,0
2026-09-19T04:57:59Z,2.57,0
2026-09-19T04:58:59Z,2.57,
2026-09-19T04:59:59Z,3.09,
2026-09-19T05:07:59Z,,0
2026-09-19T05:08:59Z,2.57,0
2026-09-19T05:09:59Z,3.09,0
2026-09-19T05:10:59Z,2.57,0
2026-09-19T05:11:59Z,2.83,0
2026-09-19T05:12:59Z,2.57,
2026-09-19T05:13:59Z,2.83,0
2026-09-19T05:14:59Z,2.57,0
2026-09-19T05:15:59Z,2.57,0
2026-09-19T05:16:59Z,2.57,0
2026-09-19T05:17:59Z,2.57,0
2026-09-19T05:24:59Z,2.18,0
2026-09-19T05:25:59Z,2.18,0
2026-09-19T05:26:59Z,2.18,0
2026-09-19T05:28:59Z,2.57,0
2026-09-19T05:35:59Z,2.57,0
2026-09-19T05:36:59Z,2.18,0
2026-09-19T05:37:59Z,2.57,0
2026-09-19T05:38:59Z,2.57,0
2026-09-19T05:39:59Z,2.83,0
2026-09-19T05:40:59Z,2.83,0
2026-09-19T05:47:59Z,2.57,0
2026-09-19T05:48:59Z,2.18,0
2026-09-19T05:49:59Z,2.57,0
2026-09-19T05:50:59Z,2.57,0
2026-09-19T05:51:59Z,2.83,0
2026-09-19T05:59:59Z,2.57,0
2026-09-19T06:00:59Z,2.18,0
2026-09-19T06:01:59Z,2.18,0
2026-09-19T06:02:59Z,2.57,0
2026-09-19T06:03:59Z,2.57,0
2026-09-19T06:11:59Z,2.57,0
2026-09-19T06:12:59Z,2.57,0
2026-09-19T06:13:59Z,3.48,0
2026-09-19T06:14:59Z,3.48,0
2026-09-19T06:15:59Z,2.57,0
2026-09-19T06:22:59Z,2.57,0
2026-09-19T06:23:59Z,2.57,0
2026-09-19T06:24:59Z,3.09,0
2026-09-19T06:25:59Z,3.09,0
2026-09-19T06:26:59Z,2.83,0
2026-09-19T07:00:59Z,2.83,0
2026-09-19T07:01:59Z,3.48,0
2026-09-19T07:02:59Z,3.09,0
2026-09-19T07:09:59Z,2.57,0
2026-09-19T07:10:59Z,2.57,0
2026-09-19T07:11:59Z,2.57,0
2026-09-19T07:12:59Z,2.83,0
2026-09-19T07:13:59Z,3.09,0
2026-09-19T07:14:59Z,2.83,0
2026-09-19T07:23:59Z,3.09,0
2026-09-19T07:24:59Z,2.83,0
2026-09-19T07:25:59Z,3.09,0
2026-09-19T07:26:59Z,2.57,0
2026-09-19T07:32:59Z,2.83,0
2026-09-19T07:33:59Z,2.83,0
2026-09-19T07:34:59Z,3.09,0
2026-09-19T07:35:59Z,2.83,0
2026-09-19T07:36:59Z,2.83,0
2026-09-19T07:39:59Z,2.83,0
2026-09-19T07:40:59Z,2.83,0
2026-09-19T07:41:59Z,2.57,0
2026-09-19T07:42:59Z,2.83,0
2026-09-19T07:43:59Z,2.83,0
2026-09-19T07:49:59Z,2.57,0
2026-09-19T07:50:59Z,2.57,0
2026-09-19T07:51:59Z,2.57,0
2026-09-19T07:52:59Z,2.83,0
2026-09-19T07:53:59Z,2.83,0
2026-09-19T07:54:59Z,2.57,0
2026-09-19T08:01:59Z,2.83,
2026-09-19T08:02:59Z,2.18,0
2026-09-19T08:03:59Z,2.83,0
2026-09-19T08:04:59Z,2.83,0
2026-09-19T08:05:59Z,2.57,0
2026-09-19T08:06:59Z,,0
2026-09-19T08:13:59Z,1.92,0
2026-09-19T08:14:59Z,2.57,0
2026-09-19T08:15:59Z,2.57,0
2026-09-19T08:16:59Z,2.18,0
2026-09-19T08:22:59Z,2.18,
2026-09-19T08:23:59Z,2.57,0
2026-09-19T08:24:59Z,2.18,0
2026-09-19T08:25:59Z,2.18,0
2026-09-19T08:26:59Z,2.57,0
2026-09-19T08:27:59Z,2.83,0
2026-09-19T08:33:59Z,2.57,
2026-09-19T08:34:59Z,2.57,0
2026-09-19T08:35:59Z,2.57,0
2026-09-19T08:36:59Z,2.18,0
2026-09-19T08:37:59Z,2.18,0
2026-09-19T08:38:59Z,2.18,0
2026-09-19T08:39:59Z,,0
2026-09-19T08:45:59Z,1.92,0
2026-09-19T08:46:59Z,2.18,0
2026-09-19T08:47:59Z,2.57,0
2026-09-19T08:48:59Z,2.57,0
2026-09-19T08:49:59Z,2.18,0
2026-09-19T08:50:59Z,2.57,0
2026-09-19T08:58:59Z,2.57,0
2026-09-19T08:59:59Z,2.57,0
2026-09-19T09:00:59Z,2.18,0
2026-09-19T09:01:59Z,2.57,0
2026-09-19T09:02:59Z,2.57,0
2026-09-19T09:03:59Z,2.18,0
2026-09-19T09:04:59Z,2.57,0
2026-09-19T09:05:59Z,3.09,0
2026-09-19T09:06:59Z,3.09,0
2026-09-19T09:07:59Z,3.09,0
2026-09-19T09:13:59Z,2.57,0
2026-09-19T09:14:59Z,2.57,0
2026-09-19T09:15:59Z,2.57,0
2026-09-19T09:16:59Z,2.57,0
2026-09-19T09:17:59Z,2.83,0
2026-09-19T09:24:59Z,2.83,0
2026-09-19T09:25:59Z,2.83,0
2026-09-19T09:26:59Z,2.18,0
2026-09-19T09:27:59Z,2.57,0
2026-09-19T09:28:59Z,2.57,0
2026-09-19T09:29:59Z,2.57,0
2026-09-19T09:30:59Z,2.57,
2026-09-19T09:37:59Z,,0
2026-09-19T09:38:59Z,2.18,0
2026-09-19T09:39:59Z,2.18,0
2026-09-19T09:40:59Z,2.57,0
2026-09-19T09:41:59Z,2.57,0
2026-09-19T09:42:59Z,3.09,
2026-09-19T09:48:59Z,,0
2026-09-19T09:49:59Z,3.09,0
2026-09-19T09:50:59Z,2.83,0
2026-09-19T09:51:59Z,3.09,0
2026-09-19T09:52:59Z,3.09,0
2026-09-19T09:53:59Z,2.83,0
2026-09-19T10:01:59Z,2.57,0
2026-09-19T10:02:59Z,2.83,0
2026-09-19T10:03:59Z,2.18,0
2026-09-19T10:04:59Z,2.83,0
2026-09-19T10:05:59Z,2.83,0
2026-09-19T10:12:59Z,2.57,0
2026-09-19T10:13:59Z,3.48,0
2026-09-19T10:14:59Z,2.83,0
2026-09-19T10:15:59Z,2.83,0
2026-09-19T10:16:59Z,3.09,0
2026-09-19T10:24:59Z,2.18,0
2026-09-19T10:25:59Z,2.57,0
2026-09-19T10:26:59Z,2.18,0
2026-09-19T10:27:59Z,2.57,0
2026-09-19T10:28:59Z,3.09,0
2026-09-19T10:36:59Z,2.83,0
2026-09-19T10:37:59Z,2.83,0
2026-09-19T10:38:59Z,2.83,0
2026-09-19T10:39:59Z,2.83,0
2026-09-19T10:40:59Z,2.83,0
2026-09-19T10:41:59Z,2.83,
2026-09-19T10:47:59Z,,0
2026-09-19T10:48:59Z,3.09,0
2026-09-19T10:49:59Z,3.09,0
2026-09-19T10:50:59Z,2.57,0
2026-09-19T10:51:59Z,2.57,0
2026-09-19T10:59:59Z,2.57,
2026-09-19T11:00:59Z,2.57,0
2026-09-19T11:01:59Z,2.83,0
2026-09-19T11:02:59Z,2.57,0
2026-09-19T11:03:59Z,2.57,0
2026-09-19T11:04:59Z,2.83,0
2026-09-19T11:11:59Z,,0
2026-09-19T11:12:59Z,2.57,0
2026-09-19T11:13:59Z,2.57,0
2026-09-19T11:14:59Z,2.83,0
2026-09-19T11:15:59Z,2.57,0
2026-09-19T11:16:59Z,2.18,0
2026-09-19T11:23:59Z,2.57,0
2026-09-19T11:24:59Z,2.83,0
2026-09-19T11:25:59Z,2.57,0
2026-09-19T11:26:59Z,2.57,0
2026-09-19T11:27:59Z,2.57,0
2026-09-19T11:33:59Z,2.83,0
2026-09-19T11:34:59Z,3.09,0
2026-09-19T11:35:59Z,2.83,0
2026-09-19T11:36:59Z,3.09,0
2026-09-19T11:37:59Z,2.83,0
2026-09-19T11:44:59Z,2.57,0
2026-09-19T11:45:59Z,2.57,0
2026-09-19T11:46:59Z,2.18,0
2026-09-19T11:47:59Z,2.83,0
2026-09-19T11:48:59Z,2.83,0
2026-09-19T11:49:59Z,2.83,0
2026-09-19T11:56:59Z,3.09,0
2026-09-19T11:57:59Z,2.57,0
2026-09-19T11:58:59Z,2.57,0
2026-09-19T11:59:59Z,2.57,0
2026-09-19T12:00:59Z,2.83,0
2026-09-19T12:01:59Z,2.83,0
2026-09-19T12:08:59Z,,0
2026-09-19T12:09:59Z,2.57,0
2026-09-19T12:10:59Z,2.57,0
2026-09-19T12:11:59Z,2.57,0
2026-09-19T12:12:59Z,2.57,0
2026-09-19T12:13:59Z,2.83,0
2026-09-19T12:20:59Z,2.83,
2026-09-19T12:21:59Z,2.57,0
2026-09-19T12:22:59Z,2.83,0
2026-09-19T12:23:59Z,2.57,0
2026-09-19T12:24:59Z,3.09,0
2026-09-19T12:25:59Z,3.09,0
2026-09-19T12:33:59Z,2.57,0
2026-09-19T12:34:59Z,2.57,0
2026-09-19T12:35:59Z,2.57,0
2026-09-19T12:36:59Z,2.83,0
2026-09-19T12:37:59Z,2.57,0
2026-09-19T12:44:59Z,2.57,0
2026-09-19T12:45:59Z,3.09,0
2026-09-19T12:46:59Z,2.83,0
2026-09-19T12:47:59Z,3.09,0
2026-09-19T12:48:59Z,2.57,0
2026-09-19T12:49:59Z,2.57,0
2026-09-19T12:57:59Z,3.09,0
2026-09-19T12:58:59Z,3.09,0
2026-09-19T12:59:59Z,2.57,0
2026-09-19T13:00:59Z,2.57,0
2026-09-19T13:01:59Z,2.83,0
2026-09-19T13:02:59Z,2.57,0
2026-09-19T13:10:59Z,2.57,0
2026-09-19T13:11:59Z,2.18,0
2026-09-19T13:12:59Z,2.18,0
2026-09-19T13:13:59Z,2.57,0
2026-09-19T13:14:59Z,2.57,0
2026-09-19T13:21:59Z,2.18,0
2026-09-19T13:22:59Z,2.18,0
2026-09-19T13:23:59Z,2.18,0
2026-09-19T13:24:59Z,2.57,0
2026-09-19T13:25:59Z,2.57,0
2026-09-19T13:26:59Z,2.18,0
2026-09-19T13:32:59Z,2.18,0
2026-09-19T13:33:59Z,2.57,0
2026-09-19T13:34:59Z,2.18,0
2026-09-19T13:35:59Z,2.57,0
2026-09-19T13:36:59Z,2.57,0
2026-09-19T13:37:59Z,2.57,0
2026-09-19T13:44:59Z,2.57,0
2026-09-19T13:45:59Z,2.18,0
2026-09-19T13:46:59Z,2.18,0
2026-09-19T13:47:59Z,2.18,0
2026-09-19T13:56:59Z,1.92,0
2026-09-19T13:57:59Z,2.18,0
2026-09-19T13:58:59Z,2.18,0
2026-09-19T13:59:59Z,2.18,0
2026-09-19T14:00:59Z,2.57,0
2026-09-19T14:01:59Z,2.18,0
2026-09-19T14:08:59Z,2.18,0
2026-09-19T14:09:59Z,2.57,0
2026-09-19T14:10:59Z,2.57,0
2026-09-19T14:11:59Z,1.92,0
2026-09-19T14:12:59Z,2.18,0
2026-09-19T14:13:59Z,2.57,0
2026-09-19T14:20:59Z,2.18,0
2026-09-19T14:21:59Z,2.18,0
2026-09-19T14:22:59Z,2.18,0
2026-09-19T14:23:59Z,2.18,0
2026-09-19T14:24:59Z,2.57,0
2026-09-19T14:25:59Z,2.18,0
2026-09-19T14:32:59Z,,0
2026-09-19T14:33:59Z,2.18,0
2026-09-19T14:34:59Z,2.57,0
2026-09-19T14:35:59Z,2.18,0
2026-09-19T14:36:59Z,2.57,0
2026-09-19T14:37:59Z,2.57,0
2026-09-19T14:43:59Z,,0
2026-09-19T14:44:59Z,2.18,0
2026-09-19T14:45:59Z,2.57,0
2026-09-19T14:46:59Z,2.57,0
2026-09-19T14:47:59Z,2.57,0
2026-09-19T14:48:59Z,2.18,
2026-09-19T14:49:59Z,2.18,
2026-09-19T14:54:59Z,,0
2026-09-19T14:55:59Z,,0
2026-09-19T14:56:59Z,2.18,0
2026-09-19T14:57:59Z,2.18,0
2026-09-19T14:58:59Z,2.18,0
2026-09-19T14:59:59Z,2.57,0
2026-09-19T15:00:59Z,2.57,0
2026-09-19T15:01:59Z,2.57,
2026-09-19T15:09:59Z,2.18,
2026-09-19T15:10:59Z,2.18,0
2026-09-19T15:11:59Z,2.18,0
2026-09-19T15:12:59Z,2.57,0
2026-09-19T15:13:59Z,2.18,0
2026-09-19T15:14:59Z,2.18,0
2026-09-19T15:21:59Z,2.57,0
2026-09-19T15:22:59Z,2.57,0
2026-09-19T15:23:59Z,2.57,0
2026-09-19T15:24:59Z,2.18,0
2026-09-19T15:25:59Z,2.18,0
2026-09-19T15:32:59Z,2.18,0
2026-09-19T15:33:59Z,2.18,0
2026-09-19T15:34:59Z,2.18,0
2026-09-19T15:35:59Z,2.18,0
2026-09-19T15:36:59Z,2.18,0
2026-09-19T15:43:59Z,1.92,0
2026-09-19T15:44:59Z,2.18,0
2026-09-19T15:45:59Z,2.18,0
2026-09-19T15:46:59Z,2.18,0
2026-09-19T15:47:59Z,2.57,0
2026-09-19T15:54:59Z,2.18,0
2026-09-19T15:55:59Z,2.57,0
2026-09-19T15:56:59Z,2.18,0
2026-09-19T15:57:59Z,2.18,0
2026-09-19T15:58:59Z,2.57,0
2026-09-19T15:59:59Z,2.18,0
2026-09-19T16:00:59Z,2.18,0
2026-09-19T16:09:59Z,2.18,0
2026-09-19T16:10:59Z,2.18,0
2026-09-19T16:11:59Z,2.18,0
2026-09-19T16:12:59Z,2.18,0
2026-09-19T16:13:59Z,2.18,0
2026-09-19T16:14:59Z,2.18,0
2026-09-19T16:20:59Z,2.18,
2026-09-19T16:21:59Z,1.92,0
2026-09-19T16:22:59Z,2.18,0
2026-09-19T16:23:59Z,2.18,0
2026-09-19T16:24:59Z,2.57,0
2026-09-19T16:25:59Z,2.57,0
2026-09-19T16:29:59Z,2.57,0
2026-09-19T16:30:59Z,2.18,0
2026-09-19T16:31:59Z,2.18,0
2026-09-19T16:32:59Z,2.18,0
2026-09-19T16:33:59Z,2.18,0
2026-09-19T16:39:59Z,2.57,0
2026-09-19T16:40:59Z,2.18,0
2026-09-19T16:41:59Z,1.92,0
2026-09-19T16:42:59Z,2.57,0
2026-09-19T16:43:59Z,2.18,0
2026-09-19T16:44:59Z,2.18,0
2026-09-19T16:52:59Z,2.18,0
2026-09-19T16:53:59Z,2.18,0
2026-09-19T16:54:59Z,2.57,0
2026-09-19T16:55:59Z,2.57,0
2026-09-19T16:56:59Z,2.18,0
2026-09-19T16:57:59Z,2.57,0
2026-09-19T16:58:59Z,2.57,0
2026-09-19T16:59:59Z,2.57,0
2026-09-19T17:00:59Z,2.57,0
2026-09-19T17:05:59Z,2.57,0
2026-09-19T17:06:59Z,2.18,0
2026-09-19T17:07:59Z,2.18,0
2026-09-19T17:08:59Z,2.18,0
2026-09-19T17:09:59Z,2.18,0
2026-09-19T17:10:59Z,2.18,0
2026-09-19T17:18:59Z,2.57,0
2026-09-19T17:19:59Z,2.57,0
2026-09-19T17:20:59Z,2.57,0
2026-09-19T17:21:59Z,2.18,0
2026-09-19T17:22:59Z,2.18,0
2026-09-19T17:23:59Z,,0
2026-09-19T17:29:59Z,2.18,
2026-09-19T17:30:59Z,2.18,0
2026-09-19T17:31:59Z,1.92,0
2026-09-19T17:32:59Z,1.92,0
2026-09-19T17:33:59Z,2.18,0
2026-09-19T17:34:59Z,1.92,0
2026-09-19T17:35:59Z,,0
2026-09-19T17:41:59Z,2.18,0
2026-09-19T17:42:59Z,2.18,0
2026-09-19T17:43:59Z,2.18,0
2026-09-19T17:44:59Z,2.18,0
2026-09-19T17:45:59Z,2.18,0
2026-09-19T17:46:59Z,2.18,0
2026-09-19T17:53:59Z,2.18,
2026-09-19T17:54:59Z,2.18,0
2026-09-19T17:55:59Z,2.18,0
2026-09-19T17:56:59Z,2.18,0
2026-09-19T17:57:59Z,1.92,0
2026-09-19T17:58:59Z,2.18,0
2026-09-19T17:59:59Z,2.18,0
2026-09-19T18:00:59Z,,0
2026-09-19T18:10:59Z,2.18,
2026-09-19T18:11:59Z,1.92,0
2026-09-19T18:12:59Z,2.18,0
2026-09-19T18:13:59Z,2.18,0
2026-09-19T18:14:59Z,2.18,0
2026-09-19T18:15:59Z,2.18,0
2026-09-19T18:23:59Z,2.18,0
2026-09-19T18:24:59Z,2.18,0
2026-09-19T18:25:59Z,1.92,0
2026-09-19T18:26:59Z,2.18,0
2026-09-19T18:27:59Z,2.18,0
2026-09-19T18:28:59Z,,0
2026-09-19T18:34:59Z,2.18,0
2026-09-19T18:35:59Z,2.57,0
2026-09-19T18:36:59Z,2.18,0
2026-09-19T18:37:59Z,1.92,0
2026-09-19T18:38:59Z,1.92,0
2026-09-19T18:39:59Z,2.18,0
2026-09-19T18:47:59Z,2.18,
2026-09-19T18:48:59Z,2.18,0
2026-09-19T18:49:59Z,2.18,0
2026-09-19T18:50:59Z,2.18,0
2026-09-19T18:51:59Z,2.18,0
2026-09-19T18:52:59Z,,0
2026-09-19T18:58:59Z,2.18,0
2026-09-19T18:59:59Z,2.18,0
2026-09-19T19:00:59Z,2.18,0
2026-09-19T19:01:59Z,2.18,0
2026-09-19T19:02:59Z,2.18,0
2026-09-19T19:09:59Z,,0
2026-09-19T19:10:59Z,2.18,0
2026-09-19T19:11:59Z,2.18,0
2026-09-19T19:12:59Z,2.18,0
2026-09-19T19:13:59Z,2.18,0
2026-09-19T19:14:59Z,2.18,0
2026-09-19T19:21:59Z,2.18,0
2026-09-19T19:22:59Z,2.18,0
2026-09-19T19:23:59Z,2.18,0
2026-09-19T19:24:59Z,1.92,0
2026-09-19T19:25:59Z,2.18,0
2026-09-19T19:26:59Z,2.18,0
2026-09-19T19:32:59Z,2.18,
2026-09-19T19:33:59Z,2.18,0
2026-09-19T19:34:59Z,2.18,0
2026-09-19T19:35:59Z,2.18,0
2026-09-19T19:36:59Z,2.18,0
2026-09-19T19:37:59Z,2.18,0
2026-09-19T19:38:59Z,2.18,0
2026-09-19T19:39:59Z,2.18,0
2026-09-19T19:40:59Z,1.92,
2026-09-19T19:41:59Z,1.92,0
2026-09-19T19:42:59Z,2.18,0
2026-09-19T19:43:59Z,2.18,0
2026-09-19T19:44:59Z,2.18,0
2026-09-19T19:45:59Z,2.18,0
2026-09-19T19:51:59Z,2.18,0
2026-09-19T19:52:59Z,2.18,0
2026-09-19T19:53:59Z,2.18,0
2026-09-19T19:54:59Z,1.92,0
2026-09-19T19:55:59Z,1.92,0
2026-09-19T19:56:59Z,,0
2026-09-19T20:03:59Z,1.92,0
2026-09-19T20:04:59Z,1.92,0
2026-09-19T20:05:59Z,1.92,0
2026-09-19T20:06:59Z,2.18,0
2026-09-19T20:07:59Z,2.18,0
2026-09-19T20:14:59Z,2.18,0
2026-09-19T20:15:59Z,2.57,0
2026-09-19T20:16:59Z,2.18,0
2026-09-19T20:17:59Z,2.57,0
2026-09-19T20:18:59Z,2.18,0
2026-09-19T20:20:59Z,2.18,0
2026-09-19T20:28:59Z,2.18,0
2026-09-19T20:29:59Z,2.18,0
2026-09-19T20:30:59Z,2.18,0
2026-09-19T20:31:59Z,2.18,0
2026-09-19T20:32:59Z,1.92,0
2026-09-19T20:39:59Z,2.18,0
2026-09-19T20:40:59Z,2.18,0
2026-09-19T20:41:59Z,2.18,0
2026-09-19T20:42:59Z,2.18,0
2026-09-19T20:43:59Z,2.18,0
2026-09-19T20:49:59Z,2.18,0
2026-09-19T20:50:59Z,2.18,0
2026-09-19T20:51:59Z,2.18,0
2026-09-19T20:52:59Z,2.18,0
2026-09-19T20:53:59Z,2.57,0
2026-09-19T20:54:59Z,2.18,0
2026-09-19T21:01:59Z,2.18,0
2026-09-19T21:02:59Z,2.18,0
2026-09-19T21:03:59Z,2.18,0
2026-09-19T21:04:59Z,2.18,0
2026-09-19T21:05:59Z,2.57,0
2026-09-19T21:11:59Z,2.18,0
2026-09-19T21:12:59Z,2.57,0
2026-09-19T21:13:59Z,2.18,0
2026-09-19T21:14:59Z,2.57,0
2026-09-19T21:15:59Z,2.57,0
2026-09-19T21:22:59Z,2.18,0
2026-09-19T21:23:59Z,1.92,0
2026-09-19T21:24:59Z,2.18,0
2026-09-19T21:25:59Z,2.18,0
2026-09-19T21:26:59Z,2.18,0
2026-09-19T21:27:59Z,2.18,0
2026-09-19T21:34:59Z,2.18,0
2026-09-19T21:35:59Z,2.18,0
2026-09-19T21:36:59Z,2.18,0
2026-09-19T21:37:59Z,2.57,0
2026-09-19T21:38:59Z,2.57,0
2026-09-19T21:39:59Z,2.57,0
2026-09-19T21:47:59Z,,0
2026-09-19T21:48:59Z,2.57,0
2026-09-19T21:49:59Z,2.57,0
2026-09-19T21:50:59Z,2.57,0
2026-09-19T21:51:59Z,2.57,0
2026-09-19T21:52:59Z,2.57,0
2026-09-19T22:00:59Z,,0
2026-09-19T22:01:59Z,2.18,0
2026-09-19T22:02:59Z,3.09,0
2026-09-19T22:03:59Z,2.83,0
2026-09-19T22:04:59Z,2.57,0
2026-09-19T22:05:59Z,2.57,
2026-09-19T22:11:59Z,,0
2026-09-19T22:12:59Z,2.83,0
2026-09-19T22:13:59Z,2.83,0
2026-09-19T22:14:59Z,2.57,0
2026-09-19T22:15:59Z,2.57,0
2026-09-19T22:16:59Z,2.57,
2026-09-19T22:22:59Z,,0
2026-09-19T22:23:59Z,2.83,0
2026-09-19T22:24:59Z,2.83,0
2026-09-19T22:25:59Z,2.83,0
2026-09-19T22:26:59Z,2.57,0
2026-09-19T22:27:59Z,2.83,
2026-09-19T22:33:59Z,,0
2026-09-19T22:34:59Z,2.57,0
2026-09-19T22:35:59Z,2.18,0
2026-09-19T22:36:59Z,2.18,0
2026-09-19T22:37:59Z,2.57,0
2026-09-19T22:38:59Z,2.83,
2026-09-19T22:39:59Z,2.83,
2026-09-19T22:43:59Z,,0
2026-09-19T22:44:59Z,,0
2026-09-19T22:45:59Z,2.57,0
2026-09-19T22:46:59Z,2.18,0
2026-09-19T22:47:59Z,2.57,0
2026-09-19T22:48:59Z,2.57,0
2026-09-19T22:49:59Z,2.83,
2026-09-19T22:50:59Z,2.83,
2026-09-19T22:57:59Z,,0
2026-09-19T22:58:59Z,2.57,0
2026-09-19T22:59:59Z,2.57,0
2026-09-19T23:00:59Z,2.57,0
2026-09-19T23:01:59Z,2.83,0
2026-09-19T23:02:59Z,2.83,0
2026-09-19T23:03:59Z,2.83,
2026-09-19T23:09:59Z,,0
2026-09-19T23:10:59Z,,0
2026-09-19T23:11:59Z,2.83,0
2026-09-19T23:12:59Z,2.57,0
2026-09-19T23:13:59Z,2.57,0
2026-09-19T23:14:59Z,2.57,0
2026-09-19T23:15:59Z,2.83,
2026-09-19T23:21:59Z,,0
2026-09-19T23:22:59Z,,0
2026-09-19T23:23:59Z,2.83,0
2026-09-19T23:24:59Z,2.83,0
2026-09-19T23:25:59Z,2.83,0
2026-09-19T23:26:59Z,2.57,0
2026-09-19T23:27:59Z,2.18,
2026-09-19T23:28:59Z,2.18,
2026-09-19T23:34:59Z,,0
2026-09-19T23:35:59Z,,0
2026-09-19T23:36:59Z,2.83,0
2026-09-19T23:37:59Z,2.83,0
2026-09-19T23:38:59Z,2.83,0
2026-09-19T23:39:59Z,2.83,
2026-09-19T23:40:59Z,2.57,
2026-09-19T23:44:59Z,2.57,0
2026-09-19T23:45:59Z,2.83,0
2026-09-19T23:46:59Z,2.83,0
2026-09-19T23:47:59Z,2.57,0
2026-09-19T23:48:59Z,1.92,0
2026-09-19T23:55:59Z,2.18,0
2026-09-19T23:56:59Z,2.18,0
2026-09-19T23:57:59Z,2.57,0
2026-09-19T23:58:59Z,2.83,0
2026-09-19T23:59:59Z,2.83,0
2026-09-20T00:00:59Z,2.83,0
2026-09-20T00:01:59Z,3.09,0
2026-09-20T00:10:59Z,3.48,
2026-09-20T00:11:59Z,3.09,0
2026-09-20T00:12:59Z,2.57,0
2026-09-20T00:13:59Z,2.57,0
2026-09-20T00:14:59Z,2.83,0
2026-09-20T00:15:59Z,2.83,0
2026-09-20T01:00:59Z,2.83,0
2026-09-20T01:01:59Z,2.83,0
2026-09-20T01:08:59Z,2.57,0
2026-09-20T01:09:59Z,3.48,0
2026-09-20T01:10:59Z,3.48,0
2026-09-20T01:11:59Z,2.83,0
2026-09-20T01:12:59Z,2.57,0
2026-09-20T01:19:59Z,1.92,
2026-09-20T01:20:59Z,2.57,0
2026-09-20T01:21:59Z,2.57,0
2026-09-20T01:22:59Z,2.18,0
2026-09-20T01:23:59Z,2.83,0
2026-09-20T01:24:59Z,2.57,0
2026-09-20T01:32:59Z,2.83,0
2026-09-20T01:33:59Z,2.57,0
2026-09-20T01:34:59Z,2.57,0
2026-09-20T01:35:59Z,2.57,0
2026-09-20T01:36:59Z,2.83,0
2026-09-20T01:43:59Z,3.09,0
2026-09-20T01:44:59Z,2.57,0
2026-09-20T01:45:59Z,2.18,0
2026-09-20T01:46:59Z,2.18,0
2026-09-20T01:47:59Z,2.57,0
2026-09-20T01:48:59Z,,0
2026-09-20T01:54:59Z,2.83,
2026-09-20T01:55:59Z,3.09,0
2026-09-20T01:56:59Z,2.83,0
2026-09-20T01:57:59Z,2.57,0
2026-09-20T01:58:59Z,2.18,0
2026-09-20T01:59:59Z,2.57,0
2026-09-20T02:00:59Z,3.09,0
2026-09-20T02:01:59Z,2.83,0
2026-09-20T02:09:59Z,,0
2026-09-20T02:10:59Z,,0
2026-09-20T02:11:59Z,3.09,0
2026-09-20T02:12:59Z,2.18,0
2026-09-20T02:13:59Z,2.83,0
2026-09-20T02:14:59Z,2.83,0
2026-09-20T02:15:59Z,2.57,
2026-09-20T02:23:59Z,2.83,0
2026-09-20T02:24:59Z,2.83,0
2026-09-20T02:25:59Z,2.57,0
2026-09-20T02:26:59Z,2.57,0
2026-09-20T02:27:59Z,2.83,0
2026-09-20T02:35:59Z,2.83,0
2026-09-20T02:36:59Z,2.83,0
2026-09-20T02:37:59Z,2.83,0
2026-09-20T02:38:59Z,2.83,0
2026-09-20T02:39:59Z,2.83,0
2026-09-20T02:40:59Z,2.83,0
2026-09-20T02:50:59Z,2.83,0
2026-09-20T02:51:59Z,2.83,0
2026-09-20T02:52:59Z,2.83,0
2026-09-20T02:53:59Z,2.57,0
2026-09-20T02:59:59Z,2.83,0
2026-09-20T03:00:59Z,2.83,0
2026-09-20T03:01:59Z,2.57,0
2026-09-20T03:02:59Z,2.18,0
2026-09-20T03:03:59Z,2.57,0
2026-09-20T03:11:59Z,2.83,0
2026-09-20T03:12:59Z,2.83,0
2026-09-20T03:13:59Z,2.57,0
2026-09-20T03:14:59Z,2.18,0
2026-09-20T03:15:59Z,2.83,0
2026-09-20T03:22:59Z,2.18,0
2026-09-20T03:23:59Z,2.18,0
2026-09-20T03:24:59Z,2.57,0
2026-09-20T03:25:59Z,2.83,0
2026-09-20T03:26:59Z,2.57,0
2026-09-20T03:34:59Z,2.57,0
2026-09-20T03:35:59Z,1.92,0
2026-09-20T03:36:59Z,2.83,0
2026-09-20T03:37:59Z,2.18,0
2026-09-20T03:38:59Z,2.83,0
2026-09-20T03:39:59Z,2.83,0
2026-09-20T03:45:59Z,2.18,0
2026-09-20T03:46:59Z,2.18,0
2026-09-20T03:47:59Z,3.09,0
2026-09-20T03:48:59Z,3.09,0
2026-09-20T03:49:59Z,3.48,0
2026-09-20T03:50:59Z,3.48,0
2026-09-20T03:58:59Z,3.48,0
2026-09-20T03:59:59Z,3.48,0
2026-09-20T04:00:59Z,3.09,0
2026-09-20T04:01:59Z,2.83,0
2026-09-20T04:02:59Z,3.48,0
2026-09-20T04:03:59Z,2.57,0
2026-09-20T04:09:59Z,,0
2026-09-20T04:10:59Z,,0
2026-09-20T04:11:59Z,2.83,0
2026-09-20T04:12:59Z,2.83,0
2026-09-20T04:13:59Z,2.83,0
2026-09-20T04:14:59Z,2.83,0
2026-09-20T04:15:59Z,1.92,
2026-09-20T04:23:59Z,3.09,0
2026-09-20T04:24:59Z,2.83,0
2026-09-20T04:25:59Z,2.57,0
2026-09-20T04:26:59Z,2.83,0
2026-09-20T04:27:59Z,2.57,0
2026-09-20T04:34:59Z,2.57,
2026-09-20T04:35:59Z,2.83,0
2026-09-20T04:36:59Z,2.83,0
2026-09-20T04:37:59Z,2.83,0
2026-09-20T04:38:59Z,2.57,0
2026-09-20T04:39:59Z,2.57,0
2026-09-20T04:40:59Z,,0
2026-09-20T04:48:59Z,2.57,0
2026-09-20T04:49:59Z,2.18,0
2026-09-20T04:50:59Z,2.57,0
2026-09-20T04:51:59Z,2.18,0
2026-09-20T04:52:59Z,2.57,0
2026-09-20T05:02:59Z,2.18,0
2026-09-20T05:03:59Z,2.57,0
2026-09-20T05:04:59Z,2.83,0
2026-09-20T05:05:59Z,2.18,0
2026-09-20T05:10:59Z,2.83,0
2026-09-20T05:11:59Z,2.57,0
2026-09-20T05:12:59Z,2.83,0
2026-09-20T05:13:59Z,2.83,0
2026-09-20T05:14:59Z,2.57,0
2026-09-20T05:15:59Z,2.57,
2026-09-20T06:00:59Z,2.18,0
2026-09-20T06:01:59Z,2.57,0
2026-09-20T06:09:59Z,2.57,0
2026-09-20T06:10:59Z,2.18,0
2026-09-20T06:11:59Z,2.18,0
2026-09-20T06:12:59Z,2.18,0
2026-09-20T06:13:59Z,2.18,0
2026-09-20T06:14:59Z,,0
2026-09-20T06:20:59Z,2.18,0
2026-09-20T06:21:59Z,2.57,0
2026-09-20T06:22:59Z,2.57,0
2026-09-20T06:23:59Z,2.57,0
2026-09-20T06:24:59Z,2.57,0
2026-09-20T06:25:59Z,2.57,0
2026-09-20T06:32:59Z,2.18,0
2026-09-20T06:33:59Z,2.18,0
2026-09-20T06:34:59Z,2.18,0
2026-09-20T06:35:59Z,2.18,0
2026-09-20T06:36:59Z,2.18,0
2026-09-20T06:37:59Z,2.18,0
2026-09-20T06:44:59Z,2.18,0
2026-09-20T06:45:59Z,2.18,0
2026-09-20T06:46:59Z,2.18,0
2026-09-20T06:47:59Z,2.18,0
2026-09-20T06:48:59Z,2.18,0
2026-09-20T06:49:59Z,2.18,0
2026-09-20T06:50:59Z,2.18,0
2026-09-20T06:51:59Z,1.92,0
2026-09-20T06:57:59Z,2.18,0
2026-09-20T06:58:59Z,2.18,0
2026-09-20T06:59:59Z,2.18,0
2026-09-20T07:00:59Z,2.57,0
2026-09-20T07:01:59Z,2.18,0
2026-09-20T07:02:59Z,2.18,0
2026-09-20T07:09:59Z,2.18,0
2026-09-20T07:10:59Z,2.18,0
2026-09-20T07:11:59Z,2.18,0
2026-09-20T07:12:59Z,2.18,0
2026-09-20T07:13:59Z,2.18,0
2026-09-20T07:22:59Z,2.18,0
2026-09-20T07:23:59Z,2.18,0
2026-09-20T07:24:59Z,2.18,0
2026-09-20T07:25:59Z,2.18,0
2026-09-20T07:26:59Z,2.83,0
2026-09-20T07:33:59Z,1.92,0
2026-09-20T07:34:59Z,2.18,0
2026-09-20T07:35:59Z,2.18,0
2026-09-20T07:36:59Z,2.18,0
2026-09-20T07:37:59Z,2.57,0
2026-09-20T07:38:59Z,2.57,0
2026-09-20T07:45:59Z,,0
2026-09-20T07:46:59Z,2.18,0
2026-09-20T07:47:59Z,2.18,0
2026-09-20T07:48:59Z,2.18,0
2026-09-20T07:49:59Z,2.18,0
2026-09-20T07:50:59Z,2.18,0
2026-09-20T07:51:59Z,2.18,
2026-09-20T07:58:59Z,1.92,0
2026-09-20T07:59:59Z,1.92,0
2026-09-20T08:00:59Z,1.92,0
2026-09-20T08:01:59Z,1.92,0
2026-09-20T08:02:59Z,2.18,0
2026-09-20T08:10:59Z,2.57,0
2026-09-20T08:11:59Z,2.18,0
2026-09-20T08:12:59Z,2.57,0
2026-09-20T08:13:59Z,2.18,0
2026-09-20T08:14:59Z,1.92,0
2026-09-20T08:15:59Z,,0
2026-09-20T08:22:59Z,1.92,0
2026-09-20T08:23:59Z,1.92,0
2026-09-20T08:24:59Z,1.92,0
2026-09-20T08:25:59Z,1.92,0
2026-09-20T08:26:59Z,1.92,0
2026-09-20T08:27:59Z,2.18,0
2026-09-20T08:34:59Z,1.92,
2026-09-20T08:35:59Z,2.18,0
2026-09-20T08:36:59Z,2.18,0
2026-09-20T08:37:59Z,2.18,0
2026-09-20T08:38:59Z,2.18,0
2026-09-20T08:39:59Z,2.18,0
2026-09-20T08:40:59Z,,0
2026-09-20T08:46:59Z,2.18,
2026-09-20T08:47:59Z,2.18,0
2026-09-20T08:48:59Z,2.18,0
2026-09-20T08:49:59Z,1.92,0
2026-09-20T08:50:59Z,2.18,0
2026-09-20T08:51:59Z,2.18,0
2026-09-20T08:59:59Z,2.18,0
2026-09-20T09:00:59Z,2.18,0
2026-09-20T09:01:59Z,1.92,0
2026-09-20T09:02:59Z,1.92,0
2026-09-20T09:03:59Z,2.18,0
2026-09-20T09:10:59Z,2.18,0
2026-09-20T09:11:59Z,2.18,0
2026-09-20T09:12:59Z,2.18,0
2026-09-20T09:13:59Z,1.92,0
2026-09-20T09:14:59Z,1.92,0
2026-09-20T09:15:59Z,2.18,0
2026-09-20T09:22:59Z,2.18,0
2026-09-20T09:23:59Z,2.18,0
2026-09-20T09:24:59Z,2.18,0
2026-09-20T09:25:59Z,2.18,0
2026-09-20T09:26:59Z,2.18,0
2026-09-20T09:33:59Z,2.18,0
2026-09-20T09:34:59Z,1.92,0
2026-09-20T09:35:59Z,1.92,0
2026-09-20T09:36:59Z,1.92,0
2026-09-20T09:37:59Z,1.92,0
2026-09-20T09:44:59Z,1.92,0
2026-09-20T09:45:59Z,1.92,0
2026-09-20T09:46:59Z,2.18,0
2026-09-20T09:47:59Z,2.18,0
2026-09-20T09:48:59Z,1.92,0
2026-09-20T10:00:59Z,1.92,0
2026-09-20T10:01:59Z,2.18,0
2026-09-20T10:08:59Z,1.92,0
2026-09-20T10:09:59Z,1.92,0
2026-09-20T10:10:59Z,2.18,0
2026-09-20T10:11:59Z,1.92,0
2026-09-20T10:12:59Z,2.18,0
2026-09-20T10:20:59Z,1.92,0
2026-09-20T10:21:59Z,1.92,0
2026-09-20T10:22:59Z,1.92,0
2026-09-20T10:23:59Z,2.18,0
2026-09-20T10:24:59Z,1.92,0
2026-09-20T10:25:59Z,1.92,0
2026-09-20T10:32:59Z,2.18,0
2026-09-20T10:33:59Z,1.92,0
2026-09-20T10:34:59Z,1.92,0
2026-09-20T10:35:59Z,1.92,0
2026-09-20T10:36:59Z,1.92,0
2026-09-20T10:37:59Z,,0
2026-09-20T10:43:59Z,2.18,
2026-09-20T10:44:59Z,1.92,0
2026-09-20T10:45:59Z,1.92,0
2026-09-20T10:46:59Z,1.92,0
2026-09-20T10:47:59Z,1.92,0
2026-09-20T10:48:59Z,2.18,0
2026-09-20T10:49:59Z,,0
2026-09-20T10:55:59Z,1.92,
2026-09-20T10:56:59Z,1.92,
2026-09-20T10:57:59Z,2.18,0
2026-09-20T10:58:59Z,1.92,0
2026-09-20T10:59:59Z,1.92,0
2026-09-20T11:00:59Z,2.18,0
2026-09-20T11:01:59Z,2.18,0
2026-09-20T11:09:59Z,1.92,
2026-09-20T11:10:59Z,1.92,0
2026-09-20T11:11:59Z,1.92,0
2026-09-20T11:12:59Z,1.92,0
2026-09-20T11:13:59Z,1.92,0
2026-09-20T11:14:59Z,1.92,0
2026-09-20T11:15:59Z,,0
2026-09-20T11:21:59Z,1.92,0
2026-09-20T11:22:59Z,2.18,0
2026-09-20T11:23:59Z,2.18,0
2026-09-20T11:24:59Z,2.18,0
2026-09-20T11:25:59Z,2.18,0
2026-09-20T11:26:59Z,2.18,0
2026-09-20T11:34:59Z,1.92,0
2026-09-20T11:35:59Z,1.92,0
2026-09-20T11:36:59Z,2.18,0
2026-09-20T11:37:59Z,2.18,0
2026-09-20T11:38:59Z,1.92,0
2026-09-20T11:46:59Z,2.18,0
2026-09-20T11:47:59Z,2.18,0
2026-09-20T11:48:59Z,2.18,0
2026-09-20T11:49:59Z,1.92,0
2026-09-20T11:50:59Z,1.92,0
2026-09-20T11:51:59Z,1.92,0
2026-09-20T11:59:59Z,,0
2026-09-20T12:00:59Z,1.92,0
2026-09-20T12:01:59Z,2.18,0
2026-09-20T12:02:59Z,2.18,0
2026-09-20T12:03:59Z,2.18,0
2026-09-20T12:04:59Z,2.18,0
2026-09-20T12:05:59Z,2.18,
2026-09-20T12:11:59Z,,0
2026-09-20T12:12:59Z,2.18,0
2026-09-20T12:13:59Z,1.92,0
2026-09-20T12:14:59Z,1.92,0
2026-09-20T12:15:59Z,1.92,0
2026-09-20T12:16:59Z,1.92,0
2026-09-20T12:17:59Z,1.92,
2026-09-20T12:24:59Z,,0
2026-09-20T12:25:59Z,,0
2026-09-20T12:26:59Z,,0
2026-09-20T12:27:59Z,2.18,0
2026-09-20T12:28:59Z,2.18,0
2026-09-20T12:29:59Z,2.18,0
2026-09-20T12:30:59Z,1.92,0
2026-09-20T12:31:59Z,1.92,0
2026-09-20T12:37:59Z,,0
2026-09-20T12:38:59Z,2.18,0
2026-09-20T12:39:59Z,1.92,0
2026-09-20T12:40:59Z,2.18,0
2026-09-20T12:41:59Z,2.18,0
2026-09-20T12:42:59Z,1.92,
2026-09-20T12:43:59Z,1.92,
2026-09-20T12:48:59Z,,0
2026-09-20T12:49:59Z,1.92,0
2026-09-20T12:50:59Z,2.18,0
2026-09-20T12:51:59Z,2.18,0
2026-09-20T12:52:59Z,1.92,0
2026-09-20T12:53:59Z,1.92,0
2026-09-20T12:54:59Z,2.18,
2026-09-20T13:04:59Z,2.18,0
2026-09-20T13:05:59Z,2.18,0
2026-09-20T13:06:59Z,1.92,0
2026-09-20T13:07:59Z,1.92,0
2026-09-20T13:08:59Z,2.18,0
2026-09-20T13:09:59Z,2.18,0
2026-09-20T13:11:59Z,2.18,0
2026-09-20T13:12:59Z,2.18,0
2026-09-20T13:13:59Z,2.18,0
2026-09-20T13:14:59Z,1.92,0
2026-09-20T13:15:59Z,1.92,0
2026-09-20T13:22:59Z,2.18,0
2026-09-20T13:23:59Z,1.92,0
2026-09-20T13:24:59Z,1.92,0
2026-09-20T13:25:59Z,1.92,0
2026-09-20T13:26:59Z,2.18,0
2026-09-20T13:33:59Z,,0
2026-09-20T13:34:59Z,2.18,0
2026-09-20T13:35:59Z,2.57,0
2026-09-20T13:36:59Z,2.18,0
2026-09-20T13:37:59Z,2.18,0
2026-09-20T13:38:59Z,2.18,0
2026-09-20T13:46:59Z,2.18,0
2026-09-20T13:47:59Z,1.92,0
2026-09-20T13:48:59Z,1.92,0
2026-09-20T13:49:59Z,1.92,0
2026-09-20T13:50:59Z,1.92,0
2026-09-20T13:51:59Z,,0
2026-09-20T13:58:59Z,1.92,0
2026-09-20T13:59:59Z,1.92,0
2026-09-20T14:00:59Z,2.18,0
2026-09-20T14:01:59Z,2.18,0
2026-09-20T14:02:59Z,2.18,0
2026-09-20T14:03:59Z,2.18,
2026-09-20T14:09:59Z,,0
2026-09-20T14:10:59Z,1.92,0
2026-09-20T14:11:59Z,2.18,0
2026-09-20T14:12:59Z,2.18,0
2026-09-20T14:13:59Z,1.92,0
2026-09-20T14:14:59Z,2.18,0
2026-09-20T14:22:59Z,1.92,0
2026-09-20T14:23:59Z,1.92,0
2026-09-20T14:24:59Z,2.18,0
2026-09-20T14:25:59Z,1.92,0
2026-09-20T14:26:59Z,1.92,0
2026-09-20T14:27:59Z,1.92,
2026-09-20T14:34:59Z,,0
2026-09-20T14:35:59Z,1.92,0
2026-09-20T14:36:59Z,1.92,0
2026-09-20T14:37:59Z,1.92,0
2026-09-20T14:38:59Z,1.92,0
2026-09-20T14:39:59Z,2.18,0
2026-09-20T14:40:59Z,1.92,
2026-09-20T14:46:59Z,,0
2026-09-20T14:47:59Z,,0
2026-09-20T14:48:59Z,1.92,0
2026-09-20T14:49:59Z,2.18,0
2026-09-20T14:50:59Z,2.18,0
2026-09-20T14:51:59Z,1.92,0
2026-09-20T14:52:59Z,1.92,
2026-09-20T14:59:59Z,,0
2026-09-20T15:00:59Z,,0
2026-09-20T15:01:59Z,,0
2026-09-20T15:02:59Z,1.92,0
2026-09-20T15:03:59Z,1.92,0
2026-09-20T15:04:59Z,2.18,0
2026-09-20T15:05:59Z,2.18,0
2026-09-20T15:10:59Z,1.92,0
2026-09-20T15:11:59Z,2.18,0
2026-09-20T15:12:59Z,,0
2026-09-20T15:13:59Z,,0
2026-09-20T15:14:59Z,,0
2026-09-20T15:15:59Z,,0
2026-09-20T15:22:59Z,,0
2026-09-20T15:23:59Z,,0
2026-09-20T15:24:59Z,,0
2026-09-20T15:25:59Z,,0
2026-09-20T15:26:59Z,,0
2026-09-20T15:27:59Z,,0
2026-09-20T15:28:59Z,1.92,
2026-09-20T15:29:59Z,1.92,
2026-09-20T15:30:59Z,1.92,
2026-09-20T15:31:59Z,1.92,
2026-09-20T15:33:59Z,1.92,
2026-09-20T15:34:59Z,1.92,
2026-09-20T15:35:59Z,1.92,0
2026-09-20T15:36:59Z,1.92,0
2026-09-20T15:37:59Z,1.92,0
2026-09-20T15:38:59Z,,0
2026-09-20T15:39:59Z,,0
2026-09-20T15:40:59Z,,0
2026-09-20T15:43:59Z,1.92,
2026-09-20T15:44:59Z,1.92,
2026-09-20T15:45:59Z,1.92,
2026-09-20T15:46:59Z,1.92,
2026-09-20T15:47:59Z,1.92,
2026-09-20T15:48:59Z,1.92,0
2026-09-20T15:49:59Z,,0
2026-09-20T15:50:59Z,,0
2026-09-20T15:51:59Z,,0
2026-09-20T15:52:59Z,,0
2026-09-20T15:53:59Z,,0
2026-09-20T15:54:59Z,1.92,0
2026-09-20T15:55:59Z,1.92,0
2026-09-20T15:56:59Z,1.92,0
2026-09-20T15:57:59Z,1.92,0
2026-09-20T15:58:59Z,1.92,0
2026-09-20T15:59:59Z,1.92,0
2026-09-20T16:01:59Z,2.18,0
2026-09-20T16:02:59Z,2.18,0
2026-09-20T16:03:59Z,1.92,0
2026-09-20T16:04:59Z,1.92,0
2026-09-20T16:05:59Z,1.92,0
2026-09-20T16:12:59Z,1.92,0
2026-09-20T16:13:59Z,1.92,0
2026-09-20T16:14:59Z,1.92,0
2026-09-20T16:15:59Z,1.92,0
2026-09-20T16:16:59Z,2.18,0
2026-09-20T16:17:59Z,2.18,
2026-09-20T16:26:59Z,,0
2026-09-20T16:27:59Z,1.92,0
2026-09-20T16:28:59Z,1.92,0
2026-09-20T16:29:59Z,1.92,0
2026-09-20T16:30:59Z,1.92,0
2026-09-20T16:31:59Z,1.92,0
2026-09-20T16:32:59Z,1.92,
2026-09-20T16:39:59Z,1.92,0
2026-09-20T16:40:59Z,1.92,0
2026-09-20T16:41:59Z,1.92,0
2026-09-20T16:42:59Z,1.92,0
2026-09-20T16:43:59Z,1.92,0
2026-09-20T16:44:59Z,2.18,0
2026-09-20T16:52:59Z,,0
2026-09-20T16:53:59Z,1.92,0
2026-09-20T16:54:59Z,1.92,0
2026-09-20T16:55:59Z,1.92,0
2026-09-20T16:56:59Z,1.92,0
2026-09-20T16:57:59Z,1.92,
2026-09-20T17:04:59Z,,0
2026-09-20T17:05:59Z,1.92,0
2026-09-20T17:06:59Z,1.92,0
2026-09-20T17:07:59Z,1.92,0
2026-09-20T17:08:59Z,1.92,0
2026-09-20T17:09:59Z,2.18,0
2026-09-20T17:10:59Z,1.92,
2026-09-20T17:16:59Z,,0
2026-09-20T17:17:59Z,1.92,0
2026-09-20T17:18:59Z,1.92,0
2026-09-20T17:19:59Z,1.92,0
2026-09-20T17:20:59Z,1.92,0
2026-09-20T17:21:59Z,1.92,0
2026-09-20T17:22:59Z,1.92,
2026-09-20T17:28:59Z,,0
2026-09-20T17:29:59Z,1.92,0
2026-09-20T17:30:59Z,1.92,0
2026-09-20T17:31:59Z,1.92,0
2026-09-20T17:32:59Z,1.92,0
2026-09-20T17:33:59Z,1.92,
2026-09-20T17:39:59Z,,0
2026-09-20T17:40:59Z,,0
2026-09-20T17:41:59Z,1.92,0
2026-09-20T17:42:59Z,1.92,0
2026-09-20T17:43:59Z,1.92,0
2026-09-20T17:44:59Z,1.92,0
2026-09-20T17:45:59Z,1.92,
2026-09-20T17:47:59Z,1.92,0
2026-09-20T17:48:59Z,1.92,0
2026-09-20T17:49:59Z,1.92,0
2026-09-20T17:50:59Z,1.92,0
2026-09-20T17:51:59Z,1.92,0
2026-09-20T17:55:59Z,1.92,0
2026-09-20T17:56:59Z,1.92,0
2026-09-20T17:57:59Z,1.92,0
2026-09-20T17:58:59Z,1.92,0
2026-09-20T17:59:59Z,1.92,0
2026-09-20T18:00:59Z,1.92,0
2026-09-20T18:01:59Z,1.92,0
2026-09-20T18:11:59Z,1.92,0
2026-09-20T18:12:59Z,1.92,0
2026-09-20T18:13:59Z,1.92,0
2026-09-20T18:14:59Z,1.66,0
2026-09-20T18:15:59Z,1.92,0
2026-09-20T18:22:59Z,1.66,0
2026-09-20T18:23:59Z,1.92,0
2026-09-20T18:24:59Z,1.92,0
2026-09-20T18:25:59Z,1.92,0
2026-09-20T18:26:59Z,1.92,0
2026-09-20T18:27:59Z,1.92,0
2026-09-20T18:34:59Z,1.92,0
2026-09-20T18:35:59Z,2.18,0
2026-09-20T18:36:59Z,1.92,0
2026-09-20T18:37:59Z,1.92,0
2026-09-20T18:38:59Z,1.92,0
2026-09-20T18:39:59Z,1.92,0
2026-09-20T18:46:59Z,1.92,0
2026-09-20T18:47:59Z,1.92,0
2026-09-20T18:48:59Z,1.92,0
2026-09-20T18:49:59Z,1.92,0
2026-09-20T18:50:59Z,1.92,0
2026-09-20T18:51:59Z,1.92,0
2026-09-20T18:57:59Z,,0
2026-09-20T18:58:59Z,1.92,0
2026-09-20T18:59:59Z,1.92,0
2026-09-20T19:00:59Z,1.92,0
2026-09-20T19:01:59Z,1.92,0
2026-09-20T19:02:59Z,1.92,0
2026-09-20T19:09:59Z,1.92,0
2026-09-20T19:10:59Z,1.92,0
2026-09-20T19:11:59Z,1.92,0
2026-09-20T19:12:59Z,1.92,0
2026-09-20T19:13:59Z,1.92,0
2026-09-20T19:14:59Z,1.92,0
2026-09-20T19:21:59Z,1.92,0
2026-09-20T19:22:59Z,1.92,0
2026-09-20T19:23:59Z,1.92,0
2026-09-20T19:24:59Z,1.92,0
2026-09-20T19:25:59Z,1.92,0
2026-09-20T19:26:59Z,1.92,0
2026-09-20T19:34:59Z,1.92,0
2026-09-20T19:35:59Z,1.92,0
2026-09-20T19:36:59Z,1.92,0
2026-09-20T19:37:59Z,1.92,0
2026-09-20T19:38:59Z,,0
2026-09-20T19:42:59Z,1.92,
2026-09-20T19:43:59Z,1.92,
2026-09-20T19:44:59Z,1.92,0
2026-09-20T19:45:59Z,1.92,0
2026-09-20T19:46:59Z,1.92,0
2026-09-20T19:47:59Z,1.92,0
2026-09-20T19:48:59Z,,0
2026-09-20T19:49:59Z,,0
2026-09-20T19:58:59Z,1.92,0
2026-09-20T19:59:59Z,1.92,0
2026-09-20T20:00:59Z,1.92,0
2026-09-20T20:01:59Z,1.92,0
2026-09-20T20:02:59Z,,0
2026-09-20T20:06:59Z,1.92,
2026-09-20T20:07:59Z,1.92,
2026-09-20T20:08:59Z,1.92,
2026-09-20T20:09:59Z,1.92,0
2026-09-20T20:10:59Z,1.66,0
2026-09-20T20:11:59Z,1.66,0
2026-09-20T20:12:59Z,1.92,0
2026-09-20T20:13:59Z,,0
2026-09-20T20:17:59Z,1.66,0
2026-09-20T20:18:59Z,1.66,0
2026-09-20T20:19:59Z,1.92,0
2026-09-20T20:20:59Z,1.92,0
2026-09-20T20:21:59Z,1.92,0
2026-09-20T20:28:59Z,1.92,0
2026-09-20T20:29:59Z,1.92,0
2026-09-20T20:30:59Z,1.92,0
2026-09-20T20:31:59Z,1.92,0
2026-09-20T20:32:59Z,1.92,0
2026-09-20T20:39:59Z,1.92,0
2026-09-20T20:40:59Z,1.92,0
2026-09-20T20:41:59Z,1.92,0
2026-09-20T20:42:59Z,1.92,0
2026-09-20T20:43:59Z,1.92,0
2026-09-20T20:44:59Z,1.92,0
2026-09-20T20:49:59Z,1.92,0
2026-09-20T20:50:59Z,1.92,0
2026-09-20T20:51:59Z,1.92,0
2026-09-20T20:52:59Z,1.66,0
2026-09-20T20:53:59Z,1.66,0
2026-09-20T20:54:59Z,1.92,0
2026-09-20T21:02:59Z,1.66,
2026-09-20T21:03:59Z,1.92,0
2026-09-20T21:04:59Z,1.92,0
2026-09-20T21:05:59Z,1.66,0
2026-09-20T21:06:59Z,1.92,0
2026-09-20T21:07:59Z,1.92,0
2026-09-20T21:14:59Z,1.92,0
2026-09-20T21:15:59Z,1.92,0
2026-09-20T21:16:59Z,1.92,0
2026-09-20T21:17:59Z,1.92,0
2026-09-20T21:18:59Z,1.66,0
2026-09-20T21:19:59Z,1.66,0
2026-09-20T21:20:59Z,,0
2026-09-20T21:28:59Z,1.66,
2026-09-20T21:29:59Z,1.92,0
2026-09-20T21:30:59Z,1.92,0
2026-09-20T21:31:59Z,1.92,0
2026-09-20T21:32:59Z,1.92,0
2026-09-20T21:33:59Z,,0
2026-09-20T21:39:59Z,1.66,
2026-09-20T21:40:59Z,1.66,0
2026-09-20T21:41:59Z,1.66,0
2026-09-20T21:42:59Z,1.66,0
2026-09-20T21:43:59Z,1.66,0
2026-09-20T21:44:59Z,1.92,0
2026-09-20T21:45:59Z,,0
2026-09-20T21:51:59Z,1.92,
2026-09-20T21:52:59Z,1.92,0
2026-09-20T21:53:59Z,1.92,0
2026-09-20T21:54:59Z,1.66,0
2026-09-20T21:55:59Z,1.92,0
2026-09-20T21:56:59Z,,0
2026-09-20T21:57:59Z,,0
2026-09-20T22:03:59Z,1.66,
2026-09-20T22:04:59Z,1.66,
2026-09-20T22:05:59Z,1.66,0
2026-09-20T22:06:59Z,1.66,0
2026-09-20T22:07:59Z,1.92,0
2026-09-20T22:08:59Z,1.92,0
2026-09-20T22:09:59Z,,0
2026-09-20T22:10:59Z,,0
2026-09-20T22:15:59Z,1.92,
2026-09-20T22:16:59Z,1.92,
2026-09-20T22:17:59Z,1.66,
2026-09-20T22:18:59Z,1.66,0
2026-09-20T22:19:59Z,1.92,0
2026-09-20T22:20:59Z,1.92,0
2026-09-20T22:21:59Z,,0
2026-09-20T22:22:59Z,,0
2026-09-20T22:29:59Z,1.92,
2026-09-20T22:30:59Z,1.92,0
2026-09-20T22:31:59Z,1.92,0
2026-09-20T22:32:59Z,1.92,0
2026-09-20T22:33:59Z,1.92,0
2026-09-20T22:34:59Z,,0
2026-09-20T22:35:59Z,,0
2026-09-20T22:41:59Z,1.66,
2026-09-20T22:42:59Z,1.92,0
2026-09-20T22:43:59Z,1.92,0
2026-09-20T22:44:59Z,1.92,0
2026-09-20T22:45:59Z,1.92,0
2026-09-20T22:46:59Z,,0
2026-09-20T22:47:59Z,,0
2026-09-20T22:52:59Z,1.92,
2026-09-20T22:53:59Z,1.66,
2026-09-20T22:54:59Z,1.92,
2026-09-20T22:55:59Z,1.92,
2026-09-20T22:56:59Z,1.92,0
2026-09-20T22:57:59Z,1.92,0
2026-09-20T22:58:59Z,1.92,0
2026-09-20T22:59:59Z,1.92,0
2026-09-20T23:00:59Z,1.92,0
2026-09-20T23:07:59Z,1.92,0
2026-09-20T23:08:59Z,1.92,0
2026-09-20T23:09:59Z,1.92,0
2026-09-20T23:10:59Z,1.92,0
2026-09-20T23:11:59Z,1.92,0
2026-09-20T23:18:59Z,1.66,0
2026-09-20T23:19:59Z,1.66,0
2026-09-20T23:20:59Z,1.66,0
2026-09-20T23:21:59Z,1.92,0
2026-09-20T23:22:59Z,1.92,0
2026-09-20T23:29:59Z,1.66,0
2026-09-20T23:30:59Z,1.66,0
2026-09-20T23:31:59Z,1.66,0
2026-09-20T23:32:59Z,1.92,0
2026-09-20T23:33:59Z,1.92,0
2026-09-20T23:34:59Z,1.92,0
2026-09-20T23:41:59Z,1.92,0
2026-09-20T23:42:59Z,1.92,0
2026-09-20T23:43:59Z,1.92,0
2026-09-20T23:44:59Z,1.92,0
2026-09-20T23:45:59Z,1.92,0
2026-09-20T23:46:59Z,1.92,
2026-09-20T23:53:59Z,1.66,0
2026-09-20T23:54:59Z,1.92,0
2026-09-20T23:55:59Z,1.92,0
2026-09-20T23:56:59Z,1.92,0
2026-09-20T23:57:59Z,1.92,
2026-09-21T00:04:59Z,,0
2026-09-21T00:05:59Z,,0
2026-09-21T00:06:59Z,2.18,0
2026-09-21T00:07:59Z,1.92,0
2026-09-21T00:08:59Z,1.92,0
2026-09-21T00:09:59Z,1.92,0
2026-09-21T00:10:59Z,1.92,
2026-09-21T00:11:59Z,1.92,
2026-09-21T00:15:59Z,,0
2026-09-21T00:16:59Z,,0
2026-09-21T00:17:59Z,1.92,0
2026-09-21T00:18:59Z,2.18,0
2026-09-21T00:19:59Z,1.92,0
2026-09-21T00:20:59Z,1.66,0
2026-09-21T00:21:59Z,1.92,
2026-09-21T00:29:59Z,1.92,0
2026-09-21T00:30:59Z,2.18,0
2026-09-21T00:31:59Z,1.92,0
2026-09-21T00:32:59Z,1.92,0
2026-09-21T00:33:59Z,1.92,0
2026-09-21T00:39:59Z,1.92,
2026-09-21T00:40:59Z,2.18,0
2026-09-21T00:41:59Z,1.92,0
2026-09-21T00:42:59Z,1.92,0
2026-09-21T00:43:59Z,1.92,0
2026-09-21T00:44:59Z,1.92,0
2026-09-21T00:45:59Z,,0
2026-09-21T00:52:59Z,,0
2026-09-21T00:53:59Z,1.92,0
2026-09-21T00:54:59Z,1.92,0
2026-09-21T00:55:59Z,1.92,0
2026-09-21T00:56:59Z,1.92,0
2026-09-21T00:57:59Z,1.92,0
2026-09-21T01:04:59Z,,0
2026-09-21T01:05:59Z,1.92,0
2026-09-21T01:06:59Z,1.92,0
2026-09-21T01:07:59Z,1.92,0
2026-09-21T01:08:59Z,2.18,0
2026-09-21T01:09:59Z,1.92,0
2026-09-21T01:10:59Z,2.18,
2026-09-21T01:16:59Z,,0
2026-09-21T01:18:59Z,1.92,0
2026-09-21T01:19:59Z,1.92,0
2026-09-21T01:20:59Z,2.18,0
2026-09-21T01:21:59Z,2.18,0
2026-09-21T01:22:59Z,1.92,
2026-09-21T02:02:59Z,,0
2026-09-21T02:03:59Z,2.18,0
2026-09-21T02:04:59Z,2.18,0
2026-09-21T02:05:59Z,2.18,0
2026-09-21T02:06:59Z,2.18,0
2026-09-21T02:07:59Z,1.92,0
2026-09-21T02:08:59Z,2.18,
2026-09-21T02:13:59Z,2.18,0
2026-09-21T02:14:59Z,2.18,0
2026-09-21T02:15:59Z,2.18,0
2026-09-21T02:16:59Z,2.18,0
2026-09-21T02:17:59Z,2.18,0
2026-09-21T02:25:59Z,2.18,0
2026-09-21T02:26:59Z,1.92,0
2026-09-21T02:27:59Z,1.92,0
2026-09-21T02:28:59Z,1.92,0
2026-09-21T02:29:59Z,2.18,0
2026-09-21T02:30:59Z,2.18,0
2026-09-21T02:36:59Z,2.18,0
2026-09-21T02:37:59Z,2.18,0
2026-09-21T02:38:59Z,1.92,0
2026-09-21T02:39:59Z,1.92,0
2026-09-21T02:40:59Z,1.92,0
2026-09-21T02:41:59Z,1.92,0
2026-09-21T02:45:59Z,2.18,0
2026-09-21T02:46:59Z,2.18,0
2026-09-21T02:47:59Z,2.18,0
2026-09-21T02:48:59Z,2.18,0
2026-09-21T02:49:59Z,2.18,0
2026-09-21T02:50:59Z,1.92,0
2026-09-21T02:57:59Z,2.18,0
2026-09-21T02:58:59Z,2.18,0
2026-09-21T02:59:59Z,2.18,0
2026-09-21T03:00:59Z,1.92,0
2026-09-21T03:01:59Z,1.92,0
2026-09-21T03:02:59Z,1.92,0
2026-09-21T03:04:59Z,,0
2026-09-21T03:05:59Z,2.18,0
2026-09-21T03:06:59Z,2.18,0
2026-09-21T03:07:59Z,2.18,0
2026-09-21T03:08:59Z,2.18,0
2026-09-21T03:09:59Z,2.18,0
2026-09-21T03:11:59Z,2.18,
2026-09-21T03:12:59Z,2.18,0
2026-09-21T03:13:59Z,1.92,0
2026-09-21T03:14:59Z,2.18,0
2026-09-21T03:15:59Z,2.18,0
2026-09-21T03:17:59Z,1.92,0
2026-09-21T03:18:59Z,1.92,0
2026-09-21T03:19:59Z,2.18,0
2026-09-21T03:20:59Z,2.18,0
2026-09-21T03:21:59Z,1.92,0
2026-09-21T03:22:59Z,1.92,
2026-09-21T03:23:59Z,1.92,0
2026-09-21T03:24:59Z,1.92,0
2026-09-21T03:25:59Z,1.92,0
2026-09-21T03:26:59Z,1.92,0
2026-09-21T03:27:59Z,,0
2026-09-21T03:29:59Z,1.92,0
2026-09-21T03:30:59Z,1.92,0
2026-09-21T03:31:59Z,1.92,0
2026-09-21T03:32:59Z,2.18,0
2026-09-21T03:33:59Z,1.92,0
2026-09-21T03:34:59Z,1.92,0
2026-09-21T03:35:59Z,1.92,0
2026-09-21T03:36:59Z,1.92,0
2026-09-21T03:37:59Z,1.92,0
2026-09-21T03:38:59Z,1.92,0
2026-09-21T03:39:59Z,1.92,0
2026-09-21T03:40:59Z,2.18,0
2026-09-21T03:41:59Z,1.92,0
2026-09-21T03:42:59Z,1.92,0
2026-09-21T03:43:59Z,2.18,0
2026-09-21T03:44:59Z,2.18,0
2026-09-21T03:45:59Z,2.18,0
2026-09-21T03:46:59Z,1.92,0
2026-09-21T03:47:59Z,1.92,0
2026-09-21T03:48:59Z,1.92,0
2026-09-21T03:49:59Z,1.92,0
2026-09-21T03:50:59Z,,0
2026-09-21T03:51:59Z,2.18,
2026-09-21T03:52:59Z,2.18,0
2026-09-21T03:53:59Z,2.18,0
2026-09-21T03:54:59Z,1.92,0
2026-09-21T03:55:59Z,1.92,0
2026-09-21T03:56:59Z,,0
2026-09-21T03:58:59Z,1.92,0
2026-09-21T03:59:59Z,1.92,0
2026-09-21T04:00:59Z,2.18,0
2026-09-21T04:01:59Z,2.18,0
2026-09-21T04:02:59Z,1.92,0
2026-09-21T04:03:59Z,1.92,
2026-09-21T04:04:59Z,1.92,0
2026-09-21T04:05:59Z,1.92,0
2026-09-21T04:06:59Z,1.92,0
2026-09-21T04:07:59Z,1.92,0
2026-09-21T04:08:59Z,,0
2026-09-21T04:10:59Z,2.18,0
2026-09-21T04:11:59Z,2.18,0
2026-09-21T04:12:59Z,1.92,0
2026-09-21T04:13:59Z,2.18,0
2026-09-21T04:14:59Z,1.92,0
2026-09-21T04:16:59Z,1.92,0
2026-09-21T04:17:59Z,1.92,0
2026-09-21T04:18:59Z,2.18,0
2026-09-21T04:19:59Z,2.18,0
2026-09-21T04:20:59Z,2.18,0
2026-09-21T04:21:59Z,,0
2026-09-21T04:22:59Z,2.18,
2026-09-21T04:23:59Z,2.18,0
2026-09-21T04:24:59Z,2.18,0
2026-09-21T04:25:59Z,2.18,0
2026-09-21T04:26:59Z,2.18,0
2026-09-21T04:28:59Z,2.18,
2026-09-21T04:29:59Z,1.92,0
2026-09-21T04:30:59Z,2.18,0
2026-09-21T04:31:59Z,2.57,0
2026-09-21T04:32:59Z,2.18,0
2026-09-21T04:33:59Z,,0
2026-09-21T04:35:59Z,1.92,0
2026-09-21T04:36:59Z,2.18,0
2026-09-21T04:37:59Z,2.18,0
2026-09-21T04:38:59Z,1.92,0
2026-09-21T04:39:59Z,2.18,0
2026-09-21T04:40:59Z,2.18,
2026-09-21T04:41:59Z,2.57,0
2026-09-21T04:42:59Z,2.18,0
2026-09-21T04:43:59Z,2.18,0
2026-09-21T04:44:59Z,2.83,0
2026-09-21T04:45:59Z,2.18,0
2026-09-21T04:46:59Z,2.18,0
2026-09-21T04:47:59Z,1.92,0
2026-09-21T04:48:59Z,1.92,0
2026-09-21T04:49:59Z,1.92,0
2026-09-21T04:50:59Z,,0
2026-09-21T04:51:59Z,2.18,
2026-09-21T04:52:59Z,2.57,0
2026-09-21T04:53:59Z,2.18,0
2026-09-21T04:54:59Z,2.18,0
2026-09-21T04:55:59Z,1.92,0
2026-09-21T04:56:59Z,,0
2026-09-21T04:57:59Z,2.18,0
2026-09-21T04:58:59Z,2.18,0
2026-09-21T04:59:59Z,2.18,0
2026-09-21T05:00:59Z,2.18,0
2026-09-21T05:01:59Z,2.18,0
2026-09-21T05:02:59Z,2.18,0
2026-09-21T05:03:59Z,2.18,0
2026-09-21T05:04:59Z,2.18,0
2026-09-21T05:05:59Z,2.18,0
2026-09-21T05:06:59Z,1.92,0
2026-09-21T05:09:59Z,2.18,0
2026-09-21T05:10:59Z,1.92,0
2026-09-21T05:11:59Z,1.92,0
2026-09-21T05:12:59Z,1.92,0
2026-09-21T05:13:59Z,,0
2026-09-21T05:14:59Z,1.92,0
2026-09-21T05:15:59Z,1.92,0
2026-09-21T05:16:59Z,2.18,0
2026-09-21T05:17:59Z,2.57,0
2026-09-21T05:18:59Z,2.18,0
2026-09-21T05:19:59Z,,0
2026-09-21T05:20:59Z,2.18,
2026-09-21T05:21:59Z,2.18,0
2026-09-21T05:22:59Z,2.18,0
2026-09-21T05:23:59Z,2.18,0
2026-09-21T05:24:59Z,2.18,0
2026-09-21T05:25:59Z,,0
2026-09-21T05:26:59Z,1.92,
2026-09-21T05:27:59Z,1.92,0
2026-09-21T05:28:59Z,2.18,0
2026-09-21T05:29:59Z,2.18,0
2026-09-21T05:30:59Z,2.18,0
2026-09-21T05:31:59Z,2.18,0
2026-09-21T05:32:59Z,2.18,0
2026-09-21T05:33:59Z,2.18,0
2026-09-21T05:34:59Z,2.57,0
2026-09-21T05:35:59Z,2.18,0
2026-09-21T05:36:59Z,,0
2026-09-21T05:37:59Z,2.18,
2026-09-21T05:38:59Z,2.18,0
2026-09-21T05:39:59Z,2.18,0
2026-09-21T05:40:59Z,2.57,0
2026-09-21T05:41:59Z,2.18,0
2026-09-21T05:42:59Z,2.18,0
2026-09-21T05:43:59Z,2.18,0
2026-09-21T05:44:59Z,2.18,0
2026-09-21T05:45:59Z,2.57,0
2026-09-21T05:46:59Z,2.18,0
2026-09-21T05:47:59Z,2.18,0
2026-09-21T05:48:59Z,2.18,
2026-09-21T05:49:59Z,2.57,0
2026-09-21T05:50:59Z,2.18,0
2026-09-21T05:51:59Z,2.18,0
2026-09-21T05:52:59Z,2.18,0
2026-09-21T05:53:59Z,2.18,0
2026-09-21T05:54:59Z,1.92,0
2026-09-21T05:55:59Z,2.18,0
2026-09-21T05:56:59Z,2.18,0
2026-09-21T05:57:59Z,1.92,0
2026-09-21T05:58:59Z,1.92,0
2026-09-21T05:59:59Z,1.92,0
2026-09-21T06:01:59Z,2.18,0
2026-09-21T06:03:59Z,2.18,0
2026-09-21T06:04:59Z,1.92,0
2026-09-21T06:05:59Z,2.18,0
2026-09-21T06:07:59Z,2.57,0
2026-09-21T06:08:59Z,2.18,0
2026-09-21T06:09:59Z,2.18,0
2026-09-21T06:10:59Z,2.18,0
2026-09-21T06:11:59Z,2.57,0
2026-09-21T06:12:59Z,2.57,0
2026-09-21T06:13:59Z,2.57,0
2026-09-21T06:14:59Z,2.18,0
2026-09-21T06:15:59Z,2.18,0
2026-09-21T06:16:59Z,2.57,0
2026-09-21T06:18:59Z,2.18,0
2026-09-21T06:19:59Z,2.57,0
2026-09-21T06:20:59Z,2.18,0
2026-09-21T06:21:59Z,2.18,0
2026-09-21T06:22:59Z,2.18,0
2026-09-21T06:24:59Z,2.18,0
2026-09-21T06:26:59Z,2.18,0
2026-09-21T06:27:59Z,2.18,0
2026-09-21T06:28:59Z,2.18,0
2026-09-21T06:30:59Z,2.57,0
2026-09-21T06:31:59Z,2.18,0
2026-09-21T06:32:59Z,2.57,0
2026-09-21T06:33:59Z,2.18,0
2026-09-21T06:34:59Z,2.18,0
2026-09-21T06:35:59Z,2.18,0
2026-09-21T06:36:59Z,2.18,0
2026-09-21T06:37:59Z,2.18,0
2026-09-21T06:38:59Z,3.09,0
2026-09-21T06:39:59Z,2.57,0
2026-09-21T06:40:59Z,2.57,0
2026-09-21T06:41:59Z,2.18,0
2026-09-21T06:42:59Z,2.57,0
2026-09-21T06:43:59Z,2.57,0
2026-09-21T06:44:59Z,2.18,0
2026-09-21T06:45:59Z,2.57,0
2026-09-21T06:46:59Z,2.83,0
2026-09-21T06:47:59Z,2.18,0
2026-09-21T06:48:59Z,2.18,0
2026-09-21T06:49:59Z,2.57,0
2026-09-21T06:50:59Z,2.18,0
2026-09-21T06:51:59Z,2.18,0
2026-09-21T06:52:59Z,2.57,0
2026-09-21T06:53:59Z,2.18,0
2026-09-21T06:54:59Z,2.18,0
2026-09-21T06:55:59Z,2.18,0
2026-09-21T09:00:59Z,,0
2026-09-21T09:01:59Z,,0
2026-09-21T09:02:59Z,2.57,0
2026-09-21T09:03:59Z,2.57,0
2026-09-21T09:04:59Z,2.57,0
2026-09-21T09:05:59Z,2.83,
2026-09-21T09:06:59Z,,0
2026-09-21T09:07:59Z,,0
2026-09-21T09:08:59Z,2.18,0
2026-09-21T09:09:59Z,2.57,0
2026-09-21T09:10:59Z,2.57,0
2026-09-21T09:11:59Z,2.83,
2026-09-21T09:12:59Z,2.57,0
2026-09-21T09:13:59Z,,0
2026-09-21T09:14:59Z,2.18,0
2026-09-21T09:15:59Z,2.57,0
2026-09-21T09:16:59Z,2.57,0
2026-09-21T09:17:59Z,2.57,
2026-09-21T09:18:59Z,2.57,
2026-09-21T09:19:59Z,2.18,0
2026-09-21T09:20:59Z,,0
2026-09-21T09:21:59Z,3.09,0
2026-09-21T09:22:59Z,2.18,0
2026-09-21T09:23:59Z,2.18,0
2026-09-21T09:24:59Z,2.57,
2026-09-21T09:25:59Z,2.18,
2026-09-21T09:26:59Z,,0
2026-09-21T09:27:59Z,,0
2026-09-21T09:28:59Z,2.57,0
2026-09-21T09:29:59Z,2.83,0
2026-09-21T09:30:59Z,2.83,0
2026-09-21T09:31:59Z,2.83,
2026-09-21T09:32:59Z,2.57,0
2026-09-21T09:33:59Z,,0
2026-09-21T09:34:59Z,2.57,0
2026-09-21T09:35:59Z,2.57,0
2026-09-21T09:36:59Z,2.57,0
2026-09-21T09:37:59Z,2.57,
2026-09-21T09:38:59Z,2.57,0
2026-09-21T09:39:59Z,,0
2026-09-21T09:40:59Z,,0
2026-09-21T09:41:59Z,3.48,0
2026-09-21T09:42:59Z,2.57,0
2026-09-21T09:43:59Z,2.57,0
2026-09-21T09:44:59Z,2.57,0
2026-09-21T09:45:59Z,2.57,0
2026-09-21T09:46:59Z,2.83,0
2026-09-21T09:47:59Z,2.57,0
2026-09-21T09:48:59Z,3.09,0
2026-09-21T09:49:59Z,2.57,0
2026-09-21T09:50:59Z,3.09,
2026-09-21T09:51:59Z,2.83,0
2026-09-21T09:52:59Z,2.83,0
2026-09-21T09:53:59Z,2.18,0
2026-09-21T09:54:59Z,2.18,0
2026-09-21T09:55:59Z,2.18,0
2026-09-21T09:56:59Z,2.18,
2026-09-21T09:58:59Z,,0
2026-09-21T09:59:59Z,2.18,0
2026-09-21T10:00:59Z,2.57,0
2026-09-21T10:01:59Z,2.57,0
2026-09-21T10:02:59Z,2.57,0
2026-09-21T10:03:59Z,2.57,
2026-09-21T10:04:59Z,2.18,0
2026-09-21T10:05:59Z,,0
2026-09-21T10:06:59Z,2.57,0
2026-09-21T10:07:59Z,2.57,0
2026-09-21T10:08:59Z,2.57,0
2026-09-21T10:09:59Z,2.18,0
2026-09-21T10:10:59Z,2.83,
2026-09-21T10:11:59Z,2.57,0
2026-09-21T10:12:59Z,,0
2026-09-21T10:13:59Z,2.18,0
2026-09-21T10:14:59Z,2.18,0
2026-09-21T10:15:59Z,2.57,0
2026-09-21T10:16:59Z,2.18,
2026-09-21T10:17:59Z,2.57,
2026-09-21T10:18:59Z,,0
2026-09-21T10:19:59Z,,0
2026-09-21T10:20:59Z,2.57,0
2026-09-21T10:21:59Z,2.18,0
2026-09-21T10:22:59Z,2.57,0
2026-09-21T10:23:59Z,2.57,
2026-09-21T10:24:59Z,2.57,0
2026-09-21T10:25:59Z,,0
2026-09-21T10:26:59Z,,0
2026-09-21T10:27:59Z,2.57,0
2026-09-21T10:28:59Z,2.18,0
2026-09-21T10:29:59Z,2.18,
2026-09-21T10:30:59Z,1.92,
2026-09-21T10:31:59Z,2.18,0
2026-09-21T10:32:59Z,,0
2026-09-21T10:33:59Z,2.18,0
2026-09-21T10:34:59Z,2.57,0
2026-09-21T10:35:59Z,2.57,
2026-09-21T10:36:59Z,2.18,
2026-09-21T10:37:59Z,2.18,0
2026-09-21T10:38:59Z,,0
2026-09-21T10:39:59Z,2.83,0
2026-09-21T10:40:59Z,2.57,0
2026-09-21T10:41:59Z,2.57,0
2026-09-21T10:42:59Z,2.18,
2026-09-21T10:43:59Z,2.57,0
2026-09-21T10:44:59Z,2.57,0
2026-09-21T10:45:59Z,,0
2026-09-21T10:46:59Z,,0
2026-09-21T10:47:59Z,2.18,0
2026-09-21T10:48:59Z,2.18,
2026-09-21T10:49:59Z,2.18,
2026-09-21T10:50:59Z,2.18,0
2026-09-21T10:51:59Z,2.18,0
2026-09-21T10:52:59Z,,0
2026-09-21T10:53:59Z,2.57,0
2026-09-21T10:54:59Z,2.83,0
2026-09-21T10:55:59Z,2.57,
2026-09-21T10:56:59Z,2.57,
2026-09-21T10:57:59Z,2.18,0
2026-09-21T10:58:59Z,,0
2026-09-21T10:59:59Z,,0
2026-09-21T11:00:59Z,2.57,0
2026-09-21T11:01:59Z,2.57,0
2026-09-21T11:02:59Z,2.57,
2026-09-21T11:03:59Z,2.18,
2026-09-21T11:04:59Z,2.57,0
2026-09-21T11:05:59Z,,0
2026-09-21T11:06:59Z,,0
2026-09-21T11:07:59Z,2.57,0
2026-09-21T11:08:59Z,2.18,0
2026-09-21T11:09:59Z,2.18,
2026-09-21T11:10:59Z,2.18,
2026-09-21T11:11:59Z,2.18,0
2026-09-21T11:12:59Z,,0
2026-09-21T11:13:59Z,2.18,0
2026-09-21T11:14:59Z,2.18,0
2026-09-21T11:15:59Z,2.57,0
2026-09-21T11:16:59Z,2.18,
2026-09-21T11:17:59Z,2.18,
2026-09-21T11:18:59Z,,0
2026-09-21T11:19:59Z,2.57,0
2026-09-21T11:20:59Z,2.18,0
2026-09-21T11:21:59Z,2.18,0
2026-09-21T11:22:59Z,2.18,0
2026-09-21T11:23:59Z,2.18,
2026-09-21T11:24:59Z,2.18,0
2026-09-21T11:25:59Z,,0
2026-09-21T11:26:59Z,,0
2026-09-21T11:27:59Z,2.57,0
2026-09-21T11:28:59Z,2.83,0
2026-09-21T11:29:59Z,2.18,0
2026-09-21T11:30:59Z,2.18,
2026-09-21T11:31:59Z,1.92,
2026-09-21T11:32:59Z,,0
2026-09-21T11:33:59Z,,0
2026-09-21T11:34:59Z,2.57,0
2026-09-21T11:35:59Z,2.57,0
2026-09-21T11:36:59Z,2.18,0
2026-09-21T11:37:59Z,2.18,
2026-09-21T11:38:59Z,2.18,0
2026-09-21T11:39:59Z,,0
2026-09-21T11:40:59Z,,0
2026-09-21T11:41:59Z,2.18,0
2026-09-21T11:42:59Z,2.18,0
2026-09-21T11:43:59Z,2.18,0
2026-09-21T11:44:59Z,2.83,
2026-09-21T11:45:59Z,2.83,
2026-09-21T11:46:59Z,,0
2026-09-21T11:47:59Z,,0
2026-09-21T11:48:59Z,2.83,0
2026-09-21T11:49:59Z,2.18,0
2026-09-21T11:50:59Z,2.83,0
2026-09-21T11:51:59Z,2.18,
2026-09-21T11:52:59Z,2.57,
2026-09-21T11:53:59Z,,0
2026-09-21T11:54:59Z,2.18,0
2026-09-21T11:55:59Z,2.57,0
2026-09-21T11:56:59Z,2.57,0
2026-09-21T11:57:59Z,2.18,0
2026-09-21T11:58:59Z,2.57,
2026-09-21T11:59:59Z,2.57,
2026-09-21T12:00:59Z,2.57,0
2026-09-21T12:01:59Z,,0
2026-09-21T12:02:59Z,,0
2026-09-21T12:03:59Z,1.92,0
2026-09-21T12:04:59Z,2.18,0
2026-09-21T12:05:59Z,2.18,0
2026-09-21T12:06:59Z,2.57,
2026-09-21T12:07:59Z,2.57,
2026-09-21T12:08:59Z,1.92,0
2026-09-21T12:09:59Z,,0
2026-09-21T12:10:59Z,,0
2026-09-21T12:11:59Z,2.57,0
2026-09-21T12:12:59Z,2.57,0
2026-09-21T12:13:59Z,2.18,
2026-09-21T12:14:59Z,2.18,0
2026-09-21T12:15:59Z,2.57,0
2026-09-21T12:16:59Z,,0
2026-09-21T12:17:59Z,,0
2026-09-21T12:18:59Z,2.18,0
2026-09-21T12:19:59Z,2.57,
2026-09-21T12:20:59Z,2.57,
2026-09-21T12:21:59Z,2.18,0
2026-09-21T12:22:59Z,,0
2026-09-21T12:23:59Z,,0
2026-09-21T12:24:59Z,2.18,0
2026-09-21T12:25:59Z,2.18,0
2026-09-21T12:26:59Z,2.18,
2026-09-21T12:27:59Z,2.18,0
2026-09-21T12:28:59Z,2.18,0
2026-09-21T12:29:59Z,,0
2026-09-21T12:30:59Z,,0
2026-09-21T12:31:59Z,2.18,0
2026-09-21T12:32:59Z,2.18,
2026-09-21T12:33:59Z,2.57,
2026-09-21T12:34:59Z,2.57,0
2026-09-21T12:35:59Z,2.18,0
2026-09-21T12:36:59Z,,0
2026-09-21T12:37:59Z,,0
2026-09-21T12:38:59Z,1.92,0
2026-09-21T12:39:59Z,2.57,
2026-09-21T12:40:59Z,2.18,
2026-09-21T12:41:59Z,2.18,0
2026-09-21T12:42:59Z,2.18,0
2026-09-21T12:43:59Z,,0
2026-09-21T12:44:59Z,2.18,0
2026-09-21T12:45:59Z,2.18,0
2026-09-21T12:46:59Z,1.92,
2026-09-21T12:47:59Z,2.18,0
2026-09-21T12:48:59Z,2.18,0
2026-09-21T12:49:59Z,,0
2026-09-21T12:50:59Z,,0
2026-09-21T12:51:59Z,2.18,0
2026-09-21T12:52:59Z,2.57,
2026-09-21T12:53:59Z,2.18,0
2026-09-21T12:54:59Z,2.18,0
2026-09-21T12:55:59Z,2.57,0
2026-09-21T12:56:59Z,,0
2026-09-21T12:57:59Z,,0
2026-09-21T12:58:59Z,2.83,
2026-09-21T12:59:59Z,2.57,
2026-09-21T13:00:59Z,2.18,
2026-09-21T13:01:59Z,2.57,0
2026-09-21T13:02:59Z,2.18,0
2026-09-21T13:03:59Z,,0
2026-09-21T13:04:59Z,2.57,0
2026-09-21T13:05:59Z,2.57,0
2026-09-21T13:06:59Z,2.18,
2026-09-21T13:07:59Z,2.18,
2026-09-21T13:08:59Z,2.57,0
2026-09-21T13:09:59Z,2.18,0
2026-09-21T13:10:59Z,,0
2026-09-21T13:11:59Z,,0
2026-09-21T13:12:59Z,2.18,0
2026-09-21T13:13:59Z,2.18,
2026-09-21T13:14:59Z,2.57,0
2026-09-21T13:15:59Z,2.57,0
2026-09-21T13:16:59Z,2.18,0
2026-09-21T13:17:59Z,,0
2026-09-21T13:18:59Z,,0
2026-09-21T13:19:59Z,2.18,0
2026-09-21T13:20:59Z,2.18,
2026-09-21T13:21:59Z,2.18,
2026-09-21T13:22:59Z,2.18,0
2026-09-21T13:23:59Z,2.18,0
2026-09-21T13:24:59Z,,0
2026-09-21T13:25:59Z,,0
2026-09-21T13:26:59Z,2.18,0
2026-09-21T13:27:59Z,2.18,
2026-09-21T13:28:59Z,1.92,0
2026-09-21T13:29:59Z,2.18,0
2026-09-21T13:30:59Z,2.18,0
2026-09-21T13:31:59Z,,0
2026-09-21T13:32:59Z,2.57,0
2026-09-21T13:33:59Z,2.57,
2026-09-21T13:34:59Z,2.57,
2026-09-21T13:35:59Z,2.18,0
2026-09-21T13:36:59Z,2.18,0
2026-09-21T13:37:59Z,,0
2026-09-21T13:38:59Z,,0
2026-09-21T13:39:59Z,2.18,0
2026-09-21T13:40:59Z,2.57,
2026-09-21T13:41:59Z,2.57,
2026-09-21T13:42:59Z,2.83,0
2026-09-21T13:43:59Z,2.57,0
2026-09-21T13:44:59Z,,0
2026-09-21T13:45:59Z,2.18,0
2026-09-21T13:46:59Z,2.57,0
2026-09-21T13:47:59Z,2.18,
2026-09-21T13:48:59Z,2.57,0
2026-09-21T13:49:59Z,2.18,0
2026-09-21T13:50:59Z,,0
2026-09-21T13:51:59Z,,0
2026-09-21T13:52:59Z,,0
2026-09-21T15:00:59Z,2.18,0
2026-09-21T15:01:59Z,1.92,0
2026-09-21T15:02:59Z,2.18,0
2026-09-21T15:06:59Z,2.18,0
2026-09-21T15:07:59Z,2.18,0
2026-09-21T15:08:59Z,2.18,0
2026-09-21T15:09:59Z,2.18,0
2026-09-21T15:10:59Z,2.18,0
2026-09-21T15:12:59Z,2.18,0
2026-09-21T15:13:59Z,1.92,0
2026-09-21T15:14:59Z,2.18,0
2026-09-21T15:15:59Z,2.18,0
2026-09-21T15:16:59Z,2.18,0
2026-09-21T15:18:59Z,2.57,0
2026-09-21T15:19:59Z,2.57,0
2026-09-21T15:20:59Z,2.57,0
2026-09-21T15:21:59Z,2.18,0
2026-09-21T15:22:59Z,2.18,0
2026-09-21T15:23:59Z,1.92,0
2026-09-21T15:24:59Z,2.18,0
2026-09-21T15:25:59Z,1.92,
2026-09-21T15:26:59Z,2.18,0
2026-09-21T15:27:59Z,2.57,0
2026-09-21T15:28:59Z,2.57,0
2026-09-21T15:29:59Z,2.18,0
2026-09-21T15:30:59Z,2.18,0
2026-09-21T15:32:59Z,2.57,0
2026-09-21T15:33:59Z,2.18,0
2026-09-21T15:34:59Z,1.92,0
2026-09-21T15:35:59Z,2.18,0
2026-09-21T15:37:59Z,2.18,0
2026-09-21T15:38:59Z,2.18,0
2026-09-21T15:39:59Z,2.18,0
2026-09-21T15:40:59Z,2.18,0
2026-09-21T15:41:59Z,2.18,0
2026-09-21T15:42:59Z,2.18,0
2026-09-21T15:43:59Z,2.18,0
2026-09-21T15:44:59Z,2.18,0
2026-09-21T15:45:59Z,2.18,0
2026-09-21T15:46:59Z,2.18,0
2026-09-21T15:49:59Z,2.57,0
2026-09-21T15:50:59Z,2.18,0
2026-09-21T15:51:59Z,2.18,0
2026-09-21T15:52:59Z,2.18,0
2026-09-21T15:53:59Z,1.92,0
2026-09-21T15:54:59Z,1.92,0
2026-09-21T15:55:59Z,1.92,0
2026-09-21T15:56:59Z,1.92,0
2026-09-21T15:57:59Z,1.92,0
2026-09-21T15:58:59Z,2.18,0
2026-09-21T15:59:59Z,2.18,0
2026-09-21T16:02:59Z,1.92,0
2026-09-21T16:03:59Z,1.92,0
2026-09-21T16:04:59Z,1.92,0
2026-09-21T16:05:59Z,1.92,0
2026-09-21T16:06:59Z,1.92,0
2026-09-21T16:08:59Z,2.18,0
2026-09-21T16:09:59Z,1.92,0
2026-09-21T16:10:59Z,1.92,0
2026-09-21T16:11:59Z,1.92,0
2026-09-21T16:12:59Z,1.92,0
2026-09-21T16:14:59Z,1.92,0
2026-09-21T16:15:59Z,1.92,0
2026-09-21T16:16:59Z,1.92,0
2026-09-21T16:17:59Z,1.92,0
2026-09-21T16:18:59Z,1.92,0
2026-09-21T16:19:59Z,,0
2026-09-21T16:20:59Z,1.92,0
2026-09-21T16:21:59Z,1.92,0
2026-09-21T16:22:59Z,1.92,0
2026-09-21T16:23:59Z,2.18,0
2026-09-21T16:24:59Z,2.18,0
2026-09-21T16:26:59Z,1.92,0
2026-09-21T16:27:59Z,1.92,0
2026-09-21T16:28:59Z,2.18,0
2026-09-21T16:29:59Z,1.92,0
2026-09-21T16:30:59Z,2.18,0
2026-09-21T16:32:59Z,2.18,0
2026-09-21T16:33:59Z,2.18,0
2026-09-21T16:34:59Z,2.18,0
2026-09-21T16:35:59Z,2.18,0
2026-09-21T16:36:59Z,2.18,0
2026-09-21T16:38:59Z,2.18,0
2026-09-21T16:39:59Z,1.92,0
2026-09-21T16:40:59Z,1.92,0
2026-09-21T16:41:59Z,2.18,0
2026-09-21T16:42:59Z,2.18,0
2026-09-21T16:43:59Z,1.92,0
2026-09-21T16:44:59Z,2.18,0
2026-09-21T16:45:59Z,2.18,0
2026-09-21T16:46:59Z,2.18,0
2026-09-21T16:47:59Z,2.18,0
2026-09-21T16:49:59Z,1.92,0
2026-09-21T16:50:59Z,2.18,0
2026-09-21T16:51:59Z,1.92,0
2026-09-21T16:52:59Z,1.92,0
2026-09-21T16:53:59Z,1.92,0
2026-09-21T16:54:59Z,1.92,0
2026-09-21T16:56:59Z,2.18,0
2026-09-21T16:57:59Z,1.92,0
2026-09-21T16:58:59Z,1.92,0
2026-09-21T16:59:59Z,1.92,0
2026-09-21T17:00:59Z,2.18,0
2026-09-21T17:02:59Z,2.18,0
2026-09-21T17:03:59Z,1.92,0
2026-09-21T17:04:59Z,2.18,0
2026-09-21T17:05:59Z,1.92,0
2026-09-21T17:06:59Z,2.18,0
2026-09-21T17:08:59Z,1.92,0
2026-09-21T17:09:59Z,1.92,0
2026-09-21T17:10:59Z,1.92,0
2026-09-21T17:11:59Z,2.18,0
2026-09-21T17:12:59Z,1.92,0
2026-09-21T17:14:59Z,2.18,0
2026-09-21T17:15:59Z,1.92,0
2026-09-21T17:16:59Z,1.92,0
2026-09-21T17:17:59Z,1.92,0
2026-09-21T17:18:59Z,2.18,0
2026-09-21T17:19:59Z,1.92,0
2026-09-21T17:21:59Z,2.18,0
2026-09-21T17:22:59Z,2.18,0
2026-09-21T17:23:59Z,2.18,0
2026-09-21T17:24:59Z,2.18,0
2026-09-21T17:25:59Z,2.18,0
2026-09-21T17:27:59Z,2.18,0
2026-09-21T17:28:59Z,1.92,0
2026-09-21T17:29:59Z,1.92,0
2026-09-21T17:30:59Z,2.18,0
2026-09-21T17:31:59Z,1.92,0
2026-09-21T17:33:59Z,1.92,0
2026-09-21T17:34:59Z,1.92,0
2026-09-21T17:35:59Z,1.92,0
2026-09-21T17:36:59Z,2.18,0
2026-09-21T17:37:59Z,2.18,0
2026-09-21T17:39:59Z,1.92,0
2026-09-21T17:40:59Z,1.92,0
2026-09-21T17:41:59Z,2.18,0
2026-09-21T17:42:59Z,1.92,0
2026-09-21T17:43:59Z,1.92,0
2026-09-21T17:44:59Z,2.18,0
2026-09-21T17:47:59Z,1.92,0
2026-09-21T17:48:59Z,1.92,0
2026-09-21T17:49:59Z,1.92,0
2026-09-21T17:50:59Z,1.92,0
2026-09-21T17:51:59Z,1.92,0
2026-09-21T17:52:59Z,1.92,0
2026-09-21T17:53:59Z,2.18,0
2026-09-21T17:54:59Z,1.92,0
2026-09-21T17:55:59Z,2.18,0
2026-09-21T17:56:59Z,,0
2026-09-21T17:58:59Z,1.92,
2026-09-21T17:59:59Z,1.92,0
2026-09-21T18:00:59Z,1.92,0
2026-09-21T18:01:59Z,1.92,0
2026-09-21T18:02:59Z,1.92,0
2026-09-21T18:03:59Z,,0
2026-09-21T18:04:59Z,2.18,0
2026-09-21T18:05:59Z,1.92,0
2026-09-21T18:06:59Z,2.18,0
2026-09-21T18:07:59Z,1.92,0
2026-09-21T18:08:59Z,1.92,0
2026-09-21T18:09:59Z,,0
2026-09-21T18:10:59Z,2.18,
2026-09-21T18:11:59Z,2.18,0
2026-09-21T18:12:59Z,2.18,0
2026-09-21T18:13:59Z,1.92,0
2026-09-21T18:14:59Z,1.92,0
2026-09-21T18:15:59Z,,0
2026-09-21T18:16:59Z,1.92,
2026-09-21T18:17:59Z,1.92,0
2026-09-21T18:18:59Z,1.92,0
2026-09-21T18:19:59Z,1.92,0
2026-09-21T18:20:59Z,1.92,0
2026-09-21T18:21:59Z,,0
2026-09-21T18:22:59Z,1.92,
2026-09-21T18:23:59Z,1.92,0
2026-09-21T18:24:59Z,2.18,0
2026-09-21T18:25:59Z,2.18,0
2026-09-21T18:26:59Z,1.92,0
2026-09-21T18:27:59Z,,0
2026-09-21T18:28:59Z,1.92,
2026-09-21T18:29:59Z,1.92,0
2026-09-21T18:30:59Z,1.92,0
2026-09-21T18:31:59Z,1.92,0
2026-09-21T18:32:59Z,1.92,0
2026-09-21T18:33:59Z,,0
2026-09-21T18:34:59Z,1.92,
2026-09-21T18:35:59Z,1.92,0
2026-09-21T18:36:59Z,1.92,0
2026-09-21T18:37:59Z,1.92,0
2026-09-21T18:38:59Z,1.92,0
2026-09-21T18:39:59Z,,0
2026-09-21T18:40:59Z,1.92,
2026-09-21T18:41:59Z,1.66,
2026-09-21T18:42:59Z,1.92,0
2026-09-21T18:43:59Z,1.92,0
2026-09-21T18:44:59Z,1.92,0
2026-09-21T18:45:59Z,,0
2026-09-21T18:46:59Z,1.92,0
2026-09-21T18:47:59Z,1.92,0
2026-09-21T18:48:59Z,1.92,0
2026-09-21T18:49:59Z,1.92,0
2026-09-21T18:50:59Z,1.92,0
2026-09-21T18:51:59Z,1.92,0
2026-09-21T18:52:59Z,1.92,
2026-09-21T18:53:59Z,1.92,0
2026-09-21T18:54:59Z,1.92,0
2026-09-21T18:55:59Z,1.92,0
2026-09-21T18:56:59Z,1.92,0
2026-09-21T18:57:59Z,,0
2026-09-21T18:58:59Z,1.92,
2026-09-21T18:59:59Z,1.92,
2026-09-21T19:00:59Z,1.92,0
2026-09-21T19:01:59Z,1.92,0
2026-09-21T19:02:59Z,1.66,0
2026-09-21T19:03:59Z,,0
2026-09-21T19:04:59Z,1.92,0
2026-09-21T19:05:59Z,1.92,
2026-09-21T19:06:59Z,1.92,0
2026-09-21T19:07:59Z,1.92,0
2026-09-21T19:08:59Z,1.92,0
2026-09-21T19:09:59Z,,0
2026-09-21T19:10:59Z,1.92,0
2026-09-21T19:11:59Z,1.92,
2026-09-21T19:12:59Z,1.92,0
2026-09-21T19:13:59Z,1.92,0
2026-09-21T19:14:59Z,1.92,0
2026-09-21T19:15:59Z,1.92,0
2026-09-21T19:16:59Z,1.92,0
2026-09-21T19:17:59Z,1.92,
2026-09-21T19:18:59Z,1.92,0
2026-09-21T19:19:59Z,1.92,0
2026-09-21T19:20:59Z,1.92,0
2026-09-21T19:21:59Z,,0
2026-09-21T19:22:59Z,1.92,0
2026-09-21T19:23:59Z,1.92,
2026-09-21T19:24:59Z,1.92,0
2026-09-21T19:25:59Z,1.92,0
2026-09-21T19:26:59Z,1.92,0
2026-09-21T19:27:59Z,,0
2026-09-21T19:28:59Z,,0
2026-09-21T19:29:59Z,1.92,0
2026-09-21T19:30:59Z,1.92,
2026-09-21T19:31:59Z,1.92,0
2026-09-21T19:32:59Z,1.92,0
2026-09-21T19:33:59Z,1.92,0
2026-09-21T19:34:59Z,1.92,0
2026-09-21T19:35:59Z,1.92,0
2026-09-21T19:36:59Z,1.92,0
2026-09-21T19:37:59Z,1.92,0
2026-09-21T19:38:59Z,1.92,0
2026-09-21T19:39:59Z,,0
2026-09-21T19:40:59Z,1.66,0
2026-09-21T19:41:59Z,1.66,0
2026-09-21T19:42:59Z,1.92,0
2026-09-21T19:43:59Z,1.92,0
2026-09-21T19:44:59Z,1.66,0
2026-09-21T19:45:59Z,,0
2026-09-21T19:46:59Z,1.66,0
2026-09-21T19:47:59Z,1.92,
2026-09-21T19:48:59Z,1.92,0
2026-09-21T19:49:59Z,1.92,0
2026-09-21T19:50:59Z,1.92,0
2026-09-21T19:51:59Z,,0
2026-09-21T19:52:59Z,1.92,0
2026-09-21T19:53:59Z,1.92,
2026-09-21T19:54:59Z,1.92,0
2026-09-21T19:55:59Z,1.92,0
2026-09-21T19:56:59Z,1.92,0
2026-09-21T19:57:59Z,,0
2026-09-21T19:58:59Z,1.92,0
2026-09-21T19:59:59Z,1.92,0
2026-09-21T20:00:59Z,1.92,0
2026-09-21T20:01:59Z,1.66,0
2026-09-21T20:02:59Z,1.66,0
2026-09-21T20:03:59Z,1.66,0
2026-09-21T20:04:59Z,1.92,0
2026-09-21T20:05:59Z,1.92,0
2026-09-21T20:06:59Z,1.92,0
2026-09-21T20:07:59Z,1.92,0
2026-09-21T20:08:59Z,1.66,0
2026-09-21T20:09:59Z,1.66,0
2026-09-21T20:10:59Z,1.92,0
2026-09-21T20:11:59Z,1.92,0
2026-09-21T20:12:59Z,1.92,0
2026-09-21T20:13:59Z,1.92,0
2026-09-21T20:14:59Z,1.92,0
2026-09-21T20:15:59Z,1.92,0
2026-09-21T20:16:59Z,1.66,0
2026-09-21T20:17:59Z,1.66,0
2026-09-21T20:18:59Z,1.92,0
2026-09-21T20:19:59Z,1.92,0
2026-09-21T20:20:59Z,1.92,0
2026-09-21T20:21:59Z,1.92,0
2026-09-21T20:22:59Z,1.92,0
2026-09-21T20:23:59Z,1.66,0
2026-09-21T20:24:59Z,1.66,0
2026-09-21T20:25:59Z,1.92,0
2026-09-21T20:26:59Z,1.92,0
2026-09-21T20:27:59Z,1.92,
2026-09-21T20:28:59Z,1.92,0
2026-09-21T20:29:59Z,1.92,0
2026-09-21T20:30:59Z,1.92,0
2026-09-21T20:31:59Z,,0
2026-09-21T20:32:59Z,1.92,0
2026-09-21T20:33:59Z,1.92,0
2026-09-21T20:34:59Z,1.92,0
2026-09-21T20:35:59Z,1.92,0
2026-09-21T20:36:59Z,1.92,0
2026-09-21T20:37:59Z,1.92,0
2026-09-21T20:38:59Z,1.92,
2026-09-21T20:39:59Z,1.92,0
2026-09-21T20:40:59Z,1.92,0
2026-09-21T20:41:59Z,1.92,0
2026-09-21T20:42:59Z,1.92,0
2026-09-21T20:43:59Z,1.92,0
2026-09-21T20:44:59Z,1.92,0
2026-09-21T20:45:59Z,1.92,0
2026-09-21T20:46:59Z,1.92,0
2026-09-21T20:47:59Z,,0
2026-09-21T20:48:59Z,1.92,0
2026-09-21T20:49:59Z,1.92,
2026-09-21T20:50:59Z,1.92,0
2026-09-21T20:51:59Z,1.92,0
2026-09-21T20:52:59Z,1.92,0
2026-09-21T20:53:59Z,1.92,0
2026-09-21T20:54:59Z,1.92,0
2026-09-21T20:55:59Z,1.92,
2026-09-21T20:56:59Z,1.92,0
2026-09-21T20:57:59Z,1.92,0
2026-09-21T20:58:59Z,,0
2026-09-21T20:59:59Z,1.66,0
2026-09-21T21:00:59Z,1.92,0
2026-09-21T21:01:59Z,1.92,
2026-09-21T21:02:59Z,1.92,0
2026-09-21T21:03:59Z,1.66,0
2026-09-21T21:04:59Z,1.66,0
2026-09-21T21:05:59Z,1.66,0
2026-09-21T21:06:59Z,1.92,0
2026-09-21T21:07:59Z,1.92,
2026-09-21T21:08:59Z,1.66,0
2026-09-21T21:09:59Z,1.92,0
2026-09-21T21:10:59Z,1.66,0
2026-09-21T21:11:59Z,1.92,0
2026-09-21T21:12:59Z,1.92,0
2026-09-21T21:13:59Z,1.92,
2026-09-21T21:14:59Z,1.92,0
2026-09-21T21:15:59Z,1.92,0
2026-09-21T21:16:59Z,,0
2026-09-21T21:17:59Z,,0
2026-09-21T21:18:59Z,1.92,0
2026-09-21T21:19:59Z,1.92,
2026-09-21T21:20:59Z,1.92,0
2026-09-21T21:21:59Z,1.92,0
2026-09-21T21:22:59Z,1.92,0
2026-09-21T21:23:59Z,,0
2026-09-21T21:24:59Z,1.92,0
2026-09-21T21:25:59Z,1.92,
2026-09-21T21:26:59Z,1.92,0
2026-09-21T21:27:59Z,1.92,0
2026-09-21T21:28:59Z,1.92,0
2026-09-21T21:29:59Z,,0
2026-09-21T21:30:59Z,1.92,0
2026-09-21T21:31:59Z,1.66,
2026-09-21T21:32:59Z,1.92,0
2026-09-21T21:33:59Z,1.92,0
2026-09-21T21:34:59Z,1.92,0
2026-09-21T21:35:59Z,,0
2026-09-21T21:36:59Z,1.92,0
2026-09-21T21:37:59Z,1.92,
2026-09-21T21:38:59Z,1.92,0
2026-09-21T21:39:59Z,1.92,0
2026-09-21T21:40:59Z,1.92,0
2026-09-21T21:41:59Z,,0
2026-09-21T21:42:59Z,1.92,0
2026-09-21T21:43:59Z,1.92,0
2026-09-21T21:44:59Z,1.92,0
2026-09-21T21:45:59Z,1.92,0
2026-09-21T21:46:59Z,,0
2026-09-21T21:47:59Z,1.66,0
2026-09-21T21:48:59Z,1.92,0
2026-09-21T21:49:59Z,1.92,0
2026-09-21T21:50:59Z,1.92,0
2026-09-21T21:51:59Z,1.92,0
2026-09-21T21:52:59Z,1.92,0
2026-09-21T21:53:59Z,1.92,0
2026-09-21T21:54:59Z,1.92,0
2026-09-21T21:55:59Z,1.92,0
2026-09-21T21:56:59Z,1.92,
2026-09-21T21:57:59Z,,0
2026-09-21T21:58:59Z,1.92,0
2026-09-21T21:59:59Z,1.92,0
2026-09-21T22:00:59Z,1.92,0
2026-09-21T22:01:59Z,1.92,0
2026-09-21T22:02:59Z,1.92,
2026-09-21T22:03:59Z,,0
2026-09-21T22:04:59Z,1.92,0
2026-09-21T22:05:59Z,1.92,0
2026-09-21T22:06:59Z,1.92,0
2026-09-21T22:07:59Z,1.92,0
2026-09-21T22:08:59Z,1.92,
2026-09-21T22:09:59Z,,0
2026-09-21T22:10:59Z,1.66,0
2026-09-21T22:11:59Z,1.92,0
2026-09-21T22:12:59Z,1.92,0
2026-09-21T22:13:59Z,1.66,0
2026-09-21T22:14:59Z,1.92,0
2026-09-21T22:15:59Z,1.92,0
2026-09-21T22:16:59Z,1.92,0
2026-09-21T22:17:59Z,1.92,0
2026-09-21T22:18:59Z,1.92,0
2026-09-21T22:19:59Z,1.92,0
2026-09-21T22:20:59Z,1.92,
2026-09-21T22:21:59Z,,0
2026-09-21T22:22:59Z,1.92,0
2026-09-21T22:23:59Z,1.92,0
2026-09-21T22:24:59Z,1.92,0
2026-09-21T22:25:59Z,1.92,0
2026-09-21T22:26:59Z,1.92,
2026-09-21T22:27:59Z,,0
2026-09-21T22:28:59Z,1.92,0
2026-09-21T22:29:59Z,1.92,0
2026-09-21T22:30:59Z,1.92,0
2026-09-21T22:31:59Z,2.18,0
2026-09-21T22:32:59Z,2.18,
2026-09-21T22:33:59Z,1.92,0
2026-09-21T22:34:59Z,1.92,0
2026-09-21T22:35:59Z,2.18,0
2026-09-21T22:36:59Z,1.92,0
2026-09-21T22:37:59Z,1.92,0
2026-09-21T22:38:59Z,1.92,
2026-09-21T22:39:59Z,1.92,0
2026-09-21T22:40:59Z,1.92,0
2026-09-21T22:41:59Z,1.92,0
2026-09-21T22:42:59Z,1.92,0
2026-09-21T22:43:59Z,1.92,0
2026-09-21T22:44:59Z,1.92,0
2026-09-21T22:45:59Z,,0
2026-09-21T22:46:59Z,1.92,0
2026-09-21T22:47:59Z,1.92,0
2026-09-21T22:48:59Z,1.92,0
2026-09-21T22:49:59Z,2.18,0
2026-09-21T22:50:59Z,1.92,
2026-09-21T22:51:59Z,,0
2026-09-21T22:52:59Z,1.92,0
2026-09-21T22:53:59Z,2.18,0
2026-09-21T22:54:59Z,1.92,0
2026-09-21T22:55:59Z,1.92,0
2026-09-21T22:56:59Z,1.92,
2026-09-21T22:57:59Z,,0
2026-09-21T22:58:59Z,1.92,0
2026-09-21T22:59:59Z,1.92,0
2026-09-21T23:00:59Z,1.92,0
2026-09-21T23:01:59Z,1.92,0
2026-09-21T23:02:59Z,2.18,
2026-09-21T23:03:59Z,,0
2026-09-21T23:04:59Z,1.92,0
2026-09-21T23:05:59Z,1.92,0
2026-09-21T23:06:59Z,1.92,0
2026-09-21T23:07:59Z,1.92,0
2026-09-21T23:08:59Z,2.18,
2026-09-21T23:09:59Z,1.92,0
2026-09-21T23:10:59Z,1.92,0
2026-09-21T23:11:59Z,1.92,0
2026-09-21T23:12:59Z,2.18,0
2026-09-21T23:13:59Z,2.18,0
2026-09-21T23:14:59Z,2.18,0
2026-09-21T23:15:59Z,,0
2026-09-21T23:16:59Z,2.18,0
2026-09-21T23:17:59Z,1.92,0
2026-09-21T23:18:59Z,2.18,0
2026-09-21T23:19:59Z,1.92,0
2026-09-21T23:20:59Z,1.92,
2026-09-21T23:22:59Z,2.18,0
2026-09-21T23:23:59Z,2.18,0
2026-09-21T23:24:59Z,2.18,0
2026-09-21T23:25:59Z,2.18,0
2026-09-21T23:26:59Z,2.18,0
2026-09-21T23:28:59Z,,0
2026-09-21T23:29:59Z,2.18,0
2026-09-21T23:30:59Z,2.18,0
2026-09-21T23:31:59Z,2.18,0
2026-09-21T23:32:59Z,2.18,0
2026-09-21T23:34:59Z,2.18,0
2026-09-21T23:35:59Z,2.18,0
2026-09-21T23:36:59Z,2.18,0
2026-09-21T23:37:59Z,2.18,0
2026-09-21T23:38:59Z,1.92,0
2026-09-21T23:39:59Z,2.18,0
2026-09-21T23:40:59Z,2.18,0
2026-09-21T23:41:59Z,2.18,0
2026-09-21T23:42:59Z,2.18,0
2026-09-21T23:43:59Z,2.18,0
2026-09-21T23:44:59Z,2.18,0
2026-09-21T23:46:59Z,1.92,0
2026-09-21T23:47:59Z,2.18,0
2026-09-21T23:48:59Z,1.92,0
2026-09-21T23:49:59Z,2.18,0
2026-09-21T23:50:59Z,1.92,0
2026-09-21T23:52:59Z,2.18,0
2026-09-21T23:53:59Z,1.92,0
2026-09-21T23:54:59Z,1.92,0
2026-09-21T23:55:59Z,1.92,0
2026-09-21T23:56:59Z,1.92,0
2026-09-21T23:58:59Z,,0
2026-09-21T23:59:59Z,1.92,0
2026-09-22T00:00:59Z,1.92,0
2026-09-22T00:01:59Z,2.18,0
2026-09-22T00:02:59Z,2.18,0
2026-09-22T00:03:59Z,2.18,
2026-09-22T00:05:59Z,2.18,0
2026-09-22T00:06:59Z,2.18,0
2026-09-22T00:07:59Z,2.18,0
2026-09-22T00:08:59Z,2.18,0
2026-09-22T00:09:59Z,2.18,0
2026-09-22T00:12:59Z,2.18,0
2026-09-22T00:13:59Z,1.92,0
2026-09-22T00:14:59Z,2.18,0
2026-09-22T00:15:59Z,1.92,0
2026-09-22T00:16:59Z,2.18,0
2026-09-22T00:18:59Z,2.18,0
2026-09-22T00:19:59Z,2.18,0
2026-09-22T00:20:59Z,2.18,0
2026-09-22T00:21:59Z,1.92,0
2026-09-22T00:22:59Z,2.18,0
2026-09-22T00:24:59Z,2.57,0
2026-09-22T00:25:59Z,2.18,0
2026-09-22T00:26:59Z,1.92,0
2026-09-22T00:27:59Z,1.92,0
2026-09-22T00:28:59Z,2.18,0
2026-09-22T00:31:59Z,2.18,0
2026-09-22T00:32:59Z,2.18,0
2026-09-22T00:33:59Z,2.18,0
2026-09-22T00:34:59Z,2.18,0
2026-09-22T00:35:59Z,2.18,0
2026-09-22T00:37:59Z,1.92,0
2026-09-22T00:38:59Z,1.92,0
2026-09-22T00:39:59Z,1.92,0
2026-09-22T00:40:59Z,2.18,0
2026-09-22T00:41:59Z,2.18,0
2026-09-22T00:42:59Z,2.18,0
2026-09-22T00:43:59Z,2.18,0
2026-09-22T00:44:59Z,2.18,0
2026-09-22T00:45:59Z,2.57,0
2026-09-22T00:46:59Z,2.18,0
2026-09-22T00:47:59Z,2.18,0
2026-09-22T00:49:59Z,2.18,0
2026-09-22T00:50:59Z,2.18,0
2026-09-22T00:51:59Z,2.18,0
2026-09-22T00:52:59Z,2.18,0
2026-09-22T00:53:59Z,2.18,0
2026-09-22T00:55:59Z,2.18,0
2026-09-22T00:56:59Z,1.92,0
2026-09-22T00:57:59Z,2.18,0
2026-09-22T00:58:59Z,2.18,0
2026-09-22T00:59:59Z,1.92,0
2026-09-22T01:00:59Z,2.18,0
2026-09-22T01:03:59Z,2.18,0
2026-09-22T01:04:59Z,2.18,0
2026-09-22T01:05:59Z,1.92,0
2026-09-22T01:06:59Z,1.92,0
2026-09-22T01:07:59Z,2.18,0
2026-09-22T01:09:59Z,2.18,
2026-09-22T01:10:59Z,2.18,0
2026-09-22T01:11:59Z,2.18,0
2026-09-22T01:12:59Z,2.18,0
2026-09-22T01:13:59Z,2.18,0
2026-09-22T01:14:59Z,2.18,0
2026-09-22T01:17:59Z,2.18,0
2026-09-22T01:18:59Z,2.18,0
2026-09-22T01:19:59Z,2.18,0
2026-09-22T01:20:59Z,2.18,0
2026-09-22T01:21:59Z,2.18,0
2026-09-22T01:23:59Z,2.57,
2026-09-22T01:24:59Z,2.18,0
2026-09-22T01:25:59Z,2.18,0
2026-09-22T01:26:59Z,2.18,0
2026-09-22T01:27:59Z,2.57,0
2026-09-22T01:28:59Z,,0
2026-09-22T02:00:59Z,2.57,0
2026-09-22T02:01:59Z,2.18,0
2026-09-22T02:02:59Z,2.18,0
2026-09-22T02:04:59Z,2.18,0
2026-09-22T02:05:59Z,2.57,0
2026-09-22T02:06:59Z,2.18,0
2026-09-22T02:07:59Z,2.18,0
2026-09-22T02:08:59Z,2.18,0
2026-09-22T02:10:59Z,2.18,0
2026-09-22T02:11:59Z,2.18,0
2026-09-22T02:12:59Z,2.57,0
2026-09-22T02:13:59Z,2.57,0
2026-09-22T02:14:59Z,1.92,0
2026-09-22T02:15:59Z,2.18,
2026-09-22T02:16:59Z,,0
2026-09-22T02:17:59Z,2.57,0
2026-09-22T02:18:59Z,2.18,0
2026-09-22T02:19:59Z,2.18,0
2026-09-22T02:20:59Z,2.18,0
2026-09-22T02:21:59Z,1.92,0
2026-09-22T02:23:59Z,,0
2026-09-22T02:24:59Z,2.18,0
2026-09-22T02:25:59Z,2.18,0
2026-09-22T02:26:59Z,2.18,0
2026-09-22T02:27:59Z,2.18,0
2026-09-22T02:28:59Z,2.18,0
2026-09-22T02:30:59Z,2.18,0
2026-09-22T02:31:59Z,2.57,0
2026-09-22T02:32:59Z,2.57,0
2026-09-22T02:33:59Z,2.57,0
2026-09-22T02:34:59Z,2.18,0
2026-09-22T02:35:59Z,2.57,
2026-09-22T02:36:59Z,,0
2026-09-22T02:37:59Z,1.92,0
2026-09-22T02:38:59Z,2.18,0
2026-09-22T02:39:59Z,2.18,0
2026-09-22T02:40:59Z,2.57,0
2026-09-22T02:41:59Z,2.57,0
2026-09-22T02:43:59Z,3.09,0
2026-09-22T02:44:59Z,2.83,0
2026-09-22T02:45:59Z,2.83,0
2026-09-22T02:46:59Z,3.09,0
2026-09-22T02:47:59Z,3.09,0
2026-09-22T02:48:59Z,2.83,
2026-09-22T02:50:59Z,2.57,0
2026-09-22T02:51:59Z,2.57,0
2026-09-22T02:52:59Z,2.83,0
2026-09-22T02:53:59Z,2.83,0
2026-09-22T02:54:59Z,3.09,0
2026-09-22T02:55:59Z,2.57,
2026-09-22T02:56:59Z,,0
2026-09-22T02:57:59Z,2.57,0
2026-09-22T02:58:59Z,2.18,0
2026-09-22T02:59:59Z,2.83,0
2026-09-22T03:00:59Z,2.83,0
2026-09-22T03:01:59Z,2.57,0
2026-09-22T03:03:59Z,2.57,0
2026-09-22T03:04:59Z,2.57,0
2026-09-22T03:05:59Z,2.18,0
2026-09-22T03:06:59Z,2.18,0
2026-09-22T03:07:59Z,2.18,0
2026-09-22T03:08:59Z,2.83,
2026-09-22T03:10:59Z,,0
2026-09-22T03:11:59Z,,0
2026-09-22T03:12:59Z,2.83,0
2026-09-22T03:13:59Z,2.57,0
2026-09-22T03:14:59Z,2.18,0
2026-09-22T03:15:59Z,2.18,0
2026-09-22T03:16:59Z,2.18,0
2026-09-22T03:17:59Z,2.18,0
2026-09-22T03:18:59Z,2.57,0
2026-09-22T03:19:59Z,2.18,0
2026-09-22T03:20:59Z,2.57,0
2026-09-22T03:22:59Z,2.57,0
2026-09-22T03:23:59Z,2.57,0
2026-09-22T03:24:59Z,2.83,0
2026-09-22T03:25:59Z,2.57,0
2026-09-22T03:26:59Z,2.57,0
2026-09-22T03:29:59Z,2.57,0
2026-09-22T03:30:59Z,2.18,0
2026-09-22T03:31:59Z,2.57,0
2026-09-22T03:32:59Z,2.18,0
2026-09-22T03:33:59Z,1.92,0
2026-09-22T03:35:59Z,2.57,0
2026-09-22T03:36:59Z,2.18,0
2026-09-22T03:37:59Z,2.18,0
2026-09-22T03:38:59Z,2.57,0
2026-09-22T03:39:59Z,2.57,0
2026-09-22T03:41:59Z,2.57,0
2026-09-22T03:42:59Z,2.57,0
2026-09-22T03:43:59Z,2.57,0
2026-09-22T03:44:59Z,2.18,0
2026-09-22T03:45:59Z,2.18,0
2026-09-22T03:47:59Z,2.57,0
2026-09-22T03:48:59Z,2.57,0
2026-09-22T03:49:59Z,2.57,0
2026-09-22T03:50:59Z,2.57,0
2026-09-22T03:51:59Z,2.83,0
2026-09-22T03:53:59Z,2.57,0
2026-09-22T03:55:59Z,2.57,0
2026-09-22T03:56:59Z,2.57,0
2026-09-22T03:57:59Z,2.18,0
2026-09-22T03:59:59Z,2.57,0
2026-09-22T04:00:59Z,2.18,0
2026-09-22T04:01:59Z,2.18,0
2026-09-22T04:02:59Z,2.83,0
2026-09-22T04:03:59Z,2.83,0
2026-09-22T04:04:59Z,2.57,0
2026-09-22T04:06:59Z,2.18,0
2026-09-22T04:07:59Z,2.57,0
2026-09-22T04:08:59Z,2.57,0
2026-09-22T04:09:59Z,2.57,0
2026-09-22T04:10:59Z,2.83,0
2026-09-22T04:12:59Z,2.18,0
2026-09-22T04:13:59Z,2.18,0
2026-09-22T04:14:59Z,2.18,0
2026-09-22T04:15:59Z,2.18,0
2026-09-22T04:16:59Z,2.57,0
2026-09-22T04:19:59Z,2.57,0
2026-09-22T04:20:59Z,2.18,0
2026-09-22T04:21:59Z,2.57,0
2026-09-22T04:22:59Z,2.18,0
2026-09-22T04:23:59Z,2.57,0
2026-09-22T04:24:59Z,2.18,0
2026-09-22T04:25:59Z,2.18,0
2026-09-22T04:26:59Z,2.18,0
2026-09-22T04:27:59Z,2.18,0
2026-09-22T04:28:59Z,2.57,0
2026-09-22T04:29:59Z,2.83,0
2026-09-22T04:32:59Z,2.57,0
2026-09-22T04:33:59Z,2.18,0
2026-09-22T04:34:59Z,2.18,0
2026-09-22T04:35:59Z,2.18,0
2026-09-22T04:36:59Z,2.57,0
2026-09-22T04:38:59Z,2.18,0
2026-09-22T04:39:59Z,2.57,0
2026-09-22T04:40:59Z,2.83,0
2026-09-22T04:41:59Z,3.09,0
2026-09-22T04:42:59Z,2.83,0
2026-09-22T04:44:59Z,2.83,0
2026-09-22T04:45:59Z,2.83,0
2026-09-22T04:46:59Z,3.09,0
2026-09-22T04:47:59Z,3.09,0
2026-09-22T04:48:59Z,2.83,0
2026-09-22T04:50:59Z,2.18,0
2026-09-22T04:51:59Z,2.57,0
2026-09-22T04:52:59Z,2.18,0
2026-09-22T04:53:59Z,2.57,0
2026-09-22T04:54:59Z,3.48,0
2026-09-22T04:56:59Z,3.09,0
2026-09-22T04:57:59Z,2.18,0
2026-09-22T04:58:59Z,2.57,0
2026-09-22T04:59:59Z,2.57,0
2026-09-22T05:00:59Z,2.57,0
2026-09-22T05:01:59Z,2.83,0
2026-09-22T05:03:59Z,2.83,
2026-09-22T05:04:59Z,2.57,0
2026-09-22T05:05:59Z,3.48,0
2026-09-22T05:06:59Z,3.48,0
2026-09-22T05:07:59Z,3.48,0
2026-09-22T05:08:59Z,,0
2026-09-22T05:10:59Z,3.09,0
2026-09-22T05:11:59Z,2.83,0
2026-09-22T05:12:59Z,3.09,0
2026-09-22T05:13:59Z,2.83,0
2026-09-22T05:14:59Z,2.57,0
2026-09-22T05:16:59Z,2.57,0
2026-09-22T05:17:59Z,2.57,0
2026-09-22T05:18:59Z,2.57,0
2026-09-22T05:19:59Z,2.83,0
2026-09-22T05:20:59Z,3.09,0
2026-09-22T05:23:59Z,2.18,0
2026-09-22T05:24:59Z,2.57,0
2026-09-22T05:25:59Z,2.57,0
2026-09-22T05:26:59Z,2.57,0
2026-09-22T05:27:59Z,2.57,0
2026-09-22T05:29:59Z,2.18,0
2026-09-22T05:30:59Z,2.83,0
2026-09-22T05:31:59Z,2.18,0
2026-09-22T05:32:59Z,2.18,0
2026-09-22T05:33:59Z,2.18,0
2026-09-22T05:34:59Z,2.57,0
2026-09-22T05:35:59Z,2.18,0
2026-09-22T05:36:59Z,1.92,0
2026-09-22T05:37:59Z,2.18,0
2026-09-22T05:38:59Z,2.18,0
2026-09-22T05:40:59Z,2.18,0
2026-09-22T05:41:59Z,2.18,0
2026-09-22T05:42:59Z,2.18,0
2026-09-22T05:43:59Z,2.18,0
2026-09-22T05:44:59Z,1.92,0
2026-09-22T05:45:59Z,2.57,0
2026-09-22T05:47:59Z,2.57,0
2026-09-22T05:48:59Z,2.18,0
2026-09-22T05:49:59Z,2.57,0
2026-09-22T05:50:59Z,2.57,0
2026-09-22T05:51:59Z,2.83,0
2026-09-22T05:53:59Z,2.57,0
2026-09-22T05:54:59Z,2.18,0
2026-09-22T05:55:59Z,2.57,0
2026-09-22T05:56:59Z,2.57,0
2026-09-22T05:57:59Z,2.57,0
2026-09-22T06:00:59Z,2.18,0
2026-09-22T06:01:59Z,2.18,0
2026-09-22T06:02:59Z,2.57,0
2026-09-22T06:03:59Z,2.57,0
2026-09-22T06:04:59Z,2.18,0
2026-09-22T06:07:59Z,2.57,0
2026-09-22T06:08:59Z,2.18,0
2026-09-22T06:09:59Z,2.18,0
2026-09-22T06:10:59Z,2.18,0
2026-09-22T06:11:59Z,1.92,0
2026-09-22T06:12:59Z,1.92,0
2026-09-22T06:13:59Z,2.18,0
2026-09-22T06:14:59Z,2.18,0
2026-09-22T06:15:59Z,2.18,0
2026-09-22T06:16:59Z,1.92,0
2026-09-22T06:17:59Z,2.18,0
2026-09-22T06:19:59Z,2.18,0
2026-09-22T06:20:59Z,2.18,0
2026-09-22T06:21:59Z,2.18,0
2026-09-22T06:22:59Z,2.18,0
2026-09-22T06:23:59Z,2.18,0
2026-09-22T06:25:59Z,1.92,0
2026-09-22T06:26:59Z,1.92,0
2026-09-22T06:27:59Z,1.92,0
2026-09-22T06:28:59Z,1.92,0
2026-09-22T06:29:59Z,2.18,0
2026-09-22T06:32:59Z,2.18,0
2026-09-22T06:33:59Z,2.18,0
2026-09-22T06:34:59Z,2.18,0
2026-09-22T06:35:59Z,1.92,0
2026-09-22T06:36:59Z,1.92,0
2026-09-22T06:38:59Z,2.18,0
2026-09-22T06:39:59Z,1.92,0
2026-09-22T06:40:59Z,1.92,0
2026-09-22T06:41:59Z,1.92,0
2026-09-22T06:42:59Z,1.92,0
2026-09-22T08:00:59Z,1.92,0
2026-09-22T08:01:59Z,1.92,0
2026-09-22T08:02:59Z,1.92,
2026-09-22T08:03:59Z,,0
2026-09-22T08:04:59Z,1.92,0
2026-09-22T08:05:59Z,1.92,0
2026-09-22T08:06:59Z,1.92,0
2026-09-22T08:07:59Z,1.92,0
2026-09-22T08:08:59Z,1.92,
2026-09-22T08:10:59Z,,0
2026-09-22T08:11:59Z,1.92,0
2026-09-22T08:12:59Z,1.92,0
2026-09-22T08:13:59Z,1.92,0
2026-09-22T08:14:59Z,1.92,0
2026-09-22T08:15:59Z,1.92,
2026-09-22T08:17:59Z,,0
2026-09-22T08:18:59Z,1.92,0
2026-09-22T08:19:59Z,1.92,0
2026-09-22T08:20:59Z,1.92,0
2026-09-22T08:21:59Z,1.92,0
2026-09-22T08:22:59Z,1.92,
2026-09-22T08:23:59Z,,0
2026-09-22T08:24:59Z,1.92,0
2026-09-22T08:25:59Z,1.92,0
2026-09-22T08:26:59Z,1.92,0
2026-09-22T08:27:59Z,1.92,0
2026-09-22T08:28:59Z,1.92,
2026-09-22T08:30:59Z,,0
2026-09-22T08:31:59Z,,0
2026-09-22T08:32:59Z,1.92,0
2026-09-22T08:33:59Z,1.92,0
2026-09-22T08:34:59Z,1.92,0
2026-09-22T08:35:59Z,2.18,
2026-09-22T08:36:59Z,2.18,
2026-09-22T08:37:59Z,,0
2026-09-22T08:38:59Z,2.18,0
2026-09-22T08:39:59Z,2.18,0
2026-09-22T08:40:59Z,2.18,0
2026-09-22T08:41:59Z,2.18,0
2026-09-22T08:42:59Z,1.92,
2026-09-22T08:43:59Z,,0
2026-09-22T08:44:59Z,1.92,0
2026-09-22T08:45:59Z,1.92,0
2026-09-22T08:46:59Z,1.92,0
2026-09-22T08:47:59Z,1.92,0
2026-09-22T08:48:59Z,1.92,
2026-09-22T08:49:59Z,1.92,0
2026-09-22T08:50:59Z,,0
2026-09-22T08:51:59Z,,0
2026-09-22T08:52:59Z,1.92,0
2026-09-22T08:53:59Z,1.92,0
2026-09-22T08:54:59Z,1.92,0
2026-09-22T08:55:59Z,1.92,
2026-09-22T08:56:59Z,1.92,
2026-09-22T08:57:59Z,,0
2026-09-22T08:58:59Z,,0
2026-09-22T08:59:59Z,1.92,0
2026-09-22T09:00:59Z,1.92,0
2026-09-22T09:01:59Z,1.92,0
2026-09-22T09:02:59Z,1.92,0
2026-09-22T09:03:59Z,1.92,
2026-09-22T09:04:59Z,1.92,0
2026-09-22T09:05:59Z,,0
2026-09-22T09:06:59Z,1.92,0
2026-09-22T09:07:59Z,1.92,0
2026-09-22T09:08:59Z,1.92,0
2026-09-22T09:09:59Z,1.92,0
2026-09-22T09:10:59Z,1.92,
2026-09-22T09:11:59Z,1.92,0
2026-09-22T09:12:59Z,,0
2026-09-22T09:13:59Z,1.92,0
2026-09-22T09:14:59Z,1.92,0
2026-09-22T09:15:59Z,1.92,0
2026-09-22T09:16:59Z,1.92,
2026-09-22T09:17:59Z,1.92,
2026-09-22T09:18:59Z,,0
2026-09-22T09:19:59Z,,0
2026-09-22T09:20:59Z,,0
2026-09-22T09:21:59Z,1.92,0
2026-09-22T09:22:59Z,1.92,0
2026-09-22T09:23:59Z,1.92,
2026-09-22T09:24:59Z,1.92,0
2026-09-22T09:25:59Z,2.18,0
2026-09-22T09:26:59Z,,0
2026-09-22T09:27:59Z,1.92,0
2026-09-22T09:28:59Z,1.92,0
2026-09-22T09:29:59Z,1.92,0
2026-09-22T09:30:59Z,2.18,
2026-09-22T09:31:59Z,1.92,0
2026-09-22T09:32:59Z,,0
2026-09-22T09:33:59Z,1.92,0
2026-09-22T09:34:59Z,1.92,0
2026-09-22T09:35:59Z,2.18,0
2026-09-22T09:36:59Z,2.18,
2026-09-22T09:37:59Z,1.92,
2026-09-22T09:38:59Z,,0
2026-09-22T09:39:59Z,,0
2026-09-22T09:40:59Z,1.92,0
2026-09-22T09:41:59Z,1.92,0
2026-09-22T09:42:59Z,1.92,0
2026-09-22T09:43:59Z,1.92,
2026-09-22T09:44:59Z,2.18,0
2026-09-22T09:45:59Z,,0
2026-09-22T09:46:59Z,,0
2026-09-22T09:47:59Z,1.92,0
2026-09-22T09:48:59Z,1.92,0
2026-09-22T09:49:59Z,1.92,0
2026-09-22T09:50:59Z,2.18,
2026-09-22T09:51:59Z,1.92,0
2026-09-22T09:52:59Z,,0
2026-09-22T09:53:59Z,2.18,0
2026-09-22T09:54:59Z,2.18,0
2026-09-22T09:55:59Z,2.18,0
2026-09-22T09:56:59Z,1.92,
2026-09-22T09:57:59Z,2.18,
2026-09-22T09:58:59Z,,0
2026-09-22T09:59:59Z,,0
2026-09-22T10:00:59Z,,0
2026-09-22T10:01:59Z,2.18,0
2026-09-22T10:02:59Z,2.18,0
2026-09-22T10:03:59Z,1.92,
2026-09-22T10:04:59Z,2.18,0
2026-09-22T10:05:59Z,1.92,0
2026-09-22T10:06:59Z,,0
2026-09-22T10:07:59Z,,0
2026-09-22T10:08:59Z,1.92,0
2026-09-22T10:09:59Z,1.92,0
2026-09-22T10:10:59Z,1.92,
2026-09-22T10:11:59Z,1.92,
2026-09-22T10:12:59Z,1.92,0
2026-09-22T10:13:59Z,,0
2026-09-22T10:14:59Z,1.92,0
2026-09-22T10:15:59Z,1.92,0
2026-09-22T10:16:59Z,1.66,0
2026-09-22T10:17:59Z,1.92,
2026-09-22T10:18:59Z,1.92,
2026-09-22T10:19:59Z,,0
2026-09-22T10:20:59Z,,0
2026-09-22T10:21:59Z,1.92,0
2026-09-22T10:22:59Z,1.92,0
2026-09-22T10:23:59Z,1.66,0
2026-09-22T10:24:59Z,1.92,
2026-09-22T10:25:59Z,1.66,
2026-09-22T10:26:59Z,,0
2026-09-22T10:27:59Z,1.92,0
2026-09-22T10:28:59Z,1.92,0
2026-09-22T10:29:59Z,1.92,0
2026-09-22T10:30:59Z,1.92,0
2026-09-22T10:31:59Z,1.92,
2026-09-22T10:32:59Z,1.92,0
2026-09-22T10:33:59Z,,0
2026-09-22T10:34:59Z,1.92,0
2026-09-22T10:35:59Z,1.92,0
2026-09-22T10:36:59Z,1.92,0
2026-09-22T10:37:59Z,1.92,0
2026-09-22T10:38:59Z,1.92,
2026-09-22T10:39:59Z,,0
2026-09-22T10:40:59Z,,0
2026-09-22T10:41:59Z,1.92,0
2026-09-22T10:42:59Z,1.92,0
2026-09-22T10:43:59Z,1.92,0
2026-09-22T10:44:59Z,1.66,0
2026-09-22T10:45:59Z,1.92,0
2026-09-22T10:46:59Z,1.66,0
2026-09-22T10:47:59Z,1.66,0
2026-09-22T10:48:59Z,,0
2026-09-22T10:49:59Z,1.92,
2026-09-22T10:50:59Z,2.18,0
2026-09-22T10:51:59Z,1.92,0
2026-09-22T10:52:59Z,1.92,0
2026-09-22T10:53:59Z,1.92,0
2026-09-22T10:54:59Z,,0
2026-09-22T10:56:59Z,1.92,0
2026-09-22T10:57:59Z,1.92,0
2026-09-22T10:58:59Z,1.92,0
2026-09-22T10:59:59Z,1.92,0
2026-09-22T11:00:59Z,,0
2026-09-22T11:02:59Z,1.92,0
2026-09-22T11:03:59Z,1.92,0
2026-09-22T11:04:59Z,1.92,0
2026-09-22T11:05:59Z,1.92,0
2026-09-22T11:06:59Z,1.92,0
2026-09-22T11:09:59Z,1.92,
2026-09-22T11:10:59Z,1.92,0
2026-09-22T11:11:59Z,1.92,0
2026-09-22T11:12:59Z,2.18,0
2026-09-22T11:13:59Z,1.92,0
2026-09-22T11:14:59Z,,0
2026-09-22T11:15:59Z,2.18,
2026-09-22T11:16:59Z,1.92,0
2026-09-22T11:17:59Z,1.92,0
2026-09-22T11:18:59Z,1.92,0
2026-09-22T11:19:59Z,1.92,0
2026-09-22T11:20:59Z,,0
2026-09-22T11:21:59Z,1.92,
2026-09-22T11:22:59Z,1.66,0
2026-09-22T11:23:59Z,1.92,0
2026-09-22T11:24:59Z,1.92,0
2026-09-22T11:25:59Z,1.92,0
2026-09-22T11:26:59Z,,0
2026-09-22T11:28:59Z,2.18,
2026-09-22T11:29:59Z,1.92,0
2026-09-22T11:30:59Z,1.92,0
2026-09-22T11:31:59Z,1.92,0
2026-09-22T11:32:59Z,1.92,0
2026-09-22T11:33:59Z,,0
2026-09-22T11:34:59Z,1.92,
2026-09-22T11:35:59Z,1.92,0
2026-09-22T11:36:59Z,1.92,0
2026-09-22T11:37:59Z,1.92,0
2026-09-22T11:38:59Z,1.92,0
2026-09-22T11:39:59Z,,0
2026-09-22T11:40:59Z,1.92,
2026-09-22T11:41:59Z,1.92,0
2026-09-22T11:42:59Z,1.92,0
2026-09-22T11:43:59Z,1.92,0
2026-09-22T11:44:59Z,1.92,0
2026-09-22T11:45:59Z,,0
2026-09-22T11:46:59Z,1.92,
2026-09-22T11:47:59Z,1.66,0
2026-09-22T11:48:59Z,1.92,0
2026-09-22T11:49:59Z,1.92,0
2026-09-22T11:50:59Z,1.92,0
2026-09-22T11:51:59Z,1.92,0
2026-09-22T11:53:59Z,1.92,0
2026-09-22T11:54:59Z,1.92,0
2026-09-22T11:55:59Z,1.92,0
2026-09-22T11:56:59Z,1.92,0
2026-09-22T11:57:59Z,1.92,0
2026-09-22T12:00:59Z,1.92,0
2026-09-22T12:01:59Z,1.92,0
2026-09-22T12:02:59Z,1.92,0
2026-09-22T12:03:59Z,1.92,0
2026-09-22T12:04:59Z,1.92,0
2026-09-22T12:06:59Z,1.92,
2026-09-22T12:07:59Z,1.92,0
2026-09-22T12:08:59Z,1.92,0
2026-09-22T12:09:59Z,1.92,0
2026-09-22T12:10:59Z,1.92,0
2026-09-22T12:11:59Z,1.92,0
2026-09-22T12:13:59Z,1.92,0
2026-09-22T12:14:59Z,2.18,0
2026-09-22T12:15:59Z,1.92,0
2026-09-22T12:16:59Z,1.92,0
2026-09-22T12:17:59Z,2.18,0
2026-09-22T12:20:59Z,1.92,0
2026-09-22T12:21:59Z,1.66,0
2026-09-22T12:22:59Z,1.92,0
2026-09-22T12:23:59Z,1.92,0
2026-09-22T12:24:59Z,1.92,0
2026-09-22T13:00:59Z,1.92,0
2026-09-22T13:01:59Z,1.92,0
2026-09-22T13:03:59Z,1.92,0
2026-09-22T13:04:59Z,1.92,0
2026-09-22T13:05:59Z,1.92,0
2026-09-22T13:06:59Z,1.66,0
2026-09-22T13:07:59Z,1.92,0
2026-09-22T13:09:59Z,1.66,0
2026-09-22T13:10:59Z,1.92,0
2026-09-22T13:11:59Z,1.92,0
2026-09-22T13:12:59Z,1.92,0
2026-09-22T13:13:59Z,1.66,0
2026-09-22T13:14:59Z,1.92,
2026-09-22T13:15:59Z,,0
2026-09-22T13:16:59Z,1.92,0
2026-09-22T13:17:59Z,1.92,0
2026-09-22T13:18:59Z,1.92,0
2026-09-22T13:19:59Z,1.92,0
2026-09-22T13:20:59Z,1.92,
2026-09-22T13:22:59Z,1.92,0
2026-09-22T13:23:59Z,1.92,0
2026-09-22T13:24:59Z,1.66,0
2026-09-22T13:25:59Z,1.92,0
2026-09-22T13:26:59Z,1.92,0
2026-09-22T13:28:59Z,,0
2026-09-22T13:29:59Z,1.92,0
2026-09-22T13:30:59Z,1.92,0
2026-09-22T13:31:59Z,1.92,0
2026-09-22T13:32:59Z,1.92,0
2026-09-22T13:33:59Z,1.92,0
2026-09-22T13:34:59Z,1.92,0
2026-09-22T13:35:59Z,1.92,0
2026-09-22T13:36:59Z,1.92,0
2026-09-22T13:37:59Z,1.92,0
2026-09-22T13:38:59Z,1.92,0
2026-09-22T13:39:59Z,1.92,
2026-09-22T13:40:59Z,1.92,0
2026-09-22T13:41:59Z,1.92,0
2026-09-22T13:42:59Z,1.92,0
2026-09-22T13:43:59Z,1.92,0
2026-09-22T13:44:59Z,1.92,0
2026-09-22T13:46:59Z,1.92,0
2026-09-22T13:47:59Z,1.92,0
2026-09-22T13:48:59Z,1.92,0
2026-09-22T13:49:59Z,1.92,0
2026-09-22T13:50:59Z,1.92,0
2026-09-22T13:51:59Z,1.92,
2026-09-22T13:52:59Z,1.92,0
2026-09-22T13:53:59Z,1.92,0
2026-09-22T13:54:59Z,1.92,0
2026-09-22T13:55:59Z,1.92,0
2026-09-22T13:56:59Z,1.92,0
2026-09-22T13:59:59Z,1.92,0
2026-09-22T14:00:59Z,1.92,0
2026-09-22T14:01:59Z,1.92,0
2026-09-22T14:02:59Z,1.92,0
2026-09-22T14:03:59Z,1.92,0
2026-09-22T14:05:59Z,1.92,0
2026-09-22T14:06:59Z,1.92,0
2026-09-22T14:07:59Z,1.92,0
2026-09-22T14:08:59Z,1.92,0
2026-09-22T14:09:59Z,1.92,0
2026-09-22T14:12:59Z,1.92,0
2026-09-22T14:13:59Z,1.92,0
2026-09-22T14:14:59Z,1.92,0
2026-09-22T14:15:59Z,1.92,0
2026-09-22T14:16:59Z,1.92,0
2026-09-22T14:18:59Z,1.66,0
2026-09-22T14:19:59Z,1.92,0
2026-09-22T14:20:59Z,1.92,0
2026-09-22T14:21:59Z,1.92,0
2026-09-22T14:22:59Z,1.92,0
2026-09-22T14:25:59Z,1.92,0
2026-09-22T14:26:59Z,1.92,0
2026-09-22T14:27:59Z,1.92,0
2026-09-22T14:28:59Z,1.92,0
2026-09-22T14:29:59Z,1.92,0
2026-09-22T14:32:59Z,1.92,0
2026-09-22T14:33:59Z,1.92,0
2026-09-22T14:34:59Z,1.92,0
2026-09-22T14:35:59Z,1.66,0
2026-09-22T14:36:59Z,1.92,0
2026-09-22T14:38:59Z,1.92,0
2026-09-22T14:39:59Z,1.66,0
2026-09-22T14:40:59Z,1.66,0
2026-09-22T14:41:59Z,1.66,0
2026-09-22T14:42:59Z,1.92,0
2026-09-22T14:44:59Z,1.92,
2026-09-22T14:45:59Z,1.92,0
2026-09-22T14:46:59Z,1.92,0
2026-09-22T14:47:59Z,1.92,0
2026-09-22T14:48:59Z,1.66,0
2026-09-22T14:49:59Z,1.92,0
2026-09-22T14:52:59Z,1.92,0
2026-09-22T14:53:59Z,1.92,0
2026-09-22T14:54:59Z,1.92,0
2026-09-22T14:55:59Z,1.92,0
2026-09-22T14:56:59Z,2.18,0
2026-09-22T14:59:59Z,1.92,0
2026-09-22T15:00:59Z,1.66,0
2026-09-22T15:01:59Z,1.92,0
2026-09-22T15:02:59Z,1.92,0
2026-09-22T15:03:59Z,1.66,0
2026-09-22T15:04:59Z,,0
2026-09-22T15:06:59Z,1.92,0
2026-09-22T15:07:59Z,1.92,0
2026-09-22T15:08:59Z,1.92,0
2026-09-22T15:09:59Z,1.66,0
2026-09-22T15:10:59Z,1.92,0
2026-09-22T15:12:59Z,1.92,0
2026-09-22T15:13:59Z,1.92,0
2026-09-22T15:14:59Z,1.92,0
2026-09-22T15:15:59Z,1.92,0
2026-09-22T15:16:59Z,1.92,0
2026-09-22T15:18:59Z,1.92,
2026-09-22T15:19:59Z,1.92,0
2026-09-22T15:20:59Z,1.92,0
2026-09-22T15:21:59Z,1.92,0
2026-09-22T15:22:59Z,1.92,0
2026-09-22T15:23:59Z,1.92,0
2026-09-22T15:25:59Z,,0
2026-09-22T15:26:59Z,1.92,0
2026-09-22T15:27:59Z,1.92,0
2026-09-22T15:28:59Z,1.92,0
2026-09-22T15:29:59Z,1.92,0
2026-09-22T15:30:59Z,1.92,0
2026-09-22T15:33:59Z,1.92,0
2026-09-22T15:34:59Z,1.92,0
2026-09-22T15:35:59Z,1.92,0
2026-09-22T15:36:59Z,1.92,0
2026-09-22T15:37:59Z,1.92,0
2026-09-22T15:39:59Z,,0
2026-09-22T15:40:59Z,1.92,0
2026-09-22T15:41:59Z,1.92,0
2026-09-22T15:42:59Z,1.92,0
2026-09-22T15:43:59Z,1.92,0
2026-09-22T15:44:59Z,1.92,0
2026-09-22T15:46:59Z,1.92,0
2026-09-22T15:47:59Z,1.92,0
2026-09-22T15:48:59Z,1.92,0
2026-09-22T15:49:59Z,1.92,0
2026-09-22T15:50:59Z,1.92,0
2026-09-22T15:51:59Z,,0
2026-09-22T15:53:59Z,1.92,
2026-09-22T15:54:59Z,1.92,0
2026-09-22T15:55:59Z,1.66,0
2026-09-22T15:56:59Z,1.92,0
2026-09-22T15:57:59Z,1.66,0
2026-09-22T15:58:59Z,,0
2026-09-22T15:59:59Z,,0
2026-09-22T16:02:59Z,1.92,
2026-09-22T16:03:59Z,1.92,0
2026-09-22T16:04:59Z,1.92,0
2026-09-22T16:05:59Z,1.92,0
2026-09-22T16:06:59Z,1.92,0
2026-09-22T16:07:59Z,,0
2026-09-22T16:09:59Z,1.92,
2026-09-22T16:10:59Z,1.92,
2026-09-22T16:11:59Z,1.92,0
2026-09-22T16:12:59Z,1.92,0
2026-09-22T16:13:59Z,1.92,0
2026-09-22T16:14:59Z,,0
2026-09-22T16:15:59Z,,0
2026-09-22T16:17:59Z,1.92,
2026-09-22T16:18:59Z,1.92,
2026-09-22T16:19:59Z,1.92,0
2026-09-22T16:20:59Z,1.92,0
2026-09-22T16:21:59Z,1.92,0
2026-09-22T16:22:59Z,,0
2026-09-22T16:23:59Z,1.92,0
2026-09-22T16:24:59Z,1.92,
2026-09-22T16:25:59Z,1.92,0
2026-09-22T16:26:59Z,1.92,0
2026-09-22T16:27:59Z,1.92,0
2026-09-22T16:28:59Z,,0
2026-09-22T16:29:59Z,,0
2026-09-22T16:30:59Z,1.92,0
2026-09-22T16:31:59Z,1.92,
2026-09-22T16:32:59Z,1.92,0
2026-09-22T16:33:59Z,1.92,0
2026-09-22T16:34:59Z,1.92,0
2026-09-22T16:35:59Z,,0
2026-09-22T16:36:59Z,1.92,0
2026-09-22T16:37:59Z,1.92,
2026-09-22T16:38:59Z,1.92,
2026-09-22T16:39:59Z,1.92,0
2026-09-22T16:40:59Z,1.66,0
2026-09-22T16:41:59Z,1.92,0
2026-09-22T16:42:59Z,,0
2026-09-22T16:43:59Z,1.92,0
2026-09-22T16:44:59Z,1.92,
2026-09-22T16:45:59Z,1.92,0
2026-09-22T16:46:59Z,1.92,0
2026-09-22T16:47:59Z,1.66,0
2026-09-22T16:48:59Z,,0
2026-09-22T16:49:59Z,1.92,0
2026-09-22T16:50:59Z,1.92,
2026-09-22T16:51:59Z,1.66,0
2026-09-22T16:52:59Z,1.92,0
2026-09-22T16:53:59Z,1.92,0
2026-09-22T16:54:59Z,1.92,0
2026-09-22T16:55:59Z,,0
2026-09-22T16:58:59Z,1.92,0
2026-09-22T16:59:59Z,1.92,0
2026-09-22T17:00:59Z,1.92,0
2026-09-22T17:01:59Z,1.92,0
2026-09-22T17:02:59Z,,0
2026-09-22T17:03:59Z,1.92,
2026-09-22T17:04:59Z,1.66,0
2026-09-22T17:05:59Z,1.92,0
2026-09-22T17:06:59Z,1.92,0
2026-09-22T17:07:59Z,1.92,0
2026-09-22T17:08:59Z,,0
2026-09-22T17:09:59Z,1.92,
2026-09-22T17:10:59Z,1.92,
2026-09-22T17:11:59Z,1.92,0
2026-09-22T17:12:59Z,1.66,0
2026-09-22T17:13:59Z,1.92,0
2026-09-22T17:14:59Z,,0
2026-09-22T17:15:59Z,1.92,0
2026-09-22T17:16:59Z,1.92,
2026-09-22T17:17:59Z,1.92,0
2026-09-22T17:18:59Z,1.92,0
2026-09-22T17:19:59Z,1.66,0
2026-09-22T17:20:59Z,,0
2026-09-22T17:21:59Z,1.92,0
2026-09-22T17:22:59Z,1.92,
2026-09-22T17:23:59Z,2.18,0
2026-09-22T17:24:59Z,1.92,0
2026-09-22T17:25:59Z,1.92,0
2026-09-22T17:26:59Z,1.92,0
2026-09-22T17:27:59Z,,0
2026-09-22T17:28:59Z,1.92,
2026-09-22T17:29:59Z,1.92,0
2026-09-22T17:30:59Z,1.92,0
2026-09-22T17:31:59Z,1.92,0
2026-09-22T17:32:59Z,1.92,0
2026-09-22T17:33:59Z,,0
2026-09-22T17:34:59Z,1.66,0
2026-09-22T17:35:59Z,1.92,0
2026-09-22T17:36:59Z,1.92,0
2026-09-22T17:37:59Z,1.92,0
2026-09-22T17:38:59Z,1.92,0
2026-09-22T17:39:59Z,,0
2026-09-22T17:40:59Z,1.92,
2026-09-22T17:41:59Z,1.92,0
2026-09-22T17:42:59Z,1.92,0
2026-09-22T17:43:59Z,1.92,0
2026-09-22T17:44:59Z,1.92,0
2026-09-22T17:45:59Z,,0
2026-09-22T17:46:59Z,1.92,
2026-09-22T17:47:59Z,1.92,
2026-09-22T17:48:59Z,1.66,0
2026-09-22T17:49:59Z,1.92,0
2026-09-22T17:50:59Z,1.92,0
2026-09-22T17:51:59Z,,0
2026-09-22T17:52:59Z,1.92,0
2026-09-22T17:53:59Z,1.92,0
2026-09-22T17:54:59Z,1.92,0
2026-09-22T17:55:59Z,1.92,0
2026-09-22T17:56:59Z,1.92,0
2026-09-22T17:57:59Z,,0
2026-09-22T17:58:59Z,1.92,0
2026-09-22T17:59:59Z,1.92,0
2026-09-22T18:00:59Z,1.92,0
2026-09-22T18:01:59Z,1.92,0
2026-09-22T18:02:59Z,1.92,0
2026-09-22T18:04:59Z,1.92,0
2026-09-22T18:05:59Z,1.92,0
2026-09-22T18:06:59Z,1.92,0
2026-09-22T18:07:59Z,1.92,0
2026-09-22T18:08:59Z,1.92,0
2026-09-22T18:11:59Z,1.92,0
2026-09-22T18:12:59Z,1.92,0
2026-09-22T18:13:59Z,2.18,0
2026-09-22T18:14:59Z,1.92,0
2026-09-22T18:15:59Z,1.92,0
2026-09-22T18:17:59Z,2.18,0
2026-09-22T18:18:59Z,1.92,0
2026-09-22T18:19:59Z,1.92,0
2026-09-22T18:20:59Z,1.92,0
2026-09-22T18:21:59Z,1.92,0
2026-09-22T18:23:59Z,1.92,0
2026-09-22T18:24:59Z,1.92,0
2026-09-22T18:25:59Z,1.92,0
2026-09-22T18:26:59Z,1.92,0
2026-09-22T18:27:59Z,1.92,0
2026-09-22T18:29:59Z,2.18,0
2026-09-22T18:30:59Z,1.92,0
2026-09-22T18:31:59Z,1.92,0
2026-09-22T18:32:59Z,1.92,0
2026-09-22T18:33:59Z,1.92,0
2026-09-22T18:35:59Z,1.92,0
2026-09-22T18:36:59Z,1.92,0
2026-09-22T18:37:59Z,1.92,0
2026-09-22T18:38:59Z,1.92,0
2026-09-22T18:39:59Z,1.92,0
2026-09-22T18:41:59Z,1.92,0
2026-09-22T18:42:59Z,1.92,0
2026-09-22T18:43:59Z,1.92,0
2026-09-22T18:44:59Z,1.92,0
2026-09-22T18:46:59Z,1.92,0
2026-09-22T18:47:59Z,1.92,0
2026-09-22T18:48:59Z,1.92,0
2026-09-22T18:49:59Z,1.92,0
2026-09-22T18:50:59Z,1.92,0
2026-09-22T18:52:59Z,1.92,0
2026-09-22T18:53:59Z,1.92,0
2026-09-22T18:54:59Z,1.92,0
2026-09-22T18:55:59Z,1.92,0
2026-09-22T18:56:59Z,1.66,0
2026-09-22T18:58:59Z,1.92,0
2026-09-22T18:59:59Z,1.66,0
2026-09-22T19:00:59Z,1.66,0
2026-09-22T19:01:59Z,1.92,0
2026-09-22T19:02:59Z,2.18,0
2026-09-22T19:04:59Z,1.92,0
2026-09-22T19:05:59Z,1.92,0
2026-09-22T19:06:59Z,1.92,0
2026-09-22T19:07:59Z,1.92,0
2026-09-22T19:08:59Z,1.92,0
2026-09-22T19:09:59Z,1.92,0
2026-09-22T19:11:59Z,1.92,0
2026-09-22T19:12:59Z,1.92,0
2026-09-22T19:13:59Z,1.92,0
2026-09-22T19:14:59Z,1.92,0
2026-09-22T19:15:59Z,1.92,0
2026-09-22T19:17:59Z,1.92,0
2026-09-22T19:18:59Z,1.92,0
2026-09-22T19:19:59Z,1.92,0
2026-09-22T19:20:59Z,1.92,0
2026-09-22T19:21:59Z,1.92,0
2026-09-22T19:22:59Z,1.92,0
2026-09-22T19:23:59Z,1.92,0
2026-09-22T19:24:59Z,1.92,0
2026-09-22T19:25:59Z,1.92,0
2026-09-22T19:26:59Z,1.92,0
2026-09-22T19:29:59Z,1.92,0
2026-09-22T19:30:59Z,1.92,0
2026-09-22T19:31:59Z,1.92,0
2026-09-22T19:32:59Z,1.92,0
2026-09-22T19:33:59Z,1.66,0
2026-09-22T19:35:59Z,1.92,0
2026-09-22T19:36:59Z,1.92,0
2026-09-22T19:37:59Z,1.92,0
2026-09-22T19:38:59Z,1.92,0
2026-09-22T19:39:59Z,1.92,0
2026-09-22T19:41:59Z,1.92,0
2026-09-22T19:42:59Z,1.92,0
2026-09-22T19:43:59Z,1.92,0
2026-09-22T19:44:59Z,1.92,0
2026-09-22T19:45:59Z,1.92,0
2026-09-22T19:46:59Z,1.92,0
2026-09-22T19:47:59Z,1.92,0
2026-09-22T19:48:59Z,1.92,0
2026-09-22T19:49:59Z,1.92,0
2026-09-22T19:50:59Z,1.92,0
2026-09-22T19:52:59Z,1.92,0
2026-09-22T19:53:59Z,1.66,0
2026-09-22T19:54:59Z,1.92,0
2026-09-22T19:55:59Z,1.92,0
2026-09-22T19:56:59Z,1.92,0
2026-09-22T19:58:59Z,2.18,0
2026-09-22T19:59:59Z,1.92,0
2026-09-22T20:00:59Z,1.92,0
2026-09-22T20:01:59Z,1.92,0
2026-09-22T20:02:59Z,1.92,0
2026-09-22T20:03:59Z,1.66,0
2026-09-22T20:04:59Z,1.92,0
2026-09-22T20:05:59Z,1.92,0
2026-09-22T20:07:59Z,1.92,0
2026-09-22T20:08:59Z,1.92,0
2026-09-22T20:09:59Z,1.92,0
2026-09-22T20:10:59Z,1.92,0
2026-09-22T20:11:59Z,1.92,0
2026-09-22T20:13:59Z,1.92,0
2026-09-22T20:14:59Z,1.66,0
2026-09-22T20:15:59Z,1.92,0
2026-09-22T20:16:59Z,1.92,0
2026-09-22T20:17:59Z,1.92,0
2026-09-22T20:19:59Z,1.92,0
2026-09-22T20:20:59Z,1.92,0
2026-09-22T20:21:59Z,1.66,0
2026-09-22T20:22:59Z,1.66,0
2026-09-22T20:23:59Z,1.92,0
2026-09-22T20:25:59Z,1.92,0
2026-09-22T20:26:59Z,1.92,0
2026-09-22T20:27:59Z,1.92,0
2026-09-22T20:28:59Z,1.92,0
2026-09-22T20:29:59Z,1.92,0
2026-09-22T20:31:59Z,1.92,0
2026-09-22T20:32:59Z,1.92,0
2026-09-22T20:33:59Z,1.66,0
2026-09-22T20:34:59Z,1.92,0
2026-09-22T20:35:59Z,1.66,0
2026-09-22T20:37:59Z,1.92,0
2026-09-22T20:38:59Z,1.92,0
2026-09-22T20:39:59Z,1.92,0
2026-09-22T20:40:59Z,1.92,0
2026-09-22T20:41:59Z,1.66,0
2026-09-22T20:42:59Z,1.92,0
2026-09-22T20:43:59Z,1.92,0
2026-09-22T20:44:59Z,1.66,0
2026-09-22T20:45:59Z,1.92,0
2026-09-22T20:46:59Z,1.92,0
2026-09-22T20:47:59Z,1.92,0
2026-09-22T20:49:59Z,1.92,0
2026-09-22T20:50:59Z,1.92,0
2026-09-22T20:51:59Z,1.92,0
2026-09-22T20:52:59Z,1.92,0
2026-09-22T20:53:59Z,1.92,0
2026-09-22T20:54:59Z,1.92,0
2026-09-22T20:55:59Z,2.18,0
2026-09-22T20:56:59Z,1.92,0
2026-09-22T20:57:59Z,1.66,0
2026-09-22T20:58:59Z,1.92,0
2026-09-22T20:59:59Z,1.92,0
2026-09-22T21:02:59Z,1.92,0
2026-09-22T21:03:59Z,1.66,0
2026-09-22T21:04:59Z,1.92,0
2026-09-22T21:05:59Z,1.92,0
2026-09-22T21:06:59Z,2.18,0
2026-09-22T21:08:59Z,1.92,0
2026-09-22T21:09:59Z,1.92,0
2026-09-22T21:10:59Z,1.66,0
2026-09-22T21:11:59Z,1.92,0
2026-09-22T21:12:59Z,1.92,0
2026-09-22T21:14:59Z,1.92,0
2026-09-22T21:15:59Z,1.92,0
2026-09-22T21:16:59Z,1.92,0
2026-09-22T21:17:59Z,1.92,0
2026-09-22T21:18:59Z,1.92,0
2026-09-22T21:19:59Z,,0
2026-09-22T21:20:59Z,1.92,0
2026-09-22T21:21:59Z,1.92,0
2026-09-22T21:22:59Z,1.92,0
2026-09-22T21:23:59Z,1.66,0
2026-09-22T21:24:59Z,1.92,0
2026-09-22T21:26:59Z,1.92,0
2026-09-22T21:27:59Z,1.92,0
2026-09-22T21:28:59Z,1.92,0
2026-09-22T21:29:59Z,1.92,0
2026-09-22T21:30:59Z,1.92,0
2026-09-22T21:31:59Z,2.18,0
2026-09-22T21:32:59Z,1.92,
2026-09-22T21:33:59Z,1.66,0
2026-09-22T21:34:59Z,1.92,0
2026-09-22T21:35:59Z,1.92,0
2026-09-22T21:36:59Z,1.92,0
2026-09-22T21:37:59Z,,0
2026-09-22T21:39:59Z,1.92,0
2026-09-22T21:40:59Z,1.92,0
2026-09-22T21:41:59Z,1.92,0
2026-09-22T21:42:59Z,1.92,0
2026-09-22T21:44:59Z,1.92,0
2026-09-22T21:45:59Z,1.92,0
2026-09-22T21:46:59Z,1.92,0
2026-09-22T21:47:59Z,1.92,0
2026-09-22T21:48:59Z,1.92,0
2026-09-22T21:49:59Z,2.18,
2026-09-22T21:50:59Z,1.92,0
2026-09-22T21:51:59Z,1.92,0
2026-09-22T21:52:59Z,1.92,0
2026-09-22T21:53:59Z,1.92,0
2026-09-22T21:54:59Z,1.92,0
2026-09-22T21:55:59Z,1.92,0
2026-09-22T21:56:59Z,1.92,0
2026-09-22T21:57:59Z,1.92,0
2026-09-22T21:58:59Z,1.92,0
2026-09-22T21:59:59Z,1.92,0
2026-09-22T22:00:59Z,1.92,0
2026-09-22T22:02:59Z,1.92,0
2026-09-22T22:03:59Z,1.92,0
2026-09-22T22:04:59Z,1.92,0
2026-09-22T22:05:59Z,1.92,0
2026-09-22T22:06:59Z,1.92,0
2026-09-22T22:07:59Z,,0
2026-09-22T22:08:59Z,1.92,
2026-09-22T22:09:59Z,2.18,0
2026-09-22T22:10:59Z,1.92,0
2026-09-22T22:11:59Z,1.92,0
2026-09-22T22:12:59Z,1.92,0
2026-09-22T22:13:59Z,1.92,0
2026-09-22T22:14:59Z,1.92,0
2026-09-22T22:15:59Z,1.92,0
2026-09-22T22:16:59Z,1.92,0
2026-09-22T22:17:59Z,1.92,0
2026-09-22T22:18:59Z,,0
2026-09-22T22:19:59Z,1.66,0
2026-09-22T22:20:59Z,1.92,
2026-09-22T22:21:59Z,1.92,0
2026-09-22T22:22:59Z,1.92,0
2026-09-22T22:23:59Z,1.92,0
2026-09-22T22:24:59Z,1.92,0
2026-09-22T22:25:59Z,,0
2026-09-22T22:26:59Z,1.92,
2026-09-22T22:27:59Z,1.92,0
2026-09-22T22:28:59Z,1.92,0
2026-09-22T22:29:59Z,1.92,0
2026-09-22T22:30:59Z,1.92,0
2026-09-22T22:31:59Z,,0
2026-09-22T22:32:59Z,1.92,
2026-09-22T22:33:59Z,1.92,0
2026-09-22T22:34:59Z,1.92,0
2026-09-22T22:35:59Z,1.92,0
2026-09-22T22:36:59Z,1.92,0
2026-09-22T22:37:59Z,,0
2026-09-22T22:38:59Z,1.92,
2026-09-22T22:39:59Z,1.92,0
2026-09-22T22:40:59Z,1.92,0
2026-09-22T22:41:59Z,1.92,0
2026-09-22T22:42:59Z,1.92,0
2026-09-22T22:43:59Z,1.92,0
2026-09-22T22:44:59Z,2.18,0
2026-09-22T22:45:59Z,2.18,0
2026-09-22T22:46:59Z,2.18,0
2026-09-22T22:47:59Z,2.18,0
2026-09-22T22:48:59Z,,0
2026-09-22T22:49:59Z,2.18,0
2026-09-22T22:50:59Z,1.92,
2026-09-22T22:51:59Z,1.92,0
2026-09-22T22:52:59Z,1.92,0
2026-09-22T22:53:59Z,,0
2026-09-22T22:54:59Z,,0
2026-09-22T22:55:59Z,1.92,0
2026-09-22T22:56:59Z,1.92,0
2026-09-22T22:57:59Z,2.18,0
2026-09-22T22:58:59Z,2.18,0
2026-09-22T22:59:59Z,2.18,0
2026-09-22T23:00:59Z,2.18,0
2026-09-22T23:02:59Z,2.18,0
2026-09-22T23:03:59Z,2.18,0
2026-09-22T23:04:59Z,1.92,0
2026-09-22T23:05:59Z,2.18,0
2026-09-22T23:06:59Z,2.18,0
2026-09-22T23:09:59Z,2.18,0
2026-09-22T23:10:59Z,2.18,0
2026-09-22T23:11:59Z,2.18,0
2026-09-22T23:12:59Z,2.18,0
2026-09-22T23:13:59Z,2.18,0
2026-09-22T23:14:59Z,,0
2026-09-22T23:15:59Z,2.18,0
2026-09-22T23:16:59Z,2.18,0
2026-09-22T23:17:59Z,2.18,0
2026-09-22T23:18:59Z,1.92,0
2026-09-22T23:19:59Z,1.92,0
2026-09-22T23:21:59Z,1.92,0
2026-09-22T23:22:59Z,2.18,0
2026-09-22T23:23:59Z,2.18,0
2026-09-22T23:24:59Z,2.18,0
2026-09-22T23:25:59Z,2.18,0
2026-09-22T23:27:59Z,2.18,0
2026-09-22T23:28:59Z,2.18,0
2026-09-22T23:29:59Z,2.18,0
2026-09-22T23:30:59Z,2.18,0
2026-09-22T23:31:59Z,2.18,0
2026-09-22T23:33:59Z,1.92,0
2026-09-22T23:34:59Z,2.18,0
2026-09-22T23:35:59Z,1.92,0
2026-09-22T23:36:59Z,1.92,0
2026-09-22T23:37:59Z,2.18,0
2026-09-22T23:39:59Z,2.18,0
2026-09-22T23:40:59Z,2.18,0
2026-09-22T23:41:59Z,2.18,0
2026-09-22T23:42:59Z,1.92,0
2026-09-22T23:43:59Z,2.18,0
2026-09-22T23:45:59Z,2.18,0
2026-09-22T23:46:59Z,2.18,0
2026-09-22T23:47:59Z,2.18,0
2026-09-22T23:48:59Z,2.18,0
2026-09-22T23:49:59Z,1.92,0
2026-09-22T23:52:59Z,2.18,0
2026-09-22T23:53:59Z,2.18,0
2026-09-22T23:54:59Z,2.18,0
2026-09-22T23:55:59Z,2.18,0
2026-09-22T23:56:59Z,2.18,0
2026-09-22T23:59:59Z,2.18,0
2026-09-23T00:00:59Z,2.18,0
2026-09-23T00:01:59Z,1.92,0
2026-09-23T00:02:59Z,2.18,0
2026-09-23T00:04:59Z,2.18,0
2026-09-23T00:05:59Z,2.18,0
2026-09-23T00:06:59Z,2.18,0
2026-09-23T00:07:59Z,2.57,0
2026-09-23T00:08:59Z,2.18,0
2026-09-23T00:09:59Z,2.57,0
2026-09-23T00:11:59Z,1.92,0
2026-09-23T00:12:59Z,2.18,0
2026-09-23T00:13:59Z,1.92,0
2026-09-23T00:14:59Z,2.18,0
2026-09-23T00:15:59Z,2.57,0
2026-09-23T00:17:59Z,2.18,0
2026-09-23T00:18:59Z,2.18,0
2026-09-23T00:19:59Z,2.18,0
2026-09-23T00:20:59Z,2.18,0
2026-09-23T00:21:59Z,2.18,0
2026-09-23T00:23:59Z,2.18,0
2026-09-23T00:24:59Z,1.92,0
2026-09-23T00:25:59Z,2.18,0
2026-09-23T00:26:59Z,2.18,0
2026-09-23T00:27:59Z,2.18,0
2026-09-23T00:29:59Z,2.18,0
2026-09-23T00:30:59Z,2.18,0
2026-09-23T00:31:59Z,2.18,0
2026-09-23T00:32:59Z,2.18,0
2026-09-23T00:33:59Z,2.57,0
2026-09-23T00:34:59Z,2.18,0
2026-09-23T00:35:59Z,2.18,0
2026-09-23T00:36:59Z,2.18,0
2026-09-23T00:37:59Z,2.18,0
2026-09-23T00:38:59Z,2.18,0
2026-09-23T00:39:59Z,1.92,0
2026-09-23T00:41:59Z,1.92,0
2026-09-23T00:42:59Z,1.92,0
2026-09-23T00:43:59Z,2.18,0
2026-09-23T00:44:59Z,2.18,0
2026-09-23T00:45:59Z,2.57,0
2026-09-23T00:47:59Z,2.57,0
2026-09-23T00:48:59Z,2.18,0
2026-09-23T00:49:59Z,2.57,0
2026-09-23T00:50:59Z,2.57,0
2026-09-23T00:51:59Z,2.18,0
2026-09-23T00:54:59Z,2.57,0
2026-09-23T00:55:59Z,2.18,0
2026-09-23T00:56:59Z,2.18,0
2026-09-23T00:57:59Z,2.57,0
2026-09-23T00:59:59Z,2.18,0
2026-09-23T01:00:59Z,2.18,0
2026-09-23T01:01:59Z,2.57,0
2026-09-23T01:02:59Z,2.18,0
2026-09-23T01:03:59Z,2.18,0
2026-09-23T01:04:59Z,2.18,0
2026-09-23T01:05:59Z,2.18,0
2026-09-23T01:06:59Z,2.18,0
2026-09-23T01:07:59Z,1.92,0
2026-09-23T01:08:59Z,2.18,0
2026-09-23T01:10:59Z,2.18,0
2026-09-23T01:11:59Z,2.18,0
2026-09-23T01:12:59Z,2.18,0
2026-09-23T01:13:59Z,2.18,0
2026-09-23T01:14:59Z,2.18,0
2026-09-23T01:15:59Z,1.92,0
2026-09-23T01:16:59Z,2.18,0
2026-09-23T01:17:59Z,2.18,0
2026-09-23T01:18:59Z,2.18,0
2026-09-23T01:19:59Z,2.18,0
2026-09-23T01:20:59Z,2.18,0
2026-09-23T01:21:59Z,2.57,0
2026-09-23T01:22:59Z,2.18,0
2026-09-23T01:23:59Z,1.92,0
2026-09-23T01:24:59Z,1.92,0
2026-09-23T01:25:59Z,2.18,0
2026-09-23T01:26:59Z,2.18,0
2026-09-23T01:27:59Z,1.92,0
2026-09-23T01:28:59Z,2.18,0
2026-09-23T01:30:59Z,1.92,0
2026-09-23T01:31:59Z,2.18,0
2026-09-23T01:32:59Z,1.92,0
2026-09-23T01:33:59Z,1.92,0
2026-09-23T01:34:59Z,1.92,0
2026-09-23T01:36:59Z,1.92,0
2026-09-23T01:38:59Z,2.18,0
2026-09-23T01:39:59Z,2.18,0
2026-09-23T01:40:59Z,2.18,0
2026-09-23T03:00:59Z,2.18,0
2026-09-23T03:03:59Z,2.18,0
2026-09-23T03:04:59Z,1.92,0
2026-09-23T03:05:59Z,2.18,0
2026-09-23T03:06:59Z,2.18,0
2026-09-23T03:08:59Z,2.57,0
2026-09-23T03:09:59Z,2.18,0
2026-09-23T03:10:59Z,2.18,0
2026-09-23T03:11:59Z,2.18,0
2026-09-23T03:12:59Z,2.18,0
2026-09-23T03:13:59Z,2.18,0
2026-09-23T03:14:59Z,2.18,0
2026-09-23T03:15:59Z,2.18,0
2026-09-23T03:16:59Z,1.92,0
2026-09-23T03:17:59Z,1.92,0
2026-09-23T03:18:59Z,2.18,
2026-09-23T03:20:59Z,1.92,0
2026-09-23T03:21:59Z,1.92,0
2026-09-23T03:22:59Z,1.92,0
2026-09-23T03:23:59Z,2.18,0
2026-09-23T03:24:59Z,1.92,0
2026-09-23T03:26:59Z,1.92,0
2026-09-23T03:27:59Z,1.92,0
2026-09-23T03:28:59Z,1.92,0
2026-09-23T03:29:59Z,1.92,0
2026-09-23T03:30:59Z,1.92,0
2026-09-23T03:31:59Z,2.18,0
2026-09-23T03:32:59Z,2.18,0
2026-09-23T03:33:59Z,1.92,0
2026-09-23T03:34:59Z,2.18,0
2026-09-23T03:35:59Z,2.18,0
2026-09-23T03:36:59Z,1.92,0
2026-09-23T03:38:59Z,1.92,0
2026-09-23T03:39:59Z,1.92,0
2026-09-23T03:40:59Z,1.92,0
2026-09-23T03:41:59Z,1.92,0
2026-09-23T03:42:59Z,2.18,0
2026-09-23T03:43:59Z,1.92,0
2026-09-23T03:44:59Z,2.18,0
2026-09-23T03:45:59Z,2.18,0
2026-09-23T03:46:59Z,2.18,0
2026-09-23T03:47:59Z,1.92,0
2026-09-23T03:49:59Z,1.92,0
2026-09-23T03:50:59Z,1.92,0
2026-09-23T03:51:59Z,1.66,0
2026-09-23T03:52:59Z,1.92,0
2026-09-23T03:53:59Z,1.92,0
2026-09-23T03:54:59Z,2.18,0
2026-09-23T03:55:59Z,2.18,0
2026-09-23T03:56:59Z,2.18,0
2026-09-23T03:57:59Z,2.18,0
2026-09-23T03:58:59Z,2.57,0
2026-09-23T03:59:59Z,2.18,0
2026-09-23T04:00:59Z,2.18,0
2026-09-23T04:03:59Z,1.92,0
2026-09-23T04:04:59Z,2.18,0
2026-09-23T04:05:59Z,1.92,0
2026-09-23T04:06:59Z,1.92,0
2026-09-23T04:07:59Z,1.92,0
2026-09-23T04:09:59Z,2.18,0
2026-09-23T04:10:59Z,2.18,0
2026-09-23T04:11:59Z,1.92,0
2026-09-23T04:12:59Z,1.92,0
2026-09-23T04:13:59Z,2.18,0
2026-09-23T04:14:59Z,1.92,0
2026-09-23T04:16:59Z,2.18,0
2026-09-23T04:17:59Z,2.18,0
2026-09-23T04:18:59Z,1.92,0
2026-09-23T04:19:59Z,1.92,0
2026-09-23T04:20:59Z,2.18,0
2026-09-23T04:23:59Z,1.92,0
2026-09-23T04:24:59Z,2.18,0
2026-09-23T04:25:59Z,1.92,0
2026-09-23T04:26:59Z,2.18,0
2026-09-23T04:27:59Z,1.92,0
2026-09-23T04:29:59Z,1.92,0
2026-09-23T04:30:59Z,1.92,0
2026-09-23T04:31:59Z,1.92,0
2026-09-23T04:32:59Z,2.18,0
2026-09-23T04:33:59Z,2.18,0
2026-09-23T04:35:59Z,1.92,0
2026-09-23T04:36:59Z,1.92,0
2026-09-23T04:37:59Z,2.83,0
2026-09-23T04:38:59Z,2.18,0
2026-09-23T04:39:59Z,1.92,0
2026-09-23T04:41:59Z,2.18,0
2026-09-23T04:42:59Z,2.18,0
2026-09-23T06:46:59Z,2.57,0
2026-09-23T06:48:59Z,2.57,0
2026-09-23T06:50:59Z,2.18,0
2026-09-23T06:51:59Z,2.18,0
2026-09-23T06:52:59Z,2.18,0
2026-09-23T06:53:59Z,2.18,0
2026-09-23T06:54:59Z,2.18,0
2026-09-23T06:55:59Z,2.18,0
2026-09-23T06:56:59Z,,0
2026-09-23T06:57:59Z,1.92,0
2026-09-23T06:58:59Z,1.92,0
2026-09-23T06:59:59Z,1.92,0
2026-09-23T07:00:59Z,2.18,0
2026-09-23T07:01:59Z,2.18,0
2026-09-23T07:02:59Z,2.18,0
2026-09-23T07:03:59Z,2.18,0
2026-09-23T07:04:59Z,2.18,0
2026-09-23T07:05:59Z,2.57,0
2026-09-23T07:07:59Z,2.18,0
2026-09-23T07:08:59Z,2.57,0
2026-09-23T07:09:59Z,2.18,0
2026-09-23T07:10:59Z,2.18,0
2026-09-23T07:11:59Z,2.18,0
2026-09-23T07:13:59Z,2.57,0
2026-09-23T07:14:59Z,2.57,0
2026-09-23T07:15:59Z,2.18,0
2026-09-23T07:16:59Z,1.92,0
2026-09-23T07:17:59Z,1.92,0
2026-09-23T07:19:59Z,2.18,0
2026-09-23T07:20:59Z,1.92,0
2026-09-23T07:21:59Z,2.18,0
2026-09-23T07:22:59Z,1.92,0
2026-09-23T07:23:59Z,2.18,0
2026-09-23T07:25:59Z,2.18,0
2026-09-23T07:26:59Z,2.18,0
2026-09-23T07:27:59Z,2.18,0
2026-09-23T07:28:59Z,2.18,0
2026-09-23T07:29:59Z,1.92,0
2026-09-23T07:31:59Z,2.18,0
2026-09-23T07:32:59Z,1.92,0
2026-09-23T07:33:59Z,1.92,0
2026-09-23T07:34:59Z,2.18,0
2026-09-23T07:35:59Z,2.18,0
2026-09-23T07:36:59Z,,0
2026-09-23T09:00:59Z,2.18,0
2026-09-23T09:02:59Z,2.57,0
2026-09-23T09:03:59Z,1.92,0
2026-09-23T09:04:59Z,2.18,0
2026-09-23T09:05:59Z,2.18,0
2026-09-23T09:06:59Z,2.18,0
2026-09-23T09:09:59Z,2.18,0
2026-09-23T09:10:59Z,2.18,0
2026-09-23T09:11:59Z,1.92,0
2026-09-23T09:12:59Z,2.18,0
2026-09-23T09:13:59Z,1.92,0
2026-09-23T09:14:59Z,,0
2026-09-23T09:15:59Z,1.92,
2026-09-23T09:16:59Z,1.92,0
2026-09-23T09:17:59Z,1.92,0
2026-09-23T09:18:59Z,1.92,0
2026-09-23T09:19:59Z,2.18,0
2026-09-23T09:20:59Z,,0
2026-09-23T09:22:59Z,2.18,0
2026-09-23T09:23:59Z,1.92,0
2026-09-23T09:24:59Z,2.18,0
2026-09-23T09:25:59Z,2.18,0
2026-09-23T09:26:59Z,2.83,0
2026-09-23T09:28:59Z,2.18,0
2026-09-23T09:29:59Z,2.18,0
2026-09-23T09:30:59Z,2.18,0
2026-09-23T09:31:59Z,2.18,0
2026-09-23T09:32:59Z,2.18,0
2026-09-23T09:34:59Z,2.18,0
2026-09-23T09:35:59Z,1.92,0
2026-09-23T09:36:59Z,1.92,0
2026-09-23T09:37:59Z,2.18,0
2026-09-23T09:38:59Z,2.18,0
2026-09-23T09:39:59Z,,0
2026-09-23T09:40:59Z,2.57,
2026-09-23T09:41:59Z,2.18,0
2026-09-23T09:42:59Z,2.18,0
2026-09-23T09:43:59Z,2.18,0
2026-09-23T09:44:59Z,2.18,0
2026-09-23T09:45:59Z,,0
2026-09-23T09:46:59Z,2.18,
2026-09-23T09:47:59Z,1.92,0
2026-09-23T09:48:59Z,2.18,0
2026-09-23T09:49:59Z,2.18,0
2026-09-23T09:50:59Z,1.92,0
2026-09-23T09:51:59Z,,0
2026-09-23T09:52:59Z,1.92,
2026-09-23T09:53:59Z,2.18,0
2026-09-23T09:54:59Z,1.92,0
2026-09-23T09:55:59Z,1.92,0
2026-09-23T09:56:59Z,2.18,0
2026-09-23T09:57:59Z,,0
2026-09-23T09:59:59Z,1.92,
2026-09-23T10:00:59Z,2.18,0
2026-09-23T10:01:59Z,2.18,0
2026-09-23T10:02:59Z,2.18,0
2026-09-23T10:03:59Z,1.92,0
2026-09-23T10:04:59Z,,0
2026-09-23T10:05:59Z,2.18,
2026-09-23T10:06:59Z,2.18,0
2026-09-23T10:07:59Z,1.92,0
2026-09-23T10:08:59Z,1.92,0
2026-09-23T10:09:59Z,2.18,0
2026-09-23T10:10:59Z,,0
2026-09-23T10:12:59Z,1.92,
2026-09-23T10:13:59Z,1.92,0
2026-09-23T10:14:59Z,1.92,0
2026-09-23T10:15:59Z,1.92,0
2026-09-23T10:16:59Z,1.92,0
2026-09-23T10:17:59Z,,0
2026-09-23T10:19:59Z,1.92,
2026-09-23T10:20:59Z,1.92,0
2026-09-23T10:21:59Z,1.92,0
2026-09-23T10:22:59Z,1.92,0
2026-09-23T10:23:59Z,2.18,0
2026-09-23T10:24:59Z,,0
2026-09-23T10:25:59Z,2.18,
2026-09-23T10:26:59Z,2.18,
2026-09-23T10:27:59Z,2.18,0
2026-09-23T10:28:59Z,2.18,0
2026-09-23T10:29:59Z,1.92,0
2026-09-23T10:30:59Z,1.92,0
2026-09-23T10:31:59Z,,0
2026-09-23T10:32:59Z,1.66,
2026-09-23T10:33:59Z,1.92,
2026-09-23T10:34:59Z,1.92,0
2026-09-23T10:35:59Z,1.92,0
2026-09-23T10:36:59Z,2.18,0
2026-09-23T10:37:59Z,,0
2026-09-23T10:38:59Z,,0
2026-09-23T10:39:59Z,1.92,
2026-09-23T10:40:59Z,1.92,
2026-09-23T10:41:59Z,1.92,0
2026-09-23T10:42:59Z,1.92,0
2026-09-23T10:43:59Z,1.92,0
2026-09-23T10:44:59Z,2.18,0
2026-09-23T10:45:59Z,,0
2026-09-23T10:46:59Z,1.92,
2026-09-23T10:47:59Z,1.92,
2026-09-23T10:48:59Z,1.92,0
2026-09-23T10:49:59Z,1.92,0
2026-09-23T10:50:59Z,1.92,0
2026-09-23T10:51:59Z,2.18,0
2026-09-23T10:52:59Z,,0
2026-09-23T10:53:59Z,1.92,
2026-09-23T10:54:59Z,1.92,0
2026-09-23T10:55:59Z,1.92,0
2026-09-23T10:56:59Z,2.18,0
2026-09-23T10:57:59Z,2.18,0
2026-09-23T10:58:59Z,,0
2026-09-23T10:59:59Z,,0
2026-09-23T11:01:59Z,1.92,
2026-09-23T11:02:59Z,1.92,
2026-09-23T11:03:59Z,1.92,0
2026-09-23T11:04:59Z,2.18,0
2026-09-23T11:05:59Z,1.92,0
2026-09-23T11:06:59Z,,0
2026-09-23T11:07:59Z,,0
2026-09-23T11:08:59Z,2.18,
2026-09-23T11:09:59Z,1.92,
2026-09-23T11:10:59Z,2.18,
2026-09-23T11:11:59Z,2.18,0
2026-09-23T11:12:59Z,1.92,0
2026-09-23T11:13:59Z,2.18,0
2026-09-23T11:14:59Z,2.18,0
2026-09-23T11:16:59Z,2.18,0
2026-09-23T11:17:59Z,1.92,0
2026-09-23T11:18:59Z,1.92,0
2026-09-23T11:19:59Z,1.92,0
2026-09-23T11:20:59Z,1.92,0
2026-09-23T11:21:59Z,1.92,0
2026-09-23T11:22:59Z,1.92,0
2026-09-23T11:23:59Z,1.92,0
2026-09-23T11:24:59Z,1.92,0
2026-09-23T11:25:59Z,1.92,0
2026-09-23T11:27:59Z,,0
2026-09-23T11:28:59Z,1.92,0
2026-09-23T11:29:59Z,1.92,0
2026-09-23T11:30:59Z,1.66,0
2026-09-23T11:31:59Z,1.92,0
2026-09-23T11:32:59Z,1.92,0
2026-09-23T11:34:59Z,2.18,0
2026-09-23T11:35:59Z,2.18,0
2026-09-23T11:36:59Z,1.92,0
2026-09-23T11:37:59Z,2.18,0
2026-09-23T11:38:59Z,1.92,0
2026-09-23T11:39:59Z,1.92,0
2026-09-23T11:42:59Z,2.18,
2026-09-23T11:43:59Z,2.18,0
2026-09-23T11:44:59Z,1.92,0
2026-09-23T11:45:59Z,1.92,0
2026-09-23T11:46:59Z,1.92,0
2026-09-23T11:47:59Z,,0
2026-09-23T11:48:59Z,2.18,
2026-09-23T11:49:59Z,2.18,0
2026-09-23T11:50:59Z,1.92,0
2026-09-23T11:51:59Z,2.18,0
2026-09-23T11:52:59Z,2.18,0
2026-09-23T11:53:59Z,,0
2026-09-23T11:54:59Z,1.92,
2026-09-23T11:55:59Z,1.92,0
2026-09-23T11:56:59Z,1.92,0
2026-09-23T11:57:59Z,1.92,0
2026-09-23T11:58:59Z,1.92,0
2026-09-23T11:59:59Z,2.18,0
2026-09-23T12:00:59Z,,0
2026-09-23T12:02:59Z,2.18,
2026-09-23T12:03:59Z,1.92,0
2026-09-23T12:04:59Z,1.92,0
2026-09-23T12:05:59Z,2.18,0
2026-09-23T12:06:59Z,1.92,0
2026-09-23T12:07:59Z,2.18,0
2026-09-23T12:09:59Z,1.66,
2026-09-23T12:10:59Z,1.92,0
2026-09-23T12:11:59Z,1.92,0
2026-09-23T12:12:59Z,2.18,0
2026-09-23T12:13:59Z,2.18,0
2026-09-23T12:14:59Z,1.92,0
2026-09-23T12:16:59Z,1.92,0
2026-09-23T12:17:59Z,2.18,0
2026-09-23T12:18:59Z,1.92,0
2026-09-23T12:19:59Z,1.92,0
2026-09-23T12:20:59Z,1.92,0
2026-09-23T12:21:59Z,2.18,0
2026-09-23T12:23:59Z,1.92,0
2026-09-23T12:24:59Z,1.92,0
2026-09-23T12:25:59Z,1.92,0
2026-09-23T12:26:59Z,1.66,0
2026-09-23T12:27:59Z,1.92,0
2026-09-23T12:28:59Z,1.92,
2026-09-23T12:30:59Z,,0
2026-09-23T12:31:59Z,1.92,0
2026-09-23T12:32:59Z,1.92,0
2026-09-23T12:33:59Z,1.92,0
2026-09-23T12:34:59Z,2.18,0
2026-09-23T12:35:59Z,1.92,
2026-09-23T12:36:59Z,,0
2026-09-23T12:37:59Z,1.92,0
2026-09-23T12:38:59Z,1.92,0
2026-09-23T12:39:59Z,1.92,0
2026-09-23T12:40:59Z,2.18,0
2026-09-23T12:41:59Z,2.18,0
2026-09-23T12:43:59Z,1.92,0
2026-09-23T12:44:59Z,1.92,0
2026-09-23T12:45:59Z,1.92,0
2026-09-23T12:46:59Z,1.92,0
2026-09-23T12:47:59Z,1.92,0
2026-09-23T12:50:59Z,1.92,0
2026-09-23T12:51:59Z,1.92,0
2026-09-23T12:52:59Z,1.92,0
2026-09-23T12:53:59Z,1.92,0
2026-09-23T12:54:59Z,1.92,0
2026-09-23T12:57:59Z,1.92,0
2026-09-23T12:58:59Z,1.92,0
2026-09-23T12:59:59Z,1.92,0
2026-09-23T13:00:59Z,1.92,0
2026-09-23T13:01:59Z,1.92,0
2026-09-23T13:04:59Z,1.92,0
2026-09-23T13:05:59Z,1.92,0
2026-09-23T13:06:59Z,1.92,0
2026-09-23T13:07:59Z,1.92,0
2026-09-23T13:08:59Z,1.92,0
2026-09-23T13:12:59Z,1.92,0
2026-09-23T13:13:59Z,1.92,0
2026-09-23T13:14:59Z,1.92,0
2026-09-23T13:15:59Z,1.92,0
2026-09-23T13:16:59Z,1.92,0
2026-09-23T13:18:59Z,1.92,0
2026-09-23T13:19:59Z,1.92,0
2026-09-23T13:20:59Z,1.92,0
2026-09-23T13:21:59Z,1.92,0
2026-09-23T13:22:59Z,1.92,0
2026-09-23T13:25:59Z,1.92,0
2026-09-23T13:26:59Z,1.92,0
2026-09-23T13:27:59Z,1.92,0
2026-09-23T13:28:59Z,1.92,0
2026-09-23T13:29:59Z,1.92,0
2026-09-23T13:30:59Z,,0
2026-09-23T13:33:59Z,1.92,0
2026-09-23T13:34:59Z,1.92,0
2026-09-23T13:35:59Z,1.92,0
2026-09-23T13:36:59Z,1.92,0
2026-09-23T13:37:59Z,1.66,0
2026-09-23T13:39:59Z,1.66,0
2026-09-23T13:40:59Z,1.92,0
2026-09-23T13:41:59Z,1.92,0
2026-09-23T13:42:59Z,1.92,0
2026-09-23T13:43:59Z,1.92,0
2026-09-23T13:44:59Z,,0
2026-09-23T13:46:59Z,1.66,0
2026-09-23T13:47:59Z,1.92,0
2026-09-23T13:48:59Z,1.92,0
2026-09-23T13:49:59Z,1.92,0
2026-09-23T13:50:59Z,1.92,0
2026-09-23T13:51:59Z,,0
2026-09-23T13:53:59Z,1.92,0
2026-09-23T13:54:59Z,1.92,0
2026-09-23T13:55:59Z,1.66,0
2026-09-23T13:56:59Z,1.92,0
2026-09-23T13:57:59Z,1.92,0
2026-09-23T14:01:59Z,1.92,0
2026-09-23T14:02:59Z,1.92,0
2026-09-23T14:03:59Z,1.92,0
2026-09-23T14:04:59Z,1.92,0
2026-09-23T14:05:59Z,1.92,0
2026-09-23T14:06:59Z,1.92,0
2026-09-23T14:07:59Z,1.92,0
2026-09-23T14:08:59Z,1.92,0
2026-09-23T14:09:59Z,1.92,0
2026-09-23T14:12:59Z,1.92,0
2026-09-23T14:13:59Z,1.92,0
2026-09-23T14:14:59Z,1.92,0
2026-09-23T14:15:59Z,1.92,0
2026-09-23T14:16:59Z,1.92,0
2026-09-23T14:19:59Z,1.92,0
2026-09-23T14:20:59Z,1.92,0
2026-09-23T14:21:59Z,1.92,0
2026-09-23T14:22:59Z,1.92,0
2026-09-23T14:23:59Z,1.92,0
2026-09-23T14:26:59Z,1.92,0
2026-09-23T14:27:59Z,1.92,0
2026-09-23T14:28:59Z,1.92,0
2026-09-23T14:29:59Z,2.18,0
2026-09-23T14:30:59Z,1.92,0
2026-09-23T14:33:59Z,1.92,0
2026-09-23T14:34:59Z,1.92,0
2026-09-23T14:35:59Z,1.92,0
2026-09-23T14:36:59Z,1.92,0
2026-09-23T14:37:59Z,1.92,0
2026-09-23T14:40:59Z,1.92,0
2026-09-23T14:41:59Z,1.92,0
2026-09-23T14:42:59Z,1.92,0
2026-09-23T14:43:59Z,1.92,0
2026-09-23T14:44:59Z,1.92,0
2026-09-23T14:46:59Z,1.92,0
2026-09-23T14:47:59Z,1.92,0
2026-09-23T14:48:59Z,1.92,0
2026-09-23T14:49:59Z,1.92,0
2026-09-23T14:50:59Z,1.66,0
2026-09-23T14:51:59Z,1.92,0
2026-09-23T14:53:59Z,1.92,0
2026-09-23T14:54:59Z,1.92,0
2026-09-23T14:55:59Z,1.92,0
2026-09-23T14:56:59Z,1.92,0
2026-09-23T14:57:59Z,1.66,0
2026-09-23T15:01:59Z,1.66,0
2026-09-23T15:02:59Z,1.92,0
2026-09-23T15:03:59Z,1.92,0
2026-09-23T15:04:59Z,1.92,0
2026-09-23T15:05:59Z,1.92,0
2026-09-23T15:08:59Z,1.92,0
2026-09-23T15:09:59Z,1.92,0
2026-09-23T15:10:59Z,1.66,0
2026-09-23T15:11:59Z,1.92,0
2026-09-23T15:12:59Z,1.92,0
2026-09-23T15:14:59Z,1.92,0
2026-09-23T15:15:59Z,1.92,0
2026-09-23T15:16:59Z,1.92,0
2026-09-23T15:17:59Z,1.92,0
2026-09-23T15:18:59Z,1.92,0
2026-09-23T15:22:59Z,1.92,0
2026-09-23T15:23:59Z,1.92,0
2026-09-23T15:24:59Z,1.66,0
2026-09-23T15:25:59Z,1.92,0
2026-09-23T15:26:59Z,1.92,0
2026-09-23T15:28:59Z,1.66,0
2026-09-23T15:29:59Z,1.66,0
2026-09-23T15:30:59Z,1.92,0
2026-09-23T15:31:59Z,1.92,0
2026-09-23T15:32:59Z,1.92,0
2026-09-23T15:34:59Z,,0
2026-09-23T15:35:59Z,1.92,0
2026-09-23T15:36:59Z,1.92,0
2026-09-23T15:37:59Z,1.92,0
2026-09-23T15:38:59Z,1.92,0
2026-09-23T15:39:59Z,1.92,0
2026-09-23T15:42:59Z,1.66,0
2026-09-23T15:43:59Z,1.66,0
2026-09-23T15:44:59Z,1.92,0
2026-09-23T15:45:59Z,1.92,0
2026-09-23T15:46:59Z,1.92,0
2026-09-23T15:49:59Z,1.66,
2026-09-23T15:50:59Z,1.66,0
2026-09-23T15:51:59Z,1.92,0
2026-09-23T15:52:59Z,1.66,0
2026-09-23T15:53:59Z,1.66,0
2026-09-23T15:54:59Z,1.92,0
2026-09-23T15:57:59Z,1.92,0
2026-09-23T15:58:59Z,1.92,0
2026-09-23T15:59:59Z,1.92,0
2026-09-23T16:00:59Z,1.66,0
2026-09-23T16:01:59Z,1.92,0
2026-09-23T16:04:59Z,1.66,0
2026-09-23T16:05:59Z,1.92,0
2026-09-23T16:06:59Z,2.18,0
2026-09-23T16:07:59Z,2.18,0
2026-09-23T16:08:59Z,2.18,0
2026-09-23T16:09:59Z,1.92,0
2026-09-23T16:11:59Z,1.92,
2026-09-23T16:12:59Z,1.92,0
2026-09-23T16:13:59Z,1.92,0
2026-09-23T16:14:59Z,1.92,0
2026-09-23T16:15:59Z,1.92,0
2026-09-23T16:16:59Z,1.92,0
2026-09-23T16:18:59Z,1.92,0
2026-09-23T16:19:59Z,1.92,0
2026-09-23T16:20:59Z,1.92,0
2026-09-23T16:21:59Z,1.92,0
2026-09-23T16:22:59Z,1.92,0
2026-09-23T16:24:59Z,1.66,
2026-09-23T16:25:59Z,1.92,0
2026-09-23T16:26:59Z,1.92,0
2026-09-23T16:27:59Z,1.92,0
2026-09-23T16:28:59Z,1.92,0
2026-09-23T16:29:59Z,1.92,0
2026-09-23T16:32:59Z,1.92,0
2026-09-23T16:33:59Z,1.92,0
2026-09-23T16:34:59Z,1.92,0
2026-09-23T16:35:59Z,1.92,0
2026-09-23T16:36:59Z,1.92,0
2026-09-23T16:38:59Z,1.92,0
2026-09-23T16:39:59Z,1.92,0
2026-09-23T16:40:59Z,1.92,0
2026-09-23T16:41:59Z,1.66,0
2026-09-23T16:42:59Z,1.92,0
2026-09-23T16:44:59Z,1.92,0
2026-09-23T16:45:59Z,1.92,0
2026-09-23T16:46:59Z,1.92,0
2026-09-23T16:47:59Z,1.66,0
2026-09-23T16:48:59Z,1.66,0
2026-09-23T16:49:59Z,1.92,
2026-09-23T16:51:59Z,,0
2026-09-23T16:52:59Z,1.92,0
2026-09-23T16:53:59Z,1.66,0
2026-09-23T16:54:59Z,1.66,0
2026-09-23T16:55:59Z,1.66,0
2026-09-23T16:56:59Z,1.66,0
2026-09-23T16:59:59Z,1.92,0
2026-09-23T17:00:59Z,1.92,0
2026-09-23T17:01:59Z,1.92,0
2026-09-23T17:02:59Z,1.92,0
2026-09-23T17:03:59Z,1.92,0
2026-09-23T17:04:59Z,1.92,
2026-09-23T17:06:59Z,,0
2026-09-23T17:07:59Z,1.92,0
2026-09-23T17:08:59Z,1.92,0
2026-09-23T17:09:59Z,1.92,0
2026-09-23T17:10:59Z,1.92,0
2026-09-23T17:11:59Z,1.92,
2026-09-23T17:13:59Z,,0
2026-09-23T17:14:59Z,1.92,0
2026-09-23T17:15:59Z,1.92,0
2026-09-23T17:16:59Z,1.92,0
2026-09-23T17:17:59Z,1.92,0
2026-09-23T17:18:59Z,1.92,
2026-09-23T17:20:59Z,,0
2026-09-23T17:21:59Z,1.92,0
2026-09-23T17:22:59Z,1.92,0
2026-09-23T17:23:59Z,1.92,0
2026-09-23T17:24:59Z,1.66,0
2026-09-23T17:25:59Z,1.66,
2026-09-23T17:27:59Z,1.92,0
2026-09-23T17:28:59Z,1.92,0
2026-09-23T17:29:59Z,1.92,0
2026-09-23T17:30:59Z,1.66,0
2026-09-23T17:31:59Z,1.66,0
2026-09-23T17:32:59Z,1.66,0
2026-09-23T17:33:59Z,1.92,0
2026-09-23T17:34:59Z,1.66,0
2026-09-23T17:35:59Z,1.66,0
2026-09-23T17:36:59Z,1.92,0
2026-09-23T17:37:59Z,1.92,
2026-09-23T17:38:59Z,,0
2026-09-23T17:39:59Z,1.66,0
2026-09-23T17:40:59Z,1.66,0
2026-09-23T17:41:59Z,1.66,0
2026-09-23T17:42:59Z,1.66,0
2026-09-23T17:43:59Z,1.66,
2026-09-23T17:44:59Z,1.66,
2026-09-23T17:46:59Z,,0
2026-09-23T17:47:59Z,1.66,0
2026-09-23T17:48:59Z,1.92,0
2026-09-23T17:49:59Z,1.92,0
2026-09-23T17:50:59Z,1.92,0
2026-09-23T17:51:59Z,1.92,
2026-09-23T17:53:59Z,,0
2026-09-23T17:54:59Z,,0
2026-09-23T17:55:59Z,1.92,0
2026-09-23T17:56:59Z,1.66,0
2026-09-23T17:57:59Z,1.66,0
2026-09-23T17:58:59Z,1.66,0
2026-09-23T17:59:59Z,1.66,0
2026-09-23T18:00:59Z,1.66,0
2026-09-23T18:04:59Z,,0
2026-09-23T18:05:59Z,,0
2026-09-23T18:06:59Z,1.92,0
2026-09-23T18:07:59Z,1.92,0
2026-09-23T18:08:59Z,1.92,0
2026-09-23T18:09:59Z,1.66,0
2026-09-23T18:10:59Z,1.66,
2026-09-23T18:12:59Z,1.66,0
2026-09-23T18:13:59Z,1.92,0
2026-09-23T18:14:59Z,1.66,0
2026-09-23T18:15:59Z,1.92,0
2026-09-23T18:16:59Z,1.92,0
2026-09-23T18:18:59Z,,0
2026-09-23T18:19:59Z,1.92,0
2026-09-23T18:20:59Z,1.92,0
2026-09-23T18:21:59Z,1.92,0
2026-09-23T18:22:59Z,1.92,0
2026-09-23T18:23:59Z,1.92,
2026-09-23T18:25:59Z,,0
2026-09-23T18:26:59Z,1.92,0
2026-09-23T18:27:59Z,1.66,0
2026-09-23T18:28:59Z,1.92,0
2026-09-23T18:29:59Z,1.92,0
2026-09-23T18:30:59Z,1.66,
2026-09-23T18:32:59Z,1.92,0
2026-09-23T18:33:59Z,1.92,0
2026-09-23T18:34:59Z,1.92,0
2026-09-23T18:35:59Z,1.92,0
2026-09-23T18:36:59Z,1.92,0
2026-09-23T18:38:59Z,1.92,0
2026-09-23T18:39:59Z,1.92,0
2026-09-23T18:40:59Z,1.92,0
2026-09-23T18:41:59Z,1.66,0
2026-09-23T18:42:59Z,1.66,0
2026-09-23T18:44:59Z,1.66,0
2026-09-23T18:45:59Z,1.92,0
2026-09-23T18:46:59Z,1.66,0
2026-09-23T18:47:59Z,1.66,0
2026-09-23T18:48:59Z,1.92,0
2026-09-23T18:51:59Z,1.92,0
2026-09-23T18:52:59Z,1.66,0
2026-09-23T18:53:59Z,1.66,0
2026-09-23T18:54:59Z,1.92,0
2026-09-23T18:55:59Z,1.92,0
2026-09-23T18:58:59Z,1.92,0
2026-09-23T18:59:59Z,1.66,0
2026-09-23T19:00:59Z,1.66,0
2026-09-23T19:01:59Z,1.66,0
2026-09-23T19:02:59Z,1.92,0
2026-09-23T19:04:59Z,1.92,0
2026-09-23T19:05:59Z,1.92,0
2026-09-23T19:06:59Z,1.66,0
2026-09-23T19:07:59Z,1.66,0
2026-09-23T19:08:59Z,1.92,0
2026-09-23T19:11:59Z,1.92,0
2026-09-23T19:12:59Z,1.66,0
2026-09-23T19:13:59Z,1.92,0
2026-09-23T19:14:59Z,1.92,0
2026-09-23T19:15:59Z,1.92,0
2026-09-23T19:17:59Z,,0
2026-09-23T19:18:59Z,1.66,0
2026-09-23T19:19:59Z,1.66,0
2026-09-23T19:20:59Z,1.66,0
2026-09-23T19:21:59Z,1.92,0
2026-09-23T19:22:59Z,1.92,
2026-09-23T19:24:59Z,1.66,0
2026-09-23T19:25:59Z,1.92,0
2026-09-23T19:26:59Z,1.66,0
2026-09-23T19:27:59Z,1.92,0
2026-09-23T19:28:59Z,1.92,0
2026-09-23T19:29:59Z,1.66,
2026-09-23T19:31:59Z,,0
2026-09-23T19:32:59Z,1.92,0
2026-09-23T19:33:59Z,1.66,0
2026-09-23T19:34:59Z,1.92,0
2026-09-23T19:35:59Z,1.92,0
2026-09-23T19:36:59Z,1.92,0
2026-09-23T19:38:59Z,1.92,
2026-09-23T19:39:59Z,1.92,0
2026-09-23T19:40:59Z,1.66,0
2026-09-23T19:41:59Z,1.92,0
2026-09-23T19:42:59Z,1.66,0
2026-09-23T19:43:59Z,,0
2026-09-23T19:45:59Z,1.66,0
2026-09-23T19:46:59Z,1.66,0
2026-09-23T19:47:59Z,1.66,0
2026-09-23T19:48:59Z,1.92,0
2026-09-23T19:49:59Z,1.92,0
2026-09-23T19:50:59Z,,0
2026-09-23T19:52:59Z,1.92,0
2026-09-23T19:53:59Z,1.92,0
2026-09-23T19:54:59Z,1.66,0
2026-09-23T19:55:59Z,1.92,0
2026-09-23T19:56:59Z,1.92,0
2026-09-23T19:59:59Z,1.92,
2026-09-23T20:00:59Z,1.66,0
2026-09-23T20:01:59Z,1.92,0
2026-09-23T20:02:59Z,1.92,0
2026-09-23T20:03:59Z,1.92,0
2026-09-23T20:04:59Z,1.92,0
2026-09-23T20:07:59Z,1.92,0
2026-09-23T20:08:59Z,1.92,0
2026-09-23T20:09:59Z,1.66,0
2026-09-23T20:10:59Z,1.92,0
2026-09-23T20:11:59Z,1.92,0
2026-09-23T20:13:59Z,1.92,
2026-09-23T20:14:59Z,1.92,0
2026-09-23T20:15:59Z,1.92,0
2026-09-23T20:16:59Z,1.92,0
2026-09-23T20:17:59Z,1.92,0
2026-09-23T20:18:59Z,,0
2026-09-23T20:20:59Z,1.66,
2026-09-23T20:21:59Z,1.92,0
2026-09-23T20:22:59Z,1.92,0
2026-09-23T20:23:59Z,1.92,0
2026-09-23T20:24:59Z,1.92,0
2026-09-23T20:25:59Z,1.92,0
2026-09-23T20:26:59Z,,0
2026-09-23T20:28:59Z,1.66,
2026-09-23T20:29:59Z,1.92,0
2026-09-23T20:30:59Z,1.92,0
2026-09-23T20:31:59Z,1.92,0
2026-09-23T20:32:59Z,1.66,0
2026-09-23T20:33:59Z,,0
2026-09-23T20:34:59Z,1.66,
2026-09-23T20:35:59Z,1.92,0
2026-09-23T20:36:59Z,1.92,0
2026-09-23T20:37:59Z,1.92,0
2026-09-23T20:38:59Z,1.92,0
2026-09-23T20:39:59Z,1.92,0
2026-09-23T20:40:59Z,,0
2026-09-23T20:42:59Z,1.92,0
2026-09-23T20:43:59Z,1.92,0
2026-09-23T20:44:59Z,1.92,0
2026-09-23T20:45:59Z,1.66,0
2026-09-23T20:46:59Z,1.66,0
2026-09-23T20:48:59Z,1.92,
2026-09-23T20:49:59Z,1.92,0
2026-09-23T20:50:59Z,1.92,0
2026-09-23T20:51:59Z,1.92,0
2026-09-23T20:52:59Z,1.92,0
2026-09-23T20:53:59Z,1.92,0
2026-09-23T20:54:59Z,,0
2026-09-23T20:55:59Z,1.92,
2026-09-23T20:56:59Z,1.92,0
2026-09-23T20:57:59Z,1.92,0
2026-09-23T20:58:59Z,1.92,0
2026-09-23T20:59:59Z,1.66,0
2026-09-23T21:00:59Z,1.66,0
2026-09-23T21:01:59Z,,0
2026-09-23T21:03:59Z,1.92,0
2026-09-23T21:04:59Z,1.92,0
2026-09-23T21:05:59Z,1.92,0
2026-09-23T21:06:59Z,1.92,0
2026-09-23T21:07:59Z,1.92,0
2026-09-23T21:11:59Z,1.92,0
2026-09-23T21:12:59Z,1.92,0
2026-09-23T21:13:59Z,1.92,0
2026-09-23T21:14:59Z,1.92,0
2026-09-23T21:15:59Z,1.92,0
2026-09-23T21:18:59Z,1.92,0
2026-09-23T21:19:59Z,1.92,0
2026-09-23T21:20:59Z,1.92,0
2026-09-23T21:21:59Z,1.66,0
2026-09-23T21:22:59Z,1.66,0
2026-09-23T21:24:59Z,1.92,0
2026-09-23T21:25:59Z,1.92,0
2026-09-23T21:26:59Z,1.92,0
2026-09-23T21:27:59Z,1.92,0
2026-09-23T21:28:59Z,1.92,0
2026-09-23T21:29:59Z,1.92,0
2026-09-23T21:32:59Z,1.92,0
2026-09-23T21:33:59Z,1.92,0
2026-09-23T21:34:59Z,1.92,0
2026-09-23T21:35:59Z,1.92,0
2026-09-23T21:36:59Z,1.92,0
2026-09-23T21:38:59Z,,0
2026-09-23T21:39:59Z,1.92,0
2026-09-23T21:40:59Z,1.92,0
2026-09-23T21:41:59Z,1.92,0
2026-09-23T21:42:59Z,1.92,0
2026-09-23T21:43:59Z,1.92,0
2026-09-23T21:45:59Z,1.92,0
2026-09-23T21:46:59Z,1.92,0
2026-09-23T21:47:59Z,1.92,0
2026-09-23T21:48:59Z,1.92,0
2026-09-23T21:49:59Z,1.92,0
2026-09-23T21:50:59Z,1.92,
2026-09-23T21:52:59Z,1.92,0
2026-09-23T21:53:59Z,1.66,0
2026-09-23T21:54:59Z,1.66,0
2026-09-23T21:55:59Z,1.92,0
2026-09-23T21:56:59Z,1.92,0
2026-09-23T21:57:59Z,2.18,0
2026-09-23T21:58:59Z,2.18,0
2026-09-23T21:59:59Z,1.92,0
2026-09-23T22:00:59Z,1.92,0
2026-09-23T22:01:59Z,1.92,0
2026-09-23T22:03:59Z,1.92,0
2026-09-23T22:04:59Z,1.92,0
2026-09-23T22:05:59Z,1.92,0
2026-09-23T22:06:59Z,1.92,0
2026-09-23T22:07:59Z,1.92,0
2026-09-23T22:09:59Z,1.92,
2026-09-23T22:10:59Z,1.92,0
2026-09-23T22:11:59Z,1.92,0
2026-09-23T22:12:59Z,1.92,0
2026-09-23T22:13:59Z,1.92,0
2026-09-23T22:14:59Z,1.92,0
2026-09-23T22:17:59Z,1.92,0
2026-09-23T22:18:59Z,1.92,0
2026-09-23T22:19:59Z,1.92,0
2026-09-23T22:20:59Z,1.92,0
2026-09-23T22:21:59Z,1.92,0
2026-09-23T22:23:59Z,1.92,0
2026-09-23T22:24:59Z,1.92,0
2026-09-23T22:25:59Z,1.92,0
2026-09-23T22:26:59Z,1.92,0
2026-09-23T22:27:59Z,1.92,0
2026-09-23T22:30:59Z,1.92,0
2026-09-23T22:31:59Z,1.92,0
2026-09-23T22:32:59Z,1.92,0
2026-09-23T22:33:59Z,1.92,0
2026-09-23T22:34:59Z,1.92,0
2026-09-23T22:36:59Z,1.92,0
2026-09-23T22:37:59Z,1.92,0
2026-09-23T22:38:59Z,1.92,0
2026-09-23T22:39:59Z,1.92,0
2026-09-23T22:40:59Z,1.92,0
2026-09-23T22:42:59Z,1.92,0
2026-09-23T22:43:59Z,1.92,0
2026-09-23T22:44:59Z,1.92,0
2026-09-23T22:45:59Z,1.92,0
2026-09-23T22:46:59Z,1.92,0
2026-09-23T22:49:59Z,1.92,0
2026-09-23T22:50:59Z,1.92,0
2026-09-23T22:51:59Z,1.92,0
2026-09-23T22:52:59Z,1.92,0
2026-09-23T22:53:59Z,1.92,0
2026-09-23T22:54:59Z,1.92,0
2026-09-23T22:55:59Z,1.92,0
2026-09-23T22:56:59Z,2.18,0
2026-09-23T22:57:59Z,1.92,0
2026-09-23T23:00:59Z,1.92,0
2026-09-23T23:01:59Z,1.92,0
2026-09-23T23:02:59Z,1.92,0
2026-09-23T23:03:59Z,1.92,0
2026-09-23T23:04:59Z,1.92,0
2026-09-23T23:06:59Z,1.92,0
2026-09-23T23:07:59Z,1.92,0
2026-09-23T23:08:59Z,1.92,0
2026-09-23T23:09:59Z,1.92,0
2026-09-23T23:10:59Z,1.92,0
2026-09-23T23:11:59Z,,0
2026-09-23T23:12:59Z,1.92,0
2026-09-23T23:13:59Z,1.92,0
2026-09-23T23:14:59Z,2.18,0
2026-09-23T23:15:59Z,2.18,0
2026-09-23T23:16:59Z,1.92,0
2026-09-23T23:17:59Z,,0
2026-09-23T23:18:59Z,2.18,
2026-09-23T23:19:59Z,2.18,0
2026-09-23T23:20:59Z,1.66,0
2026-09-23T23:21:59Z,1.92,0
2026-09-23T23:22:59Z,1.92,0
2026-09-23T23:23:59Z,,0
2026-09-23T23:24:59Z,1.92,
2026-09-23T23:25:59Z,1.92,0
2026-09-23T23:26:59Z,1.92,0
2026-09-23T23:27:59Z,1.92,0
2026-09-23T23:28:59Z,1.92,0
2026-09-23T23:29:59Z,,0
2026-09-23T23:31:59Z,1.92,
2026-09-23T23:32:59Z,1.92,0
2026-09-23T23:33:59Z,1.92,0
2026-09-23T23:34:59Z,1.92,0
2026-09-23T23:35:59Z,1.92,0
2026-09-23T23:36:59Z,1.66,0
2026-09-23T23:37:59Z,1.92,0
2026-09-23T23:38:59Z,1.92,0
2026-09-23T23:39:59Z,1.92,0
2026-09-23T23:40:59Z,1.92,0
2026-09-23T23:41:59Z,1.92,0
2026-09-23T23:43:59Z,1.92,0
2026-09-23T23:44:59Z,1.92,0
2026-09-23T23:45:59Z,1.92,0
2026-09-23T23:46:59Z,1.92,0
2026-09-23T23:47:59Z,1.92,0
