time_utc,PM2.5,Relative humidity
2026-08-07T16:00:29Z,5.63,66.61
2026-08-07T16:01:29Z,5.67,67.28
2026-08-07T16:02:29Z,5.67,67.43
2026-08-07T16:03:29Z,5.68,67.57
2026-08-07T16:04:29Z,5.69,67.69
2026-08-07T16:05:29Z,5.7,67.83
2026-08-07T16:06:29Z,5.7,67.84
2026-08-07T16:07:29Z,5.72,68.26
2026-08-07T16:08:29Z,5.74,68.55
2026-08-07T16:09:29Z,5.75,68.67
2026-08-07T16:10:29Z,5.77,69.05
2026-08-07T16:11:29Z,5.79,69.3
2026-08-07T16:12:29Z,5.8,69.47
2026-08-07T16:13:29Z,5.82,69.9
2026-08-07T16:14:29Z,5.84,70.26
2026-08-07T16:15:29Z,5.85,70.43
2026-08-07T16:16:29Z,5.87,70.69
2026-08-07T16:17:29Z,5.88,70.97
2026-08-07T16:18:29Z,5.9,71.17
2026-08-07T16:19:29Z,5.9,71.26
2026-08-07T16:20:29Z,5.91,71.48
2026-08-07T16:21:29Z,5.91,71.34
2026-08-07T16:22:29Z,5.91,71.43
2026-08-07T16:23:29Z,5.92,71.64
2026-08-07T16:24:29Z,5.94,71.83
2026-08-07T16:25:29Z,5.95,72.06
2026-08-07T16:26:29Z,5.95,72.02
2026-08-07T16:27:29Z,5.95,72.06
2026-08-07T16:28:29Z,5.95,72.15
2026-08-07T16:29:29Z,5.96,72.18
2026-08-07T16:30:29Z,5.96,72.24
2026-08-07T16:31:29Z,5.96,72.31
2026-08-07T16:32:29Z,5.96,72.22
2026-08-07T16:33:29Z,5.96,72.26
2026-08-07T16:34:29Z,5.96,72.23
2026-08-07T16:35:29Z,5.98,72.64
2026-08-07T16:36:29Z,5.97,72.43
2026-08-07T16:37:29Z,5.97,72.4
2026-08-07T16:38:29Z,5.96,72.26
2026-08-07T16:39:29Z,5.95,72.12
2026-08-07T16:40:29Z,5.94,71.88
2026-08-07T16:41:29Z,5.93,71.77
2026-08-07T16:42:29Z,5.93,71.81
2026-08-07T16:43:29Z,5.93,71.68
2026-08-07T16:44:29Z,5.92,71.59
2026-08-07T16:45:29Z,5.93,71.67
2026-08-07T16:46:29Z,5.93,71.8
2026-08-07T16:47:29Z,5.94,71.84
2026-08-07T16:48:29Z,5.93,71.75
2026-08-07T16:49:29Z,5.93,71.73
2026-08-07T16:50:29Z,5.91,71.37
2026-08-07T16:51:29Z,5.91,71.32
2026-08-07T16:52:29Z,5.92,71.56
2026-08-07T16:53:29Z,5.91,71.34
2026-08-07T16:54:29Z,5.9,71.26
2026-08-07T16:55:29Z,5.9,71.15
2026-08-07T16:56:29Z,5.88,70.88
2026-08-07T16:57:29Z,5.84,70.28
2026-08-07T16:58:29Z,5.82,69.85
2026-08-07T16:59:29Z,5.81,69.7
2026-08-07T17:00:29Z,5.81,69.72
2026-08-07T17:01:29Z,5.81,69.76
2026-08-07T17:02:29Z,5.83,70.02
2026-08-07T17:03:29Z,5.83,70.11
2026-08-07T17:04:29Z,5.84,70.28
2026-08-07T17:05:29Z,5.85,70.43
2026-08-07T17:06:29Z,5.85,70.36
2026-08-07T17:07:29Z,5.84,70.27
2026-08-07T17:08:29Z,5.86,70.59
2026-08-07T17:09:29Z,5.88,70.84
2026-08-07T17:10:29Z,5.89,71.04
2026-08-07T17:11:29Z,5.9,71.26
2026-08-07T17:12:29Z,5.91,71.35
2026-08-07T17:13:29Z,5.91,71.32
2026-08-07T17:14:29Z,5.93,71.66
2026-08-07T17:15:29Z,5.93,71.69
2026-08-07T17:16:29Z,5.94,71.89
2026-08-07T17:17:29Z,5.95,71.99
2026-08-07T17:18:29Z,5.95,72.06
2026-08-07T17:19:29Z,5.96,72.18
2026-08-07T17:20:29Z,5.96,72.27
2026-08-07T17:21:29Z,5.95,72.15
2026-08-07T17:22:29Z,5.94,71.95
2026-08-07T17:23:29Z,5.93,71.74
2026-08-07T17:24:29Z,5.94,71.86
2026-08-07T17:25:29Z,5.95,71.99
2026-08-07T17:26:29Z,5.95,72.01
2026-08-07T17:27:29Z,5.94,71.98
2026-08-07T17:28:29Z,5.94,71.98
2026-08-07T17:29:29Z,5.94,71.92
2026-08-07T17:30:29Z,5.95,72.09
2026-08-07T17:31:29Z,5.96,72.16
2026-08-07T17:32:29Z,5.96,72.18
2026-08-07T17:33:29Z,5.97,72.36
2026-08-07T17:34:29Z,5.97,72.39
2026-08-07T17:35:29Z,5.98,72.63
2026-08-07T17:36:29Z,5.98,72.53
2026-08-07T17:37:29Z,5.99,72.67
2026-08-07T17:38:29Z,5.98,72.57
2026-08-07T17:39:29Z,5.98,72.57
2026-08-07T17:40:29Z,5.97,72.48
2026-08-07T17:41:29Z,5.97,72.46
2026-08-07T17:42:29Z,5.98,72.52
2026-08-07T17:43:29Z,5.98,72.62
2026-08-07T17:44:29Z,5.99,72.78
2026-08-07T17:45:29Z,5.99,72.69
2026-08-07T17:46:29Z,5.99,72.79
2026-08-07T17:47:29Z,6.01,73.01
2026-08-07T17:48:29Z,6.01,73.14
2026-08-07T17:49:29Z,6.03,73.34
2026-08-07T17:50:29Z,6.03,73.45
2026-08-07T17:51:29Z,6.05,73.77
2026-08-07T17:52:29Z,6.06,73.84
2026-08-07T17:53:29Z,6.06,73.99
2026-08-07T17:54:29Z,6.99,74.29
2026-08-07T17:55:29Z,6.09,74.48
2026-08-07T17:56:29Z,7.02,74.72
2026-08-07T17:57:29Z,7.02,74.82
2026-08-07T17:58:29Z,7.02,74.84
2026-08-07T17:59:29Z,7.03,74.88
2026-08-07T18:00:29Z,7.03,74.95
2026-08-07T18:01:29Z,6.12,74.87
2026-08-07T18:02:29Z,6.11,74.69
2026-08-07T18:03:29Z,6.1,74.51
2026-08-07T18:04:29Z,6.1,74.54
2026-08-07T18:05:29Z,6.1,74.54
2026-08-07T18:06:29Z,7.01,74.65
2026-08-07T18:07:29Z,6.1,74.54
2026-08-07T18:08:29Z,7.02,74.73
2026-08-07T18:09:29Z,6.11,74.83
2026-08-07T18:10:29Z,6.11,74.75
2026-08-07T18:11:29Z,6.11,74.7
2026-08-07T18:12:29Z,6.11,74.69
2026-08-07T18:13:29Z,6.11,74.7
2026-08-07T18:14:29Z,6.11,74.77
2026-08-07T18:15:29Z,6.11,74.79
2026-08-07T18:16:29Z,6.1,74.61
2026-08-07T18:17:29Z,6.11,74.82
2026-08-07T18:18:29Z,6.11,74.74
2026-08-07T18:19:29Z,6.11,74.82
2026-08-07T18:20:29Z,6.12,74.87
2026-08-07T18:21:29Z,6.12,74.93
2026-08-07T18:22:29Z,6.13,75.02
2026-08-07T18:23:29Z,6.14,75.27
2026-08-07T18:24:29Z,6.13,75.14
2026-08-07T18:25:29Z,6.12,74.92
2026-08-07T18:26:29Z,6.11,74.68
2026-08-07T18:27:29Z,6.11,74.74
2026-08-07T18:28:29Z,6.12,74.85
2026-08-07T18:29:29Z,6.12,74.87
2026-08-07T18:30:29Z,6.11,74.8
2026-08-07T18:31:29Z,6.11,74.84
2026-08-07T18:32:29Z,6.08,74.21
2026-08-07T18:33:29Z,6.08,74.27
2026-08-07T18:34:29Z,6.08,74.21
2026-08-07T18:35:29Z,6.08,74.32
2026-08-07T18:36:29Z,6.08,74.29
2026-08-07T18:37:29Z,6.07,74.13
2026-08-07T18:38:29Z,6.08,74.3
2026-08-07T18:39:29Z,6.08,74.21
2026-08-07T18:40:29Z,6.08,74.22
2026-08-07T18:41:29Z,6.07,74.09
2026-08-07T18:42:29Z,6.09,74.34
2026-08-07T18:43:29Z,6.09,74.34
2026-08-07T18:44:29Z,6.07,74.01
2026-08-07T18:45:29Z,6.84,73.93
2026-08-07T18:46:29Z,6.04,73.64
2026-08-07T18:47:29Z,6.05,73.69
2026-08-07T18:48:29Z,6.05,73.82
2026-08-07T18:49:29Z,6.05,73.75
2026-08-07T18:50:29Z,6.84,73.85
2026-08-07T18:51:29Z,6.06,73.95
2026-08-07T18:52:29Z,6.07,74.1
2026-08-07T18:53:29Z,6.06,73.95
2026-08-07T18:54:29Z,6.06,73.98
2026-08-07T18:55:29Z,6.05,73.82
2026-08-07T18:56:29Z,6.05,73.77
2026-08-07T18:57:29Z,6.06,73.85
2026-08-07T18:58:29Z,6.05,73.78
2026-08-07T18:59:29Z,6.06,73.94
2026-08-07T19:00:29Z,6.06,73.84
2026-08-07T19:01:29Z,6.05,73.72
2026-08-07T19:02:29Z,6.06,73.84
2026-08-07T19:03:29Z,6.05,73.73
2026-08-07T19:04:29Z,6.05,73.79
2026-08-07T19:05:29Z,6.06,73.89
2026-08-07T19:06:29Z,6.06,73.93
2026-08-07T19:07:29Z,6.08,74.18
2026-08-07T19:08:29Z,6.09,74.43
2026-08-07T19:09:29Z,6.1,74.51
2026-08-07T19:10:29Z,6.11,74.8
2026-08-07T19:11:29Z,6.11,74.81
2026-08-07T19:12:29Z,6.12,74.88
2026-08-07T19:13:29Z,6.14,75.2
2026-08-07T19:14:29Z,6.14,75.31
2026-08-07T19:15:29Z,6.16,75.58
2026-08-07T19:16:29Z,6.17,75.78
2026-08-07T19:17:29Z,6.17,75.84
2026-08-07T19:18:29Z,6.18,75.88
2026-08-07T19:19:29Z,6.18,75.89
2026-08-07T19:20:29Z,6.19,76.08
2026-08-07T19:21:29Z,6.98,76.27
2026-08-07T19:22:29Z,6.21,76.44
2026-08-07T19:23:29Z,6.22,76.55
2026-08-07T19:24:29Z,6.22,76.65
2026-08-07T19:25:29Z,6.23,76.71
2026-08-07T19:26:29Z,6.23,76.78
2026-08-07T19:27:29Z,6.24,76.98
2026-08-07T19:28:29Z,6.25,77.13
2026-08-07T19:29:29Z,6.26,77.27
2026-08-07T19:30:29Z,6.27,77.38
2026-08-07T19:31:29Z,6.27,77.44
2026-08-07T19:32:29Z,6.27,77.44
2026-08-07T19:33:29Z,6.28,77.57
2026-08-07T19:34:29Z,7.07,77.72
2026-08-07T19:35:29Z,7.08,77.9
2026-08-07T19:36:29Z,7.08,77.97
2026-08-07T19:37:29Z,7.09,78.14
2026-08-07T19:38:29Z,7.09,78.11
2026-08-07T19:39:29Z,7.1,78.24
2026-08-07T19:40:29Z,6.33,78.38
2026-08-07T19:41:29Z,6.32,78.35
2026-08-07T19:42:29Z,6.33,78.42
2026-08-07T19:43:29Z,6.33,78.41
2026-08-07T19:44:29Z,6.33,78.51
2026-08-07T19:45:29Z,6.33,78.49
2026-08-07T19:46:29Z,6.32,78.36
2026-08-07T19:47:29Z,6.33,78.41
2026-08-07T19:48:29Z,6.33,78.41
2026-08-07T19:49:29Z,6.32,78.37
2026-08-07T19:50:29Z,6.32,78.36
2026-08-07T19:51:29Z,6.32,78.3
2026-08-07T19:52:29Z,6.32,78.34
2026-08-07T19:53:29Z,6.32,78.32
2026-08-07T19:54:29Z,6.32,78.27
2026-08-07T19:55:29Z,6.32,78.36
2026-08-07T19:56:29Z,6.31,78.17
2026-08-07T19:57:29Z,6.31,78.14
2026-08-07T19:58:29Z,6.31,78.12
2026-08-07T19:59:29Z,6.31,78.14
2026-08-07T20:00:29Z,6.3,77.97
2026-08-07T20:01:29Z,6.3,77.9
2026-08-07T20:02:29Z,6.29,77.77
2026-08-07T20:03:29Z,6.28,77.54
2026-08-07T20:04:29Z,6.27,77.48
2026-08-07T20:05:29Z,6.26,77.28
2026-08-07T20:06:29Z,6.24,76.98
2026-08-07T20:07:29Z,6.24,76.99
2026-08-07T20:08:29Z,6.23,76.82
2026-08-07T20:09:29Z,6.21,76.51
2026-08-07T20:10:29Z,6.2,76.27
2026-08-07T20:11:29Z,6.19,76.1
2026-08-07T20:12:29Z,6.19,76.04
2026-08-07T20:13:29Z,6.18,75.96
2026-08-07T20:14:29Z,6.18,75.86
2026-08-07T20:15:29Z,6.18,75.88
2026-08-07T20:16:29Z,6.17,75.85
2026-08-07T20:17:29Z,6.17,75.81
2026-08-07T20:18:29Z,6.16,75.66
2026-08-07T20:19:29Z,6.16,75.67
2026-08-07T20:20:29Z,6.16,75.6
2026-08-07T20:21:29Z,6.16,75.54
2026-08-07T20:22:29Z,6.14,75.25
2026-08-07T20:23:29Z,6.15,75.38
2026-08-07T20:24:29Z,6.14,75.23
2026-08-07T20:25:29Z,6.13,75.18
2026-08-07T20:26:29Z,6.13,75.14
2026-08-07T20:27:29Z,6.12,75
2026-08-07T20:28:29Z,6.11,74.71
2026-08-07T20:29:29Z,6.1,74.54
2026-08-07T20:30:29Z,6.08,74.18
2026-08-07T20:31:29Z,6.07,74.03
2026-08-07T20:32:29Z,6.04,73.62
2026-08-07T20:33:29Z,6.04,73.52
2026-08-07T20:34:29Z,6,72.99
2026-08-07T20:35:29Z,6.01,73.03
2026-08-07T20:36:29Z,6,72.95
2026-08-07T20:37:29Z,6,72.92
2026-08-07T20:38:29Z,6,72.96
2026-08-07T20:39:29Z,6,72.99
2026-08-07T20:40:29Z,6,72.89
2026-08-07T20:41:29Z,5.99,72.79
2026-08-07T20:42:29Z,5.99,72.72
2026-08-07T20:43:29Z,5.99,72.7
2026-08-07T20:44:29Z,5.99,72.66
2026-08-07T20:45:29Z,5.99,72.7
2026-08-07T20:46:29Z,5.99,72.66
2026-08-07T20:47:29Z,5.97,72.44
2026-08-07T20:48:29Z,5.97,72.4
2026-08-07T20:49:29Z,5.96,72.28
2026-08-07T20:50:29Z,5.96,72.17
2026-08-07T20:51:29Z,5.94,71.93
2026-08-07T20:52:29Z,5.93,71.7
2026-08-07T20:53:29Z,5.92,71.6
2026-08-07T20:54:29Z,5.91,71.41
2026-08-07T20:55:29Z,5.9,71.19
2026-08-07T20:56:29Z,5.88,70.84
2026-08-07T20:57:29Z,5.87,70.66
2026-08-07T20:58:29Z,5.86,70.49
2026-08-07T20:59:29Z,5.84,70.25
2026-08-07T21:00:29Z,5.83,70.01
2026-08-07T21:01:29Z,5.82,69.84
2026-08-07T21:02:29Z,5.82,69.8
2026-08-07T21:03:29Z,5.8,69.52
2026-08-07T21:04:29Z,5.78,69.27
2026-08-07T21:05:29Z,5.77,68.97
2026-08-07T21:06:29Z,5.76,68.89
2026-08-07T21:07:29Z,5.75,68.72
2026-08-07T21:08:29Z,5.75,68.63
2026-08-07T21:09:29Z,5.73,68.33
2026-08-07T21:10:29Z,5.72,68.27
2026-08-07T21:11:29Z,5.73,68.37
2026-08-07T21:12:29Z,5.72,68.14
2026-08-07T21:13:29Z,5.71,68.07
2026-08-07T21:14:29Z,5.7,67.9
2026-08-07T21:15:29Z,5.7,67.86
2026-08-07T21:16:29Z,5.7,67.8
2026-08-07T21:17:29Z,5.69,67.64
2026-08-07T21:18:29Z,5.7,67.91
2026-08-07T21:19:29Z,5.67,67.41
2026-08-07T21:20:29Z,5.67,67.31
2026-08-07T21:21:29Z,5.68,67.49
2026-08-07T21:22:29Z,5.67,67.44
2026-08-07T21:23:29Z,5.67,67.38
2026-08-07T21:24:29Z,5.68,67.56
2026-08-07T21:25:29Z,5.68,67.48
2026-08-07T21:26:29Z,5.69,67.74
2026-08-07T21:27:29Z,5.68,67.45
2026-08-07T21:28:29Z,5.67,67.4
2026-08-07T21:29:29Z,5.68,67.47
2026-08-07T21:30:29Z,5.68,67.53
2026-08-07T21:31:29Z,5.68,67.51
2026-08-07T21:32:29Z,5.67,67.41
2026-08-07T21:33:29Z,5.67,67.29
2026-08-07T21:34:29Z,5.67,67.28
2026-08-07T21:35:29Z,5.67,67.31
2026-08-07T21:36:29Z,5.67,67.29
2026-08-07T21:37:29Z,5.67,67.28
2026-08-07T21:38:29Z,5.67,67.29
2026-08-07T21:39:29Z,5.66,67.25
2026-08-07T21:40:29Z,5.68,67.47
2026-08-07T21:41:29Z,5.68,67.48
2026-08-07T21:42:29Z,5.67,67.4
2026-08-07T21:43:29Z,5.67,67.28
2026-08-07T21:44:29Z,5.67,67.33
2026-08-07T21:45:29Z,5.67,67.39
2026-08-07T21:46:29Z,5.66,67.25
2026-08-07T21:47:29Z,5.67,67.29
2026-08-07T21:48:29Z,5.67,67.35
2026-08-07T21:49:29Z,5.67,67.44
2026-08-07T21:50:29Z,5.67,67.41
2026-08-07T21:51:29Z,5.67,67.35
2026-08-07T21:52:29Z,5.68,67.48
2026-08-07T21:53:29Z,5.67,67.36
2026-08-07T21:54:29Z,5.67,67.34
2026-08-07T21:55:29Z,5.67,67.37
2026-08-07T21:56:29Z,5.67,67.4
2026-08-07T21:57:29Z,5.69,67.63
2026-08-07T21:58:29Z,5.67,67.4
2026-08-07T21:59:29Z,5.68,67.5
2026-08-07T22:00:29Z,5.68,67.51
2026-08-07T22:01:29Z,5.67,67.3
2026-08-07T22:02:29Z,5.68,67.52
2026-08-07T22:03:29Z,5.67,67.44
2026-08-07T22:04:29Z,5.67,67.36
2026-08-07T22:05:29Z,5.67,67.42
2026-08-07T22:06:29Z,5.69,67.63
2026-08-07T22:07:29Z,5.68,67.57
2026-08-07T22:08:29Z,5.65,67.09
2026-08-07T22:09:29Z,5.65,67
2026-08-07T22:10:29Z,5.64,66.89
2026-08-07T22:11:29Z,5.67,67.3
2026-08-07T22:12:29Z,5.66,67.18
2026-08-07T22:13:29Z,5.66,67.17
2026-08-07T22:14:29Z,5.66,67.22
2026-08-07T22:15:29Z,5.66,67.27
2026-08-07T22:16:29Z,5.66,67.15
2026-08-07T22:17:29Z,5.67,67.4
2026-08-07T22:18:29Z,5.69,67.66
2026-08-07T22:19:29Z,5.66,67.12
2026-08-07T22:20:29Z,5.66,67.24
2026-08-07T22:21:29Z,5.66,67.24
2026-08-07T22:22:29Z,5.66,67.17
2026-08-07T22:23:29Z,5.65,67.04
2026-08-07T22:24:29Z,5.66,67.11
2026-08-07T22:25:29Z,5.64,66.92
2026-08-07T22:26:29Z,5.63,66.77
2026-08-07T22:27:29Z,5.64,66.8
2026-08-07T22:28:29Z,5.64,66.84
2026-08-07T22:29:29Z,5.64,66.88
2026-08-07T22:30:29Z,5.65,67.09
2026-08-07T22:31:29Z,5.65,67.06
2026-08-07T22:32:29Z,5.62,66.6
2026-08-07T22:33:29Z,5.64,66.79
2026-08-07T22:34:29Z,5.64,66.84
2026-08-07T22:35:29Z,5.64,66.87
2026-08-07T22:36:29Z,5.64,66.89
2026-08-07T22:37:29Z,5.63,66.66
2026-08-07T22:38:29Z,5.62,66.5
2026-08-07T22:39:29Z,5.64,66.89
2026-08-07T22:40:29Z,5.62,66.51
2026-08-07T22:41:29Z,5.61,66.43
2026-08-07T22:42:29Z,5.62,66.44
2026-08-07T22:43:29Z,5.62,66.51
2026-08-07T22:44:29Z,5.62,66.48
2026-08-07T22:45:29Z,5.63,66.72
2026-08-07T22:46:29Z,5.61,66.4
2026-08-07T22:47:29Z,5.61,66.33
2026-08-07T22:48:29Z,5.61,66.37
2026-08-07T22:49:29Z,5.59,65.99
2026-08-07T22:50:29Z,5.6,66.14
2026-08-07T22:51:29Z,5.6,66.18
2026-08-07T22:52:29Z,5.6,66.16
2026-08-07T22:53:29Z,5.67,67.43
2026-08-07T22:54:29Z,5.78,69.18
2026-08-07T22:55:29Z,5.74,68.6
2026-08-07T22:56:29Z,5.76,68.91
2026-08-07T22:57:29Z,5.83,70.02
2026-08-07T22:58:29Z,5.75,68.66
2026-08-07T22:59:29Z,5.76,68.83
2026-08-07T23:00:29Z,5.77,69.11
2026-08-07T23:01:29Z,5.71,68.1
2026-08-07T23:02:29Z,5.73,68.43
2026-08-07T23:03:29Z,5.74,68.6
2026-08-07T23:04:29Z,5.7,67.86
2026-08-07T23:05:29Z,5.71,68
2026-08-07T23:06:29Z,5.7,67.92
2026-08-07T23:07:29Z,5.7,67.8
2026-08-07T23:08:29Z,5.7,67.79
2026-08-07T23:09:29Z,5.7,67.87
2026-08-07T23:10:29Z,5.68,67.51
2026-08-07T23:11:29Z,5.69,67.63
2026-08-07T23:12:29Z,5.69,67.71
2026-08-07T23:13:29Z,5.69,67.71
2026-08-07T23:14:29Z,5.68,67.45
2026-08-07T23:15:29Z,5.68,67.6
2026-08-07T23:16:29Z,5.67,67.28
2026-08-07T23:17:29Z,5.67,67.36
2026-08-07T23:18:29Z,5.66,67.15
2026-08-07T23:19:29Z,5.67,67.28
2026-08-07T23:20:29Z,5.63,66.77
2026-08-07T23:21:29Z,5.63,66.64
2026-08-07T23:22:29Z,5.61,66.39
2026-08-07T23:23:29Z,5.61,66.33
2026-08-07T23:24:29Z,5.61,66.42
2026-08-07T23:25:29Z,5.59,66.07
2026-08-07T23:26:29Z,5.58,65.82
2026-08-07T23:27:29Z,5.57,65.62
2026-08-07T23:28:29Z,5.54,65.16
2026-08-07T23:29:29Z,5.53,65.05
2026-08-07T23:30:29Z,5.54,65.1
2026-08-07T23:31:29Z,5.52,64.85
2026-08-07T23:32:29Z,5.5,64.55
2026-08-07T23:33:29Z,5.5,64.56
2026-08-07T23:34:29Z,5.5,64.52
2026-08-07T23:35:29Z,5.49,64.27
2026-08-07T23:36:29Z,5.51,64.65
2026-08-07T23:37:29Z,5.5,64.57
2026-08-07T23:38:29Z,5.47,64.08
2026-08-07T23:39:29Z,5.47,63.99
2026-08-07T23:40:29Z,5.46,63.79
2026-08-07T23:41:29Z,5.46,63.79
2026-08-07T23:42:29Z,5.45,63.68
2026-08-07T23:43:29Z,5.44,63.5
2026-08-07T23:44:29Z,5.43,63.35
2026-08-07T23:45:29Z,5.44,63.47
2026-08-07T23:46:29Z,5.41,63.04
2026-08-07T23:47:29Z,5.41,63.07
2026-08-07T23:48:29Z,5.42,63.2
2026-08-07T23:49:29Z,5.42,63.2
2026-08-07T23:50:29Z,5.41,62.94
2026-08-07T23:51:29Z,5.41,63.07
2026-08-07T23:52:29Z,5.41,62.93
2026-08-07T23:53:29Z,5.4,62.74
2026-08-07T23:54:29Z,5.39,62.6
2026-08-07T23:55:29Z,5.35,61.98
2026-08-07T23:56:29Z,5.36,62.13
2026-08-07T23:57:29Z,5.36,62.11
2026-08-07T23:58:29Z,5.34,61.84
2026-08-07T23:59:29Z,5.32,61.53
2026-08-08T00:00:29Z,5.34,61.87
2026-08-08T00:01:29Z,5.34,61.74
2026-08-08T00:02:29Z,5.32,61.54
2026-08-08T00:03:29Z,5.35,62.01
2026-08-08T00:04:29Z,5.34,61.88
2026-08-08T00:05:29Z,5.34,61.8
2026-08-08T00:06:29Z,5.32,61.51
2026-08-08T00:07:29Z,5.33,61.7
2026-08-08T00:08:29Z,5.3,61.17
2026-08-08T00:09:29Z,5.29,60.98
2026-08-08T00:10:29Z,5.29,61
2026-08-08T00:11:29Z,5.29,60.94
2026-08-08T00:12:29Z,5.25,60.25
2026-08-08T00:13:29Z,5.25,60.37
2026-08-08T00:14:29Z,5.24,60.09
2026-08-08T00:15:29Z,5.25,60.3
2026-08-08T00:16:29Z,5.23,59.92
2026-08-08T00:17:29Z,5.21,59.69
2026-08-08T00:18:29Z,5.21,59.62
2026-08-08T00:19:29Z,5.19,59.28
2026-08-08T00:20:29Z,5.21,59.64
2026-08-08T00:21:29Z,5.24,60.07
2026-08-08T00:22:29Z,5.24,60.07
2026-08-08T00:23:29Z,5.21,59.61
2026-08-08T00:24:29Z,5.18,59.11
2026-08-08T00:25:29Z,5.21,59.61
2026-08-08T00:26:29Z,5.18,59.19
2026-08-08T00:27:29Z,5.18,59.13
2026-08-08T00:28:29Z,5.15,58.6
2026-08-08T00:29:29Z,5.14,58.37
2026-08-08T00:30:29Z,5.12,58.18
2026-08-08T00:31:29Z,5.12,58.06
2026-08-08T00:32:29Z,5.1,57.8
2026-08-08T00:33:29Z,5.07,57.35
2026-08-08T00:34:29Z,5.08,57.37
2026-08-08T00:35:29Z,5.06,57.15
2026-08-08T00:36:29Z,5.07,57.24
2026-08-08T00:37:29Z,5.06,57.12
2026-08-08T00:38:29Z,5.04,56.76
2026-08-08T00:39:29Z,5.03,56.67
2026-08-08T00:40:29Z,5,56.13
2026-08-08T00:41:29Z,4.99,56
2026-08-08T00:42:29Z,4.96,55.46
2026-08-08T00:43:29Z,4.99,55.87
2026-08-08T00:44:29Z,4.96,55.44
2026-08-08T00:45:29Z,4.97,55.61
2026-08-08T00:46:29Z,4.94,55.16
2026-08-08T00:47:29Z,4.94,55.04
2026-08-08T00:48:29Z,4.95,55.25
2026-08-08T00:49:29Z,4.94,55.14
2026-08-08T00:50:29Z,4.92,54.8
2026-08-08T00:51:29Z,4.95,55.2
2026-08-08T00:52:29Z,4.93,54.85
2026-08-08T00:53:29Z,4.9,54.49
2026-08-08T00:54:29Z,4.89,54.25
2026-08-08T00:55:29Z,4.89,54.31
2026-08-08T00:56:29Z,4.89,54.2
2026-08-08T00:57:29Z,4.86,53.75
2026-08-08T00:58:29Z,4.86,53.69
2026-08-08T00:59:29Z,4.84,53.44
2026-08-08T01:00:29Z,4.85,53.6
2026-08-08T01:01:29Z,4.85,53.5
2026-08-08T01:02:29Z,4.81,52.92
2026-08-08T01:03:29Z,4.81,52.98
2026-08-08T01:04:29Z,4.8,52.68
2026-08-08T01:05:29Z,5.64,53.68
2026-08-08T01:06:29Z,4.86,53.7
2026-08-08T01:07:29Z,4.87,53.89
2026-08-08T01:08:29Z,4.87,53.83
2026-08-08T01:09:29Z,4.85,53.56
2026-08-08T01:10:29Z,4.87,53.83
2026-08-08T01:11:29Z,4.83,53.22
2026-08-08T01:12:29Z,4.86,53.79
2026-08-08T01:13:29Z,4.88,54.14
2026-08-08T01:14:29Z,4.88,54.15
2026-08-08T01:15:29Z,4.87,53.92
2026-08-08T01:16:29Z,4.86,53.82
2026-08-08T01:17:29Z,4.88,54.07
2026-08-08T01:18:29Z,4.88,54.06
2026-08-08T01:19:29Z,4.88,54.04
2026-08-08T01:20:29Z,4.89,54.29
2026-08-08T01:21:29Z,4.84,53.46
2026-08-08T01:22:29Z,4.85,53.63
2026-08-08T01:23:29Z,4.87,53.99
2026-08-08T01:24:29Z,4.86,53.69
2026-08-08T01:25:29Z,4.85,53.62
2026-08-08T01:26:29Z,4.87,53.92
2026-08-08T01:27:29Z,4.86,53.67
2026-08-08T01:28:29Z,4.86,53.7
2026-08-08T01:29:29Z,4.83,53.17
2026-08-08T01:30:29Z,4.83,53.25
2026-08-08T01:31:29Z,4.82,53.1
2026-08-08T01:32:29Z,4.78,52.41
2026-08-08T01:33:29Z,4.78,52.36
2026-08-08T01:34:29Z,4.76,52.09
2026-08-08T01:35:29Z,4.78,52.33
2026-08-08T01:36:29Z,5.68,52.21
2026-08-08T01:37:29Z,4.8,52.7
2026-08-08T01:38:29Z,4.79,52.62
2026-08-08T01:39:29Z,4.78,52.39
2026-08-08T01:40:29Z,4.78,52.48
2026-08-08T01:41:29Z,4.78,52.44
2026-08-08T01:42:29Z,5.71,52.66
2026-08-08T01:43:29Z,4.71,51.17
2026-08-08T01:44:29Z,5.68,52.15
2026-08-08T01:45:29Z,5.66,51.95
2026-08-08T01:46:29Z,4.77,52.25
2026-08-08T01:47:29Z,4.77,52.25
2026-08-08T01:48:29Z,4.75,51.88
2026-08-08T01:49:29Z,4.71,51.26
2026-08-08T01:50:29Z,4.73,51.55
2026-08-08T01:51:29Z,5.66,51.83
2026-08-08T01:52:29Z,4.72,51.47
2026-08-08T01:53:29Z,4.72,51.47
2026-08-08T01:54:29Z,4.72,51.47
2026-08-08T01:55:29Z,4.72,51.35
2026-08-08T01:56:29Z,4.68,50.74
2026-08-08T01:57:29Z,4.64,50
2026-08-08T01:58:29Z,4.64,49.98
2026-08-08T01:59:29Z,4.6,49.3
2026-08-08T02:00:29Z,4.6,49.39
2026-08-08T02:01:29Z,4.58,49
2026-08-08T02:02:29Z,5.5,49.21
2026-08-08T02:03:29Z,4.58,49
2026-08-08T02:04:29Z,4.59,49.18
2026-08-08T02:05:29Z,4.62,49.74
2026-08-08T02:06:29Z,4.64,50.04
2026-08-08T02:07:29Z,4.6,49.31
2026-08-08T02:08:29Z,4.55,48.5
2026-08-08T02:09:29Z,5.5,49.2
2026-08-08T02:10:29Z,4.59,49.2
2026-08-08T02:11:29Z,4.58,49.04
2026-08-08T02:12:29Z,4.59,49.24
2026-08-08T02:13:29Z,4.58,48.99
2026-08-08T02:14:29Z,4.59,49.13
2026-08-08T02:15:29Z,5.52,49.47
2026-08-08T02:16:29Z,5.54,49.95
2026-08-08T02:17:29Z,4.64,50
2026-08-08T02:18:29Z,4.66,50.36
2026-08-08T02:19:29Z,4.67,50.53
2026-08-08T02:20:29Z,5.61,51.11
2026-08-08T02:21:29Z,4.71,51.23
2026-08-08T02:22:29Z,4.68,50.71
2026-08-08T02:23:29Z,4.66,50.38
2026-08-08T02:24:29Z,4.64,50.12
2026-08-08T02:25:29Z,4.62,49.79
2026-08-08T02:26:29Z,4.63,49.82
2026-08-08T02:27:29Z,4.64,50.09
2026-08-08T02:28:29Z,4.61,49.57
2026-08-08T02:29:29Z,4.6,49.44
2026-08-08T02:30:29Z,4.64,50.11
2026-08-08T02:31:29Z,5.54,49.89
2026-08-08T02:32:29Z,5.56,50.24
2026-08-08T02:33:29Z,4.63,49.92
2026-08-08T02:34:29Z,4.62,49.72
2026-08-08T02:35:29Z,4.59,49.17
2026-08-08T02:36:29Z,4.58,49.07
2026-08-08T02:37:29Z,4.58,49.06
2026-08-08T02:38:29Z,4.59,49.25
2026-08-08T02:39:29Z,4.56,48.73
2026-08-08T02:40:29Z,4.57,48.83
2026-08-08T02:41:29Z,5.46,48.46
2026-08-08T02:42:29Z,4.57,48.85
2026-08-08T02:43:29Z,4.55,48.57
2026-08-08T02:44:29Z,4.54,48.38
2026-08-08T02:45:29Z,4.54,48.41
2026-08-08T02:46:29Z,4.53,48.18
2026-08-08T02:47:29Z,4.48,47.28
2026-08-08T02:48:29Z,5.41,47.65
2026-08-08T02:49:29Z,4.49,47.6
2026-08-08T02:50:29Z,4.48,47.35
2026-08-08T02:51:29Z,4.46,46.97
2026-08-08T02:52:29Z,4.45,46.88
2026-08-08T02:53:29Z,4.44,46.72
2026-08-08T02:54:29Z,5.35,46.69
2026-08-08T02:55:29Z,4.47,47.11
2026-08-08T02:56:29Z,4.37,45.56
2026-08-08T02:57:29Z,5.33,46.37
2026-08-08T02:58:29Z,5.36,46.91
2026-08-08T02:59:29Z,4.42,46.33
2026-08-08T03:00:29Z,4.42,46.3
2026-08-08T03:01:29Z,4.42,46.3
2026-08-08T03:02:29Z,4.43,46.57
2026-08-08T03:03:29Z,4.44,46.73
2026-08-08T03:04:29Z,4.44,46.62
2026-08-08T03:05:29Z,4.43,46.46
2026-08-08T03:06:29Z,4.4,46.04
2026-08-08T03:07:29Z,4.38,45.65
2026-08-08T03:08:29Z,4.34,44.92
2026-08-08T03:09:29Z,4.34,44.94
2026-08-08T03:10:29Z,4.35,45.18
2026-08-08T03:11:29Z,4.37,45.44
2026-08-08T03:12:29Z,5.29,45.71
2026-08-08T03:13:29Z,4.44,46.71
2026-08-08T03:14:29Z,4.41,46.16
2026-08-08T03:15:29Z,4.41,46.24
2026-08-08T03:16:29Z,4.45,46.81
2026-08-08T03:17:29Z,4.51,47.8
2026-08-08T03:18:29Z,4.46,47.1
2026-08-08T03:19:29Z,5.39,47.38
2026-08-08T03:20:29Z,4.49,47.55
2026-08-08T03:21:29Z,5.43,48.05
2026-08-08T03:22:29Z,5.43,47.99
2026-08-08T03:23:29Z,4.54,48.39
2026-08-08T03:24:29Z,4.53,48.17
2026-08-08T03:25:29Z,4.5,47.67
2026-08-08T03:26:29Z,4.51,47.86
2026-08-08T03:27:29Z,4.57,48.81
2026-08-08T03:28:29Z,4.51,47.93
2026-08-08T03:29:29Z,5.4,47.48
2026-08-08T03:30:29Z,4.51,47.92
2026-08-08T03:31:29Z,4.51,47.92
2026-08-08T03:32:29Z,4.51,47.83
2026-08-08T03:33:29Z,4.53,48.13
2026-08-08T03:34:29Z,4.51,47.79
2026-08-08T03:35:29Z,4.51,47.8
2026-08-08T03:36:29Z,6.46,47.91
2026-08-08T03:37:29Z,5.43,48.04
2026-08-08T03:38:29Z,5.43,48.04
2026-08-08T03:39:29Z,5.44,48.17
2026-08-08T03:40:29Z,5.45,48.33
2026-08-08T03:41:29Z,4.54,48.29
2026-08-08T03:42:29Z,4.54,48.37
2026-08-08T03:43:29Z,4.5,47.77
2026-08-08T03:44:29Z,4.5,47.67
2026-08-08T03:45:29Z,4.47,47.21
2026-08-08T03:46:29Z,4.45,46.85
2026-08-08T03:47:29Z,5.37,47.07
2026-08-08T03:48:29Z,4.44,46.74
2026-08-08T03:49:29Z,4.49,47.45
2026-08-08T03:50:29Z,5.4,47.48
2026-08-08T03:51:29Z,5.4,47.6
2026-08-08T03:52:29Z,5.44,48.18
2026-08-08T03:53:29Z,5.42,47.9
2026-08-08T03:54:29Z,5.44,48.19
2026-08-08T03:55:29Z,5.44,48.26
2026-08-08T03:56:29Z,4.53,48.11
2026-08-08T03:57:29Z,4.54,48.29
2026-08-08T03:58:29Z,4.53,48.21
2026-08-08T03:59:29Z,4.55,48.47
2026-08-08T04:00:29Z,5.48,48.93
2026-08-08T04:01:29Z,5.45,48.43
2026-08-08T04:02:29Z,4.57,48.93
2026-08-08T04:03:29Z,4.57,48.88
2026-08-08T04:04:29Z,4.56,48.7
2026-08-08T04:05:29Z,4.58,49.03
2026-08-08T04:06:29Z,5.49,49.12
2026-08-08T04:07:29Z,5.51,49.36
2026-08-08T04:08:29Z,5.55,50.03
2026-08-08T04:09:29Z,4.66,50.38
2026-08-08T04:10:29Z,4.66,50.36
2026-08-08T04:11:29Z,4.64,49.98
2026-08-08T04:12:29Z,4.63,49.93
2026-08-08T04:13:29Z,5.57,50.39
2026-08-08T04:14:29Z,4.65,50.14
2026-08-08T04:15:29Z,5.56,50.22
2026-08-08T04:16:29Z,5.57,50.39
2026-08-08T04:17:29Z,4.65,50.22
2026-08-08T04:18:29Z,4.65,50.23
2026-08-08T04:19:29Z,4.65,50.28
2026-08-08T04:20:29Z,4.65,50.2
2026-08-08T04:21:29Z,4.62,49.78
2026-08-08T04:22:29Z,4.58,49.04
2026-08-08T04:23:29Z,4.56,48.63
2026-08-08T04:24:29Z,4.53,48.24
2026-08-08T04:25:29Z,4.54,48.31
2026-08-08T04:26:29Z,4.52,48.05
2026-08-08T04:27:29Z,4.54,48.32
2026-08-08T04:28:29Z,4.53,48.14
2026-08-08T04:29:29Z,4.5,47.72
2026-08-08T04:30:29Z,4.48,47.39
2026-08-08T04:31:29Z,4.43,46.53
2026-08-08T04:32:29Z,4.37,45.57
2026-08-08T04:33:29Z,4.37,45.51
2026-08-08T04:34:29Z,5.27,45.31
2026-08-08T04:35:29Z,5.32,46.26
2026-08-08T04:36:29Z,4.39,45.78
2026-08-08T04:37:29Z,4.37,45.53
2026-08-08T04:38:29Z,4.37,45.49
2026-08-08T04:39:29Z,4.38,45.62
2026-08-08T04:40:29Z,4.36,45.34
2026-08-08T04:41:29Z,4.34,44.94
2026-08-08T04:42:29Z,4.31,44.53
2026-08-08T04:43:29Z,4.32,44.6
2026-08-08T04:44:29Z,4.28,44.06
2026-08-08T04:45:29Z,4.25,43.41
2026-08-08T04:46:29Z,4.25,43.41
2026-08-08T04:47:29Z,5.18,43.75
2026-08-08T04:48:29Z,5.2,44.09
2026-08-08T04:49:29Z,5.18,43.89
2026-08-08T04:50:29Z,4.27,43.84
2026-08-08T04:51:29Z,4.24,43.38
2026-08-08T04:52:29Z,5.18,43.79
2026-08-08T04:53:29Z,5.2,44.17
2026-08-08T04:54:29Z,4.31,44.5
2026-08-08T04:55:29Z,4.32,44.7
2026-08-08T04:56:29Z,4.36,45.33
2026-08-08T04:57:29Z,5.3,45.8
2026-08-08T04:58:29Z,5.29,45.67
2026-08-08T04:59:29Z,5.32,46.19
2026-08-08T05:00:29Z,4.41,46.1
2026-08-08T05:01:29Z,5.32,46.23
2026-08-08T05:02:29Z,4.41,46.2
2026-08-08T05:03:29Z,5.37,47.09
2026-08-08T05:04:29Z,4.48,47.29
2026-08-08T05:05:29Z,4.46,47.02
2026-08-08T05:06:29Z,4.45,46.86
2026-08-08T05:07:29Z,5.36,46.85
2026-08-08T05:08:29Z,5.39,47.37
2026-08-08T05:09:29Z,4.5,47.7
2026-08-08T05:10:29Z,4.49,47.48
2026-08-08T05:11:29Z,4.52,48.01
2026-08-08T05:12:29Z,4.52,47.96
2026-08-08T05:13:29Z,4.52,47.95
2026-08-08T05:14:29Z,4.5,47.69
2026-08-08T05:15:29Z,4.46,47.06
2026-08-08T05:16:29Z,4.44,46.75
2026-08-08T05:17:29Z,5.34,46.57
2026-08-08T05:18:29Z,4.43,46.46
2026-08-08T05:19:29Z,4.46,46.97
2026-08-08T05:20:29Z,4.45,46.77
2026-08-08T05:21:59Z,4.47,47.15
2026-08-08T05:22:59Z,4.48,47.37
2026-08-08T05:23:59Z,4.48,47.41
2026-08-08T05:24:59Z,4.52,47.97
2026-08-08T05:25:59Z,5.43,47.99
2026-08-08T05:26:59Z,4.54,48.38
2026-08-08T05:27:59Z,4.49,47.56
2026-08-08T05:28:59Z,4.47,47.22
2026-08-08T05:29:59Z,4.48,47.38
2026-08-08T05:30:59Z,4.48,47.4
2026-08-08T05:31:59Z,4.49,47.57
2026-08-08T05:32:59Z,4.5,47.7
2026-08-08T05:33:59Z,4.5,47.72
2026-08-08T05:34:59Z,4.51,47.87
2026-08-08T05:35:59Z,4.48,47.28
2026-08-08T05:36:59Z,4.47,47.22
2026-08-08T05:37:59Z,4.47,47.14
2026-08-08T05:38:59Z,5.4,47.57
2026-08-08T05:39:59Z,4.52,48.09
2026-08-08T05:40:59Z,4.53,48.24
2026-08-08T05:41:59Z,4.52,47.95
2026-08-08T05:42:59Z,4.5,47.71
2026-08-08T05:43:59Z,4.51,47.83
2026-08-08T05:44:59Z,4.52,48.1
2026-08-08T05:45:59Z,4.51,47.89
2026-08-08T05:46:59Z,4.52,48
2026-08-08T05:47:59Z,4.52,48.08
2026-08-08T05:48:59Z,4.52,47.96
2026-08-08T05:49:59Z,4.52,48.06
2026-08-08T05:50:59Z,5.5,49.19
2026-08-08T05:51:59Z,5.52,49.59
2026-08-08T05:52:59Z,5.53,49.64
2026-08-08T05:53:59Z,4.65,50.29
2026-08-08T05:54:59Z,4.69,50.88
2026-08-08T05:55:59Z,4.71,51.26
2026-08-08T05:56:59Z,5.64,51.59
2026-08-08T05:57:59Z,5.66,51.85
2026-08-08T05:58:59Z,4.78,52.37
2026-08-08T05:59:59Z,4.79,52.55
2026-08-08T06:00:59Z,4.82,52.99
2026-08-08T06:01:59Z,4.79,52.56
2026-08-08T06:02:59Z,4.82,53.15
2026-08-08T06:03:59Z,4.83,53.21
2026-08-08T06:04:59Z,4.84,53.35
2026-08-08T06:05:59Z,4.83,53.2
2026-08-08T06:06:59Z,5.77,53.71
2026-08-08T06:07:59Z,4.86,53.66
2026-08-08T06:08:59Z,4.87,53.96
2026-08-08T06:09:59Z,4.9,54.37
2026-08-08T06:10:59Z,4.91,54.58
2026-08-08T06:11:59Z,5.84,55
2026-08-08T06:12:59Z,4.94,55.16
2026-08-08T06:13:59Z,4.95,55.26
2026-08-08T06:14:59Z,4.95,55.19
2026-08-08T06:15:59Z,4.96,55.42
2026-08-08T06:16:59Z,4.96,55.45
2026-08-08T06:17:59Z,4.97,55.53
2026-08-08T06:18:59Z,5.89,55.72
2026-08-08T06:19:59Z,5,56.04
2026-08-08T06:20:59Z,5,56.14
2026-08-08T06:21:59Z,5.02,56.48
2026-08-08T06:22:59Z,5.01,56.27
2026-08-08T06:23:59Z,5.02,56.46
2026-08-08T06:24:59Z,5.96,56.87
2026-08-08T06:25:59Z,5.04,56.85
2026-08-08T06:26:59Z,5.05,56.9
2026-08-08T06:27:59Z,5.06,57.08
2026-08-08T06:28:59Z,5.07,57.22
2026-08-08T06:29:59Z,5.09,57.66
2026-08-08T06:30:59Z,5.08,57.47
2026-08-08T06:31:59Z,5.09,57.61
2026-08-08T06:32:59Z,5.08,57.4
2026-08-08T06:33:59Z,5.08,57.46
2026-08-08T06:34:59Z,5.09,57.65
2026-08-08T06:35:59Z,5.09,57.56
2026-08-08T06:36:59Z,5.09,57.68
2026-08-08T06:37:59Z,5.12,58.03
2026-08-08T06:38:59Z,5.11,58.02
2026-08-08T06:39:59Z,5.11,57.88
2026-08-08T06:40:59Z,5.11,57.93
2026-08-08T06:41:59Z,5.1,57.83
2026-08-08T06:42:59Z,5.12,58.17
2026-08-08T06:43:59Z,5.14,58.38
2026-08-08T06:44:59Z,5.13,58.32
2026-08-08T06:45:59Z,5.13,58.31
2026-08-08T06:46:59Z,5.15,58.68
2026-08-08T06:47:59Z,6.09,59.16
2026-08-08T06:48:59Z,5.17,58.92
2026-08-08T06:49:59Z,5.17,59
2026-08-08T06:50:59Z,5.18,59.08
2026-08-08T06:51:59Z,5.18,59.06
2026-08-08T06:52:59Z,5.16,58.72
2026-08-08T06:53:59Z,5.17,59
2026-08-08T06:54:59Z,5.18,59.12
2026-08-08T06:55:59Z,5.18,59.12
2026-08-08T06:56:59Z,6.11,59.42
2026-08-08T06:57:59Z,5.2,59.44
2026-08-08T06:58:59Z,5.2,59.45
2026-08-08T06:59:59Z,5.17,59
2026-08-08T07:00:59Z,5.16,58.87
2026-08-08T07:01:59Z,5.19,59.22
2026-08-08T07:02:59Z,5.19,59.35
2026-08-08T07:03:59Z,5.2,59.42
2026-08-08T07:04:59Z,5.19,59.25
2026-08-08T07:05:59Z,5.17,58.98
2026-08-08T07:06:59Z,5.2,59.4
2026-08-08T07:07:59Z,5.16,58.79
2026-08-08T07:08:59Z,5.15,58.54
2026-08-08T07:09:59Z,5.16,58.78
2026-08-08T07:10:59Z,5.17,58.92
2026-08-08T07:11:59Z,5.17,58.96
2026-08-08T07:12:59Z,5.2,59.47
2026-08-08T07:13:59Z,5.22,59.8
2026-08-08T07:14:59Z,5.29,60.97
2026-08-08T07:15:59Z,5.4,62.82
2026-08-08T07:16:59Z,6.59,67.58
2026-08-08T07:17:59Z,5.66,67.12
2026-08-08T07:18:59Z,5.88,70.95
2026-08-08T07:19:59Z,6.06,73.86
2026-08-08T07:20:59Z,6.21,76.51
2026-08-08T07:21:59Z,6.33,78.42
2026-08-08T07:22:59Z,6.47,80.78
2026-08-08T07:23:59Z,7.02,90.03
2026-08-08T07:24:59Z,6.8,86.41
2026-08-08T07:25:59Z,6.87,87.53
2026-08-08T07:26:59Z,6.89,87.84
2026-08-08T07:27:59Z,6.92,88.35
2026-08-08T07:28:59Z,6.91,88.18
2026-08-08T07:29:59Z,6.94,88.79
2026-08-08T07:30:59Z,6.98,89.33
2026-08-08T07:31:59Z,6.99,89.48
2026-08-08T07:32:59Z,7.02,90.13
2026-08-08T07:33:59Z,7.04,90.47
2026-08-08T07:34:59Z,7.06,90.77
2026-08-08T07:35:59Z,7.09,91.31
2026-08-08T07:36:59Z,7.09,91.23
2026-08-08T07:37:59Z,7.1,91.43
2026-08-08T07:38:59Z,7.11,91.61
2026-08-08T07:39:59Z,7.1,91.44
2026-08-08T07:40:59Z,7.13,91.83
2026-08-08T07:41:59Z,7.12,91.75
2026-08-08T07:42:59Z,7.1,91.49
2026-08-08T07:43:59Z,7.11,91.54
2026-08-08T07:44:59Z,7.1,91.38
2026-08-08T07:45:59Z,7.12,91.69
2026-08-08T07:46:59Z,7.13,91.85
2026-08-08T07:47:59Z,7.11,91.55
2026-08-08T07:48:59Z,7.11,91.61
2026-08-08T07:49:59Z,7.1,91.44
2026-08-08T07:50:59Z,7.1,91.49
2026-08-08T07:51:59Z,7.08,91.03
2026-08-08T07:52:59Z,7.09,91.18
2026-08-08T07:53:59Z,7.06,90.75
2026-08-08T07:54:59Z,7.06,90.78
2026-08-08T07:55:59Z,7.09,91.3
2026-08-08T07:56:59Z,7.09,91.17
2026-08-08T07:57:59Z,7.07,90.82
2026-08-08T07:58:59Z,7.05,90.52
2026-08-08T07:59:59Z,7.03,90.28
2026-08-08T08:00:59Z,7.02,90.13
2026-08-08T08:01:59Z,7,89.75
2026-08-08T08:02:59Z,7.02,90.09
2026-08-08T08:03:59Z,7,89.65
2026-08-08T08:04:59Z,6.95,88.92
2026-08-08T08:05:59Z,6.99,89.48
2026-08-08T08:06:59Z,6.97,89.23
2026-08-08T08:07:59Z,6.92,88.39
2026-08-08T08:08:59Z,6.88,87.78
2026-08-08T08:09:59Z,6.92,88.38
2026-08-08T08:10:59Z,6.89,87.89
2026-08-08T08:11:59Z,6.88,87.79
2026-08-08T08:12:59Z,6.9,88.02
2026-08-08T08:13:59Z,6.85,87.28
2026-08-08T08:14:59Z,6.85,87.19
2026-08-08T08:15:59Z,6.85,87.18
2026-08-08T08:16:59Z,6.83,86.89
2026-08-08T08:17:59Z,6.8,86.4
2026-08-08T08:18:59Z,6.81,86.52
2026-08-08T08:19:59Z,6.79,86.11
2026-08-08T08:20:59Z,6.81,86.5
2026-08-08T08:21:59Z,6.79,86.19
2026-08-08T08:22:59Z,6.75,85.49
2026-08-08T08:23:59Z,6.74,85.37
2026-08-08T08:24:59Z,6.75,85.54
2026-08-08T08:25:59Z,6.7,84.64
2026-08-08T08:26:59Z,6.71,84.91
2026-08-08T08:27:59Z,6.69,84.58
2026-08-08T08:28:59Z,6.62,83.4
2026-08-08T08:29:59Z,6.66,83.95
2026-08-08T08:30:59Z,6.66,84.05
2026-08-08T08:31:59Z,6.65,83.92
2026-08-08T08:32:59Z,6.67,84.11
2026-08-08T08:33:59Z,6.66,84.07
2026-08-08T08:34:59Z,6.64,83.61
2026-08-08T08:35:59Z,6.66,84.04
2026-08-08T08:36:59Z,6.66,83.93
2026-08-08T08:37:59Z,6.56,82.29
2026-08-08T08:38:59Z,6.62,83.27
2026-08-08T08:39:59Z,6.6,82.95
2026-08-08T08:40:59Z,6.56,82.38
2026-08-08T08:41:59Z,6.6,83.08
2026-08-08T08:42:59Z,6.61,83.23
2026-08-08T08:43:59Z,6.53,81.83
2026-08-08T08:44:59Z,6.55,82.09
2026-08-08T08:45:59Z,6.54,82.07
2026-08-08T08:46:59Z,6.52,81.7
2026-08-08T08:47:59Z,6.53,81.79
2026-08-08T08:48:59Z,6.54,81.97
2026-08-08T08:49:59Z,6.56,82.37
2026-08-08T08:50:59Z,6.58,82.7
2026-08-08T08:51:59Z,6.61,83.15
2026-08-08T08:52:59Z,6.59,82.76
2026-08-08T08:53:59Z,6.58,82.71
2026-08-08T08:54:59Z,6.6,83.04
2026-08-08T08:55:59Z,6.59,82.81
2026-08-08T08:56:59Z,6.58,82.65
2026-08-08T08:57:59Z,6.56,82.28
2026-08-08T08:58:59Z,6.57,82.42
2026-08-08T08:59:59Z,6.56,82.33
2026-08-08T09:00:59Z,6.56,82.4
2026-08-08T09:01:59Z,6.58,82.63
2026-08-08T09:02:59Z,6.59,82.76
2026-08-08T09:03:59Z,6.6,82.96
2026-08-08T09:04:59Z,6.59,82.85
2026-08-08T09:05:59Z,6.62,83.3
2026-08-08T09:06:59Z,6.63,83.57
2026-08-08T09:07:59Z,6.65,83.76
2026-08-08T09:08:59Z,6.63,83.44
2026-08-08T09:09:59Z,6.65,83.91
2026-08-08T09:10:59Z,6.62,83.33
2026-08-08T09:11:59Z,6.65,83.78
2026-08-08T09:12:59Z,6.66,84.02
2026-08-08T09:13:59Z,6.63,83.56
2026-08-08T09:14:59Z,6.62,83.41
2026-08-08T09:15:59Z,6.61,83.12
2026-08-08T09:16:59Z,6.59,82.8
2026-08-08T09:17:59Z,6.57,82.45
2026-08-08T09:18:59Z,6.6,82.93
2026-08-08T09:19:59Z,6.55,82.15
2026-08-08T09:20:59Z,6.53,81.84
2026-08-08T09:21:59Z,6.54,82.01
2026-08-08T09:22:59Z,6.54,82.02
2026-08-08T09:23:59Z,6.53,81.82
2026-08-08T09:24:59Z,6.51,81.54
2026-08-08T09:25:59Z,6.52,81.68
2026-08-08T09:26:59Z,6.49,81.15
2026-08-08T09:27:59Z,6.48,80.96
2026-08-08T09:28:59Z,6.48,81.04
2026-08-08T09:29:59Z,6.49,81.21
2026-08-08T09:30:59Z,6.49,81.08
2026-08-08T09:31:59Z,6.48,81
2026-08-08T09:32:59Z,6.5,81.29
2026-08-08T09:33:59Z,6.52,81.59
2026-08-08T09:34:59Z,6.51,81.55
2026-08-08T09:35:59Z,6.52,81.6
2026-08-08T09:36:59Z,6.53,81.81
2026-08-08T09:37:59Z,6.49,81.14
2026-08-08T09:38:59Z,6.5,81.25
2026-08-08T09:39:59Z,6.51,81.51
2026-08-08T09:40:59Z,6.49,81.21
2026-08-08T09:41:59Z,6.47,80.73
2026-08-08T09:42:59Z,6.48,80.92
2026-08-08T09:43:59Z,6.48,80.9
2026-08-08T09:44:59Z,6.45,80.54
2026-08-08T09:45:59Z,6.43,80.16
2026-08-08T09:46:59Z,6.39,79.48
2026-08-08T09:47:59Z,6.4,79.6
2026-08-08T09:48:59Z,6.4,79.62
2026-08-08T09:49:59Z,6.38,79.31
2026-08-08T09:50:59Z,6.39,79.51
2026-08-08T09:51:59Z,6.35,78.79
2026-08-08T09:52:59Z,6.3,77.89
2026-08-08T09:53:59Z,6.34,78.59
2026-08-08T09:54:59Z,6.32,78.23
2026-08-08T09:55:59Z,6.28,77.58
2026-08-08T09:56:59Z,6.26,77.26
2026-08-08T09:57:59Z,6.3,78
2026-08-08T09:58:59Z,6.33,78.38
2026-08-08T09:59:59Z,6.34,78.68
2026-08-08T10:00:59Z,6.34,78.57
2026-08-08T10:01:59Z,6.32,78.33
2026-08-08T10:02:59Z,6.36,79.04
2026-08-08T10:03:59Z,6.36,78.94
2026-08-08T10:04:59Z,6.32,78.36
2026-08-08T10:05:59Z,6.3,77.99
2026-08-08T10:06:59Z,6.34,78.59
2026-08-08T10:07:59Z,6.3,78.01
2026-08-08T10:08:59Z,6.27,77.45
2026-08-08T10:09:59Z,6.27,77.39
2026-08-08T10:10:59Z,6.29,77.75
2026-08-08T10:11:59Z,6.27,77.52
2026-08-08T10:12:59Z,6.29,77.71
2026-08-08T10:13:59Z,6.28,77.67
2026-08-08T10:14:59Z,6.26,77.3
2026-08-08T10:15:59Z,6.31,78.2
2026-08-08T10:16:59Z,6.31,78.06
2026-08-08T10:17:59Z,6.31,78.14
2026-08-08T10:18:59Z,6.28,77.68
2026-08-08T10:19:59Z,6.27,77.42
2026-08-08T10:20:59Z,6.28,77.65
2026-08-08T10:21:59Z,6.29,77.79
2026-08-08T10:22:59Z,6.22,76.68
2026-08-08T10:23:59Z,6.21,76.42
2026-08-08T10:24:59Z,6.25,77.07
2026-08-08T10:25:59Z,6.21,76.41
2026-08-08T10:26:59Z,6.23,76.77
2026-08-08T10:27:59Z,6.19,76.17
2026-08-08T10:28:59Z,6.19,76.08
2026-08-08T10:29:59Z,6.22,76.53
2026-08-08T10:30:59Z,6.23,76.77
2026-08-08T10:31:59Z,6.23,76.85
2026-08-08T10:32:59Z,6.22,76.58
2026-08-08T10:33:59Z,6.22,76.59
2026-08-08T10:34:59Z,6.23,76.79
2026-08-08T10:35:59Z,6.23,76.84
2026-08-08T10:36:59Z,6.19,76.05
2026-08-08T10:37:59Z,6.18,75.97
2026-08-08T10:38:59Z,6.18,75.98
2026-08-08T10:39:59Z,6.17,75.7
2026-08-08T10:40:59Z,6.15,75.35
2026-08-08T10:41:59Z,6.13,75.13
2026-08-08T10:42:59Z,6.18,75.91
2026-08-08T10:43:59Z,6.19,76.07
2026-08-08T10:44:59Z,6.15,75.46
2026-08-08T10:45:59Z,6.16,75.66
2026-08-08T10:46:59Z,6.15,75.47
2026-08-08T10:47:59Z,6.13,75.04
2026-08-08T10:48:59Z,6.15,75.41
2026-08-08T10:49:59Z,6.08,74.29
2026-08-08T10:50:59Z,6.13,75.06
2026-08-08T10:51:59Z,6.17,75.69
2026-08-08T10:52:59Z,6.15,75.39
2026-08-08T10:53:59Z,6.15,75.48
2026-08-08T10:54:59Z,6.13,75.03
2026-08-08T10:55:59Z,6.12,74.91
2026-08-08T10:56:59Z,6.11,74.8
2026-08-08T10:57:59Z,6.11,74.69
2026-08-08T10:58:59Z,6.13,75.13
2026-08-08T10:59:59Z,6.1,74.63
2026-08-08T11:00:59Z,6.08,74.3
2026-08-08T11:01:59Z,6.02,73.17
2026-08-08T11:02:59Z,6.02,73.2
2026-08-08T11:03:59Z,6.02,73.25
2026-08-08T11:04:59Z,5.99,72.72
2026-08-08T11:05:59Z,5.95,72.13
2026-08-08T11:06:59Z,5.96,72.19
2026-08-08T11:07:59Z,5.94,71.97
2026-08-08T11:08:59Z,5.98,72.5
2026-08-08T11:09:59Z,5.89,71.05
2026-08-08T11:10:59Z,5.91,71.45
2026-08-08T11:11:59Z,5.91,71.4
2026-08-08T11:12:59Z,5.93,71.66
2026-08-08T11:13:59Z,5.85,70.42
2026-08-08T11:14:59Z,5.86,70.54
2026-08-08T11:15:59Z,5.84,70.2
2026-08-08T11:16:59Z,5.8,69.5
2026-08-08T11:17:59Z,5.8,69.54
2026-08-08T11:18:59Z,5.8,69.55
2026-08-08T11:19:59Z,5.77,69.06
2026-08-08T11:20:59Z,5.74,68.48
2026-08-08T11:21:59Z,5.76,68.84
2026-08-08T11:22:59Z,5.8,69.54
2026-08-08T11:23:59Z,5.76,68.82
2026-08-08T11:24:59Z,5.77,69.11
2026-08-08T11:25:59Z,5.76,68.91
2026-08-08T11:26:59Z,5.7,67.9
2026-08-08T11:27:59Z,5.73,68.36
2026-08-08T11:28:59Z,5.77,68.98
2026-08-08T11:29:59Z,5.75,68.75
2026-08-08T11:30:59Z,5.76,68.88
2026-08-08T11:31:59Z,5.75,68.65
2026-08-08T11:32:59Z,5.72,68.24
2026-08-08T11:33:59Z,5.69,67.72
2026-08-08T11:34:59Z,5.72,68.23
2026-08-08T11:35:59Z,5.67,67.38
2026-08-08T11:36:59Z,5.66,67.16
2026-08-08T11:37:59Z,5.64,66.9
2026-08-08T11:38:59Z,5.66,67.23
2026-08-08T11:39:59Z,5.64,66.86
2026-08-08T11:40:59Z,5.67,67.41
2026-08-08T11:41:59Z,5.64,66.88
2026-08-08T11:42:59Z,5.65,67.05
2026-08-08T11:43:59Z,5.69,67.62
2026-08-08T11:44:59Z,5.66,67.23
2026-08-08T11:45:59Z,5.65,67.02
2026-08-08T11:46:59Z,5.7,67.92
2026-08-08T11:47:59Z,5.72,68.18
2026-08-08T11:48:59Z,5.74,68.59
2026-08-08T11:49:59Z,5.72,68.15
2026-08-08T11:50:59Z,5.65,67.09
2026-08-08T11:51:59Z,5.67,67.41
2026-08-08T11:52:59Z,5.67,67.3
2026-08-08T11:53:59Z,5.73,68.39
2026-08-08T11:54:59Z,5.77,68.98
2026-08-08T11:55:59Z,5.79,69.42
2026-08-08T11:56:59Z,5.87,70.68
2026-08-08T11:57:59Z,5.87,70.65
2026-08-08T11:58:59Z,5.82,69.85
2026-08-08T11:59:59Z,5.82,69.81
2026-08-08T12:00:59Z,5.9,71.16
2026-08-08T12:01:59Z,5.86,70.52
2026-08-08T12:02:59Z,5.86,70.6
2026-08-08T12:03:59Z,5.79,69.45
2026-08-08T12:04:59Z,5.81,69.71
2026-08-08T12:05:59Z,5.86,70.51
2026-08-08T12:06:59Z,5.84,70.18
2026-08-08T12:07:59Z,5.87,70.68
2026-08-08T12:08:59Z,5.86,70.52
2026-08-08T12:09:59Z,5.83,69.99
2026-08-08T12:10:59Z,5.86,70.62
2026-08-08T12:11:59Z,5.8,69.54
2026-08-08T12:12:59Z,5.79,69.32
2026-08-08T12:13:59Z,5.77,69.01
2026-08-08T12:14:59Z,5.81,69.73
2026-08-08T12:15:59Z,5.82,69.95
2026-08-08T12:16:59Z,5.79,69.44
2026-08-08T12:17:59Z,5.82,69.9
2026-08-08T12:18:59Z,5.74,68.62
2026-08-08T12:19:59Z,5.75,68.77
2026-08-08T12:20:59Z,5.75,68.79
2026-08-08T12:21:59Z,5.72,68.22
2026-08-08T12:22:59Z,5.72,68.25
2026-08-08T12:23:59Z,5.74,68.48
2026-08-08T12:24:59Z,5.71,67.97
2026-08-08T12:25:59Z,5.66,67.21
2026-08-08T12:26:59Z,5.68,67.52
2026-08-08T12:27:59Z,5.73,68.33
2026-08-08T12:28:59Z,5.69,67.68
2026-08-08T12:29:59Z,5.66,67.15
2026-08-08T12:30:59Z,5.63,66.75
2026-08-08T12:31:59Z,5.62,66.58
2026-08-08T12:32:59Z,5.64,66.78
2026-08-08T12:33:59Z,5.66,67.23
2026-08-08T12:34:59Z,5.66,67.16
2026-08-08T12:35:59Z,5.64,66.79
2026-08-08T12:36:59Z,5.61,66.39
2026-08-08T12:37:59Z,5.58,65.79
2026-08-08T12:38:59Z,5.65,66.99
2026-08-08T12:39:59Z,5.64,66.87
2026-08-08T12:40:59Z,5.65,67.07
2026-08-08T12:41:59Z,5.63,66.7
2026-08-08T12:42:59Z,5.62,66.6
2026-08-08T12:43:59Z,5.6,66.16
2026-08-08T12:44:59Z,5.63,66.62
2026-08-08T12:45:59Z,5.64,66.78
2026-08-08T12:46:59Z,5.6,66.2
2026-08-08T12:47:59Z,5.61,66.37
2026-08-08T12:48:59Z,5.59,65.96
2026-08-08T12:49:59Z,5.6,66.21
2026-08-08T12:50:59Z,5.65,66.98
2026-08-08T12:51:59Z,5.6,66.18
2026-08-08T12:52:59Z,5.6,66.14
2026-08-08T12:53:59Z,5.54,65.13
2026-08-08T12:54:59Z,5.52,64.85
2026-08-08T12:55:59Z,5.52,64.76
2026-08-08T12:56:59Z,5.54,65.18
2026-08-08T12:57:59Z,5.55,65.34
2026-08-08T12:58:59Z,5.48,64.1
2026-08-08T12:59:59Z,5.46,63.89
2026-08-08T13:00:59Z,5.48,64.15
2026-08-08T13:01:59Z,5.43,63.31
2026-08-08T13:02:59Z,5.48,64.09
2026-08-08T13:03:59Z,5.43,63.39
2026-08-08T13:04:59Z,5.41,63.03
2026-08-08T13:05:59Z,5.37,62.35
2026-08-08T13:06:59Z,5.34,61.75
2026-08-08T13:07:59Z,5.33,61.68
2026-08-08T13:08:59Z,5.33,61.61
2026-08-08T13:09:59Z,5.32,61.48
2026-08-08T13:10:59Z,5.36,62.15
2026-08-08T13:11:59Z,5.31,61.29
2026-08-08T13:12:59Z,5.32,61.47
2026-08-08T13:13:59Z,5.37,62.32
2026-08-08T13:14:59Z,5.36,62.22
2026-08-08T13:15:59Z,5.4,62.79
2026-08-08T13:16:59Z,5.44,63.43
2026-08-08T13:17:59Z,5.52,64.91
2026-08-08T13:18:59Z,5.41,62.97
2026-08-08T13:19:59Z,5.4,62.78
2026-08-08T13:20:59Z,5.47,64.08
2026-08-08T13:21:59Z,5.41,62.93
2026-08-08T13:22:59Z,5.5,64.54
2026-08-08T13:23:59Z,5.45,63.69
2026-08-08T13:24:59Z,5.41,62.95
2026-08-08T13:25:59Z,5.44,63.45
2026-08-08T13:26:59Z,5.44,63.44
2026-08-08T13:27:59Z,5.43,63.32
2026-08-08T13:28:59Z,5.46,63.83
2026-08-08T13:29:59Z,5.48,64.15
2026-08-08T13:30:59Z,5.47,64.05
2026-08-08T13:31:59Z,5.55,65.38
2026-08-08T13:32:59Z,5.61,66.43
2026-08-08T13:33:59Z,5.57,65.76
2026-08-08T13:34:59Z,5.54,65.2
2026-08-08T13:35:59Z,5.58,65.79
2026-08-08T13:36:59Z,5.6,66.13
2026-08-08T13:37:59Z,5.58,65.79
2026-08-08T13:38:59Z,5.56,65.44
2026-08-08T13:39:59Z,5.51,64.72
2026-08-08T13:40:59Z,5.51,64.65
2026-08-08T13:41:59Z,5.53,64.96
2026-08-08T13:42:59Z,5.53,64.99
2026-08-08T13:43:59Z,5.52,64.89
2026-08-08T13:44:59Z,5.53,64.94
2026-08-08T13:45:59Z,5.55,65.42
2026-08-08T13:46:59Z,5.57,65.68
2026-08-08T13:47:59Z,5.57,65.73
2026-08-08T13:48:59Z,5.58,65.93
2026-08-08T13:49:59Z,5.6,66.25
2026-08-08T13:50:59Z,5.67,67.42
2026-08-08T13:51:59Z,5.75,68.73
2026-08-08T13:52:59Z,5.84,70.2
2026-08-08T13:53:59Z,5.94,71.84
2026-08-08T13:54:59Z,6.01,73.13
2026-08-08T13:55:59Z,6.12,74.96
2026-08-08T13:56:59Z,6.21,76.44
2026-08-08T13:57:59Z,6.28,77.66
2026-08-08T13:58:59Z,6.35,78.82
2026-08-08T13:59:59Z,6.39,79.51
2026-08-08T14:00:59Z,6.47,80.83
2026-08-08T14:01:59Z,6.55,82.08
2026-08-08T14:02:59Z,6.59,82.86
2026-08-08T14:03:59Z,6.64,83.66
2026-08-08T14:04:59Z,6.69,84.49
2026-08-08T14:05:59Z,6.72,85.07
2026-08-08T14:06:59Z,6.75,85.59
2026-08-08T14:07:59Z,6.78,85.98
2026-08-08T14:08:59Z,6.79,86.23
2026-08-08T14:09:59Z,6.81,86.53
2026-08-08T14:10:59Z,6.85,87.14
2026-08-08T14:11:59Z,6.88,87.72
2026-08-08T14:12:59Z,6.88,87.64
2026-08-08T14:13:59Z,6.88,87.78
2026-08-08T14:14:59Z,6.89,87.95
2026-08-08T14:15:59Z,6.9,88.12
2026-08-08T14:16:59Z,6.9,88.11
2026-08-08T14:17:59Z,6.92,88.4
2026-08-08T14:18:59Z,6.92,88.45
2026-08-08T14:19:59Z,6.95,88.81
2026-08-08T14:20:59Z,6.96,89.11
2026-08-08T14:21:59Z,6.96,89.07
2026-08-08T14:22:59Z,6.96,88.97
2026-08-08T14:23:59Z,6.97,89.21
2026-08-08T14:24:59Z,6.98,89.33
2026-08-08T14:25:59Z,7,89.69
2026-08-08T14:26:59Z,6.98,89.34
2026-08-08T14:27:59Z,6.99,89.59
2026-08-08T14:28:59Z,7,89.75
2026-08-08T14:29:59Z,6.99,89.54
2026-08-08T14:30:59Z,7,89.75
2026-08-08T14:31:59Z,6.99,89.51
2026-08-08T14:32:59Z,7,89.72
2026-08-08T14:33:59Z,6.97,89.24
2026-08-08T14:34:59Z,6.97,89.29
2026-08-08T14:35:59Z,6.94,88.79
2026-08-08T14:36:59Z,6.93,88.59
2026-08-08T14:37:59Z,6.92,88.42
2026-08-08T14:38:59Z,6.91,88.23
2026-08-08T14:39:59Z,6.89,87.86
2026-08-08T14:40:59Z,6.89,87.87
2026-08-08T14:41:59Z,6.89,87.88
2026-08-08T14:42:59Z,6.87,87.62
2026-08-08T14:43:59Z,6.86,87.44
2026-08-08T14:44:59Z,6.87,87.5
2026-08-08T14:45:59Z,6.9,87.99
2026-08-08T14:46:59Z,6.89,87.86
2026-08-08T14:47:59Z,6.87,87.61
2026-08-08T14:48:59Z,6.87,87.49
2026-08-08T14:49:59Z,6.87,87.57
2026-08-08T14:50:59Z,6.89,87.84
2026-08-08T14:51:59Z,6.87,87.61
2026-08-08T14:52:59Z,6.89,87.81
2026-08-08T14:53:59Z,6.89,87.84
2026-08-08T14:54:59Z,6.89,87.91
2026-08-08T14:55:59Z,6.9,88.1
2026-08-08T14:56:59Z,6.89,87.91
2026-08-08T14:57:59Z,6.9,87.99
2026-08-08T14:58:59Z,6.9,87.96
2026-08-08T14:59:59Z,6.9,88.06
2026-08-08T15:00:59Z,6.92,88.42
2026-08-08T15:01:59Z,6.92,88.37
2026-08-08T15:02:59Z,6.93,88.53
2026-08-08T15:03:59Z,6.96,88.98
2026-08-08T15:04:59Z,6.96,89.01
2026-08-08T15:05:59Z,6.98,89.33
2026-08-08T15:06:59Z,6.98,89.35
2026-08-08T15:07:59Z,6.99,89.54
2026-08-08T15:08:59Z,6.99,89.51
2026-08-08T15:09:59Z,6.99,89.58
2026-08-08T15:10:59Z,7,89.76
2026-08-08T15:11:59Z,6.99,89.55
2026-08-08T15:12:59Z,6.99,89.56
2026-08-08T15:13:59Z,6.98,89.47
2026-08-08T15:14:59Z,6.99,89.49
2026-08-08T15:15:59Z,7,89.72
2026-08-08T15:16:59Z,6.99,89.58
2026-08-08T15:17:59Z,7,89.7
2026-08-08T15:18:59Z,6.99,89.53
2026-08-08T15:19:59Z,6.99,89.61
2026-08-08T15:20:59Z,7,89.77
2026-08-08T15:21:59Z,7.01,89.88
2026-08-08T15:22:59Z,7.02,90.03
2026-08-08T15:23:59Z,7.02,90.05
2026-08-08T15:24:59Z,7.03,90.23
2026-08-08T15:25:59Z,7.03,90.22
2026-08-08T15:26:59Z,7.02,90.1
2026-08-08T15:27:59Z,7.02,90.13
2026-08-08T15:28:59Z,7.03,90.18
2026-08-08T15:29:59Z,7.02,90.11
2026-08-08T15:30:59Z,7.03,90.24
2026-08-08T15:31:59Z,7.02,90.01
2026-08-08T15:32:59Z,7.02,90.13
2026-08-08T15:33:59Z,7.01,89.85
2026-08-08T15:34:59Z,7.01,89.97
2026-08-08T15:35:59Z,7.02,90.01
2026-08-08T15:36:59Z,7,89.78
2026-08-08T15:37:59Z,7.02,90
2026-08-08T15:38:59Z,7.01,89.89
2026-08-08T15:39:59Z,7.02,90.03
2026-08-08T15:40:59Z,7.03,90.18
2026-08-08T15:41:59Z,7.02,90.04
2026-08-08T15:42:59Z,7.01,89.89
2026-08-08T15:43:59Z,7.02,90.01
2026-08-08T15:44:59Z,7.01,89.92
2026-08-08T15:45:59Z,7.01,89.89
2026-08-08T15:46:59Z,7.01,89.84
2026-08-08T15:47:59Z,7,89.77
2026-08-08T15:48:59Z,7.02,89.98
2026-08-08T15:49:59Z,7.01,89.91
2026-08-08T15:50:59Z,7.02,90.03
2026-08-08T15:51:59Z,7.04,90.37
2026-08-08T15:52:59Z,7.02,90.09
2026-08-08T15:53:59Z,7.04,90.41
2026-08-08T15:54:59Z,7.03,90.31
2026-08-08T15:55:59Z,7.05,90.49
2026-08-08T15:56:59Z,7.06,90.67
2026-08-08T15:57:59Z,7.05,90.56
2026-08-08T15:58:59Z,7.05,90.51
2026-08-08T15:59:59Z,7.05,90.53
2026-08-08T16:00:59Z,7.05,90.5
2026-08-08T16:01:59Z,7.05,90.6
2026-08-08T16:02:59Z,7.05,90.62
2026-08-08T16:03:59Z,7.05,90.63
2026-08-08T16:04:59Z,7.06,90.65
2026-08-08T16:05:59Z,7.05,90.6
2026-08-08T16:06:59Z,,90.49
2026-08-08T16:07:59Z,,90.37
2026-08-08T16:08:59Z,7.04,90.38
2026-08-08T16:09:59Z,7.03,90.2
2026-08-08T16:10:59Z,7.03,90.22
2026-08-08T16:11:59Z,7.02,90.12
2026-08-08T16:12:59Z,7.03,90.2
2026-08-08T16:13:59Z,7.02,90.14
2026-08-08T16:14:59Z,7.03,90.2
2026-08-08T16:15:59Z,7.03,90.23
2026-08-08T16:16:59Z,7.03,90.26
2026-08-08T16:17:59Z,7.04,90.42
2026-08-08T16:18:59Z,7.04,90.39
2026-08-08T16:19:59Z,7.04,90.34
2026-08-08T16:20:59Z,7.04,90.46
2026-08-08T16:21:59Z,7.04,90.46
2026-08-08T16:22:59Z,7.04,90.43
2026-08-08T16:23:59Z,7.04,90.4
2026-08-08T16:24:59Z,7.05,90.51
2026-08-08T16:25:59Z,7.04,90.42
2026-08-08T16:26:59Z,7.05,90.57
2026-08-08T16:27:59Z,7.05,90.49
2026-08-08T16:28:59Z,7.05,90.57
2026-08-08T16:29:59Z,7.06,90.66
2026-08-08T16:30:59Z,7.06,90.78
2026-08-08T16:31:59Z,7.06,90.73
2026-08-08T16:32:59Z,7.06,90.75
2026-08-08T16:33:59Z,7.06,90.78
2026-08-08T16:34:59Z,7.07,90.94
2026-08-08T16:35:59Z,7.07,90.91
2026-08-08T16:36:59Z,7.07,90.93
2026-08-08T16:37:59Z,7.08,91.04
2026-08-08T16:38:59Z,7.08,91.01
2026-08-08T16:39:59Z,7.08,91.08
2026-08-08T16:40:59Z,7.09,91.23
2026-08-08T16:41:59Z,7.09,91.19
2026-08-08T16:42:59Z,7.09,91.25
2026-08-08T16:43:59Z,7.09,91.21
2026-08-08T16:44:59Z,7.09,91.28
2026-08-08T16:45:59Z,7.08,91.07
2026-08-08T16:46:59Z,7.09,91.2
2026-08-08T16:47:59Z,7.08,91.15
2026-08-08T16:48:59Z,7.08,91.09
2026-08-08T16:49:59Z,7.08,91.01
2026-08-08T16:50:59Z,7.08,91.06
2026-08-08T16:51:59Z,7.07,90.93
2026-08-08T16:52:59Z,7.07,90.82
2026-08-08T16:53:59Z,7.07,90.92
2026-08-08T16:54:59Z,7.07,90.92
2026-08-08T16:55:59Z,7.07,90.97
2026-08-08T16:56:59Z,7.07,90.95
2026-08-08T16:57:59Z,7.07,90.9
2026-08-08T16:58:59Z,7.07,90.82
2026-08-08T16:59:59Z,7.07,90.93
2026-08-08T17:00:59Z,7.08,91.03
2026-08-08T17:01:59Z,7.08,91.07
2026-08-08T17:02:59Z,7.08,91
2026-08-08T17:03:59Z,7.08,91.13
2026-08-08T17:04:59Z,7.07,90.84
2026-08-08T17:05:59Z,7.07,90.89
2026-08-08T17:06:59Z,7.07,90.91
2026-08-08T17:07:59Z,7.07,90.92
2026-08-08T17:08:59Z,7.07,90.96
2026-08-08T17:09:59Z,7.08,91.09
2026-08-08T17:10:59Z,7.08,91.09
2026-08-08T17:11:59Z,7.08,91.14
2026-08-08T17:12:59Z,7.08,91.14
2026-08-08T17:13:59Z,7.09,91.16
2026-08-08T17:14:59Z,7.08,91.14
2026-08-08T17:15:59Z,7.09,91.2
2026-08-08T17:16:59Z,7.09,91.25
2026-08-08T17:17:59Z,7.08,91.07
2026-08-08T17:18:59Z,7.08,91.08
2026-08-08T17:19:59Z,7.09,91.19
2026-08-08T17:20:59Z,7.08,91.14
2026-08-08T17:21:59Z,7.08,91.09
2026-08-08T17:22:59Z,7.08,90.99
2026-08-08T17:23:59Z,7.07,90.91
2026-08-08T17:24:59Z,7.08,90.99
2026-08-08T17:25:59Z,7.07,90.84
2026-08-08T17:26:59Z,7.06,90.75
2026-08-08T17:27:59Z,7.07,90.87
2026-08-08T17:28:59Z,7.06,90.7
2026-08-08T17:29:59Z,7.05,90.56
2026-08-08T17:30:59Z,7.05,90.63
2026-08-08T17:31:59Z,7.05,90.63
2026-08-08T17:32:59Z,7.05,90.58
2026-08-08T17:33:59Z,7.04,90.39
2026-08-08T17:34:59Z,7.04,90.36
2026-08-08T17:35:59Z,7.04,90.34
2026-08-08T17:36:59Z,7.04,90.37
2026-08-08T17:37:59Z,7.04,90.35
2026-08-08T17:38:59Z,7.03,90.29
2026-08-08T17:39:59Z,7.05,90.53
2026-08-08T17:40:59Z,7.04,90.4
2026-08-08T17:41:59Z,7.04,90.47
2026-08-08T17:42:59Z,7.03,90.31
2026-08-08T17:43:59Z,7.04,90.41
2026-08-08T17:44:59Z,7.04,90.35
2026-08-08T17:45:59Z,7.04,90.44
2026-08-08T17:46:59Z,7.03,90.3
2026-08-08T17:47:59Z,7.04,90.36
2026-08-08T17:48:59Z,7.04,90.38
2026-08-08T17:49:59Z,7.04,90.32
2026-08-08T17:50:59Z,7.04,90.39
2026-08-08T17:51:59Z,7.04,90.38
2026-08-08T17:52:59Z,7.03,90.22
2026-08-08T17:53:59Z,7.04,90.36
2026-08-08T17:54:59Z,7.04,90.35
2026-08-08T17:55:59Z,7.03,90.29
2026-08-08T17:56:59Z,7.04,90.35
2026-08-08T17:57:59Z,7.04,90.35
2026-08-08T17:58:59Z,7.04,90.45
2026-08-08T17:59:59Z,7.04,90.48
2026-08-08T18:00:59Z,7.05,90.57
2026-08-08T18:01:59Z,7.05,90.59
2026-08-08T18:02:59Z,7.06,90.72
2026-08-08T18:03:59Z,7.06,90.81
2026-08-08T18:04:59Z,7.06,90.75
2026-08-08T18:05:59Z,7.07,90.85
2026-08-08T18:06:59Z,7.07,90.87
2026-08-08T18:07:59Z,7.07,90.84
2026-08-08T18:08:59Z,7.07,90.87
2026-08-08T18:09:59Z,7.07,90.88
2026-08-08T18:10:59Z,7.07,90.98
2026-08-08T18:11:59Z,7.08,91.01
2026-08-08T18:12:59Z,7.07,90.88
2026-08-08T18:13:59Z,7.07,90.91
2026-08-08T18:14:59Z,7.07,90.89
2026-08-08T18:15:59Z,7.07,90.94
2026-08-08T18:16:59Z,7.07,90.96
2026-08-08T18:17:59Z,7.07,90.91
2026-08-08T18:18:59Z,7.07,90.89
2026-08-08T18:19:59Z,7.07,90.87
2026-08-08T18:20:59Z,7.07,90.89
2026-08-08T18:21:59Z,7.07,90.91
2026-08-08T18:22:59Z,7.07,90.89
2026-08-08T18:23:59Z,7.07,90.94
2026-08-08T18:24:59Z,7.07,90.95
2026-08-08T18:25:59Z,7.08,91.05
2026-08-08T18:26:59Z,7.08,91.07
2026-08-08T18:27:59Z,7.08,91.13
2026-08-08T18:28:59Z,7.09,91.22
2026-08-08T18:29:59Z,7.09,91.23
2026-08-08T18:30:59Z,7.08,91.11
2026-08-08T18:31:59Z,7.09,91.31
2026-08-08T18:32:59Z,7.09,91.26
2026-08-08T18:33:59Z,7.09,91.21
2026-08-08T18:34:59Z,7.09,91.26
2026-08-08T18:35:59Z,7.1,91.34
2026-08-08T18:36:59Z,7.09,91.28
2026-08-08T18:37:59Z,7.09,91.24
2026-08-08T18:38:59Z,7.09,91.16
2026-08-08T18:39:59Z,7.09,91.17
2026-08-08T18:40:59Z,7.09,91.21
2026-08-08T18:41:59Z,7.08,91.03
2026-08-08T18:42:59Z,7.08,91.13
2026-08-08T18:43:59Z,7.08,91.06
2026-08-08T18:44:59Z,7.08,91.12
2026-08-08T18:45:59Z,7.08,91.12
2026-08-08T18:46:59Z,7.09,91.18
2026-08-08T18:47:59Z,7.08,91.09
2026-08-08T18:48:59Z,7.08,91.14
2026-08-08T18:49:59Z,7.09,91.22
2026-08-08T18:50:59Z,7.08,91.09
2026-08-08T18:51:59Z,7.08,91.14
2026-08-08T18:52:59Z,7.09,91.19
2026-08-08T18:53:59Z,7.08,91.13
2026-08-08T18:54:59Z,7.08,91.15
2026-08-08T18:55:59Z,7.09,91.17
2026-08-08T18:56:59Z,7.09,91.17
2026-08-08T18:57:59Z,7.08,91.11
2026-08-08T18:58:59Z,7.08,91.14
2026-08-08T18:59:59Z,7.09,91.17
2026-08-08T19:00:59Z,7.09,91.16
2026-08-08T19:01:59Z,7.09,91.32
2026-08-08T19:02:59Z,7.09,91.25
2026-08-08T19:03:59Z,7.09,91.29
2026-08-08T19:04:59Z,7.1,91.35
2026-08-08T19:05:59Z,7.1,91.36
2026-08-08T19:06:59Z,7.1,91.4
2026-08-08T19:07:59Z,7.1,91.38
2026-08-08T19:08:59Z,7.11,91.6
2026-08-08T19:09:59Z,7.75,91.46
2026-08-08T19:10:59Z,7.1,91.41
2026-08-08T19:11:59Z,7.1,91.46
2026-08-08T19:12:59Z,7.11,91.51
2026-08-08T19:13:59Z,7.1,91.49
2026-08-08T19:14:59Z,7.11,91.5
2026-08-08T19:15:59Z,7.1,91.47
2026-08-08T19:16:59Z,7.09,91.31
2026-08-08T19:17:59Z,7.1,91.36
2026-08-08T19:18:59Z,7.1,91.33
2026-08-08T19:19:59Z,7.09,91.29
2026-08-08T19:20:59Z,7.1,91.39
2026-08-08T19:21:59Z,7.1,91.33
2026-08-08T19:22:59Z,7.1,91.33
2026-08-08T19:23:59Z,7.1,91.33
2026-08-08T19:24:59Z,7.09,91.25
2026-08-08T19:25:59Z,7.09,91.3
2026-08-08T19:26:59Z,7.09,91.26
2026-08-08T19:27:59Z,7.09,91.22
2026-08-08T19:28:59Z,7.09,91.24
2026-08-08T19:29:59Z,7.61,91.24
2026-08-08T19:30:59Z,7.61,91.3
2026-08-08T19:31:59Z,7.09,91.31
2026-08-08T19:32:59Z,7.09,91.22
2026-08-08T19:33:59Z,7.6,91.12
2026-08-08T19:34:59Z,7.61,91.18
2026-08-08T19:35:59Z,7.61,91.2
2026-08-08T19:36:59Z,7.61,91.17
2026-08-08T19:37:59Z,7.6,91.07
2026-08-08T19:38:59Z,7.08,91
2026-08-08T19:39:59Z,7.6,91.05
2026-08-08T19:40:59Z,7.6,91.02
2026-08-08T19:41:59Z,7.08,91.03
2026-08-08T19:42:59Z,7.08,91.04
2026-08-08T19:43:59Z,7.08,91.05
2026-08-08T19:44:59Z,7.08,91.11
2026-08-08T19:45:59Z,7.08,91.08
2026-08-08T19:46:59Z,7.61,91.17
2026-08-08T19:47:59Z,7.61,91.19
2026-08-08T19:48:59Z,7.61,91.24
2026-08-08T19:49:59Z,7.62,91.34
2026-08-08T19:50:59Z,8.26,91.22
2026-08-08T19:51:59Z,7.61,91.24
2026-08-08T19:52:59Z,7.61,91.28
2026-08-08T19:53:59Z,7.61,91.25
2026-08-08T19:54:59Z,7.61,91.21
2026-08-08T19:55:59Z,7.61,91.29
2026-08-08T19:56:59Z,7.61,91.27
2026-08-08T19:57:59Z,7.61,91.29
2026-08-08T19:58:59Z,7.09,91.26
2026-08-08T19:59:59Z,7.09,91.23
2026-08-08T20:00:59Z,7.09,91.25
2026-08-08T20:01:59Z,7.09,91.24
2026-08-08T20:02:59Z,7.61,91.23
2026-08-08T20:03:59Z,7.61,91.25
2026-08-08T20:04:59Z,7.09,91.28
2026-08-08T20:05:59Z,7.09,91.28
2026-08-08T20:06:59Z,7.09,91.24
2026-08-08T20:07:59Z,7.1,91.35
2026-08-08T20:08:59Z,7.09,91.31
2026-08-08T20:09:59Z,7.1,91.4
2026-08-08T20:10:59Z,7.1,91.37
2026-08-08T20:11:59Z,7.09,91.29
2026-08-08T20:12:59Z,7.62,91.33
2026-08-08T20:13:59Z,7.61,91.25
2026-08-08T20:14:59Z,7.62,91.34
2026-08-08T20:15:59Z,7.6,91.12
2026-08-08T20:16:59Z,7.61,91.23
2026-08-08T20:17:59Z,7.09,91.23
2026-08-08T20:18:59Z,7.08,91.13
2026-08-08T20:19:59Z,7.6,91.13
2026-08-08T20:20:59Z,7.6,91.06
2026-08-08T20:21:59Z,7.08,91.1
2026-08-08T20:22:59Z,7.08,91.02
2026-08-08T20:23:59Z,7.6,91.04
2026-08-08T20:24:59Z,7.08,91.05
2026-08-08T20:25:59Z,7.08,91.01
2026-08-08T20:26:59Z,7.08,91.09
2026-08-08T20:27:59Z,7.08,91.11
2026-08-08T20:28:59Z,7.08,91.07
2026-08-08T20:29:59Z,7.08,91.03
2026-08-08T20:30:59Z,7.6,91.1
2026-08-08T20:31:59Z,7.6,91.14
2026-08-08T20:32:59Z,7.08,91.07
2026-08-08T20:33:59Z,7.08,91.09
2026-08-08T20:34:59Z,7.09,91.22
2026-08-08T20:35:59Z,7.09,91.25
2026-08-08T20:36:59Z,7.09,91.2
2026-08-08T20:37:59Z,7.09,91.22
2026-08-08T20:38:59Z,7.09,91.22
2026-08-08T20:39:59Z,7.09,91.21
2026-08-08T20:40:59Z,8.27,91.34
2026-08-08T20:41:59Z,7.09,91.31
2026-08-08T20:42:59Z,7.1,91.38
2026-08-08T20:43:59Z,7.1,91.34
2026-08-08T20:44:59Z,7.1,91.37
2026-08-08T20:45:59Z,7.1,91.4
2026-08-08T20:46:59Z,7.1,91.39
2026-08-08T20:47:59Z,7.1,91.39
2026-08-08T20:48:59Z,7.1,91.39
2026-08-08T20:49:59Z,7.1,91.34
2026-08-08T20:50:59Z,7.1,91.43
2026-08-08T20:51:59Z,7.1,91.4
2026-08-08T20:52:59Z,7.1,91.49
2026-08-08T20:53:59Z,7.1,91.41
2026-08-08T20:54:59Z,7.1,91.44
2026-08-08T20:55:59Z,7.11,91.51
2026-08-08T20:56:59Z,7.1,91.46
2026-08-08T20:57:59Z,7.11,91.56
2026-08-08T20:58:59Z,7.1,91.48
2026-08-08T20:59:59Z,7.1,91.49
2026-08-08T21:00:59Z,7.11,91.59
2026-08-08T21:01:59Z,7.11,91.54
2026-08-08T21:02:59Z,7.63,91.55
2026-08-08T21:03:59Z,7.63,91.56
2026-08-08T21:04:59Z,7.11,91.62
2026-08-08T21:05:59Z,7.64,91.69
2026-08-08T21:06:59Z,7.11,91.61
2026-08-08T21:07:59Z,7.11,91.64
2026-08-08T21:08:59Z,7.12,91.72
2026-08-08T21:09:59Z,7.11,91.64
2026-08-08T21:10:59Z,7.12,91.78
2026-08-08T21:11:59Z,7.12,91.75
2026-08-08T21:12:59Z,7.13,91.85
2026-08-08T21:13:59Z,7.12,91.77
2026-08-08T21:14:59Z,7.13,91.83
2026-08-08T21:15:59Z,7.12,91.8
2026-08-08T21:16:59Z,7.13,91.84
2026-08-08T21:17:59Z,7.13,91.91
2026-08-08T21:18:59Z,7.13,91.99
2026-08-08T21:19:59Z,7.14,92.01
2026-08-08T21:20:59Z,7.13,91.98
2026-08-08T21:21:59Z,7.14,92.02
2026-08-08T21:22:59Z,7.14,92.07
2026-08-08T21:23:59Z,7.14,92.09
2026-08-08T21:24:59Z,7.15,92.17
2026-08-08T21:25:59Z,7.15,92.18
2026-08-08T21:26:59Z,7.15,92.19
2026-08-08T21:27:59Z,7.53,92.13
2026-08-08T21:28:59Z,7.15,92.2
2026-08-08T21:29:59Z,7.15,92.26
2026-08-08T21:30:59Z,7.15,92.32
2026-08-08T21:31:59Z,7.16,92.37
2026-08-08T21:32:59Z,7.15,92.32
2026-08-08T21:33:59Z,7.16,92.49
2026-08-08T21:34:59Z,7.15,92.32
2026-08-08T21:35:59Z,7.16,92.49
2026-08-08T21:36:59Z,7.17,92.61
2026-08-08T21:37:59Z,7.17,92.57
2026-08-08T21:38:59Z,7.17,92.62
2026-08-08T21:39:59Z,7.17,92.58
2026-08-08T21:40:59Z,7.16,92.47
2026-08-08T21:41:59Z,7.17,92.62
2026-08-08T21:42:59Z,7.18,92.75
2026-08-08T21:43:59Z,7.18,92.68
2026-08-08T21:44:59Z,7.17,92.66
2026-08-08T21:45:59Z,7.18,92.73
2026-08-08T21:46:59Z,7.18,92.76
2026-08-08T21:47:59Z,7.18,92.82
2026-08-08T21:48:59Z,7.18,92.76
2026-08-08T21:49:59Z,7.19,92.92
2026-08-08T21:50:59Z,7.19,92.88
2026-08-08T21:51:59Z,7.19,92.87
2026-08-08T21:52:59Z,7.19,92.92
2026-08-08T21:53:59Z,7.19,92.92
2026-08-08T21:54:59Z,7.19,92.92
2026-08-08T21:55:59Z,7.19,92.88
2026-08-08T21:56:59Z,7.19,92.92
2026-08-08T21:57:59Z,7.18,92.77
2026-08-08T21:58:59Z,7.19,92.91
2026-08-08T21:59:59Z,7.19,92.9
2026-08-08T22:00:59Z,7.19,92.91
2026-08-08T22:01:59Z,7.18,92.82
2026-08-08T22:02:59Z,7.19,92.95
2026-08-08T22:03:59Z,7.19,92.97
2026-08-08T22:04:59Z,7.2,93.06
2026-08-08T22:05:59Z,7.19,93
2026-08-08T22:06:59Z,7.2,93.08
2026-08-08T22:07:59Z,7.2,93.08
2026-08-08T22:08:59Z,7.2,93.17
2026-08-08T22:09:59Z,7.2,93.11
2026-08-08T22:10:59Z,7.2,93.1
2026-08-08T22:11:59Z,7.2,93.12
2026-08-08T22:12:59Z,7.21,93.18
2026-08-08T22:13:59Z,7.21,93.26
2026-08-08T22:14:59Z,7.22,93.36
2026-08-08T22:15:59Z,7.23,93.51
2026-08-08T22:16:59Z,7.22,93.42
2026-08-08T22:17:59Z,7.22,93.48
2026-08-08T22:18:59Z,7.23,93.57
2026-08-08T22:19:59Z,7.23,93.62
2026-08-08T22:20:59Z,7.23,93.54
2026-08-08T22:21:59Z,7.24,93.68
2026-08-08T22:22:59Z,7.23,93.56
2026-08-08T22:23:59Z,7.24,93.71
2026-08-08T22:24:59Z,7.23,93.67
2026-08-08T22:25:59Z,7.24,93.71
2026-08-08T22:26:59Z,7.23,93.66
2026-08-08T22:27:59Z,7.24,93.75
2026-08-08T22:28:59Z,7.24,93.7
2026-08-08T22:29:59Z,7.23,93.67
2026-08-08T22:30:59Z,7.23,93.56
2026-08-08T22:31:59Z,7.24,93.68
2026-08-08T22:32:59Z,7.23,93.59
2026-08-08T22:33:59Z,7.24,93.74
2026-08-08T22:34:59Z,7.23,93.6
2026-08-08T22:35:59Z,7.23,93.63
2026-08-08T22:36:59Z,7.23,93.54
2026-08-08T22:37:59Z,7.23,93.54
2026-08-08T22:38:59Z,7.23,93.65
2026-08-08T22:39:59Z,7.24,93.72
2026-08-08T22:40:59Z,7.24,93.7
2026-08-08T22:41:59Z,7.23,93.63
2026-08-08T22:42:59Z,7.24,93.77
2026-08-08T22:43:59Z,7.23,93.55
2026-08-08T22:44:59Z,7.23,93.62
2026-08-08T22:45:59Z,7.23,93.6
2026-08-08T22:46:59Z,7.24,93.79
2026-08-08T22:47:59Z,7.24,93.72
2026-08-08T22:48:59Z,7.25,93.98
2026-08-08T22:49:59Z,7.23,93.62
2026-08-08T22:50:59Z,7.23,93.67
2026-08-08T22:51:59Z,7.23,93.64
2026-08-08T22:52:59Z,7.24,93.73
2026-08-08T22:53:59Z,7.24,93.76
2026-08-08T22:54:59Z,7.23,93.66
2026-08-08T22:55:59Z,7.24,93.74
2026-08-08T22:56:59Z,7.23,93.62
2026-08-08T22:57:59Z,7.24,93.75
2026-08-08T22:58:59Z,7.24,93.73
2026-08-08T22:59:59Z,7.24,93.73
2026-08-08T23:00:59Z,7.24,93.8
2026-08-08T23:01:59Z,7.24,93.74
2026-08-08T23:02:59Z,7.24,93.79
2026-08-08T23:03:59Z,7.24,93.82
2026-08-08T23:04:59Z,7.24,93.84
2026-08-08T23:05:59Z,7.24,93.7
2026-08-08T23:06:59Z,7.24,93.76
2026-08-08T23:07:59Z,7.24,93.72
2026-08-08T23:08:59Z,7.25,93.87
2026-08-08T23:09:59Z,7.25,93.92
2026-08-08T23:10:59Z,7.24,93.78
2026-08-08T23:11:59Z,7.24,93.83
2026-08-08T23:12:59Z,7.24,93.82
2026-08-08T23:13:59Z,7.24,93.78
2026-08-08T23:14:59Z,7.23,93.59
2026-08-08T23:15:59Z,7.24,93.71
2026-08-08T23:16:59Z,7.24,93.71
2026-08-08T23:17:59Z,7.23,93.52
2026-08-08T23:18:59Z,7.23,93.51
2026-08-08T23:19:59Z,7.22,93.46
2026-08-08T23:20:59Z,7.23,93.6
2026-08-08T23:21:59Z,7.24,93.68
2026-08-08T23:22:59Z,7.23,93.61
2026-08-08T23:23:59Z,7.23,93.52
2026-08-08T23:24:59Z,7.23,93.65
2026-08-08T23:25:59Z,7.23,93.63
2026-08-08T23:26:59Z,7.22,93.45
2026-08-08T23:27:59Z,7.22,93.45
2026-08-08T23:28:59Z,7.23,93.59
2026-08-08T23:29:59Z,7.23,93.52
2026-08-08T23:30:59Z,7.22,93.48
2026-08-08T23:31:59Z,7.22,93.49
2026-08-08T23:32:59Z,7.22,93.4
2026-08-08T23:33:59Z,7.22,93.5
2026-08-08T23:34:59Z,7.23,93.56
2026-08-08T23:35:59Z,7.22,93.47
2026-08-08T23:36:59Z,7.22,93.46
2026-08-08T23:37:59Z,7.22,93.47
2026-08-08T23:38:59Z,7.22,93.47
2026-08-08T23:39:59Z,7.23,93.63
2026-08-08T23:40:59Z,7.23,93.57
2026-08-08T23:41:59Z,7.23,93.65
2026-08-08T23:42:59Z,7.24,93.8
2026-08-08T23:43:59Z,7.23,93.53
2026-08-08T23:44:59Z,7.22,93.49
2026-08-08T23:45:59Z,7.23,93.67
2026-08-08T23:46:59Z,7.22,93.5
2026-08-08T23:47:59Z,7.23,93.62
2026-08-08T23:48:59Z,7.23,93.63
2026-08-08T23:49:59Z,7.23,93.63
2026-08-08T23:50:59Z,7.24,93.71
2026-08-08T23:51:59Z,7.24,93.77
2026-08-08T23:52:59Z,7.23,93.58
2026-08-08T23:53:59Z,7.24,93.7
2026-08-08T23:54:59Z,7.25,93.85
2026-08-08T23:55:59Z,7.24,93.82
2026-08-08T23:56:59Z,7.25,93.9
2026-08-08T23:57:59Z,7.25,93.87
2026-08-08T23:58:59Z,7.24,93.84
2026-08-08T23:59:59Z,7.24,93.83
2026-08-09T00:00:59Z,7.24,93.81
2026-08-09T00:01:59Z,7.24,93.84
2026-08-09T00:02:59Z,7.24,93.84
2026-08-09T00:03:59Z,7.25,93.97
2026-08-09T00:04:59Z,7.25,93.96
2026-08-09T00:05:59Z,7.25,93.92
2026-08-09T00:06:59Z,7.25,94
2026-08-09T00:07:59Z,7.25,93.85
2026-08-09T00:08:59Z,7.25,93.92
2026-08-09T00:09:59Z,7.25,93.95
2026-08-09T00:10:59Z,7.25,93.94
2026-08-09T00:11:59Z,7.26,94.06
2026-08-09T00:12:59Z,7.26,94.06
2026-08-09T00:13:59Z,7.25,93.89
2026-08-09T00:14:59Z,7.24,93.83
2026-08-09T00:15:59Z,7.25,94
2026-08-09T00:16:59Z,7.25,93.91
2026-08-09T00:17:59Z,7.24,93.71
2026-08-09T00:18:59Z,7.25,93.88
2026-08-09T00:19:59Z,7.25,93.86
2026-08-09T00:20:59Z,7.24,93.84
2026-08-09T00:21:59Z,7.25,93.91
2026-08-09T00:22:59Z,7.24,93.75
2026-08-09T00:23:59Z,7.24,93.82
2026-08-09T00:24:59Z,7.24,93.84
2026-08-09T00:25:59Z,7.24,93.73
2026-08-09T00:26:59Z,7.24,93.71
2026-08-09T00:27:59Z,7.25,93.86
2026-08-09T00:28:59Z,7.24,93.69
2026-08-09T00:29:59Z,7.24,93.73
2026-08-09T00:30:59Z,7.24,93.73
2026-08-09T00:31:59Z,7.24,93.68
2026-08-09T00:32:59Z,7.24,93.77
2026-08-09T00:33:59Z,7.24,93.71
2026-08-09T00:34:59Z,7.23,93.59
2026-08-09T00:35:59Z,7.23,93.58
2026-08-09T00:36:59Z,7.23,93.58
2026-08-09T00:37:59Z,7.23,93.59
2026-08-09T00:38:59Z,7.22,93.47
2026-08-09T00:39:59Z,7.22,93.47
2026-08-09T00:40:59Z,7.22,93.45
2026-08-09T00:41:59Z,7.21,93.31
2026-08-09T00:42:59Z,7.21,93.32
2026-08-09T00:43:59Z,7.21,93.34
2026-08-09T00:44:59Z,7.22,93.38
2026-08-09T00:45:59Z,7.22,93.36
2026-08-09T00:46:59Z,7.2,93.14
2026-08-09T00:47:59Z,7.2,93.15
2026-08-09T00:48:59Z,7.2,93.03
2026-08-09T00:49:59Z,7.19,92.93
2026-08-09T00:50:59Z,7.21,93.21
2026-08-09T00:51:59Z,7.21,93.22
2026-08-09T00:52:59Z,7.21,93.18
2026-08-09T00:53:59Z,7.2,93.04
2026-08-09T00:54:59Z,7.21,93.19
2026-08-09T00:55:59Z,7.19,92.94
2026-08-09T00:56:59Z,7.19,92.91
2026-08-09T00:57:59Z,7.19,92.93
2026-08-09T00:58:59Z,7.18,92.72
2026-08-09T00:59:59Z,7.18,92.81
2026-08-09T01:00:59Z,7.18,92.82
2026-08-09T01:01:59Z,7.18,92.73
2026-08-09T01:02:59Z,7.18,92.82
2026-08-09T01:03:59Z,7.19,92.86
2026-08-09T01:04:59Z,7.19,92.89
2026-08-09T01:05:59Z,7.19,92.9
2026-08-09T01:06:59Z,7.19,92.86
2026-08-09T01:07:59Z,7.19,92.9
2026-08-09T01:08:59Z,7.19,92.85
2026-08-09T01:09:59Z,7.18,92.78
2026-08-09T01:10:59Z,7.19,92.91
2026-08-09T01:11:59Z,7.19,92.88
2026-08-09T01:12:59Z,7.18,92.83
2026-08-09T01:13:59Z,7.2,93.01
2026-08-09T01:14:59Z,7.18,92.83
2026-08-09T01:15:59Z,7.19,92.9
2026-08-09T01:16:59Z,7.19,93
2026-08-09T01:17:59Z,7.19,92.91
2026-08-09T01:18:59Z,7.19,92.87
2026-08-09T01:19:59Z,7.18,92.78
2026-08-09T01:20:59Z,7.19,92.92
2026-08-09T01:21:59Z,7.19,92.92
2026-08-09T01:22:59Z,7.19,92.92
2026-08-09T01:23:59Z,7.19,92.91
2026-08-09T01:24:59Z,7.19,92.87
2026-08-09T01:25:59Z,7.19,92.89
2026-08-09T01:26:59Z,7.19,92.93
2026-08-09T01:27:59Z,7.2,93.07
2026-08-09T01:28:59Z,7.2,93.05
2026-08-09T01:29:59Z,7.19,92.94
2026-08-09T01:30:59Z,7.2,93.05
2026-08-09T01:31:59Z,7.19,92.88
2026-08-09T01:32:59Z,7.19,92.94
2026-08-09T01:33:59Z,7.2,93.02
2026-08-09T01:34:59Z,7.19,93
2026-08-09T01:35:59Z,7.2,93.01
2026-08-09T01:36:59Z,7.2,93.16
2026-08-09T01:37:59Z,7.19,92.98
2026-08-09T01:38:59Z,7.2,93.07
2026-08-09T01:39:59Z,7.2,93.1
2026-08-09T01:40:59Z,7.2,93.01
2026-08-09T01:41:59Z,7.19,92.95
2026-08-09T01:42:59Z,7.19,92.95
2026-08-09T01:43:59Z,7.2,93.03
2026-08-09T01:44:59Z,7.19,92.96
2026-08-09T01:45:59Z,7.19,92.85
2026-08-09T01:46:59Z,7.19,93
2026-08-09T01:47:59Z,7.2,93.09
2026-08-09T01:48:59Z,7.19,92.95
2026-08-09T01:49:59Z,7.19,93
2026-08-09T01:50:59Z,7.2,93.12
2026-08-09T02:46:59Z,7.24,93.7
2026-08-09T02:47:59Z,7.24,93.75
2026-08-09T02:48:59Z,7.24,93.82
2026-08-09T02:49:59Z,7.24,93.75
2026-08-09T02:50:59Z,7.24,93.68
2026-08-09T02:51:59Z,7.24,93.7
2026-08-09T02:52:59Z,7.24,93.74
2026-08-09T02:53:59Z,7.23,93.58
2026-08-09T02:54:59Z,7.24,93.8
2026-08-09T02:55:59Z,7.24,93.81
2026-08-09T02:56:59Z,7.23,93.66
2026-08-09T02:57:59Z,7.23,93.64
2026-08-09T02:58:59Z,7.24,93.84
2026-08-09T02:59:59Z,7.24,93.79
2026-08-09T03:00:59Z,7.23,93.66
2026-08-09T03:01:59Z,7.22,93.45
2026-08-09T03:02:59Z,7.23,93.57
2026-08-09T03:03:59Z,7.23,93.6
2026-08-09T03:04:59Z,7.23,93.54
2026-08-09T03:05:59Z,7.24,93.76
2026-08-09T03:06:59Z,7.23,93.55
2026-08-09T03:07:59Z,7.23,93.58
2026-08-09T03:08:59Z,7.23,93.61
2026-08-09T03:09:59Z,7.23,93.53
2026-08-09T03:10:59Z,7.23,93.53
2026-08-09T03:11:59Z,7.23,93.59
2026-08-09T03:12:59Z,7.23,93.58
2026-08-09T03:13:59Z,7.24,93.74
2026-08-09T03:14:59Z,7.23,93.61
2026-08-09T03:15:59Z,7.23,93.6
2026-08-09T03:16:59Z,7.22,93.44
2026-08-09T03:17:59Z,7.22,93.44
2026-08-09T03:18:59Z,7.23,93.66
2026-08-09T03:19:59Z,7.23,93.62
2026-08-09T03:20:59Z,7.24,93.82
2026-08-09T03:21:59Z,7.24,93.75
2026-08-09T03:22:59Z,7.24,93.72
2026-08-09T03:23:59Z,7.24,93.71
2026-08-09T03:24:59Z,7.24,93.78
2026-08-09T03:25:59Z,7.26,94.1
2026-08-09T03:26:59Z,7.25,93.89
2026-08-09T03:27:59Z,7.24,93.8
2026-08-09T03:28:59Z,7.24,93.72
2026-08-09T03:29:59Z,7.23,93.67
2026-08-09T03:30:59Z,7.24,93.79
2026-08-09T03:31:59Z,7.25,93.87
2026-08-09T03:32:59Z,7.25,93.88
2026-08-09T03:33:59Z,7.25,93.87
2026-08-09T03:34:59Z,7.24,93.71
2026-08-09T03:35:59Z,7.23,93.61
2026-08-09T03:36:59Z,7.23,93.64
2026-08-09T03:37:59Z,7.25,93.85
2026-08-09T03:38:59Z,7.23,93.67
2026-08-09T03:39:59Z,7.24,93.76
2026-08-09T03:40:59Z,7.24,93.8
2026-08-09T03:41:59Z,7.24,93.76
2026-08-09T03:42:59Z,7.23,93.66
2026-08-09T03:43:59Z,7.25,93.89
2026-08-09T03:44:59Z,7.24,93.69
2026-08-09T03:45:59Z,7.25,93.89
2026-08-09T03:46:59Z,7.25,93.9
2026-08-09T03:47:59Z,7.24,93.77
2026-08-09T03:48:59Z,7.24,93.68
2026-08-09T03:49:59Z,7.22,93.48
2026-08-09T03:50:59Z,7.23,93.63
2026-08-09T03:51:59Z,7.23,93.54
2026-08-09T03:52:59Z,7.23,93.63
2026-08-09T03:53:59Z,7.22,93.48
2026-08-09T03:54:59Z,7.21,93.24
2026-08-09T03:55:59Z,7.22,93.4
2026-08-09T03:56:59Z,7.2,93.13
2026-08-09T03:57:59Z,7.21,93.22
2026-08-09T03:58:59Z,7.21,93.27
2026-08-09T03:59:59Z,7.19,92.98
2026-08-09T04:00:59Z,7.21,93.28
2026-08-09T04:01:59Z,7.2,93.06
2026-08-09T04:02:59Z,7.21,93.26
2026-08-09T04:03:59Z,7.21,93.25
2026-08-09T04:04:59Z,7.2,93.13
2026-08-09T04:05:59Z,7.19,92.98
2026-08-09T04:06:59Z,7.18,92.81
2026-08-09T04:07:59Z,7.19,92.95
2026-08-09T04:08:59Z,7.19,92.88
2026-08-09T04:09:59Z,7.19,92.97
2026-08-09T04:10:59Z,7.2,93.1
2026-08-09T04:11:59Z,7.19,92.92
2026-08-09T04:12:59Z,7.19,93
2026-08-09T04:13:59Z,7.19,92.96
2026-08-09T04:14:59Z,7.19,92.87
2026-08-09T04:15:59Z,7.2,93.15
2026-08-09T04:16:59Z,7.18,92.82
2026-08-09T04:17:59Z,7.18,92.76
2026-08-09T04:18:59Z,7.19,92.84
2026-08-09T04:19:59Z,7.18,92.69
2026-08-09T04:20:59Z,7.18,92.75
2026-08-09T04:21:59Z,7.16,92.41
2026-08-09T04:22:59Z,7.15,92.32
2026-08-09T04:23:59Z,7.14,92.14
2026-08-09T04:24:59Z,7.15,92.17
2026-08-09T04:25:59Z,7.15,92.21
2026-08-09T04:26:59Z,7.14,92.14
2026-08-09T04:27:59Z,7.13,91.88
2026-08-09T04:28:59Z,7.13,91.88
2026-08-09T04:29:59Z,7.12,91.8
2026-08-09T04:30:59Z,7.14,92.01
2026-08-09T04:31:59Z,7.12,91.79
2026-08-09T04:32:59Z,7.1,91.42
2026-08-09T04:33:59Z,7.11,91.57
2026-08-09T04:34:59Z,7.09,91.26
2026-08-09T04:35:59Z,7.1,91.33
2026-08-09T04:36:59Z,7.09,91.28
2026-08-09T04:37:59Z,7.07,90.91
2026-08-09T04:38:59Z,7.07,90.84
2026-08-09T04:39:59Z,7.06,90.8
2026-08-09T04:40:59Z,7.07,90.98
2026-08-09T04:41:59Z,7.06,90.66
2026-08-09T04:42:59Z,7.06,90.72
2026-08-09T04:43:59Z,7.04,90.46
2026-08-09T04:44:59Z,7.05,90.56
2026-08-09T04:45:59Z,7.06,90.76
2026-08-09T04:46:59Z,7.05,90.64
2026-08-09T04:47:59Z,7.06,90.77
2026-08-09T04:48:59Z,7.04,90.48
2026-08-09T04:49:59Z,7.05,90.57
2026-08-09T04:50:59Z,7.06,90.81
2026-08-09T04:51:59Z,7.03,90.26
2026-08-09T04:52:59Z,7.04,90.32
2026-08-09T04:53:59Z,7.04,90.39
2026-08-09T04:54:59Z,7.04,90.32
2026-08-09T04:55:59Z,7.04,90.36
2026-08-09T04:56:59Z,7.03,90.26
2026-08-09T04:57:59Z,7.01,89.84
2026-08-09T04:58:59Z,7,89.69
2026-08-09T04:59:59Z,6.99,89.55
2026-08-09T05:00:59Z,6.98,89.42
2026-08-09T05:01:59Z,6.98,89.35
2026-08-09T05:02:59Z,6.97,89.21
2026-08-09T05:03:59Z,6.97,89.21
2026-08-09T05:04:59Z,6.97,89.16
2026-08-09T05:05:59Z,6.94,88.7
2026-08-09T05:06:59Z,6.94,88.75
2026-08-09T05:07:59Z,6.94,88.76
2026-08-09T05:08:59Z,6.95,88.83
2026-08-09T05:09:59Z,6.94,88.76
2026-08-09T05:10:59Z,6.96,89.08
2026-08-09T05:11:59Z,6.95,88.96
2026-08-09T05:12:59Z,6.96,89.02
2026-08-09T05:13:59Z,6.97,89.17
2026-08-09T05:14:59Z,6.96,89.02
2026-08-09T05:15:59Z,6.96,88.98
2026-08-09T05:16:59Z,6.94,88.66
2026-08-09T05:17:59Z,6.93,88.54
2026-08-09T05:18:59Z,6.95,88.83
2026-08-09T05:19:59Z,6.97,89.23
2026-08-09T05:20:59Z,6.97,89.24
2026-08-09T05:21:59Z,6.97,89.22
2026-08-09T05:22:59Z,6.98,89.44
2026-08-09T05:23:59Z,6.99,89.56
2026-08-09T05:24:59Z,6.98,89.44
2026-08-09T05:25:59Z,6.99,89.61
2026-08-09T05:26:59Z,6.99,89.63
2026-08-09T05:27:59Z,7.01,89.92
2026-08-09T05:28:59Z,7.01,89.87
2026-08-09T05:29:59Z,7,89.77
2026-08-09T05:30:59Z,7.02,90.14
2026-08-09T05:31:59Z,7.01,89.82
2026-08-09T05:32:59Z,7.02,90.13
2026-08-09T05:33:59Z,7.02,90.09
2026-08-09T05:34:59Z,7.02,90.13
2026-08-09T05:35:59Z,7.04,90.44
2026-08-09T05:36:59Z,7.03,90.21
2026-08-09T05:37:59Z,7.03,90.25
2026-08-09T05:38:59Z,7.01,89.91
2026-08-09T05:39:59Z,7.03,90.21
2026-08-09T05:40:59Z,7.05,90.5
2026-08-09T05:41:59Z,7.01,89.9
2026-08-09T05:42:59Z,7.01,89.96
2026-08-09T05:43:59Z,7.04,90.43
2026-08-09T05:44:59Z,7.02,90.08
2026-08-09T05:45:59Z,7.03,90.2
2026-08-09T05:46:59Z,7.03,90.19
2026-08-09T05:47:59Z,7.02,89.99
2026-08-09T05:48:59Z,7.01,89.95
2026-08-09T05:49:59Z,7.01,89.94
2026-08-09T05:50:59Z,6.99,89.58
2026-08-09T05:51:59Z,7,89.71
2026-08-09T05:52:59Z,7.02,90.01
2026-08-09T05:53:59Z,7.01,89.92
2026-08-09T05:54:59Z,7.01,89.92
2026-08-09T05:55:59Z,7.02,90.13
2026-08-09T05:56:59Z,7.03,90.15
2026-08-09T05:57:59Z,7.02,90.11
2026-08-09T05:58:59Z,7.02,90.07
2026-08-09T05:59:59Z,7.03,90.18
2026-08-09T06:00:59Z,7.03,90.25
2026-08-09T06:01:59Z,7.02,90.07
2026-08-09T06:02:59Z,7.03,90.25
2026-08-09T06:03:59Z,7.01,89.97
2026-08-09T06:04:59Z,7.02,90.12
2026-08-09T06:05:59Z,7.02,90.14
2026-08-09T06:06:59Z,7.02,90.12
2026-08-09T06:07:59Z,7.05,90.55
2026-08-09T06:08:59Z,7.05,90.51
2026-08-09T06:09:59Z,7.04,90.43
2026-08-09T06:10:59Z,7.06,90.69
2026-08-09T06:11:59Z,7.06,90.74
2026-08-09T06:12:59Z,7.06,90.65
2026-08-09T06:13:59Z,7.06,90.78
2026-08-09T06:14:59Z,7.07,90.88
2026-08-09T06:15:59Z,7.09,91.23
2026-08-09T06:16:59Z,7.07,90.94
2026-08-09T06:17:59Z,7.08,91.02
2026-08-09T06:18:59Z,7.08,91.03
2026-08-09T06:19:59Z,7.07,90.82
2026-08-09T06:20:59Z,7.1,91.33
2026-08-09T06:21:59Z,7.11,91.56
2026-08-09T06:22:59Z,7.09,91.16
2026-08-09T06:23:59Z,7.08,91.12
2026-08-09T06:24:59Z,7.09,91.19
2026-08-09T06:25:59Z,7.09,91.17
2026-08-09T06:26:59Z,7.06,90.68
2026-08-09T06:27:59Z,7.06,90.8
2026-08-09T06:28:59Z,7.06,90.77
2026-08-09T06:29:59Z,7.07,90.94
2026-08-09T06:30:59Z,7.08,91.08
2026-08-09T06:31:59Z,7.07,90.87
2026-08-09T06:32:59Z,7.08,91.12
2026-08-09T06:33:59Z,7.06,90.8
2026-08-09T06:34:59Z,7.06,90.73
2026-08-09T06:35:59Z,7.08,91.02
2026-08-09T06:36:59Z,7.08,90.99
2026-08-09T06:37:59Z,7.09,91.18
2026-08-09T06:38:59Z,7.08,91.11
2026-08-09T06:39:59Z,7.06,90.77
2026-08-09T06:40:59Z,7.08,91.02
2026-08-09T06:41:59Z,7.06,90.71
2026-08-09T06:42:59Z,7.05,90.55
2026-08-09T06:43:59Z,7.06,90.8
2026-08-09T06:44:59Z,7.06,90.69
2026-08-09T06:45:59Z,7.07,90.82
2026-08-09T06:46:59Z,7.06,90.67
2026-08-09T06:47:59Z,7.06,90.81
2026-08-09T06:48:59Z,7.06,90.71
2026-08-09T06:49:59Z,7.04,90.47
2026-08-09T06:50:59Z,7.06,90.79
2026-08-09T06:51:59Z,7.05,90.52
2026-08-09T06:52:59Z,7.06,90.75
2026-08-09T06:53:59Z,7.05,90.62
2026-08-09T06:54:59Z,7.01,89.92
2026-08-09T06:55:59Z,7.01,89.91
2026-08-09T06:56:59Z,7.01,89.91
2026-08-09T06:57:59Z,7,89.78
2026-08-09T06:58:59Z,6.99,89.62
2026-08-09T06:59:59Z,6.99,89.51
2026-08-09T07:00:59Z,6.96,89.12
2026-08-09T07:01:59Z,6.95,88.89
2026-08-09T07:02:59Z,6.95,88.92
2026-08-09T07:03:59Z,6.94,88.66
2026-08-09T07:04:59Z,6.91,88.16
2026-08-09T07:05:59Z,6.91,88.28
2026-08-09T07:06:59Z,6.91,88.25
2026-08-09T07:07:59Z,6.9,88.12
2026-08-09T07:08:59Z,6.92,88.35
2026-08-09T07:09:59Z,6.91,88.27
2026-08-09T07:10:59Z,6.91,88.29
2026-08-09T07:11:59Z,6.9,87.96
2026-08-09T07:12:59Z,6.9,88.07
2026-08-09T07:13:59Z,6.89,87.83
2026-08-09T07:14:59Z,6.9,88.09
2026-08-09T07:15:59Z,6.92,88.46
2026-08-09T07:16:59Z,6.9,88
2026-08-09T07:17:59Z,6.92,88.41
2026-08-09T07:18:59Z,6.9,88.02
2026-08-09T07:19:59Z,6.87,87.61
2026-08-09T07:20:59Z,6.86,87.33
2026-08-09T07:21:59Z,6.86,87.31
2026-08-09T07:22:59Z,6.87,87.51
2026-08-09T07:23:59Z,6.86,87.37
2026-08-09T07:24:59Z,6.83,86.88
2026-08-09T07:25:59Z,6.86,87.39
2026-08-09T07:26:59Z,6.83,86.79
2026-08-09T07:27:59Z,6.84,87.05
2026-08-09T07:28:59Z,6.82,86.66
2026-08-09T07:29:59Z,6.81,86.49
2026-08-09T07:30:59Z,6.81,86.55
2026-08-09T07:31:59Z,6.8,86.4
2026-08-09T07:32:59Z,6.83,86.8
2026-08-09T07:33:59Z,6.82,86.63
2026-08-09T07:34:59Z,6.83,86.93
2026-08-09T07:35:59Z,6.81,86.6
2026-08-09T07:36:59Z,6.8,86.34
2026-08-09T07:37:59Z,6.81,86.46
2026-08-09T07:38:59Z,6.78,86.01
2026-08-09T07:39:59Z,6.79,86.19
2026-08-09T07:40:59Z,6.81,86.6
2026-08-09T07:41:59Z,6.8,86.29
2026-08-09T07:42:59Z,6.8,86.39
2026-08-09T07:43:59Z,6.78,86.05
2026-08-09T07:44:59Z,6.79,86.13
2026-08-09T07:45:59Z,6.8,86.34
2026-08-09T07:46:59Z,6.76,85.74
2026-08-09T07:47:59Z,6.77,85.87
2026-08-09T07:48:59Z,6.77,85.81
2026-08-09T07:49:59Z,6.78,86.03
2026-08-09T07:50:59Z,6.78,86.09
2026-08-09T07:51:59Z,6.77,85.92
2026-08-09T07:52:59Z,6.78,86.04
2026-08-09T07:53:59Z,6.8,86.42
2026-08-09T07:54:59Z,6.77,85.88
2026-08-09T07:55:59Z,6.79,86.12
2026-08-09T07:56:59Z,6.77,85.79
2026-08-09T07:57:59Z,6.79,86.19
2026-08-09T07:58:59Z,6.8,86.38
2026-08-09T07:59:59Z,6.79,86.19
2026-08-09T08:00:59Z,6.8,86.32
2026-08-09T08:01:59Z,6.79,86.13
2026-08-09T08:02:59Z,6.82,86.64
2026-08-09T08:03:59Z,6.78,85.96
2026-08-09T08:04:59Z,6.76,85.77
2026-08-09T08:05:59Z,6.78,86.07
2026-08-09T08:06:59Z,6.8,86.41
2026-08-09T08:07:59Z,6.79,86.11
2026-08-09T08:08:59Z,6.79,86.27
2026-08-09T08:09:59Z,6.82,86.67
2026-08-09T08:10:59Z,6.82,86.7
2026-08-09T08:11:59Z,6.8,86.28
2026-08-09T08:12:59Z,6.8,86.42
2026-08-09T08:13:59Z,6.78,86.1
2026-08-09T08:14:59Z,6.77,85.82
2026-08-09T08:15:59Z,6.77,85.88
2026-08-09T08:16:59Z,6.75,85.57
2026-08-09T08:17:59Z,6.76,85.77
2026-08-09T08:18:59Z,6.77,85.89
2026-08-09T08:19:59Z,6.78,86.02
2026-08-09T08:20:59Z,6.77,85.81
2026-08-09T08:21:59Z,6.76,85.74
2026-08-09T08:22:59Z,6.75,85.47
2026-08-09T08:23:59Z,6.73,85.11
2026-08-09T08:24:59Z,6.74,85.38
2026-08-09T08:25:59Z,6.73,85.24
2026-08-09T08:26:59Z,6.72,84.95
2026-08-09T08:27:59Z,6.73,85.18
2026-08-09T08:28:59Z,6.69,84.57
2026-08-09T08:29:59Z,6.71,84.81
2026-08-09T08:30:59Z,6.7,84.64
2026-08-09T08:31:59Z,6.68,84.37
2026-08-09T08:32:59Z,6.69,84.43
2026-08-09T08:33:59Z,6.72,84.95
2026-08-09T08:34:59Z,6.69,84.49
2026-08-09T08:35:59Z,6.69,84.53
2026-08-09T08:36:59Z,6.7,84.76
2026-08-09T08:37:59Z,6.7,84.67
2026-08-09T08:38:59Z,6.67,84.17
2026-08-09T08:39:59Z,6.67,84.25
2026-08-09T08:40:59Z,6.63,83.51
2026-08-09T08:41:59Z,6.64,83.69
2026-08-09T08:42:59Z,6.67,84.13
2026-08-09T08:43:59Z,6.65,83.87
2026-08-09T08:44:59Z,6.62,83.37
2026-08-09T08:45:59Z,6.59,82.91
2026-08-09T08:46:59Z,6.55,82.17
2026-08-09T08:47:59Z,6.57,82.51
2026-08-09T08:48:59Z,6.57,82.45
2026-08-09T08:49:59Z,6.51,81.43
2026-08-09T08:50:59Z,6.53,81.77
2026-08-09T08:51:59Z,6.55,82.1
2026-08-09T08:52:59Z,6.53,81.86
2026-08-09T08:53:59Z,6.54,81.93
2026-08-09T08:54:59Z,6.53,81.89
2026-08-09T08:55:59Z,6.5,81.34
2026-08-09T08:56:59Z,6.51,81.53
2026-08-09T08:57:59Z,6.56,82.27
2026-08-09T08:58:59Z,6.49,81.23
2026-08-09T08:59:59Z,6.48,80.96
2026-08-09T09:00:59Z,6.49,81.16
2026-08-09T09:01:59Z,6.4,79.71
2026-08-09T09:02:59Z,6.43,80.06
2026-08-09T09:03:59Z,6.46,80.65
2026-08-09T09:04:59Z,6.41,79.86
2026-08-09T09:05:59Z,6.39,79.46
2026-08-09T09:06:59Z,6.38,79.37
2026-08-09T09:07:59Z,6.34,78.61
2026-08-09T09:08:59Z,6.32,78.33
2026-08-09T09:09:59Z,6.29,77.85
2026-08-09T09:10:59Z,6.3,77.91
2026-08-09T09:11:59Z,6.33,78.39
2026-08-09T09:12:59Z,6.33,78.49
2026-08-09T09:13:59Z,6.31,78.12
2026-08-09T09:14:59Z,6.29,77.84
2026-08-09T09:15:59Z,6.27,77.48
2026-08-09T09:16:59Z,6.28,77.63
2026-08-09T09:17:59Z,6.3,78
2026-08-09T09:18:59Z,6.28,77.64
2026-08-09T09:19:59Z,6.27,77.42
2026-08-09T09:20:59Z,6.28,77.59
2026-08-09T09:21:59Z,6.28,77.64
2026-08-09T09:22:59Z,6.24,76.92
2026-08-09T09:23:59Z,6.21,76.42
2026-08-09T09:24:59Z,6.27,77.49
2026-08-09T09:25:59Z,6.25,77.16
2026-08-09T09:26:59Z,6.21,76.37
2026-08-09T09:27:59Z,6.19,76.17
2026-08-09T09:28:59Z,6.23,76.79
2026-08-09T09:29:59Z,6.22,76.61
2026-08-09T09:30:59Z,6.27,77.41
2026-08-09T09:31:59Z,6.28,77.69
2026-08-09T09:32:59Z,6.27,77.47
2026-08-09T09:33:59Z,6.31,78.1
2026-08-09T09:34:59Z,6.3,77.97
2026-08-09T09:35:59Z,6.32,78.25
2026-08-09T09:36:59Z,6.29,77.73
2026-08-09T09:37:59Z,6.29,77.76
2026-08-09T09:38:59Z,6.29,77.87
2026-08-09T09:39:59Z,6.29,77.84
2026-08-09T09:40:59Z,6.26,77.36
2026-08-09T09:41:59Z,6.29,77.79
2026-08-09T09:42:59Z,6.33,78.47
2026-08-09T09:43:59Z,6.29,77.8
2026-08-09T09:44:59Z,6.29,77.77
2026-08-09T09:45:59Z,6.29,77.87
2026-08-09T09:46:59Z,6.28,77.66
2026-08-09T09:47:59Z,6.31,78.04
2026-08-09T09:48:59Z,6.3,77.97
2026-08-09T09:49:59Z,6.3,78.03
2026-08-09T09:50:59Z,6.31,78.06
2026-08-09T09:51:59Z,6.32,78.26
2026-08-09T09:52:59Z,6.32,78.26
2026-08-09T09:53:59Z,6.34,78.57
2026-08-09T09:54:59Z,6.33,78.45
2026-08-09T09:55:59Z,6.32,78.3
2026-08-09T09:56:59Z,6.31,78.16
2026-08-09T09:57:59Z,6.35,78.75
2026-08-09T09:58:59Z,6.33,78.45
2026-08-09T09:59:59Z,6.38,79.24
2026-08-09T10:00:59Z,6.38,79.28
2026-08-09T10:01:59Z,6.33,78.53
2026-08-09T10:02:59Z,6.33,78.41
2026-08-09T10:03:59Z,6.37,79.19
2026-08-09T10:04:59Z,6.36,78.94
2026-08-09T10:05:59Z,6.36,78.99
2026-08-09T10:06:59Z,6.34,78.65
2026-08-09T10:07:59Z,6.31,78.18
2026-08-09T10:08:59Z,6.35,78.77
2026-08-09T10:09:59Z,6.33,78.5
2026-08-09T10:10:59Z,6.31,78.06
2026-08-09T10:11:59Z,6.32,78.3
2026-08-09T10:12:59Z,6.31,78.18
2026-08-09T10:13:59Z,6.31,78.04
2026-08-09T10:14:59Z,6.31,78.06
2026-08-09T10:15:59Z,6.33,78.42
2026-08-09T10:16:59Z,6.28,77.65
2026-08-09T10:17:59Z,6.29,77.76
2026-08-09T10:18:59Z,6.31,78.09
2026-08-09T10:19:59Z,6.3,78.02
2026-08-09T10:20:59Z,6.29,77.8
2026-08-09T10:21:59Z,6.28,77.67
2026-08-09T10:22:59Z,6.26,77.29
2026-08-09T10:23:59Z,6.27,77.46
2026-08-09T10:24:59Z,6.25,77.15
2026-08-09T10:25:59Z,6.24,76.9
2026-08-09T10:26:59Z,6.25,77.14
2026-08-09T10:27:59Z,6.28,77.56
2026-08-09T10:28:59Z,6.28,77.67
2026-08-09T10:29:59Z,6.27,77.41
2026-08-09T10:30:59Z,6.28,77.57
2026-08-09T10:31:59Z,6.27,77.44
2026-08-09T10:32:59Z,6.28,77.54
2026-08-09T10:33:59Z,6.25,77.06
2026-08-09T10:34:59Z,6.21,76.52
2026-08-09T10:35:59Z,6.23,76.81
2026-08-09T10:36:59Z,6.24,76.98
2026-08-09T10:37:59Z,6.21,76.41
2026-08-09T10:38:59Z,6.22,76.66
2026-08-09T10:39:59Z,6.22,76.63
2026-08-09T10:40:59Z,6.23,76.71
2026-08-09T10:41:59Z,6.23,76.82
2026-08-09T10:42:59Z,6.25,77.14
2026-08-09T10:43:59Z,6.22,76.59
2026-08-09T10:44:59Z,6.2,76.28
2026-08-09T10:45:59Z,6.19,76.09
2026-08-09T10:46:59Z,6.12,75
2026-08-09T10:47:59Z,6.15,75.45
2026-08-09T10:48:59Z,6.18,75.96
2026-08-09T10:49:59Z,6.14,75.25
2026-08-09T10:50:59Z,6.15,75.45
2026-08-09T10:51:59Z,6.17,75.74
2026-08-09T10:52:59Z,6.16,75.54
2026-08-09T10:53:59Z,6.16,75.6
2026-08-09T10:54:59Z,6.16,75.54
2026-08-09T10:55:59Z,6.14,75.34
2026-08-09T10:56:59Z,6.15,75.41
2026-08-09T10:57:59Z,6.16,75.55
2026-08-09T10:58:59Z,6.12,74.94
2026-08-09T10:59:59Z,6.12,74.88
2026-08-09T11:00:59Z,6.13,75.07
2026-08-09T11:01:59Z,6.11,74.68
2026-08-09T11:02:59Z,6.1,74.56
2026-08-09T11:03:59Z,6.1,74.64
2026-08-09T11:04:59Z,6.1,74.61
2026-08-09T11:05:59Z,6.12,74.99
2026-08-09T11:06:59Z,6.11,74.74
2026-08-09T11:07:59Z,6.12,74.94
2026-08-09T11:08:59Z,6.12,74.97
2026-08-09T11:09:59Z,6.11,74.71
2026-08-09T11:10:59Z,6.11,74.76
2026-08-09T11:11:59Z,6.1,74.64
2026-08-09T11:12:59Z,6.13,75.1
2026-08-09T11:13:59Z,6.13,75.15
2026-08-09T11:14:59Z,6.09,74.5
2026-08-09T11:15:59Z,6.15,75.41
2026-08-09T11:16:59Z,6.12,74.98
2026-08-09T11:17:59Z,6.12,74.92
2026-08-09T11:18:59Z,6.14,75.25
2026-08-09T11:19:59Z,6.13,75.08
2026-08-09T11:20:59Z,6.11,74.74
2026-08-09T11:21:59Z,6.09,74.46
2026-08-09T11:22:59Z,6.08,74.32
2026-08-09T11:23:59Z,6.1,74.51
2026-08-09T11:24:59Z,6.09,74.49
2026-08-09T11:25:59Z,6.12,74.89
2026-08-09T11:26:59Z,6.11,74.77
2026-08-09T11:27:59Z,6.12,74.99
2026-08-09T11:28:59Z,6.11,74.81
2026-08-09T11:29:59Z,6.12,74.87
2026-08-09T11:30:59Z,6.12,74.92
2026-08-09T11:31:59Z,6.11,74.83
2026-08-09T11:32:59Z,6.13,75.08
2026-08-09T11:33:59Z,6.15,75.45
2026-08-09T11:34:59Z,6.14,75.25
2026-08-09T11:35:59Z,6.15,75.45
2026-08-09T11:36:59Z,6.15,75.38
2026-08-09T11:37:59Z,6.14,75.32
2026-08-09T11:38:59Z,6.15,75.43
2026-08-09T11:39:59Z,6.16,75.55
2026-08-09T11:40:59Z,6.16,75.58
2026-08-09T11:41:59Z,6.14,75.34
2026-08-09T11:42:59Z,6.16,75.65
2026-08-09T11:43:59Z,6.13,75.13
2026-08-09T11:44:59Z,6.18,75.91
2026-08-09T11:45:59Z,6.2,76.25
2026-08-09T11:46:59Z,6.2,76.28
2026-08-09T11:47:59Z,6.19,76.18
2026-08-09T11:48:59Z,6.22,76.56
2026-08-09T11:49:59Z,6.21,76.41
2026-08-09T11:50:59Z,6.21,76.44
2026-08-09T11:51:59Z,6.2,76.26
2026-08-09T11:52:59Z,6.19,76.13
2026-08-09T11:53:59Z,6.2,76.28
2026-08-09T11:54:59Z,6.21,76.46
2026-08-09T11:55:59Z,6.2,76.32
2026-08-09T11:56:59Z,6.19,76.09
2026-08-09T11:57:59Z,6.2,76.27
2026-08-09T11:58:59Z,6.2,76.34
2026-08-09T11:59:59Z,6.21,76.36
2026-08-09T12:00:59Z,6.22,76.53
2026-08-09T12:01:59Z,6.21,76.44
2026-08-09T12:02:59Z,6.2,76.26
2026-08-09T12:03:59Z,6.21,76.47
2026-08-09T12:04:59Z,6.2,76.32
2026-08-09T12:05:59Z,6.23,76.72
2026-08-09T12:06:59Z,6.22,76.62
2026-08-09T12:07:59Z,6.24,76.92
2026-08-09T12:08:59Z,6.25,77.07
2026-08-09T12:09:59Z,6.23,76.8
2026-08-09T12:10:59Z,6.25,77.08
2026-08-09T12:11:59Z,6.22,76.65
2026-08-09T12:12:59Z,6.22,76.69
2026-08-09T12:13:59Z,6.24,76.9
2026-08-09T12:14:59Z,6.25,77.13
2026-08-09T12:15:59Z,6.25,77.07
2026-08-09T12:16:59Z,6.25,77.04
2026-08-09T12:17:59Z,6.24,76.91
2026-08-09T12:18:59Z,6.24,76.89
2026-08-09T12:19:59Z,6.25,77.05
2026-08-09T12:20:59Z,6.23,76.75
2026-08-09T12:21:59Z,6.22,76.69
2026-08-09T12:22:59Z,6.25,77.14
2026-08-09T12:23:59Z,6.27,77.4
2026-08-09T12:24:59Z,6.27,77.37
2026-08-09T12:25:59Z,6.26,77.2
2026-08-09T12:26:59Z,6.26,77.25
2026-08-09T12:27:59Z,6.26,77.26
2026-08-09T12:28:59Z,6.26,77.33
2026-08-09T12:29:59Z,6.26,77.27
2026-08-09T12:30:59Z,6.25,77.04
2026-08-09T12:31:59Z,6.22,76.64
2026-08-09T12:32:59Z,6.2,76.26
2026-08-09T12:33:59Z,6.2,76.35
2026-08-09T12:34:59Z,6.2,76.29
2026-08-09T12:35:59Z,6.23,76.85
2026-08-09T12:36:59Z,6.25,77.04
2026-08-09T12:37:59Z,6.23,76.83
2026-08-09T12:38:59Z,6.22,76.66
2026-08-09T12:39:59Z,6.24,76.98
2026-08-09T12:40:59Z,6.24,76.94
2026-08-09T12:41:59Z,6.23,76.8
2026-08-09T12:42:59Z,6.26,77.2
2026-08-09T12:43:59Z,6.24,76.87
2026-08-09T12:44:59Z,6.23,76.86
2026-08-09T12:45:59Z,6.25,77.06
2026-08-09T12:46:59Z,6.23,76.78
2026-08-09T12:47:59Z,6.25,77.15
2026-08-09T12:48:59Z,6.25,77.13
2026-08-09T12:49:59Z,6.25,77.14
2026-08-09T12:50:59Z,6.26,77.24
2026-08-09T12:51:59Z,6.24,77
2026-08-09T12:52:59Z,6.26,77.21
2026-08-09T12:53:59Z,6.26,77.31
2026-08-09T12:54:59Z,6.25,77.14
2026-08-09T12:55:59Z,6.27,77.45
2026-08-09T12:56:59Z,6.24,76.95
2026-08-09T12:57:59Z,6.27,77.41
2026-08-09T12:58:59Z,6.27,77.47
2026-08-09T12:59:59Z,6.26,77.21
2026-08-09T13:00:59Z,6.25,77.17
2026-08-09T13:01:59Z,6.24,77.01
2026-08-09T13:02:59Z,6.26,77.23
2026-08-09T13:03:59Z,6.25,77.13
2026-08-09T13:04:59Z,6.26,77.23
2026-08-09T13:05:59Z,6.26,77.28
2026-08-09T13:06:59Z,6.24,76.99
2026-08-09T13:07:59Z,6.25,77.08
2026-08-09T13:08:59Z,6.25,77.1
2026-08-09T13:09:59Z,6.25,77.04
2026-08-09T13:10:59Z,6.26,77.23
2026-08-09T13:11:59Z,6.27,77.53
2026-08-09T13:12:59Z,6.28,77.59
2026-08-09T13:13:59Z,6.28,77.63
2026-08-09T13:14:59Z,6.29,77.83
2026-08-09T13:15:59Z,6.3,77.94
2026-08-09T13:16:59Z,6.3,78
2026-08-09T13:17:59Z,6.31,78.07
2026-08-09T13:18:59Z,6.29,77.87
2026-08-09T13:19:59Z,6.28,77.61
2026-08-09T13:20:59Z,6.29,77.85
2026-08-09T13:21:59Z,6.29,77.72
2026-08-09T13:22:59Z,6.31,78.07
2026-08-09T13:23:59Z,6.3,77.94
2026-08-09T13:24:59Z,6.3,77.93
2026-08-09T13:25:59Z,6.3,77.97
2026-08-09T13:26:59Z,6.3,77.92
2026-08-09T13:27:59Z,6.32,78.24
2026-08-09T13:28:59Z,6.31,78.14
2026-08-09T13:29:59Z,6.32,78.29
2026-08-09T13:30:59Z,6.3,78.03
2026-08-09T13:31:59Z,6.31,78.06
2026-08-09T13:32:59Z,6.32,78.23
2026-08-09T13:33:59Z,6.31,78.18
2026-08-09T13:34:59Z,6.31,78.19
2026-08-09T13:35:59Z,6.32,78.36
2026-08-09T13:36:59Z,6.31,78.16
2026-08-09T13:37:59Z,6.32,78.3
2026-08-09T13:38:59Z,6.31,78.17
2026-08-09T13:39:59Z,6.32,78.35
2026-08-09T13:40:59Z,6.32,78.3
2026-08-09T13:41:59Z,6.32,78.31
2026-08-09T13:42:59Z,6.33,78.52
2026-08-09T13:43:59Z,6.34,78.55
2026-08-09T13:44:59Z,6.35,78.75
2026-08-09T13:45:59Z,6.35,78.81
2026-08-09T13:46:59Z,6.35,78.8
2026-08-09T13:47:59Z,6.37,79.16
2026-08-09T13:48:59Z,6.38,79.24
2026-08-09T13:49:59Z,6.38,79.35
2026-08-09T13:50:59Z,6.4,79.58
2026-08-09T13:51:59Z,6.4,79.67
2026-08-09T13:52:59Z,6.42,80
2026-08-09T13:53:59Z,6.43,80.14
2026-08-09T13:54:59Z,6.44,80.31
2026-08-09T13:55:59Z,6.44,80.28
2026-08-09T13:56:59Z,6.44,80.32
2026-08-09T13:57:59Z,6.45,80.41
2026-08-09T13:58:59Z,6.45,80.41
2026-08-09T13:59:59Z,6.45,80.47
2026-08-09T14:00:59Z,6.45,80.48
2026-08-09T14:01:59Z,6.46,80.57
2026-08-09T14:02:59Z,6.47,80.8
2026-08-09T14:03:59Z,6.47,80.78
2026-08-09T14:04:59Z,6.48,80.92
2026-08-09T14:05:59Z,6.49,81.1
2026-08-09T14:06:59Z,6.49,81.08
2026-08-09T14:07:59Z,6.49,81.17
2026-08-09T14:08:59Z,6.49,81.15
2026-08-09T14:09:59Z,6.49,81.12
2026-08-09T14:10:59Z,6.49,81.17
2026-08-09T14:11:59Z,6.49,81.23
2026-08-09T14:12:59Z,6.51,81.49
2026-08-09T14:13:59Z,6.5,81.36
2026-08-09T14:14:59Z,6.5,81.27
2026-08-09T14:15:59Z,6.5,81.35
2026-08-09T14:16:59Z,6.49,81.19
2026-08-09T14:17:59Z,6.5,81.3
2026-08-09T14:18:59Z,6.5,81.33
2026-08-09T14:19:59Z,6.5,81.35
2026-08-09T14:20:59Z,6.51,81.45
2026-08-09T14:21:59Z,6.51,81.43
2026-08-09T14:22:59Z,6.53,81.77
2026-08-09T14:23:59Z,6.51,81.56
2026-08-09T14:24:59Z,6.51,81.46
2026-08-09T14:25:59Z,6.52,81.59
2026-08-09T14:26:59Z,6.51,81.52
2026-08-09T14:27:59Z,6.52,81.64
2026-08-09T14:28:59Z,6.53,81.81
2026-08-09T14:29:59Z,6.53,81.82
2026-08-09T14:30:59Z,6.53,81.86
2026-08-09T14:31:59Z,6.54,82.06
2026-08-09T14:32:59Z,6.55,82.09
2026-08-09T14:33:59Z,6.55,82.17
2026-08-09T14:34:59Z,6.54,82.07
2026-08-09T14:35:59Z,6.55,82.11
2026-08-09T14:36:59Z,6.54,82.06
2026-08-09T14:37:59Z,6.55,82.15
2026-08-09T14:38:59Z,6.55,82.12
2026-08-09T14:39:59Z,6.54,82.04
2026-08-09T14:40:59Z,6.56,82.29
2026-08-09T14:41:59Z,6.55,82.18
2026-08-09T14:42:59Z,6.55,82.23
2026-08-09T14:43:59Z,6.56,82.33
2026-08-09T14:44:59Z,6.56,82.35
2026-08-09T14:45:59Z,6.56,82.39
2026-08-09T14:46:59Z,6.58,82.66
2026-08-09T14:47:59Z,6.59,82.88
2026-08-09T14:48:59Z,6.61,83.18
2026-08-09T14:49:59Z,6.63,83.46
2026-08-09T14:50:59Z,6.63,83.57
2026-08-09T14:51:59Z,6.64,83.62
2026-08-09T14:52:59Z,6.64,83.74
2026-08-09T14:53:59Z,6.65,83.82
2026-08-09T14:54:59Z,6.65,83.82
2026-08-09T14:55:59Z,6.66,83.94
2026-08-09T14:56:59Z,6.66,83.97
2026-08-09T14:57:59Z,6.66,83.95
2026-08-09T14:58:59Z,6.66,84.08
2026-08-09T14:59:59Z,6.67,84.11
2026-08-09T15:00:59Z,6.67,84.2
2026-08-09T15:01:59Z,6.67,84.24
2026-08-09T15:02:59Z,6.67,84.19
2026-08-09T15:03:59Z,6.67,84.22
2026-08-09T15:04:59Z,6.67,84.18
2026-08-09T15:05:59Z,6.66,84.02
2026-08-09T15:06:59Z,6.65,83.81
2026-08-09T15:07:59Z,6.65,83.84
2026-08-09T15:08:59Z,6.64,83.69
2026-08-09T15:09:59Z,6.63,83.54
2026-08-09T15:10:59Z,6.63,83.45
2026-08-09T15:11:59Z,6.63,83.54
2026-08-09T15:12:59Z,6.63,83.57
2026-08-09T15:13:59Z,6.63,83.51
2026-08-09T15:14:59Z,6.64,83.69
2026-08-09T15:15:59Z,6.64,83.73
2026-08-09T15:16:59Z,6.63,83.47
2026-08-09T15:17:59Z,6.62,83.39
2026-08-09T15:18:59Z,6.61,83.23
2026-08-09T15:19:59Z,6.61,83.17
2026-08-09T15:20:59Z,6.6,83.03
2026-08-09T15:21:59Z,6.59,82.9
2026-08-09T15:22:59Z,6.59,82.85
2026-08-09T15:23:59Z,6.59,82.76
2026-08-09T15:24:59Z,6.59,82.81
2026-08-09T15:25:59Z,6.58,82.68
2026-08-09T15:26:59Z,6.58,82.64
2026-08-09T15:27:59Z,6.57,82.5
2026-08-09T15:28:59Z,6.58,82.6
2026-08-09T15:29:59Z,6.57,82.55
2026-08-09T15:30:59Z,6.57,82.53
2026-08-09T15:31:59Z,6.57,82.49
2026-08-09T15:32:59Z,6.57,82.54
2026-08-09T15:33:59Z,6.57,82.51
2026-08-09T15:34:59Z,6.57,82.54
2026-08-09T15:35:59Z,6.58,82.62
2026-08-09T15:36:59Z,6.58,82.62
2026-08-09T15:37:59Z,6.58,82.66
2026-08-09T15:38:59Z,6.59,82.76
2026-08-09T15:39:59Z,6.59,82.78
2026-08-09T15:40:59Z,6.58,82.72
2026-08-09T15:41:59Z,6.58,82.73
2026-08-09T15:42:59Z,6.59,82.76
2026-08-09T15:43:59Z,6.58,82.68
2026-08-09T15:44:59Z,6.58,82.67
2026-08-09T15:45:59Z,6.58,82.6
2026-08-09T15:46:59Z,6.58,82.59
2026-08-09T15:47:59Z,6.59,82.76
2026-08-09T15:48:59Z,6.58,82.73
2026-08-09T15:49:59Z,6.59,82.84
2026-08-09T15:50:59Z,6.6,83
2026-08-09T15:51:59Z,6.61,83.25
2026-08-09T15:52:59Z,6.61,83.19
2026-08-09T15:53:59Z,6.61,83.25
2026-08-09T15:54:59Z,6.63,83.46
2026-08-09T15:55:59Z,6.63,83.53
2026-08-09T15:56:59Z,6.63,83.46
2026-08-09T15:57:59Z,6.64,83.59
2026-08-09T15:58:59Z,6.64,83.75
2026-08-09T15:59:59Z,6.65,83.86
2026-08-09T16:00:59Z,6.65,83.87
2026-08-09T16:01:59Z,6.66,83.94
2026-08-09T16:02:59Z,6.67,84.19
2026-08-09T16:03:59Z,6.67,84.23
2026-08-09T16:04:59Z,6.66,83.97
2026-08-09T16:05:59Z,6.66,83.94
2026-08-09T16:06:59Z,6.66,84.09
2026-08-09T16:07:59Z,6.66,84.01
2026-08-09T16:08:59Z,6.66,83.98
2026-08-09T16:09:59Z,6.64,83.65
2026-08-09T16:10:59Z,6.65,83.76
2026-08-09T16:11:59Z,6.65,83.83
2026-08-09T16:12:59Z,6.66,84.02
2026-08-09T16:13:59Z,6.67,84.17
2026-08-09T16:14:59Z,6.66,84
2026-08-09T16:15:59Z,6.66,83.94
2026-08-09T16:16:59Z,6.65,83.89
2026-08-09T16:17:59Z,6.65,83.87
2026-08-09T16:18:59Z,6.65,83.89
2026-08-09T16:19:59Z,6.66,84
2026-08-09T16:20:59Z,6.66,84.09
2026-08-09T16:21:59Z,6.66,84.02
2026-08-09T16:22:59Z,6.66,84.08
2026-08-09T16:23:59Z,6.66,84.08
2026-08-09T16:24:59Z,6.67,84.13
2026-08-09T16:25:59Z,6.66,84.09
2026-08-09T16:26:59Z,6.66,83.97
2026-08-09T16:27:59Z,6.66,83.96
2026-08-09T16:28:59Z,6.65,83.86
2026-08-09T16:29:59Z,6.65,83.9
2026-08-09T16:30:59Z,6.66,84.05
2026-08-09T16:31:59Z,6.68,84.38
2026-08-09T16:32:59Z,6.68,84.39
2026-08-09T16:33:59Z,6.7,84.75
2026-08-09T16:34:59Z,6.71,84.8
2026-08-09T16:35:59Z,6.71,84.88
2026-08-09T16:36:59Z,6.7,84.72
2026-08-09T16:37:59Z,6.71,84.77
2026-08-09T16:38:59Z,6.7,84.6
2026-08-09T16:39:59Z,6.7,84.66
2026-08-09T16:40:59Z,6.7,84.76
2026-08-09T16:41:59Z,6.71,84.9
2026-08-09T16:42:59Z,6.72,85.02
2026-08-09T16:43:59Z,6.73,85.15
2026-08-09T16:44:59Z,6.73,85.22
2026-08-09T16:45:59Z,6.74,85.3
2026-08-09T16:46:59Z,6.73,85.24
2026-08-09T16:47:59Z,6.74,85.3
2026-08-09T16:48:59Z,6.73,85.22
2026-08-09T16:49:59Z,6.72,84.97
2026-08-09T16:50:59Z,6.7,84.63
2026-08-09T16:51:59Z,6.7,84.61
2026-08-09T16:52:59Z,6.69,84.45
2026-08-09T16:53:59Z,6.68,84.34
2026-08-09T16:54:59Z,6.68,84.3
2026-08-09T16:55:59Z,6.68,84.4
2026-08-09T16:56:59Z,6.69,84.45
2026-08-09T16:57:59Z,6.69,84.44
2026-08-09T16:58:59Z,6.68,84.4
2026-08-09T16:59:59Z,6.68,84.34
2026-08-09T17:00:59Z,6.69,84.54
2026-08-09T17:01:59Z,6.69,84.57
2026-08-09T17:02:59Z,6.7,84.68
2026-08-09T17:03:59Z,6.7,84.72
2026-08-09T17:04:59Z,6.71,84.79
2026-08-09T17:05:59Z,6.71,84.86
2026-08-09T17:06:59Z,6.7,84.7
2026-08-09T17:07:59Z,6.7,84.75
2026-08-09T17:08:59Z,6.71,84.9
2026-08-09T17:09:59Z,6.73,85.17
2026-08-09T17:10:59Z,6.75,85.49
2026-08-09T17:11:59Z,6.76,85.64
2026-08-09T17:12:59Z,6.76,85.74
2026-08-09T17:13:59Z,6.77,85.81
2026-08-09T17:14:59Z,6.76,85.73
2026-08-09T17:15:59Z,6.75,85.57
2026-08-09T17:16:59Z,6.74,85.33
2026-08-09T17:17:59Z,6.73,85.19
2026-08-09T17:18:59Z,6.72,85.06
2026-08-09T17:19:59Z,6.71,84.8
2026-08-09T17:20:59Z,6.7,84.74
2026-08-09T17:21:59Z,6.71,84.8
2026-08-09T17:22:59Z,6.71,84.82
2026-08-09T17:23:59Z,6.71,84.77
2026-08-09T17:24:59Z,6.71,84.9
2026-08-09T17:25:59Z,6.72,84.99
2026-08-09T17:26:59Z,6.72,85.09
2026-08-09T17:27:59Z,6.73,85.19
2026-08-09T17:28:59Z,6.72,84.98
2026-08-09T17:29:59Z,6.72,84.94
2026-08-09T17:30:59Z,6.71,84.88
2026-08-09T17:31:59Z,6.72,84.94
2026-08-09T17:32:59Z,6.72,84.96
2026-08-09T17:33:59Z,6.72,84.99
2026-08-09T17:34:59Z,6.72,84.94
2026-08-09T17:35:59Z,6.73,85.16
2026-08-09T17:36:59Z,6.74,85.28
2026-08-09T17:37:59Z,6.74,85.29
2026-08-09T17:38:59Z,6.74,85.29
2026-08-09T17:39:59Z,6.73,85.2
2026-08-09T17:40:59Z,6.73,85.11
2026-08-09T17:41:59Z,6.72,84.96
2026-08-09T17:42:59Z,6.71,84.81
2026-08-09T17:43:59Z,6.7,84.73
2026-08-09T17:44:59Z,6.7,84.68
2026-08-09T17:45:59Z,6.7,84.69
2026-08-09T17:46:59Z,6.71,84.8
2026-08-09T17:47:59Z,6.71,84.8
2026-08-09T17:48:59Z,6.71,84.79
2026-08-09T17:49:59Z,6.71,84.8
2026-08-09T17:50:59Z,6.71,84.88
2026-08-09T17:51:59Z,6.71,84.92
2026-08-09T17:52:59Z,6.71,84.91
2026-08-09T17:53:59Z,6.72,85.06
2026-08-09T17:54:59Z,6.73,85.17
2026-08-09T17:55:59Z,6.74,85.42
2026-08-09T17:56:59Z,6.75,85.55
2026-08-09T17:57:59Z,6.75,85.57
2026-08-09T17:58:59Z,6.75,85.55
2026-08-09T17:59:59Z,6.76,85.61
2026-08-09T18:00:59Z,6.76,85.61
2026-08-09T18:01:59Z,6.75,85.59
2026-08-09T18:02:59Z,6.75,85.57
2026-08-09T18:03:59Z,6.74,85.39
2026-08-09T18:04:59Z,6.74,85.38
2026-08-09T18:05:59Z,6.74,85.39
2026-08-09T18:06:59Z,6.75,85.48
2026-08-09T18:07:59Z,6.74,85.41
2026-08-09T18:08:59Z,6.74,85.38
2026-08-09T18:09:59Z,6.74,85.35
2026-08-09T18:10:59Z,6.74,85.38
2026-08-09T18:11:59Z,6.74,85.37
2026-08-09T18:12:59Z,6.74,85.4
2026-08-09T18:13:59Z,6.76,85.64
2026-08-09T18:14:59Z,6.77,85.89
2026-08-09T18:15:59Z,6.78,85.95
2026-08-09T18:16:59Z,6.77,85.86
2026-08-09T18:17:59Z,6.77,85.84
2026-08-09T18:18:59Z,6.78,86.03
2026-08-09T18:19:59Z,6.77,85.93
2026-08-09T18:20:59Z,6.77,85.87
2026-08-09T18:21:59Z,6.77,85.91
2026-08-09T18:22:59Z,6.77,85.94
2026-08-09T18:23:59Z,6.78,85.98
2026-08-09T18:24:59Z,6.78,85.96
2026-08-09T18:25:59Z,6.78,86.06
2026-08-09T18:26:59Z,6.78,86.08
2026-08-09T18:27:59Z,6.79,86.19
2026-08-09T18:28:59Z,6.78,86.03
2026-08-09T18:29:59Z,6.78,85.99
2026-08-09T18:30:59Z,6.78,85.99
2026-08-09T18:31:59Z,6.77,85.79
2026-08-09T18:32:59Z,6.76,85.77
2026-08-09T18:33:59Z,6.79,86.11
2026-08-09T18:34:59Z,6.79,86.26
2026-08-09T18:35:59Z,6.8,86.43
2026-08-09T18:36:59Z,6.81,86.53
2026-08-09T18:37:59Z,6.8,86.39
2026-08-09T18:38:59Z,6.8,86.43
2026-08-09T18:39:59Z,6.81,86.52
2026-08-09T18:40:59Z,6.81,86.47
2026-08-09T18:41:59Z,6.81,86.5
2026-08-09T18:42:59Z,6.81,86.55
2026-08-09T18:43:59Z,6.81,86.57
2026-08-09T18:44:59Z,6.81,86.57
2026-08-09T18:45:59Z,6.81,86.52
2026-08-09T18:46:59Z,6.8,86.32
2026-08-09T18:47:59Z,6.8,86.35
2026-08-09T18:48:59Z,6.8,86.33
2026-08-09T18:49:59Z,6.79,86.2
2026-08-09T18:50:59Z,6.79,86.16
2026-08-09T18:51:59Z,6.79,86.19
2026-08-09T18:52:59Z,6.78,86.08
2026-08-09T18:53:59Z,6.77,85.91
2026-08-09T18:54:59Z,6.77,85.81
2026-08-09T18:55:59Z,6.76,85.69
2026-08-09T18:56:59Z,6.75,85.6
2026-08-09T18:57:59Z,6.75,85.59
2026-08-09T18:58:59Z,6.75,85.49
2026-08-09T18:59:59Z,6.75,85.47
2026-08-09T19:00:59Z,6.74,85.41
2026-08-09T19:01:59Z,6.74,85.31
2026-08-09T19:02:59Z,6.74,85.29
2026-08-09T19:03:59Z,6.74,85.27
2026-08-09T19:04:59Z,6.73,85.19
2026-08-09T19:05:59Z,6.73,85.22
2026-08-09T19:06:59Z,6.73,85.15
2026-08-09T19:07:59Z,6.73,85.18
2026-08-09T19:08:59Z,6.72,85.07
2026-08-09T19:09:59Z,6.73,85.17
2026-08-09T19:10:59Z,6.73,85.18
2026-08-09T19:11:59Z,6.72,85.07
2026-08-09T19:12:59Z,6.72,85.1
2026-08-09T19:13:59Z,6.72,85.01
2026-08-09T19:14:59Z,6.72,84.98
2026-08-09T19:15:59Z,6.72,84.97
2026-08-09T19:16:59Z,6.71,84.92
2026-08-09T19:17:59Z,6.71,84.91
2026-08-09T19:18:59Z,6.71,84.77
2026-08-09T19:19:59Z,6.7,84.73
2026-08-09T19:20:59Z,6.7,84.66
2026-08-09T19:21:59Z,6.7,84.76
2026-08-09T19:22:59Z,6.71,84.83
2026-08-09T19:23:59Z,6.71,84.82
2026-08-09T19:24:59Z,6.71,84.9
2026-08-09T19:25:59Z,6.71,84.83
2026-08-09T19:26:59Z,6.71,84.86
2026-08-09T19:27:59Z,6.7,84.73
2026-08-09T19:28:59Z,6.7,84.62
2026-08-09T19:29:59Z,6.7,84.66
2026-08-09T19:30:59Z,6.69,84.58
2026-08-09T19:31:59Z,6.69,84.51
2026-08-09T19:32:59Z,6.68,84.41
2026-08-09T19:33:59Z,6.68,84.4
2026-08-09T19:34:59Z,6.69,84.45
2026-08-09T19:35:59Z,6.68,84.37
2026-08-09T19:36:59Z,6.68,84.34
2026-08-09T19:37:59Z,6.67,84.22
2026-08-09T19:38:59Z,6.68,84.31
2026-08-09T19:39:59Z,6.68,84.38
2026-08-09T19:40:59Z,6.69,84.44
2026-08-09T19:41:59Z,6.68,84.36
2026-08-09T19:42:59Z,6.69,84.48
2026-08-09T19:43:59Z,6.69,84.44
2026-08-09T19:44:59Z,6.69,84.48
2026-08-09T19:45:59Z,6.69,84.44
2026-08-09T19:46:59Z,6.69,84.43
2026-08-09T19:47:59Z,6.68,84.37
2026-08-09T19:48:59Z,6.68,84.41
2026-08-09T19:49:59Z,6.68,84.37
2026-08-09T19:50:59Z,6.68,84.3
2026-08-09T19:51:59Z,6.67,84.19
2026-08-09T19:52:59Z,6.67,84.17
2026-08-09T19:53:59Z,6.68,84.28
2026-08-09T19:54:59Z,6.67,84.26
2026-08-09T19:55:59Z,6.67,84.25
2026-08-09T19:56:59Z,6.68,84.36
2026-08-09T19:57:59Z,6.67,84.26
2026-08-09T19:58:59Z,6.68,84.3
2026-08-09T19:59:59Z,6.67,84.23
2026-08-09T20:00:59Z,6.67,84.26
2026-08-09T20:01:59Z,6.67,84.25
2026-08-09T20:02:59Z,6.67,84.25
2026-08-09T20:03:59Z,6.68,84.3
2026-08-09T20:04:59Z,6.68,84.29
2026-08-09T20:05:59Z,6.68,84.36
2026-08-09T20:06:59Z,6.68,84.33
2026-08-09T20:07:59Z,6.67,84.19
2026-08-09T20:08:59Z,6.66,83.97
2026-08-09T20:09:59Z,6.66,84
2026-08-09T20:10:59Z,6.65,83.91
2026-08-09T20:11:59Z,6.65,83.77
2026-08-09T20:12:59Z,6.64,83.73
2026-08-09T20:13:59Z,6.64,83.63
2026-08-09T20:14:59Z,6.62,83.4
2026-08-09T20:15:59Z,6.62,83.31
2026-08-09T20:16:59Z,6.61,83.18
2026-08-09T20:17:59Z,6.61,83.13
2026-08-09T20:18:59Z,6.6,83.04
2026-08-09T20:19:59Z,6.6,83.03
2026-08-09T20:20:59Z,6.6,82.97
2026-08-09T20:21:59Z,6.6,82.96
2026-08-09T20:22:59Z,6.6,82.99
2026-08-09T20:23:59Z,6.59,82.88
2026-08-09T20:24:59Z,6.59,82.85
2026-08-09T20:25:59Z,6.59,82.88
2026-08-09T20:26:59Z,6.6,83.03
2026-08-09T20:27:59Z,6.6,82.96
2026-08-09T20:28:59Z,6.6,83.01
2026-08-09T20:29:59Z,6.61,83.1
2026-08-09T20:30:59Z,6.61,83.15
2026-08-09T20:31:59Z,6.6,83.06
2026-08-09T20:32:59Z,6.6,83.05
2026-08-09T20:33:59Z,6.6,82.99
2026-08-09T20:34:59Z,6.6,82.95
2026-08-09T20:35:59Z,6.6,83.02
2026-08-09T20:36:59Z,6.6,83.06
2026-08-09T20:37:59Z,6.6,82.99
2026-08-09T20:38:59Z,6.6,83.01
2026-08-09T20:39:59Z,6.6,82.94
2026-08-09T20:40:59Z,6.6,82.93
2026-08-09T20:41:59Z,6.6,82.97
2026-08-09T20:42:59Z,6.6,83
2026-08-09T20:43:59Z,6.6,83.05
2026-08-09T20:44:59Z,6.61,83.12
2026-08-09T20:45:59Z,6.6,83
2026-08-09T20:46:59Z,6.6,83
2026-08-09T20:47:59Z,6.6,82.95
2026-08-09T20:48:59Z,6.6,82.97
2026-08-09T20:49:59Z,6.59,82.86
2026-08-09T20:50:59Z,6.59,82.82
2026-08-09T20:51:59Z,6.59,82.91
2026-08-09T20:52:59Z,6.6,82.93
2026-08-09T20:53:59Z,6.59,82.88
2026-08-09T20:54:59Z,6.59,82.84
2026-08-09T20:55:59Z,6.6,82.92
2026-08-09T20:56:59Z,6.59,82.91
2026-08-09T20:57:59Z,6.6,82.92
2026-08-09T20:58:59Z,6.6,83.03
2026-08-09T20:59:59Z,6.6,83.06
2026-08-09T21:00:59Z,6.6,83.05
2026-08-09T21:01:59Z,6.6,83.06
2026-08-09T21:02:59Z,6.6,83.08
2026-08-09T21:03:59Z,6.6,83.05
2026-08-09T21:04:59Z,6.6,83.03
2026-08-09T21:05:59Z,6.6,83.05
2026-08-09T21:06:59Z,6.61,83.1
2026-08-09T21:07:59Z,6.6,83.03
2026-08-09T21:08:59Z,6.61,83.11
2026-08-09T21:09:59Z,6.6,83.03
2026-08-09T21:10:59Z,6.6,83.03
2026-08-09T21:11:59Z,6.6,83.02
2026-08-09T21:12:59Z,6.6,82.99
2026-08-09T21:13:59Z,6.6,82.92
2026-08-09T21:14:59Z,6.6,82.93
2026-08-09T21:15:59Z,6.61,83.16
2026-08-09T21:16:59Z,6.61,83.15
2026-08-09T21:17:59Z,6.6,83.06
2026-08-09T21:18:59Z,6.61,83.12
2026-08-09T21:19:59Z,6.6,83.04
2026-08-09T21:20:59Z,6.59,82.87
2026-08-09T21:21:59Z,6.59,82.79
2026-08-09T21:22:59Z,6.58,82.72
2026-08-09T21:23:59Z,6.58,82.71
2026-08-09T21:24:59Z,6.58,82.71
2026-08-09T21:25:59Z,6.59,82.86
2026-08-09T21:26:59Z,6.59,82.88
2026-08-09T21:27:59Z,6.6,82.94
2026-08-09T21:28:59Z,6.6,82.99
2026-08-09T21:29:59Z,6.6,83.03
2026-08-09T21:30:59Z,6.61,83.14
2026-08-09T21:31:59Z,6.61,83.15
2026-08-09T21:32:59Z,6.61,83.22
2026-08-09T21:33:59Z,6.61,83.24
2026-08-09T21:34:59Z,6.61,83.19
2026-08-09T21:35:59Z,6.61,83.21
2026-08-09T21:36:59Z,6.61,83.21
2026-08-09T21:37:59Z,6.61,83.2
2026-08-09T21:38:59Z,6.61,83.24
2026-08-09T21:39:59Z,6.62,83.31
2026-08-09T21:40:59Z,6.62,83.38
2026-08-09T21:41:59Z,6.62,83.34
2026-08-09T21:42:59Z,6.63,83.45
2026-08-09T21:43:59Z,6.62,83.37
2026-08-09T21:44:59Z,6.62,83.41
2026-08-09T21:45:59Z,6.62,83.34
2026-08-09T21:46:59Z,6.62,83.35
2026-08-09T21:47:59Z,6.62,83.33
2026-08-09T21:48:59Z,6.62,83.35
2026-08-09T21:49:59Z,6.62,83.37
2026-08-09T21:50:59Z,6.62,83.34
2026-08-09T21:51:59Z,6.61,83.2
2026-08-09T21:52:59Z,6.6,83.07
2026-08-09T21:53:59Z,6.59,82.91
2026-08-09T21:54:59Z,6.6,82.99
2026-08-09T21:55:59Z,6.6,82.99
2026-08-09T21:56:59Z,6.61,83.11
2026-08-09T21:57:59Z,6.61,83.15
2026-08-09T21:58:59Z,6.62,83.41
2026-08-09T21:59:59Z,6.63,83.48
2026-08-09T22:00:59Z,6.62,83.33
2026-08-09T22:01:59Z,6.62,83.28
2026-08-09T22:02:59Z,6.63,83.53
2026-08-09T22:03:59Z,6.65,83.89
2026-08-09T22:04:59Z,6.64,83.73
2026-08-09T22:05:59Z,6.65,83.77
2026-08-09T22:06:59Z,6.64,83.7
2026-08-09T22:07:59Z,6.64,83.59
2026-08-09T22:08:59Z,6.63,83.44
2026-08-09T22:09:59Z,6.61,83.24
2026-08-09T22:10:59Z,6.61,83.2
2026-08-09T22:11:59Z,6.62,83.31
2026-08-09T22:12:59Z,6.6,83.02
2026-08-09T22:13:59Z,6.6,82.94
2026-08-09T22:14:59Z,6.6,82.94
2026-08-09T22:15:59Z,6.6,82.94
2026-08-09T22:16:59Z,6.59,82.83
2026-08-09T22:17:59Z,6.58,82.62
2026-08-09T22:18:59Z,6.58,82.61
2026-08-09T22:19:59Z,6.57,82.44
2026-08-09T22:20:59Z,6.58,82.62
2026-08-09T22:21:59Z,6.56,82.4
2026-08-09T22:22:59Z,6.55,82.21
2026-08-09T22:23:59Z,6.55,82.08
2026-08-09T22:24:59Z,6.55,82.08
2026-08-09T22:25:59Z,6.55,82.1
2026-08-09T22:26:59Z,6.56,82.35
2026-08-09T22:27:59Z,6.57,82.45
2026-08-09T22:28:59Z,6.58,82.73
2026-08-09T22:29:59Z,6.59,82.87
2026-08-09T22:30:59Z,6.6,82.99
2026-08-09T22:31:59Z,6.6,82.92
2026-08-09T22:32:59Z,6.6,83.04
2026-08-09T22:33:59Z,6.61,83.11
2026-08-09T22:34:59Z,6.61,83.13
2026-08-09T22:35:59Z,6.61,83.16
2026-08-09T22:36:59Z,6.61,83.17
2026-08-09T22:37:59Z,6.61,83.24
2026-08-09T22:38:59Z,6.61,83.22
2026-08-09T22:39:59Z,6.62,83.3
2026-08-09T22:40:59Z,6.63,83.43
2026-08-09T22:41:59Z,6.61,83.25
2026-08-09T22:42:59Z,6.62,83.32
2026-08-09T22:43:59Z,6.62,83.39
2026-08-09T22:44:59Z,6.63,83.52
2026-08-09T22:45:59Z,6.62,83.26
2026-08-09T22:46:59Z,6.63,83.45
2026-08-09T22:47:59Z,6.64,83.71
2026-08-09T22:48:59Z,6.64,83.74
2026-08-09T22:49:59Z,6.63,83.49
2026-08-09T22:50:59Z,6.61,83.13
2026-08-09T22:51:59Z,6.6,83.03
2026-08-09T22:52:59Z,6.59,82.82
2026-08-09T22:53:59Z,6.57,82.57
2026-08-09T22:54:59Z,6.58,82.69
2026-08-09T22:55:59Z,6.57,82.53
2026-08-09T22:56:59Z,6.56,82.27
2026-08-09T22:57:59Z,6.55,82.23
2026-08-09T22:58:59Z,6.53,81.87
2026-08-09T22:59:59Z,6.53,81.84
2026-08-09T23:00:59Z,6.51,81.46
2026-08-09T23:01:59Z,6.51,81.52
2026-08-09T23:02:59Z,6.5,81.37
2026-08-09T23:03:59Z,6.51,81.41
2026-08-09T23:04:59Z,6.5,81.35
2026-08-09T23:05:59Z,6.49,81.2
2026-08-09T23:06:59Z,6.48,80.9
2026-08-09T23:07:59Z,6.47,80.79
2026-08-09T23:08:59Z,6.46,80.69
2026-08-09T23:09:59Z,6.45,80.48
2026-08-09T23:10:59Z,6.43,80.21
2026-08-09T23:11:59Z,6.43,80.09
2026-08-09T23:12:59Z,6.42,80.02
2026-08-09T23:13:59Z,6.4,79.67
2026-08-09T23:14:59Z,6.37,79.1
2026-08-09T23:15:59Z,6.36,79.03
2026-08-09T23:16:59Z,6.37,79.05
2026-08-09T23:17:59Z,6.38,79.25
2026-08-09T23:18:59Z,6.37,79.1
2026-08-09T23:19:59Z,6.33,78.51
2026-08-09T23:20:59Z,6.31,78.08
2026-08-09T23:21:59Z,6.29,77.87
2026-08-09T23:22:59Z,6.28,77.56
2026-08-09T23:23:59Z,6.25,77.18
2026-08-09T23:24:59Z,6.26,77.24
2026-08-09T23:25:59Z,6.25,77.14
2026-08-09T23:26:59Z,6.27,77.5
2026-08-09T23:27:59Z,6.28,77.61
2026-08-09T23:28:59Z,6.23,76.77
2026-08-09T23:29:59Z,6.23,76.83
2026-08-09T23:30:59Z,6.23,76.75
2026-08-09T23:31:59Z,6.21,76.44
2026-08-09T23:32:59Z,6.22,76.56
2026-08-09T23:33:59Z,6.2,76.29
2026-08-09T23:34:59Z,6.21,76.36
2026-08-09T23:35:59Z,6.23,76.71
2026-08-09T23:36:59Z,6.24,76.91
2026-08-09T23:37:59Z,6.26,77.34
2026-08-09T23:38:59Z,6.26,77.26
2026-08-09T23:39:59Z,6.25,77.09
2026-08-09T23:40:59Z,6.25,77.08
2026-08-09T23:41:59Z,6.23,76.83
2026-08-09T23:42:59Z,6.23,76.84
2026-08-09T23:43:59Z,6.24,76.87
2026-08-09T23:44:59Z,6.21,76.47
2026-08-09T23:45:59Z,6.19,76.03
2026-08-09T23:46:59Z,6.18,75.9
2026-08-09T23:47:59Z,6.18,75.87
2026-08-09T23:48:59Z,6.16,75.62
2026-08-09T23:49:59Z,6.16,75.55
2026-08-09T23:50:59Z,6.15,75.46
2026-08-09T23:51:59Z,6.14,75.3
2026-08-09T23:52:59Z,6.11,74.71
2026-08-09T23:53:59Z,6.12,74.85
2026-08-09T23:54:59Z,6.09,74.48
2026-08-09T23:55:59Z,6.05,73.76
2026-08-09T23:56:59Z,6.07,74.1
2026-08-09T23:57:59Z,6.08,74.24
2026-08-09T23:58:59Z,6.08,74.31
2026-08-09T23:59:59Z,6.07,74.05
2026-08-10T00:00:59Z,6.08,74.2
2026-08-10T00:01:59Z,6.05,73.7
2026-08-10T00:02:59Z,6.02,73.32
2026-08-10T00:03:59Z,6,72.89
2026-08-10T00:04:59Z,6,72.93
2026-08-10T00:05:59Z,5.98,72.58
2026-08-10T00:06:59Z,5.97,72.45
2026-08-10T00:07:59Z,5.95,72.12
2026-08-10T00:08:59Z,5.95,72.12
2026-08-10T00:09:59Z,5.95,72.08
2026-08-10T00:10:59Z,5.93,71.8
2026-08-10T00:11:59Z,5.91,71.34
2026-08-10T00:12:59Z,5.89,71.11
2026-08-10T00:13:59Z,5.91,71.4
2026-08-10T00:14:59Z,5.92,71.53
2026-08-10T00:15:59Z,5.91,71.4
2026-08-10T00:16:59Z,5.89,71.05
2026-08-10T00:17:59Z,5.91,71.4
2026-08-10T00:18:59Z,5.9,71.31
2026-08-10T00:19:59Z,5.87,70.75
2026-08-10T00:20:59Z,5.84,70.18
2026-08-10T00:21:59Z,5.83,69.98
2026-08-10T00:22:59Z,5.82,69.93
2026-08-10T00:23:59Z,5.79,69.31
2026-08-10T00:24:59Z,5.76,68.93
2026-08-10T00:25:59Z,5.77,68.97
2026-08-10T00:26:59Z,5.74,68.46
2026-08-10T00:27:59Z,5.7,67.88
2026-08-10T00:28:59Z,5.66,67.15
2026-08-10T00:29:59Z,5.65,66.95
2026-08-10T00:30:59Z,5.63,66.74
2026-08-10T00:31:59Z,5.59,66.05
2026-08-10T00:32:59Z,5.57,65.66
2026-08-10T00:33:59Z,5.56,65.5
2026-08-10T00:34:59Z,5.54,65.2
2026-08-10T00:35:59Z,5.53,65.06
2026-08-10T00:36:59Z,5.53,64.95
2026-08-10T00:37:59Z,5.53,65
2026-08-10T00:38:59Z,5.51,64.65
2026-08-10T00:39:59Z,5.5,64.47
2026-08-10T00:40:59Z,5.46,63.75
2026-08-10T00:41:59Z,5.44,63.44
2026-08-10T00:42:59Z,5.48,64.11
2026-08-10T00:43:59Z,5.42,63.22
2026-08-10T00:44:59Z,5.4,62.87
2026-08-10T00:45:59Z,5.4,62.88
2026-08-10T00:46:59Z,5.4,62.75
2026-08-10T00:47:59Z,5.39,62.66
2026-08-10T00:48:59Z,5.42,63.13
2026-08-10T00:49:59Z,5.4,62.81
2026-08-10T00:50:59Z,5.38,62.55
2026-08-10T00:51:59Z,5.38,62.46
2026-08-10T00:52:59Z,5.39,62.63
2026-08-10T00:53:59Z,5.42,63.11
2026-08-10T00:54:59Z,5.42,63.21
2026-08-10T00:55:59Z,5.39,62.63
2026-08-10T00:56:59Z,5.38,62.55
2026-08-10T00:57:59Z,5.4,62.84
2026-08-10T00:58:59Z,5.38,62.55
2026-08-10T00:59:59Z,5.39,62.62
2026-08-10T01:00:59Z,5.41,63.03
2026-08-10T01:01:59Z,5.4,62.88
2026-08-10T01:02:59Z,5.42,63.24
2026-08-10T01:03:59Z,5.45,63.71
2026-08-10T01:04:59Z,5.42,63.1
2026-08-10T01:05:59Z,5.37,62.33
2026-08-10T01:06:59Z,5.36,62.17
2026-08-10T01:07:59Z,5.38,62.42
2026-08-10T01:08:59Z,5.39,62.65
2026-08-10T01:09:59Z,5.39,62.6
2026-08-10T01:10:59Z,5.41,62.96
2026-08-10T01:11:59Z,5.42,63.18
2026-08-10T01:12:59Z,5.42,63.18
2026-08-10T01:13:59Z,5.42,63.16
2026-08-10T01:14:59Z,5.41,63.04
2026-08-10T01:15:59Z,5.43,63.41
2026-08-10T01:16:59Z,5.44,63.49
2026-08-10T01:17:59Z,5.45,63.7
2026-08-10T01:18:59Z,5.46,63.91
2026-08-10T01:19:59Z,5.47,64.03
2026-08-10T01:20:59Z,5.49,64.34
2026-08-10T01:21:59Z,5.45,63.68
2026-08-10T01:22:59Z,5.44,63.56
2026-08-10T01:23:59Z,5.4,62.75
2026-08-10T01:24:59Z,5.38,62.41
2026-08-10T01:25:59Z,5.34,61.83
2026-08-10T01:26:59Z,5.35,61.99
2026-08-10T01:27:59Z,5.37,62.34
2026-08-10T01:28:59Z,5.38,62.54
2026-08-10T01:29:59Z,5.39,62.68
2026-08-10T01:30:59Z,5.43,63.31
2026-08-10T01:31:59Z,5.4,62.78
2026-08-10T01:32:59Z,5.42,63.1
2026-08-10T01:33:59Z,5.41,62.97
2026-08-10T01:34:59Z,5.39,62.67
2026-08-10T01:35:59Z,5.4,62.8
2026-08-10T01:36:59Z,5.41,62.97
2026-08-10T01:37:59Z,5.41,62.95
2026-08-10T01:38:59Z,5.37,62.25
2026-08-10T01:39:59Z,5.36,62.13
2026-08-10T01:40:59Z,5.31,61.39
2026-08-10T01:41:59Z,5.28,60.83
2026-08-10T01:42:59Z,5.26,60.42
2026-08-10T01:43:59Z,5.22,59.87
2026-08-10T01:44:59Z,5.2,59.44
2026-08-10T01:45:59Z,5.2,59.38
2026-08-10T01:46:59Z,5.18,59.09
2026-08-10T01:47:59Z,5.16,58.84
2026-08-10T01:48:59Z,5.15,58.63
2026-08-10T01:49:59Z,5.14,58.4
2026-08-10T01:50:59Z,5.13,58.2
2026-08-10T01:51:59Z,5.09,57.62
2026-08-10T01:52:59Z,5.09,57.53
2026-08-10T01:53:59Z,5.04,56.69
2026-08-10T01:54:59Z,5.02,56.39
2026-08-10T01:55:59Z,5.06,57.06
2026-08-10T01:56:59Z,5.09,57.53
2026-08-10T01:57:59Z,5.06,57.03
2026-08-10T01:58:59Z,5.01,56.24
2026-08-10T01:59:59Z,5.01,56.22
2026-08-10T02:00:59Z,5,56.03
2026-08-10T02:01:59Z,4.98,55.75
2026-08-10T02:02:59Z,4.97,55.52
2026-08-10T02:03:59Z,4.95,55.24
2026-08-10T02:04:59Z,4.96,55.39
2026-08-10T02:05:59Z,4.98,55.78
2026-08-10T02:06:59Z,4.94,55.1
2026-08-10T02:07:59Z,4.9,54.47
2026-08-10T02:08:59Z,4.9,54.49
2026-08-10T02:09:59Z,4.89,54.25
2026-08-10T02:10:59Z,4.86,53.69
2026-08-10T02:11:59Z,4.85,53.54
2026-08-10T02:12:59Z,4.84,53.44
2026-08-10T02:13:59Z,4.84,53.43
2026-08-10T02:14:59Z,4.84,53.48
2026-08-10T02:15:59Z,4.88,54.04
2026-08-10T02:16:59Z,4.89,54.3
2026-08-10T02:17:59Z,4.89,54.2
2026-08-10T02:18:59Z,4.9,54.36
2026-08-10T02:19:59Z,4.94,55.1
2026-08-10T02:20:59Z,4.92,54.67
2026-08-10T02:21:59Z,4.91,54.55
2026-08-10T02:22:59Z,4.88,54.13
2026-08-10T02:23:59Z,4.87,53.93
2026-08-10T02:24:59Z,4.86,53.72
2026-08-10T02:25:59Z,4.82,53.13
2026-08-10T02:26:59Z,4.83,53.24
2026-08-10T02:27:59Z,4.85,53.56
2026-08-10T02:28:59Z,4.81,52.96
2026-08-10T02:29:59Z,4.81,52.94
2026-08-10T02:30:59Z,4.8,52.67
2026-08-10T02:31:59Z,4.77,52.2
2026-08-10T02:32:59Z,4.77,52.21
2026-08-10T02:33:59Z,4.79,52.61
2026-08-10T02:34:59Z,4.77,52.17
2026-08-10T02:35:59Z,4.73,51.62
2026-08-10T02:36:59Z,4.74,51.76
2026-08-10T02:37:59Z,4.75,51.92
2026-08-10T02:38:59Z,4.78,52.48
2026-08-10T02:39:59Z,4.84,53.39
2026-08-10T02:40:59Z,4.75,51.96
2026-08-10T02:41:59Z,4.8,52.72
2026-08-10T02:42:59Z,4.81,52.84
2026-08-10T02:43:59Z,4.77,52.28
2026-08-10T02:44:59Z,4.83,53.2
2026-08-10T02:45:59Z,4.83,53.2
2026-08-10T02:46:59Z,4.77,52.28
2026-08-10T02:47:59Z,4.74,51.73
2026-08-10T02:48:59Z,4.77,52.24
2026-08-10T02:49:59Z,4.82,53.15
2026-08-10T02:50:59Z,4.85,53.5
2026-08-10T02:51:59Z,4.87,53.88
2026-08-10T02:52:59Z,4.89,54.17
2026-08-10T02:53:59Z,4.82,53.04
2026-08-10T02:54:59Z,4.9,54.43
2026-08-10T02:55:59Z,4.9,54.47
2026-08-10T02:56:59Z,4.91,54.66
2026-08-10T02:57:59Z,4.91,54.5
2026-08-10T02:58:59Z,4.91,54.61
2026-08-10T02:59:59Z,4.91,54.54
2026-08-10T03:00:59Z,4.93,54.89
2026-08-10T03:01:59Z,4.99,55.98
2026-08-10T03:02:59Z,5.02,56.38
2026-08-10T03:03:59Z,5,56.12
2026-08-10T03:04:59Z,5.01,56.31
2026-08-10T03:05:59Z,4.99,56.01
2026-08-10T03:06:59Z,4.94,55.01
2026-08-10T03:07:59Z,4.93,54.89
2026-08-10T03:08:59Z,4.92,54.83
2026-08-10T03:09:59Z,4.84,53.48
2026-08-10T03:10:59Z,4.9,54.42
2026-08-10T03:11:59Z,4.93,54.84
2026-08-10T03:12:59Z,4.94,55.05
2026-08-10T03:13:59Z,4.98,55.79
2026-08-10T03:14:59Z,4.94,55.17
2026-08-10T03:15:59Z,4.84,53.42
2026-08-10T03:16:59Z,4.82,53.11
2026-08-10T03:17:59Z,4.83,53.22
2026-08-10T03:18:59Z,4.82,53.1
2026-08-10T03:19:59Z,4.86,53.74
2026-08-10T03:20:59Z,4.85,53.55
2026-08-10T03:21:59Z,4.84,53.4
2026-08-10T03:22:59Z,4.84,53.35
2026-08-10T03:23:59Z,4.83,53.16
2026-08-10T03:24:59Z,4.84,53.33
2026-08-10T03:25:59Z,4.82,53.01
2026-08-10T03:26:59Z,4.83,53.16
2026-08-10T03:27:59Z,4.84,53.45
2026-08-10T03:28:59Z,4.83,53.31
2026-08-10T03:29:59Z,4.8,52.8
2026-08-10T03:30:59Z,4.83,53.28
2026-08-10T03:31:59Z,4.83,53.18
2026-08-10T03:32:59Z,4.85,53.55
2026-08-10T03:33:59Z,4.84,53.48
2026-08-10T03:34:59Z,4.86,53.78
2026-08-10T03:35:59Z,4.89,54.18
2026-08-10T03:36:59Z,4.84,53.39
2026-08-10T03:37:59Z,4.87,53.96
2026-08-10T03:38:59Z,4.87,53.87
2026-08-10T03:39:59Z,4.83,53.32
2026-08-10T03:40:59Z,4.85,53.61
2026-08-10T03:41:59Z,4.87,53.85
2026-08-10T03:42:59Z,4.88,54.01
2026-08-10T03:43:59Z,4.87,53.89
2026-08-10T03:44:59Z,4.87,53.89
2026-08-10T03:45:59Z,4.89,54.17
2026-08-10T03:46:59Z,4.85,53.49
2026-08-10T03:47:59Z,4.85,53.61
2026-08-10T03:48:59Z,4.87,53.98
2026-08-10T03:49:59Z,4.89,54.17
2026-08-10T03:50:59Z,4.89,54.24
2026-08-10T03:51:59Z,4.91,54.57
2026-08-10T03:52:59Z,4.91,54.5
2026-08-10T03:53:59Z,4.92,54.8
2026-08-10T03:54:59Z,4.9,54.4
2026-08-10T03:55:59Z,4.89,54.25
2026-08-10T03:56:59Z,4.88,54.1
2026-08-10T03:57:59Z,4.88,54.06
2026-08-10T03:58:59Z,4.86,53.75
2026-08-10T03:59:59Z,4.88,54.01
2026-08-10T04:00:59Z,4.89,54.23
2026-08-10T04:01:59Z,4.91,54.64
2026-08-10T04:02:59Z,4.92,54.81
2026-08-10T04:03:59Z,4.93,54.9
2026-08-10T04:04:59Z,4.97,55.65
2026-08-10T04:05:59Z,4.94,55.16
2026-08-10T04:06:59Z,4.89,54.22
2026-08-10T04:07:59Z,4.92,54.68
2026-08-10T04:08:59Z,4.9,54.39
2026-08-10T04:09:59Z,4.88,54.1
2026-08-10T04:10:59Z,4.88,54.1
2026-08-10T04:11:59Z,4.87,53.92
2026-08-10T04:12:59Z,4.88,54.01
2026-08-10T04:13:59Z,4.89,54.24
2026-08-10T04:14:59Z,4.81,52.83
2026-08-10T04:15:59Z,4.77,52.17
2026-08-10T04:16:59Z,4.76,52.05
2026-08-10T04:17:59Z,4.76,52.12
2026-08-10T04:18:59Z,4.83,53.28
2026-08-10T04:19:59Z,4.87,53.99
2026-08-10T04:20:59Z,4.84,53.36
2026-08-10T04:21:59Z,4.81,52.95
2026-08-10T04:22:59Z,4.87,53.93
2026-08-10T04:23:59Z,4.85,53.62
2026-08-10T04:24:59Z,4.88,54.03
2026-08-10T04:25:59Z,4.86,53.71
2026-08-10T04:26:59Z,4.85,53.5
2026-08-10T04:27:59Z,4.83,53.23
2026-08-10T04:28:59Z,4.83,53.27
2026-08-10T04:29:59Z,4.81,52.85
2026-08-10T04:30:59Z,4.77,52.19
2026-08-10T04:31:59Z,4.73,51.6
2026-08-10T04:32:59Z,4.74,51.74
2026-08-10T04:33:59Z,4.74,51.71
2026-08-10T04:34:59Z,5.55,52.24
2026-08-10T04:35:59Z,4.81,52.9
2026-08-10T04:36:59Z,4.78,52.38
2026-08-10T04:37:59Z,4.71,51.28
2026-08-10T04:38:59Z,5.47,50.85
2026-08-10T04:39:59Z,4.72,51.39
2026-08-10T04:40:59Z,4.72,51.41
2026-08-10T04:41:59Z,4.73,51.55
2026-08-10T04:42:59Z,4.68,50.72
2026-08-10T04:43:59Z,4.7,51.13
2026-08-10T04:44:59Z,4.65,50.22
2026-08-10T04:45:59Z,4.66,50.34
2026-08-10T04:46:59Z,4.63,49.88
2026-08-10T04:47:59Z,4.65,50.29
2026-08-10T04:48:59Z,5.44,50.39
2026-08-10T04:49:59Z,5.47,50.95
2026-08-10T04:50:59Z,4.75,51.83
2026-08-10T04:51:59Z,4.71,51.18
2026-08-10T04:52:59Z,4.68,50.7
2026-08-10T04:53:59Z,4.64,50.05
2026-08-10T04:54:59Z,4.6,49.4
2026-08-10T04:55:59Z,4.61,49.57
2026-08-10T04:56:59Z,4.62,49.67
2026-08-10T04:57:59Z,4.59,49.16
2026-08-10T04:58:59Z,4.52,48.02
2026-08-10T04:59:59Z,4.49,47.56
2026-08-10T05:00:59Z,4.58,49.03
2026-08-10T05:01:59Z,4.57,48.9
2026-08-10T05:02:59Z,4.55,48.51
2026-08-10T05:03:59Z,4.58,48.95
2026-08-10T05:04:59Z,4.61,49.51
2026-08-10T05:05:59Z,4.57,48.93
2026-08-10T05:06:59Z,4.59,49.14
2026-08-10T05:07:59Z,4.58,48.97
2026-08-10T05:08:59Z,4.6,49.37
2026-08-10T05:09:59Z,4.62,49.76
2026-08-10T05:10:59Z,5.45,50.54
2026-08-10T05:11:59Z,4.72,51.34
2026-08-10T05:12:59Z,4.75,51.84
2026-08-10T05:13:59Z,4.77,52.21
2026-08-10T05:14:59Z,5.69,52.42
2026-08-10T05:15:59Z,4.84,53.34
2026-08-10T05:16:59Z,4.86,53.71
2026-08-10T05:17:59Z,4.85,53.5
2026-08-10T05:18:59Z,4.87,53.83
2026-08-10T05:19:59Z,4.9,54.45
2026-08-10T05:20:59Z,4.9,54.34
2026-08-10T05:21:59Z,4.96,55.49
2026-08-10T05:22:59Z,4.95,55.32
2026-08-10T05:23:59Z,4.96,55.41
2026-08-10T05:24:59Z,4.92,54.73
2026-08-10T05:25:59Z,4.89,54.24
2026-08-10T05:26:59Z,4.9,54.44
2026-08-10T05:27:59Z,4.93,54.85
2026-08-10T05:28:59Z,4.94,55.05
2026-08-10T05:29:59Z,4.93,54.87
2026-08-10T05:30:59Z,4.98,55.69
2026-08-10T05:31:59Z,4.96,55.48
2026-08-10T05:32:59Z,4.96,55.49
2026-08-10T05:33:59Z,4.97,55.58
2026-08-10T05:34:59Z,4.96,55.42
2026-08-10T05:35:59Z,4.96,55.45
2026-08-10T05:36:59Z,4.97,55.64
2026-08-10T05:37:59Z,4.96,55.35
2026-08-10T05:38:59Z,4.94,55.03
2026-08-10T05:39:59Z,4.95,55.29
2026-08-10T05:40:59Z,5,56.05
2026-08-10T05:41:59Z,5.02,56.38
2026-08-10T05:42:59Z,5.02,56.42
2026-08-10T05:43:59Z,5.06,57.09
2026-08-10T05:44:59Z,5.08,57.52
2026-08-10T05:45:59Z,5.08,57.45
2026-08-10T05:46:59Z,5.1,57.7
2026-08-10T05:47:59Z,5.07,57.34
2026-08-10T05:48:59Z,5.1,57.8
2026-08-10T05:49:59Z,5.07,57.28
2026-08-10T05:50:59Z,5.12,58.08
2026-08-10T05:51:59Z,5.12,58.17
2026-08-10T05:52:59Z,5.13,58.27
2026-08-10T05:53:59Z,6.07,58.84
2026-08-10T05:54:59Z,5.17,59.03
2026-08-10T05:55:59Z,5.17,58.91
2026-08-10T05:56:59Z,5.17,58.99
2026-08-10T05:57:59Z,5.2,59.39
2026-08-10T05:58:59Z,5.2,59.48
2026-08-10T05:59:59Z,5.22,59.78
2026-08-10T06:00:59Z,5.25,60.27
2026-08-10T06:01:59Z,5.23,60.01
2026-08-10T06:02:59Z,5.23,59.92
2026-08-10T06:03:59Z,5.2,59.54
2026-08-10T06:04:59Z,5.2,59.53
2026-08-10T06:05:59Z,5.2,59.52
2026-08-10T06:06:59Z,5.19,59.26
2026-08-10T06:07:59Z,5.19,59.34
2026-08-10T06:08:59Z,5.19,59.24
2026-08-10T06:09:59Z,5.2,59.41
2026-08-10T06:10:59Z,5.21,59.55
2026-08-10T06:11:59Z,5.23,59.89
2026-08-10T06:12:59Z,5.24,60.18
2026-08-10T06:13:59Z,5.24,60.16
2026-08-10T06:14:59Z,5.27,60.57
2026-08-10T06:15:59Z,5.15,58.68
2026-08-10T06:16:59Z,5.95,59
2026-08-10T06:17:59Z,5.16,58.83
2026-08-10T06:18:59Z,5.12,58.12
2026-08-10T06:19:59Z,5.14,58.41
2026-08-10T06:20:59Z,5.13,58.31
2026-08-10T06:21:59Z,5.13,58.23
2026-08-10T06:22:59Z,5.12,58.09
2026-08-10T06:23:59Z,5.13,58.27
2026-08-10T06:24:59Z,5.14,58.38
2026-08-10T06:25:59Z,5.14,58.52
2026-08-10T06:26:59Z,5.13,58.33
2026-08-10T06:27:59Z,5.14,58.48
2026-08-10T06:28:59Z,5.12,58.15
2026-08-10T06:29:59Z,5.13,58.22
2026-08-10T06:30:59Z,6.05,58.52
2026-08-10T06:31:59Z,6.03,58.13
2026-08-10T06:32:59Z,5.12,58.16
2026-08-10T06:33:59Z,5.14,58.44
2026-08-10T06:34:59Z,5.09,57.67
2026-08-10T06:35:59Z,5.02,56.4
2026-08-10T06:36:59Z,4.99,55.99
2026-08-10T06:37:59Z,4.98,55.78
2026-08-10T06:38:59Z,5,56.05
2026-08-10T06:39:59Z,5.01,56.19
2026-08-10T06:40:59Z,4.93,54.86
2026-08-10T06:41:59Z,4.97,55.55
2026-08-10T06:42:59Z,4.95,55.22
2026-08-10T06:43:59Z,4.97,55.59
2026-08-10T06:44:59Z,5,56.12
2026-08-10T06:45:59Z,5.04,56.82
2026-08-10T06:46:59Z,5.09,57.56
2026-08-10T06:47:59Z,5.13,58.33
2026-08-10T06:48:59Z,5.15,58.55
2026-08-10T06:49:59Z,5.13,58.35
2026-08-10T06:50:59Z,5.14,58.51
2026-08-10T06:51:59Z,5.15,58.65
2026-08-10T06:52:59Z,6.1,59.31
2026-08-10T06:53:59Z,6.12,59.71
2026-08-10T06:54:59Z,5.23,59.89
2026-08-10T06:55:59Z,5.24,60.15
2026-08-10T06:56:59Z,5.24,60.06
2026-08-10T06:57:59Z,5.17,58.97
2026-08-10T06:58:59Z,5.08,57.48
2026-08-10T06:59:59Z,5.02,56.47
2026-08-10T07:00:59Z,5.04,56.73
2026-08-10T07:01:59Z,5.02,56.41
2026-08-10T07:02:59Z,5.04,56.81
2026-08-10T07:03:59Z,5.06,57.06
2026-08-10T07:04:59Z,5.07,57.35
2026-08-10T07:05:59Z,5.09,57.68
2026-08-10T07:06:59Z,5.1,57.81
2026-08-10T07:07:59Z,5.07,57.35
2026-08-10T07:08:59Z,5.1,57.76
2026-08-10T07:09:59Z,5.04,56.77
2026-08-10T07:10:59Z,5.07,57.24
2026-08-10T07:11:59Z,5.09,57.63
2026-08-10T07:12:59Z,5.1,57.75
2026-08-10T07:13:59Z,5.13,58.32
2026-08-10T07:14:59Z,5.16,58.71
2026-08-10T07:15:59Z,5.18,59.12
2026-08-10T07:16:59Z,6.12,59.7
2026-08-10T07:17:59Z,5.22,59.77
2026-08-10T07:18:59Z,5.2,59.42
2026-08-10T07:19:59Z,5.24,60.1
2026-08-10T07:20:59Z,5.23,60
2026-08-10T07:21:59Z,5.23,60
2026-08-10T07:22:59Z,5.24,60.17
2026-08-10T07:23:59Z,5.24,60.18
2026-08-10T07:24:59Z,5.24,60.09
2026-08-10T07:25:59Z,6.16,60.33
2026-08-10T07:26:59Z,5.28,60.75
2026-08-10T07:27:59Z,6.23,61.43
2026-08-10T07:28:59Z,5.34,61.77
2026-08-10T07:29:59Z,5.32,61.56
2026-08-10T07:30:59Z,5.34,61.87
2026-08-10T07:31:59Z,6.28,62.37
2026-08-10T07:32:59Z,5.4,62.76
2026-08-10T07:33:59Z,5.4,62.77
2026-08-10T07:34:59Z,5.41,62.96
2026-08-10T07:35:59Z,5.42,63.12
2026-08-10T07:36:59Z,6.18,62.79
2026-08-10T07:37:59Z,5.41,63.05
2026-08-10T07:38:59Z,6.21,63.34
2026-08-10T07:39:59Z,6.23,63.75
2026-08-10T07:40:59Z,6.24,63.8
2026-08-10T07:41:59Z,5.46,63.76
2026-08-10T07:42:59Z,5.49,64.33
2026-08-10T07:43:59Z,5.51,64.59
2026-08-10T07:44:59Z,6.28,64.58
2026-08-10T07:45:59Z,5.52,64.86
2026-08-10T07:46:59Z,5.52,64.88
2026-08-10T07:47:59Z,5.52,64.8
2026-08-10T07:48:59Z,5.54,65.14
2026-08-10T07:49:59Z,5.56,65.45
2026-08-10T07:50:59Z,6.36,65.84
2026-08-10T07:51:59Z,5.57,65.67
2026-08-10T07:52:59Z,5.59,66.08
2026-08-10T07:53:59Z,5.62,66.55
2026-08-10T07:54:59Z,5.63,66.66
2026-08-10T07:55:59Z,5.66,67.16
2026-08-10T07:56:59Z,5.64,66.84
2026-08-10T07:57:59Z,5.66,67.12
2026-08-10T07:58:59Z,5.66,67.15
2026-08-10T07:59:59Z,5.65,66.95
2026-08-10T08:00:59Z,5.67,67.34
2026-08-10T08:01:59Z,5.67,67.31
2026-08-10T08:02:59Z,6.45,67.33
2026-08-10T08:03:59Z,6.48,67.91
2026-08-10T08:04:59Z,5.7,67.88
2026-08-10T08:05:59Z,5.69,67.69
2026-08-10T08:06:59Z,5.69,67.68
2026-08-10T08:07:59Z,5.68,67.53
2026-08-10T08:08:59Z,5.67,67.34
2026-08-10T08:09:59Z,5.69,67.63
2026-08-10T08:10:59Z,6.47,67.64
2026-08-10T08:11:59Z,6.48,67.84
2026-08-10T08:12:59Z,5.7,67.82
2026-08-10T08:13:59Z,5.71,68.02
2026-08-10T08:14:59Z,5.73,68.3
2026-08-10T08:15:59Z,5.69,67.71
2026-08-10T08:16:59Z,5.7,67.9
2026-08-10T08:17:59Z,6.49,68.02
2026-08-10T08:18:59Z,5.71,68.04
2026-08-10T08:19:59Z,5.69,67.78
2026-08-10T08:20:59Z,5.72,68.21
2026-08-10T08:21:59Z,5.73,68.32
2026-08-10T08:22:59Z,5.7,67.94
2026-08-10T08:23:59Z,5.72,68.21
2026-08-10T08:24:59Z,5.71,68.09
2026-08-10T08:25:59Z,5.73,68.33
2026-08-10T08:26:59Z,5.75,68.64
2026-08-10T08:27:59Z,5.71,67.99
2026-08-10T08:28:59Z,5.71,68.04
2026-08-10T08:29:59Z,5.75,68.69
2026-08-10T08:30:59Z,5.76,68.87
2026-08-10T08:31:59Z,5.81,69.74
2026-08-10T08:32:59Z,5.81,69.73
2026-08-10T08:33:59Z,5.8,69.55
2026-08-10T08:34:59Z,5.8,69.52
2026-08-10T08:35:59Z,5.79,69.38
2026-08-10T08:36:59Z,5.76,68.87
2026-08-10T08:37:59Z,5.72,68.17
2026-08-10T08:38:59Z,5.7,67.79
2026-08-10T08:39:59Z,5.68,67.5
2026-08-10T08:40:59Z,5.69,67.7
2026-08-10T08:41:59Z,5.68,67.51
2026-08-10T08:42:59Z,5.69,67.63
2026-08-10T08:43:59Z,6.48,67.9
2026-08-10T08:44:59Z,5.71,68
2026-08-10T08:45:59Z,5.71,67.96
2026-08-10T08:46:59Z,5.72,68.13
2026-08-10T08:47:59Z,5.7,67.94
2026-08-10T08:48:59Z,5.7,67.83
2026-08-10T08:49:59Z,5.68,67.5
2026-08-10T08:50:59Z,5.67,67.32
2026-08-10T08:51:59Z,5.69,67.67
2026-08-10T08:52:59Z,5.71,68.05
2026-08-10T08:53:59Z,5.73,68.41
2026-08-10T08:54:59Z,5.75,68.66
2026-08-10T08:55:59Z,5.74,68.56
2026-08-10T08:56:59Z,5.74,68.51
2026-08-10T08:57:59Z,5.73,68.39
2026-08-10T08:58:59Z,5.73,68.38
2026-08-10T08:59:59Z,6.54,68.91
2026-08-10T09:00:59Z,5.77,69.04
2026-08-10T09:01:59Z,5.78,69.15
2026-08-10T09:02:59Z,5.79,69.3
2026-08-10T09:03:59Z,6.57,69.45
2026-08-10T09:04:59Z,5.8,69.47
2026-08-10T09:05:59Z,5.8,69.58
2026-08-10T09:06:59Z,5.82,69.85
2026-08-10T09:07:59Z,5.83,70.13
2026-08-10T09:08:59Z,5.84,70.22
2026-08-10T09:09:59Z,5.81,69.76
2026-08-10T09:10:59Z,6.61,70.03
2026-08-10T09:11:59Z,7.4,70.23
2026-08-10T09:12:59Z,6.62,70.21
2026-08-10T09:13:59Z,6.61,70.09
2026-08-10T09:14:59Z,6.62,70.23
2026-08-10T09:15:59Z,5.85,70.31
2026-08-10T09:16:59Z,6.64,70.56
2026-08-10T09:17:59Z,5.86,70.59
2026-08-10T09:18:59Z,6.65,70.72
2026-08-10T09:19:59Z,6.65,70.71
2026-08-10T09:20:59Z,5.88,70.95
2026-08-10T09:21:59Z,5.87,70.68
2026-08-10T09:22:59Z,5.88,70.87
2026-08-10T09:23:59Z,5.88,70.97
2026-08-10T09:24:59Z,5.9,71.22
2026-08-10T09:25:59Z,6.69,71.35
2026-08-10T09:26:59Z,6.7,71.65
2026-08-10T09:27:59Z,5.94,71.96
2026-08-10T09:28:59Z,5.93,71.73
2026-08-10T09:29:59Z,5.93,71.7
2026-08-10T09:30:59Z,5.94,71.93
2026-08-10T09:31:59Z,6.72,71.98
2026-08-10T09:32:59Z,6.71,71.8
2026-08-10T09:33:59Z,6.7,71.49
2026-08-10T09:34:59Z,6.67,71.09
2026-08-10T09:35:59Z,6.68,71.27
2026-08-10T09:36:59Z,6.69,71.4
2026-08-10T09:37:59Z,6.71,71.82
2026-08-10T09:38:59Z,6.76,72.58
2026-08-10T09:39:59Z,6.78,72.97
2026-08-10T09:40:59Z,6.8,73.25
2026-08-10T09:41:59Z,6.83,73.8
2026-08-10T09:42:59Z,7.6,73.53
2026-08-10T09:43:59Z,6.87,74.37
2026-08-10T09:44:59Z,6.91,75.14
2026-08-10T09:45:59Z,6.95,75.81
2026-08-10T09:46:59Z,7.59,75.57
2026-08-10T09:47:59Z,7.61,75.94
2026-08-10T09:48:59Z,6.86,76.45
2026-08-10T09:49:59Z,7.65,76.7
2026-08-10T09:50:59Z,7.68,77.12
2026-08-10T09:51:59Z,6.93,77.58
2026-08-10T09:52:59Z,6.93,77.7
2026-08-10T09:53:59Z,7.71,77.7
2026-08-10T09:54:59Z,6.94,77.85
2026-08-10T09:55:59Z,6.95,77.99
2026-08-10T09:56:59Z,6.32,78.34
2026-08-10T09:57:59Z,6.98,78.47
2026-08-10T09:58:59Z,6.32,78.21
2026-08-10T09:59:59Z,6.29,77.73
2026-08-10T10:00:59Z,6.93,77.56
2026-08-10T10:01:59Z,6.28,77.59
2026-08-10T10:02:59Z,6.3,77.9
2026-08-10T10:03:59Z,6.27,77.39
2026-08-10T10:04:59Z,6.25,77.18
2026-08-10T10:05:59Z,6.29,77.82
2026-08-10T10:06:59Z,7.71,77.56
2026-08-10T10:07:59Z,6.32,78.25
2026-08-10T10:08:59Z,6.34,78.68
2026-08-10T10:09:59Z,6.4,79.65
2026-08-10T10:10:59Z,6.4,79.63
2026-08-10T10:11:59Z,6.43,80.18
2026-08-10T10:12:59Z,6.48,80.99
2026-08-10T10:13:59Z,6.45,80.44
2026-08-10T10:14:59Z,6.54,82
2026-08-10T10:15:59Z,6.48,81.04
2026-08-10T10:16:59Z,6.49,81.09
2026-08-10T10:17:59Z,6.5,81.32
2026-08-10T10:18:59Z,6.56,82.31
2026-08-10T10:19:59Z,6.6,83.07
2026-08-10T10:20:59Z,6.57,82.43
2026-08-10T10:21:59Z,6.58,82.59
2026-08-10T10:22:59Z,6.6,83.05
2026-08-10T10:23:59Z,6.62,83.38
2026-08-10T10:24:59Z,6.64,83.68
2026-08-10T10:25:59Z,6.62,83.26
2026-08-10T10:26:59Z,7.26,83.25
2026-08-10T10:27:59Z,6.66,83.97
2026-08-10T10:28:59Z,6.66,84.03
2026-08-10T10:29:59Z,6.64,83.74
2026-08-10T10:30:59Z,6.7,84.61
2026-08-10T10:31:59Z,6.67,84.15
2026-08-10T10:32:59Z,6.69,84.58
2026-08-10T10:33:59Z,6.69,84.5
2026-08-10T10:34:59Z,6.73,85.2
2026-08-10T10:35:59Z,6.76,85.64
2026-08-10T10:36:59Z,6.73,85.24
2026-08-10T10:37:59Z,6.69,84.51
2026-08-10T10:38:59Z,6.7,84.72
2026-08-10T10:39:59Z,6.7,84.69
2026-08-10T10:40:59Z,6.68,84.31
2026-08-10T10:41:59Z,6.7,84.71
2026-08-10T10:42:59Z,6.7,84.7
2026-08-10T10:43:59Z,6.72,84.99
2026-08-10T10:44:59Z,6.72,85.02
2026-08-10T10:45:59Z,6.73,85.26
2026-08-10T10:46:59Z,6.73,85.2
2026-08-10T10:47:59Z,6.74,85.39
2026-08-10T10:48:59Z,6.74,85.3
2026-08-10T10:49:59Z,6.73,85.13
2026-08-10T10:50:59Z,6.72,85
2026-08-10T10:51:59Z,6.73,85.13
2026-08-10T10:52:59Z,6.77,85.8
2026-08-10T10:53:59Z,6.74,85.27
2026-08-10T10:54:59Z,6.75,85.45
2026-08-10T10:55:59Z,6.73,85.21
2026-08-10T10:56:59Z,6.75,85.46
2026-08-10T10:57:59Z,6.77,85.82
2026-08-10T10:58:59Z,6.76,85.75
2026-08-10T10:59:59Z,6.77,85.78
2026-08-10T11:00:59Z,6.76,85.77
2026-08-10T11:01:59Z,6.74,85.33
2026-08-10T11:02:59Z,6.76,85.61
2026-08-10T11:03:59Z,6.76,85.67
2026-08-10T11:04:59Z,6.75,85.54
2026-08-10T11:05:59Z,6.77,85.81
2026-08-10T11:06:59Z,6.77,85.82
2026-08-10T11:07:59Z,6.75,85.58
2026-08-10T11:08:59Z,6.75,85.56
2026-08-10T11:09:59Z,6.75,85.5
2026-08-10T11:10:59Z,6.76,85.73
2026-08-10T11:11:59Z,6.75,85.44
2026-08-10T11:12:59Z,6.75,85.55
2026-08-10T11:13:59Z,6.74,85.34
2026-08-10T11:14:59Z,6.75,85.47
2026-08-10T11:15:59Z,6.77,85.89
2026-08-10T11:16:59Z,6.75,85.53
2026-08-10T11:17:59Z,6.77,85.85
2026-08-10T11:18:59Z,6.76,85.72
2026-08-10T11:19:59Z,6.77,85.91
2026-08-10T11:20:59Z,6.78,86.1
2026-08-10T11:21:59Z,6.78,85.98
2026-08-10T11:22:59Z,6.79,86.27
2026-08-10T11:23:59Z,6.78,86.07
2026-08-10T11:24:59Z,6.77,85.92
2026-08-10T11:25:59Z,6.77,85.91
2026-08-10T11:26:59Z,6.77,85.83
2026-08-10T11:27:59Z,6.77,85.85
2026-08-10T11:28:59Z,6.75,85.6
2026-08-10T11:29:59Z,6.76,85.77
2026-08-10T11:30:59Z,6.77,85.87
2026-08-10T11:31:59Z,6.76,85.73
2026-08-10T11:32:59Z,6.76,85.77
2026-08-10T11:33:59Z,6.77,85.93
2026-08-10T11:34:59Z,6.77,85.79
2026-08-10T11:35:59Z,6.78,85.99
2026-08-10T11:36:59Z,6.8,86.29
2026-08-10T11:37:59Z,6.8,86.34
2026-08-10T11:38:59Z,6.8,86.43
2026-08-10T11:39:59Z,6.8,86.36
2026-08-10T11:40:59Z,6.8,86.39
2026-08-10T11:41:59Z,6.8,86.34
2026-08-10T11:42:59Z,6.8,86.35
2026-08-10T11:43:59Z,6.8,86.4
2026-08-10T11:44:59Z,6.79,86.19
2026-08-10T11:45:59Z,6.79,86.12
2026-08-10T11:46:59Z,6.76,85.69
2026-08-10T11:47:59Z,6.76,85.73
2026-08-10T11:48:59Z,6.75,85.53
2026-08-10T11:49:59Z,6.74,85.37
2026-08-10T11:50:59Z,6.77,85.84
2026-08-10T11:51:59Z,6.76,85.74
2026-08-10T11:52:59Z,6.77,85.87
2026-08-10T11:53:59Z,6.78,86.05
2026-08-10T11:54:59Z,6.79,86.19
2026-08-10T11:55:59Z,6.8,86.38
2026-08-10T11:56:59Z,6.8,86.36
2026-08-10T11:57:59Z,6.8,86.33
2026-08-10T11:58:59Z,6.81,86.54
2026-08-10T11:59:59Z,6.82,86.7
2026-08-10T12:00:59Z,6.83,86.88
2026-08-10T12:01:59Z,6.82,86.73
2026-08-10T12:02:59Z,6.84,87
2026-08-10T12:03:59Z,6.83,86.94
2026-08-10T12:04:59Z,6.85,87.15
2026-08-10T12:05:59Z,6.86,87.37
2026-08-10T12:06:59Z,6.85,87.22
2026-08-10T12:07:59Z,6.86,87.29
2026-08-10T12:08:59Z,6.84,87.03
2026-08-10T12:09:59Z,6.84,87.05
2026-08-10T12:10:59Z,6.84,87.05
2026-08-10T12:11:59Z,6.84,86.96
2026-08-10T12:12:59Z,6.84,86.98
2026-08-10T12:13:59Z,6.84,87.1
2026-08-10T12:14:59Z,6.82,86.68
2026-08-10T12:15:59Z,6.83,86.87
2026-08-10T12:16:59Z,6.83,86.86
2026-08-10T12:17:59Z,6.83,86.85
2026-08-10T12:18:59Z,6.82,86.75
2026-08-10T12:19:59Z,6.83,86.79
2026-08-10T12:20:59Z,6.82,86.62
2026-08-10T12:21:59Z,6.81,86.53
2026-08-10T12:22:59Z,6.82,86.72
2026-08-10T12:23:59Z,6.82,86.65
2026-08-10T12:24:59Z,6.81,86.52
2026-08-10T12:25:59Z,6.81,86.6
2026-08-10T12:26:59Z,6.83,86.79
2026-08-10T12:27:59Z,6.84,87.01
2026-08-10T12:28:59Z,6.83,86.9
2026-08-10T12:29:59Z,6.83,86.95
2026-08-10T12:30:59Z,6.82,86.68
2026-08-10T12:31:59Z,6.82,86.63
2026-08-10T12:32:59Z,6.83,86.84
2026-08-10T12:33:59Z,6.83,86.79
2026-08-10T12:34:59Z,6.83,86.79
2026-08-10T12:35:59Z,6.82,86.76
2026-08-10T12:36:59Z,6.82,86.67
2026-08-10T12:37:59Z,6.82,86.66
2026-08-10T12:38:59Z,6.82,86.68
2026-08-10T12:39:59Z,6.82,86.64
2026-08-10T12:40:59Z,6.83,86.84
2026-08-10T12:41:59Z,6.82,86.66
2026-08-10T12:42:59Z,6.82,86.62
2026-08-10T12:43:59Z,6.82,86.76
2026-08-10T12:44:59Z,6.8,86.43
2026-08-10T12:45:59Z,6.8,86.34
2026-08-10T12:46:59Z,6.8,86.33
2026-08-10T12:47:59Z,6.81,86.47
2026-08-10T12:48:59Z,6.81,86.58
2026-08-10T12:49:59Z,6.8,86.34
2026-08-10T12:50:59Z,6.79,86.22
2026-08-10T12:51:59Z,6.77,85.88
2026-08-10T12:52:59Z,6.78,86.06
2026-08-10T12:53:59Z,6.77,85.92
2026-08-10T12:54:59Z,6.78,86.05
2026-08-10T12:55:59Z,6.8,86.31
2026-08-10T12:56:59Z,6.78,85.98
2026-08-10T12:57:59Z,6.79,86.14
2026-08-10T12:58:59Z,6.78,86.1
2026-08-10T12:59:59Z,6.77,85.94
2026-08-10T13:00:59Z,6.76,85.75
2026-08-10T13:01:59Z,6.77,85.78
2026-08-10T13:02:59Z,6.75,85.48
2026-08-10T13:03:59Z,6.75,85.58
2026-08-10T13:04:59Z,6.74,85.29
2026-08-10T13:05:59Z,6.73,85.12
2026-08-10T13:06:59Z,6.73,85.13
2026-08-10T13:07:59Z,6.73,85.16
2026-08-10T13:08:59Z,6.7,84.68
2026-08-10T13:09:59Z,6.72,85.02
2026-08-10T13:10:59Z,6.73,85.15
2026-08-10T13:11:59Z,6.73,85.26
2026-08-10T13:12:59Z,6.74,85.41
2026-08-10T13:13:59Z,6.75,85.46
2026-08-10T13:14:59Z,6.75,85.53
2026-08-10T13:15:59Z,6.73,85.22
2026-08-10T13:16:59Z,6.72,85.05
2026-08-10T13:17:59Z,6.72,84.95
2026-08-10T13:18:59Z,6.72,85.01
2026-08-10T13:19:59Z,6.73,85.19
2026-08-10T13:20:59Z,6.71,84.85
2026-08-10T13:21:59Z,6.71,84.81
2026-08-10T13:22:59Z,6.71,84.92
2026-08-10T13:23:59Z,6.7,84.74
2026-08-10T13:24:59Z,6.71,84.92
2026-08-10T13:25:59Z,6.71,84.93
2026-08-10T13:26:59Z,6.7,84.6
2026-08-10T13:27:59Z,6.7,84.71
2026-08-10T13:28:59Z,6.71,84.83
2026-08-10T13:29:59Z,6.71,84.87
2026-08-10T13:30:59Z,6.71,84.79
2026-08-10T13:31:59Z,6.7,84.76
2026-08-10T13:32:59Z,6.72,85.04
2026-08-10T13:33:59Z,6.72,85
2026-08-10T13:34:59Z,6.71,84.93
2026-08-10T13:35:59Z,6.72,85.1
2026-08-10T13:36:59Z,6.73,85.14
2026-08-10T13:37:59Z,6.73,85.19
2026-08-10T13:38:59Z,6.73,85.12
2026-08-10T13:39:59Z,6.72,85
2026-08-10T13:40:59Z,6.74,85.39
2026-08-10T13:41:59Z,6.75,85.46
2026-08-10T13:42:59Z,6.74,85.28
2026-08-10T13:43:59Z,6.74,85.31
2026-08-10T13:44:59Z,6.73,85.15
2026-08-10T13:45:59Z,6.73,85.19
2026-08-10T13:46:59Z,6.73,85.26
2026-08-10T13:47:59Z,6.74,85.43
2026-08-10T13:48:59Z,6.74,85.37
2026-08-10T13:49:59Z,6.74,85.38
2026-08-10T13:50:59Z,6.75,85.59
2026-08-10T13:51:59Z,6.75,85.56
2026-08-10T13:52:59Z,6.74,85.41
2026-08-10T13:53:59Z,6.74,85.31
2026-08-10T13:54:59Z,6.73,85.18
2026-08-10T13:55:59Z,6.71,84.93
2026-08-10T13:56:59Z,6.7,84.64
2026-08-10T13:57:59Z,6.69,84.47
2026-08-10T13:58:59Z,6.69,84.54
2026-08-10T13:59:59Z,6.69,84.58
2026-08-10T14:00:59Z,6.68,84.38
2026-08-10T14:01:59Z,6.68,84.4
2026-08-10T14:02:59Z,6.69,84.52
2026-08-10T14:03:59Z,6.7,84.71
2026-08-10T14:04:59Z,6.69,84.5
2026-08-10T14:05:59Z,6.69,84.52
2026-08-10T14:06:59Z,6.65,83.76
2026-08-10T14:07:59Z,6.63,83.56
2026-08-10T14:08:59Z,6.63,83.43
2026-08-10T14:09:59Z,6.63,83.43
2026-08-10T14:10:59Z,6.62,83.33
2026-08-10T14:11:59Z,6.62,83.32
2026-08-10T14:12:59Z,6.6,83.02
2026-08-10T14:13:59Z,6.58,82.71
2026-08-10T14:14:59Z,6.57,82.5
2026-08-10T14:15:59Z,6.57,82.55
2026-08-10T14:16:59Z,6.57,82.45
2026-08-10T14:17:59Z,6.56,82.32
2026-08-10T14:18:59Z,6.56,82.32
2026-08-10T14:19:59Z,6.55,82.24
2026-08-10T14:20:59Z,6.55,82.17
2026-08-10T14:21:59Z,6.56,82.27
2026-08-10T14:22:59Z,6.57,82.47
2026-08-10T14:23:59Z,6.57,82.52
2026-08-10T14:24:59Z,6.57,82.5
2026-08-10T14:25:59Z,6.58,82.7
2026-08-10T14:26:59Z,6.58,82.59
2026-08-10T14:27:59Z,6.58,82.66
2026-08-10T14:28:59Z,6.58,82.62
2026-08-10T14:29:59Z,6.57,82.49
2026-08-10T14:30:59Z,6.58,82.58
2026-08-10T14:31:59Z,6.57,82.55
2026-08-10T14:32:59Z,6.58,82.63
2026-08-10T14:33:59Z,6.57,82.45
2026-08-10T14:34:59Z,6.55,82.16
2026-08-10T14:35:59Z,6.55,82.14
2026-08-10T14:36:59Z,6.54,81.95
2026-08-10T14:37:59Z,6.54,82.05
2026-08-10T14:38:59Z,6.56,82.3
2026-08-10T14:39:59Z,6.58,82.67
2026-08-10T14:40:59Z,6.6,83.05
2026-08-10T14:41:59Z,6.62,83.33
2026-08-10T14:42:59Z,6.64,83.7
2026-08-10T14:43:59Z,6.65,83.87
2026-08-10T14:44:59Z,6.66,83.99
2026-08-10T14:45:59Z,6.68,84.27
2026-08-10T14:46:59Z,6.68,84.3
2026-08-10T14:47:59Z,6.7,84.66
2026-08-10T14:48:59Z,6.7,84.75
2026-08-10T14:49:59Z,6.72,85.03
2026-08-10T14:50:59Z,6.73,85.2
2026-08-10T14:51:59Z,6.73,85.17
2026-08-10T14:52:59Z,6.74,85.3
2026-08-10T14:53:59Z,6.74,85.38
2026-08-10T14:54:59Z,6.74,85.35
2026-08-10T14:55:59Z,6.75,85.54
2026-08-10T14:56:59Z,6.75,85.57
2026-08-10T14:57:59Z,6.75,85.6
2026-08-10T14:58:59Z,6.76,85.75
2026-08-10T14:59:59Z,6.76,85.73
2026-08-10T15:00:59Z,6.77,85.86
2026-08-10T15:01:59Z,6.77,85.79
2026-08-10T15:02:59Z,6.77,85.86
2026-08-10T15:03:59Z,6.78,86.09
2026-08-10T15:04:59Z,6.79,86.15
2026-08-10T15:05:59Z,6.79,86.14
2026-08-10T15:06:59Z,6.79,86.12
2026-08-10T15:07:59Z,6.79,86.15
2026-08-10T15:08:59Z,6.79,86.17
2026-08-10T15:09:59Z,6.79,86.18
2026-08-10T15:10:59Z,6.79,86.26
2026-08-10T15:11:59Z,6.79,86.25
2026-08-10T15:12:59Z,6.8,86.32
2026-08-10T15:13:59Z,6.8,86.38
2026-08-10T15:14:59Z,6.8,86.3
2026-08-10T15:15:59Z,6.8,86.38
2026-08-10T15:16:59Z,6.8,86.37
2026-08-10T15:17:59Z,6.8,86.36
2026-08-10T15:18:59Z,6.81,86.54
2026-08-10T15:19:59Z,6.81,86.55
2026-08-10T15:20:59Z,6.82,86.69
2026-08-10T15:21:59Z,6.83,86.83
2026-08-10T15:22:59Z,6.83,86.82
2026-08-10T15:23:59Z,6.83,86.83
2026-08-10T15:24:59Z,6.83,86.89
2026-08-10T15:25:59Z,6.84,86.97
2026-08-10T15:26:59Z,6.83,86.82
2026-08-10T15:27:59Z,6.84,86.96
2026-08-10T15:28:59Z,6.83,86.91
2026-08-10T15:29:59Z,6.83,86.81
2026-08-10T15:30:59Z,6.83,86.84
2026-08-10T15:31:59Z,6.82,86.75
2026-08-10T15:32:59Z,6.82,86.77
2026-08-10T15:33:59Z,6.82,86.71
2026-08-10T15:34:59Z,6.81,86.55
2026-08-10T15:35:59Z,6.81,86.59
2026-08-10T15:36:59Z,6.81,86.46
2026-08-10T15:37:59Z,6.81,86.5
2026-08-10T15:38:59Z,6.81,86.53
2026-08-10T15:39:59Z,6.82,86.75
2026-08-10T15:40:59Z,6.82,86.68
2026-08-10T15:41:59Z,6.82,86.7
2026-08-10T15:42:59Z,6.83,86.86
2026-08-10T15:43:59Z,6.83,86.95
2026-08-10T15:44:59Z,6.84,86.99
2026-08-10T15:45:59Z,6.84,87.01
2026-08-10T15:46:59Z,6.84,86.97
2026-08-10T15:47:59Z,6.85,87.12
2026-08-10T15:48:59Z,6.85,87.19
2026-08-10T15:49:59Z,6.84,87.1
2026-08-10T15:50:59Z,6.84,86.99
2026-08-10T15:51:59Z,6.84,86.97
2026-08-10T15:52:59Z,6.82,86.78
2026-08-10T15:53:59Z,6.84,87.03
2026-08-10T15:54:59Z,6.83,86.92
2026-08-10T15:55:59Z,6.84,87.09
2026-08-10T15:56:59Z,6.83,86.9
2026-08-10T15:57:59Z,6.83,86.82
2026-08-10T15:58:59Z,6.83,86.83
2026-08-10T15:59:59Z,6.83,86.8
2026-08-10T16:00:59Z,6.83,86.83
2026-08-10T16:01:59Z,6.82,86.7
2026-08-10T16:02:59Z,6.82,86.71
2026-08-10T16:03:59Z,6.81,86.61
2026-08-10T16:04:59Z,6.8,86.41
2026-08-10T16:05:59Z,6.81,86.47
2026-08-10T16:06:59Z,6.81,86.48
2026-08-10T16:07:59Z,6.81,86.55
2026-08-10T16:08:59Z,6.81,86.56
2026-08-10T16:09:59Z,6.81,86.52
2026-08-10T16:10:59Z,6.8,86.41
2026-08-10T16:11:59Z,6.8,86.36
2026-08-10T16:12:59Z,6.8,86.3
2026-08-10T16:13:59Z,6.79,86.21
2026-08-10T16:14:59Z,6.79,86.14
2026-08-10T16:15:59Z,6.79,86.12
2026-08-10T16:16:59Z,6.79,86.17
2026-08-10T16:17:59Z,6.79,86.11
2026-08-10T16:18:59Z,6.8,86.41
2026-08-10T16:19:59Z,6.81,86.48
2026-08-10T16:20:59Z,6.8,86.41
2026-08-10T16:21:59Z,6.81,86.46
2026-08-10T16:22:59Z,6.8,86.43
2026-08-10T16:23:59Z,6.8,86.43
2026-08-10T16:24:59Z,6.79,86.21
2026-08-10T16:25:59Z,6.79,86.19
2026-08-10T16:26:59Z,6.78,86.02
2026-08-10T16:27:59Z,6.77,85.79
2026-08-10T16:28:59Z,6.77,85.81
2026-08-10T16:29:59Z,6.77,85.93
2026-08-10T16:30:59Z,6.77,85.94
2026-08-10T16:31:59Z,6.77,85.92
2026-08-10T16:32:59Z,6.78,86.05
2026-08-10T16:33:59Z,6.77,85.89
2026-08-10T16:34:59Z,6.77,85.8
2026-08-10T16:35:59Z,6.76,85.69
2026-08-10T16:36:59Z,6.76,85.61
2026-08-10T16:37:59Z,6.76,85.69
2026-08-10T16:38:59Z,6.77,85.8
2026-08-10T16:39:59Z,6.78,85.96
2026-08-10T16:40:59Z,6.77,85.81
2026-08-10T16:41:59Z,6.76,85.71
2026-08-10T16:42:59Z,6.75,85.59
2026-08-10T16:43:59Z,6.76,85.65
2026-08-10T16:44:59Z,6.76,85.76
2026-08-10T16:45:59Z,6.77,85.78
2026-08-10T16:46:59Z,6.77,85.86
2026-08-10T16:47:59Z,6.77,85.9
2026-08-10T16:48:59Z,6.78,86.09
2026-08-10T16:49:59Z,6.78,86.01
2026-08-10T16:50:59Z,6.78,85.96
2026-08-10T16:51:59Z,6.78,86.03
2026-08-10T16:52:59Z,6.78,86.01
2026-08-10T16:53:59Z,6.78,86.08
2026-08-10T16:54:59Z,6.79,86.13
2026-08-10T16:55:59Z,6.79,86.12
2026-08-10T16:56:59Z,6.79,86.17
2026-08-10T16:57:59Z,6.79,86.16
2026-08-10T16:58:59Z,6.78,86.08
2026-08-10T16:59:59Z,6.78,85.99
2026-08-10T17:00:59Z,6.76,85.77
2026-08-10T17:01:59Z,6.77,85.79
2026-08-10T17:02:59Z,6.76,85.77
2026-08-10T17:03:59Z,6.76,85.75
2026-08-10T17:04:59Z,6.76,85.64
2026-08-10T17:05:59Z,6.76,85.67
2026-08-10T17:06:59Z,6.76,85.72
2026-08-10T17:07:59Z,6.77,85.93
2026-08-10T17:08:59Z,6.78,85.97
2026-08-10T17:09:59Z,6.78,85.98
2026-08-10T17:10:59Z,6.78,86.05
2026-08-10T17:11:59Z,6.78,85.99
2026-08-10T17:12:59Z,6.77,85.91
2026-08-10T17:13:59Z,6.77,85.86
2026-08-10T17:14:59Z,6.77,85.88
2026-08-10T17:15:59Z,6.77,85.89
2026-08-10T17:16:59Z,6.77,85.78
2026-08-10T17:17:59Z,6.77,85.78
2026-08-10T17:18:59Z,6.77,85.94
2026-08-10T17:19:59Z,6.78,86
2026-08-10T17:20:59Z,6.78,86.06
2026-08-10T17:21:59Z,6.78,86.02
2026-08-10T17:22:59Z,6.78,86.09
2026-08-10T17:23:59Z,6.77,85.94
2026-08-10T17:24:59Z,6.76,85.68
2026-08-10T17:25:59Z,6.76,85.62
2026-08-10T17:26:59Z,6.76,85.72
2026-08-10T17:27:59Z,6.75,85.57
2026-08-10T17:28:59Z,6.75,85.52
2026-08-10T17:29:59Z,6.75,85.58
2026-08-10T17:30:59Z,6.75,85.6
2026-08-10T17:31:59Z,6.76,85.74
2026-08-10T17:32:59Z,6.77,85.79
2026-08-10T17:33:59Z,6.78,85.99
2026-08-10T17:34:59Z,6.77,85.9
2026-08-10T17:35:59Z,6.77,85.92
2026-08-10T17:36:59Z,6.77,85.79
2026-08-10T17:37:59Z,6.75,85.59
2026-08-10T17:38:59Z,6.75,85.46
2026-08-10T17:39:59Z,6.75,85.47
2026-08-10T17:40:59Z,6.74,85.42
2026-08-10T17:41:59Z,6.75,85.47
2026-08-10T17:42:59Z,6.75,85.5
2026-08-10T17:43:59Z,6.76,85.62
2026-08-10T17:44:59Z,6.76,85.72
2026-08-10T17:45:59Z,6.77,85.78
2026-08-10T17:46:59Z,6.77,85.81
2026-08-10T17:47:59Z,6.77,85.87
2026-08-10T17:48:59Z,6.77,85.86
2026-08-10T17:49:59Z,6.77,85.92
2026-08-10T17:50:59Z,6.77,85.94
2026-08-10T17:51:59Z,6.77,85.79
2026-08-10T17:52:59Z,6.76,85.66
2026-08-10T17:53:59Z,6.76,85.69
2026-08-10T17:54:59Z,6.76,85.73
2026-08-10T17:55:59Z,6.76,85.61
2026-08-10T17:56:59Z,6.76,85.62
2026-08-10T17:57:59Z,6.76,85.61
2026-08-10T17:58:59Z,6.75,85.53
2026-08-10T17:59:59Z,6.76,85.63
2026-08-10T18:00:59Z,6.76,85.61
2026-08-10T18:01:59Z,6.77,85.78
2026-08-10T18:02:59Z,6.77,85.87
2026-08-10T18:03:59Z,6.77,85.92
2026-08-10T18:04:59Z,6.78,86.1
2026-08-10T18:05:59Z,6.77,85.93
2026-08-10T18:06:59Z,6.78,85.95
2026-08-10T18:07:59Z,6.78,85.95
2026-08-10T18:08:59Z,6.77,85.92
2026-08-10T18:09:59Z,6.77,85.83
2026-08-10T18:10:59Z,6.76,85.69
2026-08-10T18:11:59Z,6.76,85.77
2026-08-10T18:12:59Z,6.77,85.85
2026-08-10T18:13:59Z,6.77,85.89
2026-08-10T18:14:59Z,6.77,85.86
2026-08-10T18:15:59Z,6.77,85.94
2026-08-10T18:16:59Z,6.78,85.99
2026-08-10T18:17:59Z,6.78,85.95
2026-08-10T18:18:59Z,6.77,85.89
2026-08-10T18:19:59Z,6.76,85.76
2026-08-10T18:20:59Z,6.77,85.82
2026-08-10T18:21:59Z,6.77,85.84
2026-08-10T18:22:59Z,6.77,85.88
2026-08-10T18:23:59Z,6.77,85.93
2026-08-10T18:24:59Z,6.77,85.86
2026-08-10T18:25:59Z,6.77,85.79
2026-08-10T18:26:59Z,6.77,85.9
2026-08-10T18:27:59Z,6.78,86.02
2026-08-10T18:28:59Z,6.78,86.09
2026-08-10T18:29:59Z,6.79,86.14
2026-08-10T18:30:59Z,6.79,86.12
2026-08-10T18:31:59Z,6.79,86.26
2026-08-10T18:32:59Z,6.79,86.26
2026-08-10T18:33:59Z,6.8,86.36
2026-08-10T18:34:59Z,6.8,86.43
2026-08-10T18:35:59Z,6.8,86.41
2026-08-10T18:36:59Z,6.8,86.34
2026-08-10T18:37:59Z,6.8,86.35
2026-08-10T18:38:59Z,6.81,86.47
2026-08-10T18:39:59Z,6.81,86.51
2026-08-10T18:40:59Z,6.81,86.61
2026-08-10T18:41:59Z,6.81,86.59
2026-08-10T18:42:59Z,6.82,86.72
2026-08-10T18:43:59Z,6.82,86.64
2026-08-10T18:44:59Z,6.82,86.68
2026-08-10T18:45:59Z,6.83,86.81
2026-08-10T18:46:59Z,6.82,86.77
2026-08-10T18:47:59Z,6.82,86.73
2026-08-10T18:48:59Z,6.83,86.79
2026-08-10T18:49:59Z,6.83,86.8
2026-08-10T18:50:59Z,6.82,86.71
2026-08-10T18:51:59Z,6.82,86.74
2026-08-10T18:52:59Z,6.83,86.86
2026-08-10T18:53:59Z,6.83,86.83
2026-08-10T18:54:59Z,6.83,86.9
2026-08-10T18:55:59Z,6.83,86.85
2026-08-10T18:56:59Z,6.83,86.88
2026-08-10T18:57:59Z,6.84,86.96
2026-08-10T18:58:59Z,6.84,86.98
2026-08-10T18:59:59Z,6.84,87.01
2026-08-10T19:00:59Z,6.84,86.98
2026-08-10T19:01:59Z,6.84,87.08
2026-08-10T19:02:59Z,6.84,87.04
2026-08-10T19:03:59Z,6.84,87.04
2026-08-10T19:04:59Z,6.84,87.06
2026-08-10T19:05:59Z,6.84,87.09
2026-08-10T19:06:59Z,6.84,87.11
2026-08-10T19:07:59Z,6.85,87.2
2026-08-10T19:08:59Z,6.86,87.39
2026-08-10T19:09:59Z,6.87,87.47
2026-08-10T19:10:59Z,6.87,87.49
2026-08-10T19:11:59Z,6.87,87.52
2026-08-10T19:12:59Z,6.87,87.51
2026-08-10T19:13:59Z,6.87,87.56
2026-08-10T19:14:59Z,6.87,87.58
2026-08-10T19:15:59Z,6.87,87.52
2026-08-10T19:16:59Z,6.87,87.5
2026-08-10T19:17:59Z,6.86,87.42
2026-08-10T19:18:59Z,6.86,87.34
2026-08-10T19:19:59Z,6.87,87.46
2026-08-10T19:20:59Z,6.86,87.38
2026-08-10T19:21:59Z,6.86,87.3
2026-08-10T19:22:59Z,6.86,87.3
2026-08-10T19:23:59Z,6.84,87.11
2026-08-10T19:24:59Z,6.85,87.14
2026-08-10T19:25:59Z,6.84,87.07
2026-08-10T19:26:59Z,6.84,86.98
2026-08-10T19:27:59Z,6.84,87.01
2026-08-10T19:28:59Z,6.83,86.93
2026-08-10T19:29:59Z,6.84,87.02
2026-08-10T19:30:59Z,6.83,86.93
2026-08-10T19:31:59Z,6.83,86.82
2026-08-10T19:32:59Z,6.83,86.81
2026-08-10T19:33:59Z,6.83,86.8
2026-08-10T19:34:59Z,6.83,86.86
2026-08-10T19:35:59Z,6.83,86.82
2026-08-10T19:36:59Z,6.82,86.77
2026-08-10T19:37:59Z,6.83,86.8
2026-08-10T19:38:59Z,6.83,86.84
2026-08-10T19:39:59Z,6.83,86.88
2026-08-10T19:40:59Z,6.83,86.89
2026-08-10T19:41:59Z,6.84,87.01
2026-08-10T19:42:59Z,6.84,87.07
2026-08-10T19:43:59Z,6.84,87.1
2026-08-10T19:44:59Z,6.85,87.14
2026-08-10T19:45:59Z,6.85,87.17
2026-08-10T19:46:59Z,6.84,87.05
2026-08-10T19:47:59Z,6.84,87.06
2026-08-10T19:48:59Z,6.84,87.11
2026-08-10T19:49:59Z,6.84,87.09
2026-08-10T19:50:59Z,6.85,87.16
2026-08-10T19:51:59Z,6.84,87.06
2026-08-10T19:52:59Z,6.84,87.04
2026-08-10T19:53:59Z,6.84,86.99
2026-08-10T19:54:59Z,6.84,87
2026-08-10T19:55:59Z,6.84,86.96
2026-08-10T19:56:59Z,6.84,87
2026-08-10T19:57:59Z,6.84,87
2026-08-10T19:58:59Z,6.84,87.07
2026-08-10T19:59:59Z,6.84,87.02
2026-08-10T20:00:59Z,6.84,87.08
2026-08-10T20:01:59Z,6.84,87.09
2026-08-10T20:02:59Z,6.84,87.09
2026-08-10T20:03:59Z,6.85,87.18
2026-08-10T20:04:59Z,6.85,87.13
2026-08-10T20:05:59Z,6.85,87.15
2026-08-10T20:06:59Z,6.85,87.21
2026-08-10T20:07:59Z,6.85,87.24
2026-08-10T20:08:59Z,6.86,87.33
2026-08-10T20:09:59Z,6.85,87.2
2026-08-10T20:10:59Z,6.84,87.06
2026-08-10T20:11:59Z,6.84,87.04
2026-08-10T20:12:59Z,6.84,87.04
2026-08-10T20:13:59Z,6.84,87.04
2026-08-10T20:14:59Z,6.84,87.06
2026-08-10T20:15:59Z,6.85,87.13
2026-08-10T20:16:59Z,6.85,87.2
2026-08-10T20:17:59Z,6.85,87.21
2026-08-10T20:18:59Z,6.85,87.28
2026-08-10T20:19:59Z,6.86,87.31
2026-08-10T20:20:59Z,6.85,87.2
2026-08-10T20:21:59Z,6.86,87.32
2026-08-10T20:22:59Z,6.85,87.23
2026-08-10T20:23:59Z,6.85,87.16
2026-08-10T20:24:59Z,6.85,87.19
2026-08-10T20:25:59Z,6.85,87.18
2026-08-10T20:26:59Z,6.85,87.14
2026-08-10T20:27:59Z,6.85,87.15
2026-08-10T20:28:59Z,6.85,87.12
2026-08-10T20:29:59Z,6.84,87.03
2026-08-10T20:30:59Z,6.84,86.97
2026-08-10T20:31:59Z,6.84,86.96
2026-08-10T20:32:59Z,6.84,87.06
2026-08-10T20:33:59Z,6.84,87.08
2026-08-10T20:34:59Z,6.84,87.1
2026-08-10T20:35:59Z,6.84,87.02
2026-08-10T20:36:59Z,6.84,87
2026-08-10T20:37:59Z,6.84,87.01
2026-08-10T20:38:59Z,6.84,87.01
2026-08-10T20:39:59Z,6.84,87.03
2026-08-10T20:40:59Z,6.84,87.01
2026-08-10T20:41:59Z,6.84,87.03
2026-08-10T20:42:59Z,6.83,86.9
2026-08-10T20:43:59Z,6.83,86.85
2026-08-10T20:44:59Z,6.83,86.82
2026-08-10T20:45:59Z,6.83,86.84
2026-08-10T20:46:59Z,6.83,86.94
2026-08-10T20:47:59Z,6.84,87.02
2026-08-10T20:48:59Z,6.84,87
2026-08-10T20:49:59Z,6.83,86.94
2026-08-10T20:50:59Z,6.83,86.91
2026-08-10T20:51:59Z,6.83,86.81
2026-08-10T20:52:59Z,6.83,86.79
2026-08-10T20:53:59Z,6.82,86.75
2026-08-10T20:54:59Z,6.83,86.91
2026-08-10T20:55:59Z,6.84,87.01
2026-08-10T20:56:59Z,6.84,87.01
2026-08-10T20:57:59Z,6.84,86.99
2026-08-10T20:58:59Z,6.84,86.99
2026-08-10T20:59:59Z,6.84,87
2026-08-10T21:00:59Z,6.84,87.05
2026-08-10T21:01:59Z,6.84,87.02
2026-08-10T21:02:59Z,6.84,86.96
2026-08-10T21:03:59Z,6.83,86.93
2026-08-10T21:04:59Z,6.83,86.94
2026-08-10T21:05:59Z,6.83,86.8
2026-08-10T21:06:59Z,6.83,86.84
2026-08-10T21:07:59Z,6.83,86.8
2026-08-10T21:08:59Z,6.82,86.78
2026-08-10T21:09:59Z,6.83,86.81
2026-08-10T21:10:59Z,6.83,86.81
2026-08-10T21:11:59Z,6.83,86.81
2026-08-10T21:12:59Z,6.83,86.8
2026-08-10T21:13:59Z,6.83,86.91
2026-08-10T21:14:59Z,6.84,87.1
2026-08-10T21:15:59Z,6.85,87.2
2026-08-10T21:16:59Z,6.85,87.21
2026-08-10T21:17:59Z,6.85,87.18
2026-08-10T21:18:59Z,6.85,87.21
2026-08-10T21:19:59Z,6.85,87.24
2026-08-10T21:20:59Z,6.86,87.3
2026-08-10T21:21:59Z,6.85,87.25
2026-08-10T21:22:59Z,6.85,87.24
2026-08-10T21:23:59Z,6.85,87.25
2026-08-10T21:24:59Z,6.85,87.25
2026-08-10T21:25:59Z,6.85,87.28
2026-08-10T21:26:59Z,6.85,87.26
2026-08-10T21:27:59Z,6.86,87.32
2026-08-10T21:28:59Z,6.86,87.41
2026-08-10T21:29:59Z,6.87,87.51
2026-08-10T21:30:59Z,6.87,87.62
2026-08-10T21:31:59Z,6.87,87.62
2026-08-10T21:32:59Z,6.88,87.76
2026-08-10T21:33:59Z,6.88,87.79
2026-08-10T21:34:59Z,6.89,87.8
2026-08-10T21:35:59Z,6.88,87.79
2026-08-10T21:36:59Z,6.88,87.79
2026-08-10T21:37:59Z,6.89,87.87
2026-08-10T21:38:59Z,6.9,87.98
2026-08-10T21:39:59Z,6.89,87.94
2026-08-10T21:40:59Z,6.89,87.94
2026-08-10T21:41:59Z,6.9,88
2026-08-10T21:42:59Z,6.9,88.07
2026-08-10T21:43:59Z,6.9,88.08
2026-08-10T21:44:59Z,6.91,88.13
2026-08-10T21:45:59Z,6.91,88.16
2026-08-10T21:46:59Z,6.91,88.22
2026-08-10T21:47:59Z,6.91,88.25
2026-08-10T21:48:59Z,6.91,88.25
2026-08-10T21:49:59Z,6.91,88.25
2026-08-10T21:50:59Z,6.91,88.25
2026-08-10T21:51:59Z,6.91,88.21
2026-08-10T21:52:59Z,6.91,88.22
2026-08-10T21:53:59Z,6.9,87.96
2026-08-10T21:54:59Z,6.89,87.88
2026-08-10T21:55:59Z,6.89,87.89
2026-08-10T21:56:59Z,6.89,87.94
2026-08-10T21:57:59Z,6.89,87.89
2026-08-10T21:58:59Z,6.89,87.88
2026-08-10T21:59:59Z,6.89,87.82
2026-08-10T22:00:59Z,6.89,87.8
2026-08-10T22:01:59Z,6.88,87.79
2026-08-10T22:02:59Z,6.89,87.89
2026-08-10T22:03:59Z,6.89,87.89
2026-08-10T22:04:59Z,6.88,87.71
2026-08-10T22:05:59Z,6.88,87.68
2026-08-10T22:06:59Z,6.88,87.64
2026-08-10T22:07:59Z,6.88,87.66
2026-08-10T22:08:59Z,6.88,87.79
2026-08-10T22:09:59Z,6.88,87.77
2026-08-10T22:10:59Z,6.87,87.46
2026-08-10T22:11:59Z,6.85,87.26
2026-08-10T22:12:59Z,6.86,87.34
2026-08-10T22:13:59Z,6.86,87.37
2026-08-10T22:14:59Z,6.86,87.32
2026-08-10T22:15:59Z,6.86,87.34
2026-08-10T22:16:59Z,6.85,87.21
2026-08-10T22:17:59Z,6.85,87.16
2026-08-10T22:18:59Z,6.86,87.4
2026-08-10T22:19:59Z,6.86,87.37
2026-08-10T22:20:59Z,6.85,87.24
2026-08-10T22:21:59Z,6.85,87.15
2026-08-10T22:22:59Z,6.85,87.13
2026-08-10T22:23:59Z,6.85,87.13
2026-08-10T22:24:59Z,6.84,87.1
2026-08-10T22:25:59Z,6.85,87.13
2026-08-10T22:26:59Z,6.85,87.13
2026-08-10T22:27:59Z,6.84,87.08
2026-08-10T22:28:59Z,6.83,86.86
2026-08-10T22:29:59Z,6.84,87.06
2026-08-10T22:30:59Z,6.82,86.68
2026-08-10T22:31:59Z,6.8,86.34
2026-08-10T22:32:59Z,6.8,86.28
2026-08-10T22:33:59Z,6.79,86.15
2026-08-10T22:34:59Z,6.78,86.09
2026-08-10T22:35:59Z,6.78,86.08
2026-08-10T22:36:59Z,6.79,86.14
2026-08-10T22:37:59Z,6.78,85.98
2026-08-10T22:38:59Z,6.77,85.83
2026-08-10T22:39:59Z,6.77,85.78
2026-08-10T22:40:59Z,6.76,85.62
2026-08-10T22:41:59Z,6.77,85.82
2026-08-10T22:42:59Z,6.76,85.77
2026-08-10T22:43:59Z,6.76,85.61
2026-08-10T22:44:59Z,6.75,85.59
2026-08-10T22:45:59Z,6.75,85.59
2026-08-10T22:46:59Z,6.75,85.52
2026-08-10T22:47:59Z,6.75,85.46
2026-08-10T22:48:59Z,6.75,85.55
2026-08-10T22:49:59Z,6.74,85.34
2026-08-10T22:50:59Z,6.73,85.14
2026-08-10T22:51:59Z,6.72,85.03
2026-08-10T22:52:59Z,6.71,84.89
2026-08-10T22:53:59Z,6.72,85.02
2026-08-10T22:54:59Z,6.72,85.03
2026-08-10T22:55:59Z,6.7,84.72
2026-08-10T22:56:59Z,6.69,84.47
2026-08-10T22:57:59Z,6.67,84.23
2026-08-10T22:58:59Z,6.64,83.72
2026-08-10T22:59:59Z,6.61,83.17
2026-08-10T23:00:59Z,6.6,83.07
2026-08-10T23:01:59Z,6.58,82.74
2026-08-10T23:02:59Z,6.57,82.55
2026-08-10T23:03:59Z,6.56,82.35
2026-08-10T23:04:59Z,6.56,82.37
2026-08-10T23:05:59Z,6.56,82.37
2026-08-10T23:06:59Z,6.55,82.2
2026-08-10T23:07:59Z,6.56,82.3
2026-08-10T23:08:59Z,6.56,82.37
2026-08-10T23:09:59Z,6.55,82.12
2026-08-10T23:10:59Z,6.53,81.81
2026-08-10T23:11:59Z,6.52,81.66
2026-08-10T23:12:59Z,6.53,81.75
2026-08-10T23:13:59Z,6.52,81.58
2026-08-10T23:14:59Z,6.5,81.3
2026-08-10T23:15:59Z,6.49,81.13
2026-08-10T23:16:59Z,6.47,80.87
2026-08-10T23:17:59Z,6.48,80.9
2026-08-10T23:18:59Z,6.44,80.35
2026-08-10T23:19:59Z,6.41,79.84
2026-08-10T23:20:59Z,6.42,79.89
2026-08-10T23:21:59Z,6.41,79.83
2026-08-10T23:22:59Z,6.41,79.79
2026-08-10T23:23:59Z,6.41,79.86
2026-08-10T23:24:59Z,6.41,79.82
2026-08-10T23:25:59Z,6.39,79.55
2026-08-10T23:26:59Z,6.35,78.81
2026-08-10T23:27:59Z,6.34,78.71
2026-08-10T23:28:59Z,6.32,78.3
2026-08-10T23:29:59Z,6.3,77.96
2026-08-10T23:30:59Z,6.31,78.2
2026-08-10T23:31:59Z,6.32,78.31
2026-08-10T23:32:59Z,6.3,78
2026-08-10T23:33:59Z,6.29,77.76
2026-08-10T23:34:59Z,6.28,77.6
2026-08-10T23:35:59Z,6.28,77.68
2026-08-10T23:36:59Z,6.29,77.74
2026-08-10T23:37:59Z,6.27,77.46
2026-08-10T23:38:59Z,6.26,77.3
2026-08-10T23:39:59Z,6.26,77.29
2026-08-10T23:40:59Z,6.27,77.47
2026-08-10T23:41:59Z,6.28,77.65
2026-08-10T23:42:59Z,6.29,77.84
2026-08-10T23:43:59Z,6.26,77.31
2026-08-10T23:44:59Z,6.23,76.73
2026-08-10T23:45:59Z,6.23,76.72
2026-08-10T23:46:59Z,6.21,76.47
2026-08-10T23:47:59Z,6.2,76.2
2026-08-10T23:48:59Z,6.18,76.01
2026-08-10T23:49:59Z,6.19,76.04
2026-08-10T23:50:59Z,6.17,75.84
2026-08-10T23:51:59Z,6.15,75.51
2026-08-10T23:52:59Z,6.15,75.39
2026-08-10T23:53:59Z,6.13,75.06
2026-08-10T23:54:59Z,6.12,74.99
2026-08-10T23:55:59Z,6.13,75.16
2026-08-10T23:56:59Z,6.15,75.45
2026-08-10T23:57:59Z,6.16,75.58
2026-08-10T23:58:59Z,6.13,75.12
2026-08-10T23:59:59Z,6.12,74.97
2026-08-11T00:00:59Z,6.12,75
2026-08-11T00:01:59Z,6.11,74.69
2026-08-11T00:02:59Z,6.09,74.39
2026-08-11T00:03:59Z,6.12,74.93
2026-08-11T00:04:59Z,6.1,74.51
2026-08-11T00:05:59Z,6.07,74.08
2026-08-11T00:06:59Z,6.07,74.09
2026-08-11T00:07:59Z,6.05,73.79
2026-08-11T00:08:59Z,6.03,73.4
2026-08-11T00:09:59Z,6.06,73.87
2026-08-11T00:10:59Z,6.02,73.32
2026-08-11T00:11:59Z,6.02,73.17
2026-08-11T00:12:59Z,6,72.93
2026-08-11T00:13:59Z,5.98,72.62
2026-08-11T00:14:59Z,5.97,72.48
2026-08-11T00:15:59Z,5.97,72.35
2026-08-11T00:16:59Z,5.95,72.13
2026-08-11T00:17:59Z,5.97,72.49
2026-08-11T00:18:59Z,5.99,72.7
2026-08-11T00:19:59Z,5.96,72.26
2026-08-11T00:20:59Z,5.94,71.93
2026-08-11T00:21:59Z,5.93,71.66
2026-08-11T00:22:59Z,5.85,70.37
2026-08-11T00:23:59Z,5.84,70.29
2026-08-11T00:24:59Z,5.86,70.59
2026-08-11T00:25:59Z,5.84,70.28
2026-08-11T00:26:59Z,5.79,69.4
2026-08-11T00:27:59Z,5.8,69.52
2026-08-11T00:28:59Z,5.8,69.47
2026-08-11T00:29:59Z,5.78,69.21
2026-08-11T00:30:59Z,5.76,68.85
2026-08-11T00:31:59Z,5.72,68.27
2026-08-11T00:32:59Z,5.73,68.38
2026-08-11T00:33:59Z,5.72,68.19
2026-08-11T00:34:59Z,5.75,68.76
2026-08-11T00:35:59Z,5.73,68.39
2026-08-11T00:36:59Z,5.71,68.1
2026-08-11T00:37:59Z,5.73,68.41
2026-08-11T00:38:59Z,5.69,67.73
2026-08-11T00:39:59Z,5.72,68.13
2026-08-11T00:40:59Z,5.67,67.3
2026-08-11T00:41:59Z,5.68,67.6
2026-08-11T00:42:59Z,5.67,67.4
2026-08-11T00:43:59Z,5.69,67.7
2026-08-11T00:44:59Z,5.67,67.32
2026-08-11T00:45:59Z,5.63,66.77
2026-08-11T00:46:59Z,5.61,66.3
2026-08-11T00:47:59Z,5.6,66.21
2026-08-11T00:48:59Z,5.58,65.82
2026-08-11T00:49:59Z,5.57,65.71
2026-08-11T00:50:59Z,5.62,66.47
2026-08-11T00:51:59Z,5.6,66.18
2026-08-11T00:52:59Z,5.6,66.18
2026-08-11T00:53:59Z,5.59,66
2026-08-11T00:54:59Z,5.53,65.06
2026-08-11T00:55:59Z,5.52,64.76
2026-08-11T00:56:59Z,5.51,64.75
2026-08-11T00:57:59Z,5.5,64.49
2026-08-11T00:58:59Z,5.52,64.89
2026-08-11T00:59:59Z,5.51,64.7
2026-08-11T01:00:59Z,5.54,65.1
2026-08-11T01:01:59Z,5.52,64.79
2026-08-11T01:02:59Z,5.56,65.54
2026-08-11T01:03:59Z,5.53,65.04
2026-08-11T01:04:59Z,5.56,65.46
2026-08-11T01:05:59Z,5.57,65.75
2026-08-11T01:06:59Z,5.56,65.57
2026-08-11T01:07:59Z,5.57,65.7
2026-08-11T01:08:59Z,5.58,65.81
2026-08-11T01:09:59Z,5.57,65.63
2026-08-11T01:10:59Z,5.59,66.09
2026-08-11T01:11:59Z,5.49,64.3
2026-08-11T01:12:59Z,5.48,64.16
2026-08-11T01:13:59Z,5.5,64.49
2026-08-11T01:14:59Z,5.48,64.11
2026-08-11T01:15:59Z,5.46,63.85
2026-08-11T01:16:59Z,5.48,64.22
2026-08-11T01:17:59Z,5.46,63.81
2026-08-11T01:18:59Z,5.49,64.41
2026-08-11T01:19:59Z,5.51,64.65
2026-08-11T01:20:59Z,5.48,64.11
2026-08-11T01:21:59Z,5.45,63.58
2026-08-11T01:22:59Z,5.41,63
2026-08-11T01:23:59Z,5.39,62.62
2026-08-11T01:24:59Z,5.4,62.78
2026-08-11T01:25:59Z,5.4,62.79
2026-08-11T01:26:59Z,5.4,62.83
2026-08-11T01:27:59Z,5.38,62.52
2026-08-11T01:28:59Z,5.38,62.45
2026-08-11T01:29:59Z,5.35,62.02
2026-08-11T01:30:59Z,5.35,61.98
2026-08-11T01:31:59Z,5.35,62.03
2026-08-11T01:32:59Z,5.36,62.16
2026-08-11T01:33:59Z,5.35,61.94
2026-08-11T01:34:59Z,5.37,62.31
2026-08-11T01:35:59Z,5.38,62.44
2026-08-11T01:36:59Z,5.32,61.52
2026-08-11T01:37:59Z,5.31,61.3
2026-08-11T01:38:59Z,5.35,62.02
2026-08-11T01:39:59Z,5.31,61.34
2026-08-11T01:40:59Z,5.32,61.41
2026-08-11T01:41:59Z,5.35,61.92
2026-08-11T01:42:59Z,5.35,62.06
2026-08-11T01:43:59Z,5.32,61.53
2026-08-11T01:44:59Z,5.29,60.91
2026-08-11T01:45:59Z,5.29,60.98
2026-08-11T01:46:59Z,5.28,60.75
2026-08-11T01:47:59Z,5.27,60.67
2026-08-11T01:48:59Z,5.28,60.81
2026-08-11T01:49:59Z,5.27,60.68
2026-08-11T01:50:59Z,5.29,60.96
2026-08-11T01:51:59Z,5.29,61
2026-08-11T01:52:59Z,5.29,61.02
2026-08-11T01:53:59Z,5.3,61.09
2026-08-11T01:54:59Z,5.29,60.99
2026-08-11T01:55:59Z,5.28,60.74
2026-08-11T01:56:59Z,5.28,60.74
2026-08-11T01:57:59Z,5.21,59.69
2026-08-11T01:58:59Z,5.2,59.51
2026-08-11T01:59:59Z,5.15,58.61
2026-08-11T02:00:59Z,5.2,59.52
2026-08-11T02:01:59Z,5.16,58.79
2026-08-11T02:02:59Z,5.16,58.87
2026-08-11T02:03:59Z,5.15,58.55
2026-08-11T02:04:59Z,5.12,58.03
2026-08-11T02:05:59Z,5.12,58.18
2026-08-11T02:06:59Z,5.21,59.7
2026-08-11T02:07:59Z,5.16,58.75
2026-08-11T02:08:59Z,5.11,57.9
2026-08-11T02:09:59Z,5.06,57.03
2026-08-11T02:10:59Z,5.03,56.68
2026-08-11T02:11:59Z,5.04,56.76
2026-08-11T02:12:59Z,5.04,56.85
2026-08-11T02:13:59Z,5.02,56.37
2026-08-11T02:14:59Z,5,56.03
2026-08-11T02:15:59Z,4.99,55.91
2026-08-11T02:16:59Z,4.98,55.69
2026-08-11T02:17:59Z,4.91,54.54
2026-08-11T02:18:59Z,4.91,54.52
2026-08-11T02:19:59Z,4.85,53.55
2026-08-11T02:20:59Z,4.84,53.39
2026-08-11T02:21:59Z,4.84,53.41
2026-08-11T02:22:59Z,6.42,53.7
2026-08-11T02:23:59Z,4.87,53.83
2026-08-11T02:24:59Z,5.66,54.04
2026-08-11T02:25:59Z,5.67,54.31
2026-08-11T02:26:59Z,5.69,54.52
2026-08-11T02:27:59Z,6.61,54.8
2026-08-11T02:28:59Z,7.56,55.52
2026-08-11T02:29:59Z,6.64,55.3
2026-08-11T02:30:59Z,5.74,55.5
2026-08-11T02:31:59Z,5.7,54.76
2026-08-11T02:32:59Z,5.7,54.74
2026-08-11T02:33:59Z,5.71,54.88
2026-08-11T02:34:59Z,6.58,54.33
2026-08-11T02:35:59Z,5.7,54.83
2026-08-11T02:36:59Z,4.86,53.76
2026-08-11T02:37:59Z,4.85,53.58
2026-08-11T02:38:59Z,4.82,53.13
2026-08-11T02:39:59Z,4.8,52.7
2026-08-11T02:40:59Z,4.82,53.09
2026-08-11T02:41:59Z,4.78,52.4
2026-08-11T02:42:59Z,4.72,51.32
2026-08-11T02:43:59Z,4.71,51.27
2026-08-11T02:44:59Z,4.71,51.2
2026-08-11T02:45:59Z,4.74,51.68
2026-08-11T02:46:59Z,4.68,50.77
2026-08-11T02:47:59Z,4.68,50.78
2026-08-11T02:48:59Z,4.67,50.48
2026-08-11T02:50:59Z,4.65,50.23
2026-08-11T02:51:59Z,4.62,49.69
2026-08-11T02:52:59Z,4.61,49.59
2026-08-11T02:54:59Z,4.54,48.38
2026-08-11T02:55:59Z,4.6,49.31
2026-08-11T02:56:59Z,4.62,49.65
2026-08-11T02:57:59Z,4.59,49.21
2026-08-11T02:58:59Z,4.61,49.61
2026-08-11T02:59:59Z,4.63,49.87
2026-08-11T03:00:59Z,4.64,50.03
2026-08-11T03:01:59Z,4.64,50.05
2026-08-11T03:02:59Z,4.65,50.19
2026-08-11T03:03:59Z,4.64,50.12
2026-08-11T03:04:59Z,4.62,49.69
2026-08-11T03:05:59Z,4.63,49.8
2026-08-11T03:06:59Z,4.62,49.63
2026-08-11T03:07:59Z,4.66,50.34
2026-08-11T03:08:59Z,4.64,50.07
2026-08-11T03:09:59Z,4.61,49.6
2026-08-11T03:10:59Z,4.57,48.87
2026-08-11T03:11:59Z,4.54,48.37
2026-08-11T03:12:59Z,4.52,47.97
2026-08-11T03:13:59Z,5.28,47.64
2026-08-11T03:14:59Z,5.27,47.56
2026-08-11T03:15:59Z,4.53,48.27
2026-08-11T03:16:59Z,4.47,47.21
2026-08-11T03:17:59Z,4.46,46.97
2026-08-11T03:18:59Z,4.43,46.56
2026-08-11T03:19:59Z,4.43,46.54
2026-08-11T03:20:59Z,4.49,47.53
2026-08-11T03:21:59Z,4.48,47.29
2026-08-11T03:22:59Z,4.52,48
2026-08-11T03:23:59Z,4.52,48.03
2026-08-11T03:24:59Z,4.51,47.92
2026-08-11T03:25:59Z,4.51,47.91
2026-08-11T03:26:59Z,4.5,47.77
2026-08-11T03:27:59Z,4.48,47.39
2026-08-11T03:28:59Z,4.49,47.5
2026-08-11T03:29:59Z,4.46,47.02
2026-08-11T03:30:59Z,4.51,47.79
2026-08-11T03:31:59Z,4.54,48.37
2026-08-11T03:32:59Z,4.54,48.36
2026-08-11T03:33:59Z,4.58,48.98
2026-08-11T03:34:59Z,4.57,48.81
2026-08-11T03:35:59Z,4.55,48.57
2026-08-11T03:36:59Z,4.53,48.14
2026-08-11T03:37:59Z,4.55,48.55
2026-08-11T03:38:59Z,4.51,47.82
2026-08-11T03:39:59Z,4.52,48.01
2026-08-11T03:40:59Z,4.51,47.85
2026-08-11T03:41:59Z,4.47,47.18
2026-08-11T03:42:59Z,4.46,46.98
2026-08-11T03:43:59Z,4.47,47.15
2026-08-11T03:44:59Z,4.45,46.82
2026-08-11T03:45:59Z,4.42,46.39
2026-08-11T03:46:59Z,4.46,46.96
2026-08-11T03:47:59Z,4.45,46.86
2026-08-11T03:48:59Z,5.36,46.86
2026-08-11T03:49:59Z,6.31,47.5
2026-08-11T03:50:59Z,5.41,47.77
2026-08-11T03:51:59Z,5.42,47.88
2026-08-11T03:52:59Z,4.54,48.38
2026-08-11T03:53:59Z,5.47,48.77
2026-08-11T03:54:59Z,5.5,49.28
2026-08-11T03:55:59Z,4.62,49.64
2026-08-11T03:56:59Z,4.58,49.04
2026-08-11T03:57:59Z,4.56,48.62
2026-08-11T03:58:59Z,4.51,47.87
2026-08-11T03:59:59Z,5.4,47.46
2026-08-11T04:00:59Z,5.43,48.1
2026-08-11T04:01:59Z,4.54,48.28
2026-08-11T04:02:59Z,4.48,47.32
2026-08-11T04:03:59Z,4.48,47.42
2026-08-11T04:04:59Z,4.43,46.55
2026-08-11T04:05:59Z,4.47,47.11
2026-08-11T04:06:59Z,5.36,46.78
2026-08-11T04:07:59Z,5.35,46.69
2026-08-11T04:08:59Z,4.48,47.31
2026-08-11T04:09:59Z,4.53,48.17
2026-08-11T04:10:59Z,4.46,47.08
2026-08-11T04:11:59Z,4.48,47.35
2026-08-11T04:12:59Z,4.47,47.25
2026-08-11T04:13:59Z,4.46,46.99
2026-08-11T04:14:59Z,4.41,46.11
2026-08-11T04:15:59Z,4.39,45.83
2026-08-11T04:16:59Z,4.38,45.59
2026-08-11T04:17:59Z,4.33,44.83
2026-08-11T04:18:59Z,5.26,45.15
2026-08-11T04:19:59Z,5.33,46.27
2026-08-11T04:20:59Z,4.43,46.56
2026-08-11T04:21:59Z,4.42,46.36
2026-08-11T04:22:59Z,4.44,46.63
2026-08-11T04:23:59Z,4.41,46.16
2026-08-11T04:24:59Z,4.44,46.72
2026-08-11T04:25:59Z,4.45,46.8
2026-08-11T04:26:59Z,4.38,45.74
2026-08-11T04:27:59Z,5.3,45.84
2026-08-11T04:28:59Z,4.46,46.94
2026-08-11T04:29:59Z,5.36,46.85
2026-08-11T04:30:59Z,4.5,47.69
2026-08-11T04:31:59Z,4.51,47.8
2026-08-11T04:32:59Z,4.55,48.59
2026-08-11T04:33:59Z,4.56,48.72
2026-08-11T04:34:59Z,4.59,49.22
2026-08-11T04:35:59Z,4.6,49.29
2026-08-11T04:36:59Z,4.58,49.1
2026-08-11T04:37:59Z,4.6,49.4
2026-08-11T04:38:59Z,4.67,50.47
2026-08-11T04:39:59Z,6.67,51.41
2026-08-11T04:40:59Z,7.76,52.27
2026-08-11T04:41:59Z,5.72,52.86
2026-08-11T04:42:59Z,6.76,52.87
2026-08-11T04:43:59Z,7.83,53.5
2026-08-11T04:44:59Z,6.84,54.32
2026-08-11T04:45:59Z,5.8,54.27
2026-08-11T04:46:59Z,4.89,54.32
2026-08-11T04:47:59Z,4.88,54.02
2026-08-11T04:48:59Z,4.86,53.79
2026-08-11T04:49:59Z,4.89,54.26
2026-08-11T04:50:59Z,5.81,54.45
2026-08-11T04:51:59Z,5.86,55.24
2026-08-11T04:52:59Z,6.81,55.99
2026-08-11T04:53:59Z,10.82,55.7
2026-08-11T04:54:59Z,6.95,56.16
2026-08-11T04:55:59Z,5.94,56.57
2026-08-11T04:56:59Z,8.94,56.8
2026-08-11T04:57:59Z,5.98,57.27
2026-08-11T04:58:59Z,5.09,57.62
2026-08-11T04:59:59Z,5.08,57.38
2026-08-11T05:00:59Z,5.08,57.51
2026-08-11T05:01:59Z,5.01,56.2
2026-08-11T05:02:59Z,9.88,57.32
2026-08-11T05:03:59Z,7.88,56.48
2026-08-11T05:04:59Z,5.96,57.01
2026-08-11T05:05:59Z,5.03,56.61
2026-08-11T05:06:59Z,7.85,55.92
2026-08-11T05:07:59Z,5.88,55.63
2026-08-11T05:08:59Z,5.86,55.31
2026-08-11T05:09:59Z,5.83,54.77
2026-08-11T05:10:59Z,4.98,55.82
2026-08-11T05:11:59Z,4.93,54.94
2026-08-11T05:12:59Z,4.91,54.51
2026-08-11T05:13:59Z,4.93,54.89
2026-08-11T05:14:59Z,4.95,55.25
2026-08-11T05:15:59Z,4.89,54.26
2026-08-11T05:16:59Z,4.84,53.37
2026-08-11T05:17:59Z,5.74,53.19
2026-08-11T05:18:59Z,4.82,53.08
2026-08-11T05:19:59Z,4.82,53.11
2026-08-11T05:20:59Z,4.84,53.46
2026-08-11T05:21:59Z,4.84,53.34
2026-08-11T05:22:59Z,4.88,54.02
2026-08-11T05:23:59Z,4.88,54.07
2026-08-11T05:24:59Z,4.89,54.23
2026-08-11T05:25:59Z,4.94,55.16
2026-08-11T05:26:59Z,4.92,54.73
2026-08-11T05:27:59Z,4.9,54.36
2026-08-11T05:28:59Z,4.89,54.19
2026-08-11T05:29:59Z,4.93,54.9
2026-08-11T05:30:59Z,4.93,54.85
2026-08-11T05:31:59Z,5.85,55.1
2026-08-11T05:32:59Z,4.97,55.63
2026-08-11T05:33:59Z,5.02,56.37
2026-08-11T05:34:59Z,5,56.03
2026-08-11T05:35:59Z,4.99,55.95
2026-08-11T05:36:59Z,4.99,55.97
2026-08-11T05:37:59Z,5.02,56.37
2026-08-11T05:38:59Z,5.02,56.47
2026-08-11T05:39:59Z,5.95,56.8
2026-08-11T05:40:59Z,5.05,56.86
2026-08-11T05:41:59Z,4.98,55.82
2026-08-11T05:42:59Z,5,56.07
2026-08-11T05:43:59Z,4.98,55.79
2026-08-11T05:44:59Z,4.99,55.91
2026-08-11T05:45:59Z,4.97,55.64
2026-08-11T05:46:59Z,4.97,55.57
2026-08-11T05:47:59Z,4.96,55.41
2026-08-11T05:48:59Z,5.87,55.43
2026-08-11T05:49:59Z,4.98,55.83
2026-08-11T05:50:59Z,4.98,55.83
2026-08-11T05:51:59Z,5.04,56.79
2026-08-11T05:52:59Z,6.94,58.1
2026-08-11T05:53:59Z,6.08,58.91
2026-08-11T05:54:59Z,6.12,59.56
2026-08-11T05:55:59Z,5.22,59.87
2026-08-11T05:56:59Z,7.07,60.23
2026-08-11T05:57:59Z,7.1,60.84
2026-08-11T05:58:59Z,5.31,61.25
2026-08-11T05:59:59Z,5.31,61.39
2026-08-11T06:00:59Z,5.33,61.64
2026-08-11T06:01:59Z,6.27,62.15
2026-08-11T06:02:59Z,6.31,62.8
2026-08-11T06:03:59Z,5.4,62.86
2026-08-11T06:04:59Z,6.34,63.35
2026-08-11T06:05:59Z,5.42,63.17
2026-08-11T06:06:59Z,5.43,63.3
2026-08-11T06:07:59Z,5.44,63.51
2026-08-11T06:08:59Z,5.45,63.7
2026-08-11T06:09:59Z,5.45,63.62
2026-08-11T06:10:59Z,5.45,63.71
2026-08-11T06:11:59Z,5.47,63.95
2026-08-11T06:12:59Z,5.48,64.12
2026-08-11T06:13:59Z,5.5,64.47
2026-08-11T06:14:59Z,7.34,64.83
2026-08-11T06:15:59Z,6.46,65.27
2026-08-11T06:16:59Z,6.47,65.53
2026-08-11T06:17:59Z,5.56,65.49
2026-08-11T06:18:59Z,6.51,66.11
2026-08-11T06:19:59Z,5.61,66.4
2026-08-11T06:20:59Z,6.53,66.45
2026-08-11T06:21:59Z,6.52,66.41
2026-08-11T06:22:59Z,6.52,66.37
2026-08-11T06:23:59Z,6.52,66.28
2026-08-11T06:24:59Z,7.46,66.83
2026-08-11T06:25:59Z,6.42,66.83
2026-08-11T06:26:59Z,6.41,66.74
2026-08-11T06:27:59Z,5.63,66.75
2026-08-11T06:28:59Z,6.4,66.6
2026-08-11T06:29:59Z,6.38,66.21
2026-08-11T06:30:59Z,6.4,66.52
2026-08-11T06:31:59Z,6.4,66.48
2026-08-11T06:32:59Z,5.62,66.45
2026-08-11T06:33:59Z,5.61,66.43
2026-08-11T06:34:59Z,5.59,66.02
2026-08-11T06:35:59Z,5.6,66.23
2026-08-11T06:36:59Z,5.6,66.12
2026-08-11T06:37:59Z,5.58,65.84
2026-08-11T06:38:59Z,7.26,65.73
2026-08-11T06:39:59Z,6.34,65.48
2026-08-11T06:40:59Z,6.36,65.87
2026-08-11T06:41:59Z,6.35,65.76
2026-08-11T06:42:59Z,6.37,66
2026-08-11T06:43:59Z,8.17,65.62
2026-08-11T06:44:59Z,8.19,66.05
2026-08-11T06:45:59Z,6.4,66.5
2026-08-11T06:46:59Z,5.61,66.31
2026-08-11T06:47:59Z,5.62,66.49
2026-08-11T06:48:59Z,5.61,66.31
2026-08-11T06:49:59Z,5.61,66.39
2026-08-11T06:50:59Z,6.41,66.62
2026-08-11T06:51:59Z,6.39,66.35
2026-08-11T06:52:59Z,5.75,68.72
2026-08-11T06:53:59Z,5.81,69.7
2026-08-11T06:54:59Z,5.8,69.47
2026-08-11T06:55:59Z,5.93,71.65
2026-08-11T06:56:59Z,6.93,75.38
2026-08-11T06:57:59Z,6.97,76.11
2026-08-11T06:58:59Z,6.32,78.35
2026-08-11T06:59:59Z,6.4,79.6
2026-08-11T07:00:59Z,6.42,79.94
2026-08-11T07:01:59Z,6.43,80.07
2026-08-11T07:02:59Z,6.47,80.81
2026-08-11T07:03:59Z,6.51,81.41
2026-08-11T07:04:59Z,6.57,82.57
2026-08-11T07:05:59Z,6.61,83.13
2026-08-11T07:06:59Z,7.36,82.68
2026-08-11T07:07:59Z,6.66,84.07
2026-08-11T07:08:59Z,6.69,84.59
2026-08-11T07:09:59Z,6.73,85.19
2026-08-11T07:10:59Z,6.75,85.52
2026-08-11T07:11:59Z,6.73,85.15
2026-08-11T07:12:59Z,6.71,84.77
2026-08-11T07:13:59Z,6.73,85.17
2026-08-11T07:14:59Z,6.74,85.36
2026-08-11T07:15:59Z,6.77,85.94
2026-08-11T07:16:59Z,6.77,85.86
2026-08-11T07:17:59Z,6.77,85.84
2026-08-11T07:18:59Z,6.78,86
2026-08-11T07:19:59Z,6.77,85.94
2026-08-11T07:20:59Z,6.75,85.54
2026-08-11T07:21:59Z,6.74,85.38
2026-08-11T07:22:59Z,6.73,85.25
2026-08-11T07:23:59Z,6.69,84.44
2026-08-11T07:24:59Z,8.24,84.38
2026-08-11T07:25:59Z,6.74,85.35
2026-08-11T07:26:59Z,6.74,85.3
2026-08-11T07:27:59Z,6.69,84.48
2026-08-11T07:28:59Z,6.67,84.16
2026-08-11T07:29:59Z,6.54,82.05
2026-08-11T07:30:59Z,6.54,82.04
2026-08-11T07:31:59Z,6.6,83.03
2026-08-11T07:32:59Z,6.6,82.97
2026-08-11T07:33:59Z,7.27,81.07
2026-08-11T07:34:59Z,7.25,80.76
2026-08-11T07:35:59Z,7.28,81.24
2026-08-11T07:36:59Z,6.46,80.63
2026-08-11T07:37:59Z,7.97,79.88
2026-08-11T07:38:59Z,6.43,80.13
2026-08-11T07:39:59Z,6.46,80.58
2026-08-11T07:40:59Z,6.42,80
2026-08-11T07:41:59Z,7.21,80.09
2026-08-11T07:42:59Z,7.97,79.84
2026-08-11T07:43:59Z,7.1,78.23
2026-08-11T07:44:59Z,6.92,77.52
2026-08-11T07:45:59Z,7.76,78.49
2026-08-11T07:46:59Z,6.31,78.17
2026-08-11T07:47:59Z,6.94,77.75
2026-08-11T07:48:59Z,6.31,78.19
2026-08-11T07:49:59Z,8.53,78.3
2026-08-11T07:50:59Z,6.99,78.7
2026-08-11T07:51:59Z,6.31,78.07
2026-08-11T07:52:59Z,6.31,78.18
2026-08-11T07:53:59Z,6.93,77.67
2026-08-11T07:54:59Z,6.29,77.79
2026-08-11T07:55:59Z,7.7,77.43
2026-08-11T07:56:59Z,6.93,77.57
2026-08-11T07:57:59Z,6.31,78.12
2026-08-11T07:58:59Z,6.32,78.24
2026-08-11T07:59:59Z,6.34,78.64
2026-08-11T08:00:59Z,7.71,77.6
2026-08-11T08:01:59Z,6.26,77.31
2026-08-11T08:02:59Z,6.94,77.75
2026-08-11T08:03:59Z,6.9,77.18
2026-08-11T08:04:59Z,6.24,76.87
2026-08-11T08:05:59Z,6.26,77.27
2026-08-11T08:06:59Z,6.91,77.32
2026-08-11T08:07:59Z,6.22,76.64
2026-08-11T08:08:59Z,6.28,77.63
2026-08-11T08:09:59Z,7.68,77.09
2026-08-11T08:10:59Z,6.85,76.3
2026-08-11T08:11:59Z,6.87,76.62
2026-08-11T08:12:59Z,6.88,76.72
2026-08-11T08:13:59Z,6.85,76.3
2026-08-11T08:14:59Z,6.88,76.73
2026-08-11T08:15:59Z,6.9,77.06
2026-08-11T08:16:59Z,6.88,76.76
2026-08-11T08:17:59Z,6.89,77.02
2026-08-11T08:18:59Z,6.91,77.24
2026-08-11T08:19:59Z,6.85,76.36
2026-08-11T08:20:59Z,6.22,76.61
2026-08-11T08:21:59Z,6.22,76.58
2026-08-11T08:22:59Z,6.23,76.71
2026-08-11T08:23:59Z,6.87,76.61
2026-08-11T08:24:59Z,7.66,76.75
2026-08-11T08:25:59Z,6.91,77.22
2026-08-11T08:26:59Z,6.24,76.99
2026-08-11T08:27:59Z,6.25,77.04
2026-08-11T08:28:59Z,6.25,77.06
2026-08-11T08:29:59Z,6.24,76.96
2026-08-11T08:30:59Z,6.22,76.62
2026-08-11T08:31:59Z,6.22,76.55
2026-08-11T08:32:59Z,6.24,76.96
2026-08-11T08:33:59Z,6.25,77.09
2026-08-11T08:34:59Z,6.85,76.32
2026-08-11T08:35:59Z,6.86,76.51
2026-08-11T08:36:59Z,6.85,76.23
2026-08-11T08:37:59Z,6.17,75.85
2026-08-11T08:38:59Z,6.19,76.03
2026-08-11T08:39:59Z,6.17,75.8
2026-08-11T08:40:59Z,6.14,75.33
2026-08-11T08:41:59Z,6.17,75.78
2026-08-11T08:42:59Z,6.81,75.66
2026-08-11T08:43:59Z,6.15,75.44
2026-08-11T08:44:59Z,6.18,75.99
2026-08-11T08:45:59Z,6.17,75.7
2026-08-11T08:46:59Z,6.77,74.86
2026-08-11T08:47:59Z,6.78,75.18
2026-08-11T08:48:59Z,6.8,75.48
2026-08-11T08:49:59Z,6.8,75.42
2026-08-11T08:50:59Z,6.13,75.17
2026-08-11T08:51:59Z,6.79,75.27
2026-08-11T08:52:59Z,6.74,74.38
2026-08-11T08:53:59Z,6.77,74.98
2026-08-11T08:54:59Z,6.12,74.85
2026-08-11T08:55:59Z,6.1,74.67
2026-08-11T08:56:59Z,6.12,74.97
2026-08-11T08:57:59Z,6.72,74.17
2026-08-11T08:58:59Z,6.06,73.97
2026-08-11T08:59:59Z,6.06,73.96
2026-08-11T09:00:59Z,6.05,73.81
2026-08-11T09:01:59Z,6.05,73.76
2026-08-11T09:02:59Z,6.07,74.14
2026-08-11T09:03:59Z,6.07,74.02
2026-08-11T09:04:59Z,6.07,74.04
2026-08-11T09:05:59Z,6.12,74.86
2026-08-11T09:06:59Z,6.71,73.98
2026-08-11T09:07:59Z,6.08,74.32
2026-08-11T09:08:59Z,6.11,74.7
2026-08-11T09:09:59Z,7.36,73.85
2026-08-11T09:10:59Z,6.73,74.21
2026-08-11T09:11:59Z,6.72,74.15
2026-08-11T09:12:59Z,6.08,74.23
2026-08-11T09:13:59Z,6.1,74.56
2026-08-11T09:14:59Z,6.11,74.76
2026-08-11T09:15:59Z,6.06,73.94
2026-08-11T09:16:59Z,6.06,73.93
2026-08-11T09:17:59Z,6.04,73.64
2026-08-11T09:18:59Z,6.69,73.67
2026-08-11T09:19:59Z,6.03,73.39
2026-08-11T09:20:59Z,6.06,73.93
2026-08-11T09:21:59Z,6.72,74.16
2026-08-11T09:22:59Z,6.06,74
2026-08-11T09:23:59Z,6.72,74.15
2026-08-11T09:24:59Z,6.72,74.05
2026-08-11T09:25:59Z,6.06,73.95
2026-08-11T09:26:59Z,6.09,74.34
2026-08-11T09:27:59Z,6.1,74.61
2026-08-11T09:28:59Z,6.76,74.71
2026-08-11T09:29:59Z,7.38,74.25
2026-08-11T09:30:59Z,6.72,74.07
2026-08-11T09:31:59Z,6.07,74.06
2026-08-11T09:32:59Z,6.09,74.42
2026-08-11T09:33:59Z,6.09,74.34
2026-08-11T09:34:59Z,6.72,74.17
2026-08-11T09:35:59Z,6.09,74.34
2026-08-11T09:36:59Z,6.09,74.43
2026-08-11T09:37:59Z,6.07,74.07
2026-08-11T09:38:59Z,6.1,74.63
2026-08-11T09:39:59Z,6.09,74.36
2026-08-11T09:40:59Z,6.7,73.73
2026-08-11T09:41:59Z,6.07,74.07
2026-08-11T09:42:59Z,6.7,73.82
2026-08-11T09:43:59Z,6.06,73.9
2026-08-11T09:44:59Z,6.05,73.83
2026-08-11T09:45:59Z,6.05,73.79
2026-08-11T09:46:59Z,6.04,73.57
2026-08-11T09:47:59Z,6.05,73.68
2026-08-11T09:48:59Z,6.06,73.86
2026-08-11T09:49:59Z,6.07,74.08
2026-08-11T09:50:59Z,6.06,73.92
2026-08-11T09:51:59Z,6.06,73.96
2026-08-11T09:52:59Z,6.06,73.99
2026-08-11T09:53:59Z,6.06,73.96
2026-08-11T09:54:59Z,6.74,74.48
2026-08-11T09:55:59Z,6.08,74.22
2026-08-11T09:56:59Z,6.09,74.38
2026-08-11T09:57:59Z,6.1,74.61
2026-08-11T09:58:59Z,6.09,74.5
2026-08-11T09:59:59Z,6.11,74.78
2026-08-11T10:00:59Z,6.09,74.49
2026-08-11T10:01:59Z,6.11,74.82
2026-08-11T10:02:59Z,6.11,74.84
2026-08-11T10:03:59Z,6.12,74.87
2026-08-11T10:04:59Z,6.12,74.95
2026-08-11T10:05:59Z,6.13,75.18
2026-08-11T10:06:59Z,6.79,75.3
2026-08-11T10:07:59Z,6.78,75.1
2026-08-11T10:08:59Z,6.18,75.96
2026-08-11T10:09:59Z,7.53,76.85
2026-08-11T10:10:59Z,6.91,77.21
2026-08-11T10:11:59Z,6.95,77.96
2026-08-11T10:12:59Z,6.97,78.31
2026-08-11T10:13:59Z,6.35,78.85
2026-08-13T01:46:59Z,4.97,55.62
2026-08-13T01:47:59Z,4.97,55.61
2026-08-13T01:48:59Z,4.98,55.68
2026-08-13T01:49:59Z,4.99,55.91
2026-08-13T01:50:59Z,5.78,56.13
2026-08-13T01:51:59Z,4.97,55.63
2026-08-13T01:52:59Z,4.96,55.43
2026-08-13T01:53:59Z,4.95,55.33
2026-08-13T01:54:59Z,4.92,54.7
2026-08-13T01:55:59Z,4.94,55.17
2026-08-13T01:56:59Z,4.95,55.27
2026-08-13T01:57:59Z,4.93,54.86
2026-08-13T01:58:59Z,4.89,54.27
2026-08-13T01:59:59Z,4.88,54.09
2026-08-13T02:00:59Z,4.92,54.67
2026-08-13T02:01:59Z,4.91,54.65
2026-08-13T02:02:59Z,4.93,54.95
2026-08-13T02:03:59Z,4.97,55.67
2026-08-13T02:04:59Z,4.97,55.56
2026-08-13T02:05:59Z,4.98,55.69
2026-08-13T02:06:59Z,5,56.14
2026-08-13T02:07:59Z,4.99,55.98
2026-08-13T02:08:59Z,4.96,55.41
2026-08-13T02:09:59Z,4.96,55.48
2026-08-13T02:10:59Z,5,56.05
2026-08-13T02:11:59Z,5.01,56.31
2026-08-13T02:12:59Z,5.01,56.21
2026-08-13T02:13:59Z,4.95,55.3
2026-08-13T02:14:59Z,4.92,54.73
2026-08-13T02:15:59Z,4.92,54.8
2026-08-13T02:16:59Z,4.92,54.82
2026-08-13T02:17:59Z,4.93,54.99
2026-08-13T02:18:59Z,4.93,54.91
2026-08-13T02:19:59Z,6.48,54.69
2026-08-13T02:20:59Z,4.92,54.73
2026-08-13T02:21:59Z,8.45,55.04
2026-08-13T02:22:59Z,7.6,56.19
2026-08-13T02:23:59Z,7.58,55.85
2026-08-13T02:24:59Z,4.99,55.85
2026-08-13T02:25:59Z,4.95,55.31
2026-08-13T02:26:59Z,4.95,55.23
2026-08-13T02:27:59Z,4.92,54.71
2026-08-13T02:28:59Z,4.88,54
2026-08-13T02:29:59Z,4.88,54.02
2026-08-13T02:30:59Z,4.87,53.85
2026-08-13T02:31:59Z,6.54,53.64
2026-08-13T02:32:59Z,4.87,53.92
2026-08-13T02:33:59Z,4.82,53.11
2026-08-13T02:34:59Z,4.83,53.32
2026-08-13T02:35:59Z,4.81,52.9
2026-08-13T02:36:59Z,4.8,52.69
2026-08-13T02:37:59Z,4.8,52.71
2026-08-13T02:38:59Z,4.8,52.66
2026-08-13T02:39:59Z,4.75,51.94
2026-08-13T02:40:59Z,4.73,51.59
2026-08-13T02:41:59Z,6.39,51
2026-08-13T02:42:59Z,5.51,51.63
2026-08-13T02:43:59Z,5.53,51.95
2026-08-13T02:44:59Z,6.49,52.79
2026-08-13T02:45:59Z,4.83,53.17
2026-08-13T02:46:59Z,6.46,52.16
2026-08-13T02:47:59Z,6.43,51.79
2026-08-13T02:48:59Z,4.69,50.8
2026-08-13T02:49:59Z,5.46,50.8
2026-08-13T02:50:59Z,6.4,51.27
2026-08-13T02:51:59Z,4.73,51.64
2026-08-13T02:52:59Z,4.72,51.38
2026-08-13T02:53:59Z,4.71,51.3
2026-08-13T02:54:59Z,4.71,51.21
2026-08-13T02:55:59Z,7.31,51.16
2026-08-13T02:56:59Z,9.41,51.61
2026-08-13T02:57:59Z,7.46,51.61
2026-08-13T02:58:59Z,6.58,52.01
2026-08-13T02:59:59Z,6.59,52.19
2026-08-13T03:00:59Z,4.75,51.91
2026-08-13T03:01:59Z,4.78,52.47
2026-08-13T03:02:59Z,4.75,51.87
2026-08-13T03:03:59Z,4.75,51.96
2026-08-13T03:04:59Z,5.61,51.04
2026-08-13T03:05:59Z,4.71,51.22
2026-08-13T03:06:59Z,4.73,51.5
2026-08-13T03:07:59Z,4.78,52.33
2026-08-13T03:08:59Z,5.66,51.86
2026-08-13T03:09:59Z,4.81,52.98
2026-08-13T03:10:59Z,4.74,51.73
2026-08-13T03:11:59Z,7.47,51.73
2026-08-13T03:12:59Z,7.57,51.24
2026-08-13T03:13:59Z,6.55,51.57
2026-08-13T03:14:59Z,4.74,51.74
2026-08-13T03:15:59Z,4.72,51.37
2026-08-13T03:16:59Z,5.65,51.67
2026-08-13T03:17:59Z,5.67,52.08
2026-08-13T03:18:59Z,4.77,52.29
2026-08-13T03:19:59Z,6.57,51.84
2026-08-13T03:20:59Z,4.73,51.63
2026-08-13T03:21:59Z,4.7,51.07
2026-08-13T03:22:59Z,4.69,50.9
2026-08-13T03:23:59Z,4.71,51.26
2026-08-13T03:24:59Z,4.75,51.86
2026-08-13T03:25:59Z,4.77,52.15
2026-08-13T03:26:59Z,4.75,51.97
2026-08-13T03:27:59Z,4.81,52.83
2026-08-13T03:28:59Z,4.77,52.29
2026-08-13T03:29:59Z,4.78,52.4
2026-08-13T03:30:59Z,4.73,51.59
2026-08-13T03:31:59Z,4.7,51.13
2026-08-13T03:32:59Z,4.72,51.46
2026-08-13T03:33:59Z,4.76,52.07
2026-08-13T03:34:59Z,6.58,52.06
2026-08-13T03:35:59Z,4.73,51.49
2026-08-13T03:36:59Z,4.66,50.41
2026-08-13T03:37:59Z,5.58,50.52
2026-08-13T03:38:59Z,4.69,50.92
2026-08-13T03:39:59Z,4.7,51
2026-08-13T03:40:59Z,4.69,50.92
2026-08-13T03:41:59Z,4.68,50.71
2026-08-13T03:42:59Z,4.64,50.12
2026-08-13T03:43:59Z,4.56,48.71
2026-08-13T03:44:59Z,4.6,49.32
2026-08-13T03:45:59Z,4.6,49.31
2026-08-13T03:46:59Z,6.38,48.72
2026-08-13T03:47:59Z,5.5,49.15
2026-08-13T03:48:59Z,4.54,48.4
2026-08-13T03:49:59Z,4.58,49.02
2026-08-13T03:50:59Z,4.58,49.11
2026-08-13T03:51:59Z,4.53,48.21
2026-08-13T03:52:59Z,4.51,47.87
2026-08-13T03:53:59Z,4.48,47.32
2026-08-13T03:54:59Z,5.4,47.55
2026-08-13T03:55:59Z,6.33,47.89
2026-08-13T03:56:59Z,5.44,48.28
2026-08-13T03:57:59Z,6.4,49.03
2026-08-13T03:58:59Z,6.44,49.64
2026-08-13T03:59:59Z,6.49,50.51
2026-08-13T04:00:59Z,4.72,51.32
2026-08-13T04:01:59Z,4.67,50.63
2026-08-13T04:02:59Z,4.7,51.12
2026-08-13T04:03:59Z,8.53,52.01
2026-08-13T04:04:59Z,6.72,52.22
2026-08-13T04:05:59Z,6.65,53.23
2026-08-13T04:06:59Z,6.8,53.51
2026-08-13T04:07:59Z,7.74,54.17
2026-08-13T04:08:59Z,7.78,54.76
2026-08-13T04:09:59Z,4.94,55.01
2026-08-13T04:10:59Z,5.82,54.65
2026-08-13T04:11:59Z,5.84,54.96
2026-08-13T04:12:59Z,4.97,55.59
2026-08-13T04:13:59Z,4.98,55.77
2026-08-13T04:14:59Z,4.96,55.49
2026-08-13T04:15:59Z,4.97,55.56
2026-08-13T04:16:59Z,4.96,55.48
2026-08-13T04:17:59Z,4.97,55.61
2026-08-13T04:18:59Z,4.93,54.92
2026-08-13T04:19:59Z,4.89,54.27
2026-08-13T04:20:59Z,4.89,54.17
2026-08-13T04:21:59Z,4.86,53.71
2026-08-13T04:22:59Z,5.73,53.07
2026-08-13T04:23:59Z,4.84,53.39
2026-08-13T04:24:59Z,4.78,52.33
2026-08-13T04:25:59Z,5.65,51.77
2026-08-13T04:26:59Z,4.75,51.87
2026-08-13T04:27:59Z,4.73,51.59
2026-08-13T04:28:59Z,4.68,50.72
2026-08-13T04:29:59Z,5.59,50.64
2026-08-13T04:30:59Z,5.6,50.92
2026-08-13T04:31:59Z,4.68,50.64
2026-08-13T04:32:59Z,4.68,50.67
2026-08-13T04:33:59Z,4.62,49.75
2026-08-13T04:34:59Z,4.64,50.04
2026-08-13T04:35:59Z,4.6,49.37
2026-08-13T04:36:59Z,6.42,49.37
2026-08-13T04:37:59Z,5.56,50.24
2026-08-13T04:38:59Z,5.59,50.7
2026-08-13T04:39:59Z,6.64,50.88
2026-08-13T04:40:59Z,6.68,51.58
2026-08-13T04:41:59Z,6.72,52.24
2026-08-13T04:42:59Z,4.79,52.54
2026-08-13T04:43:59Z,6.69,51.8
2026-08-13T04:44:59Z,8.66,52.15
2026-08-13T04:45:59Z,8.67,52.22
2026-08-13T04:46:59Z,6.73,52.35
2026-08-13T04:47:59Z,5.73,52.99
2026-08-13T04:48:59Z,4.76,52.1
2026-08-13T04:49:59Z,4.73,51.51
2026-08-13T04:50:59Z,4.7,51.1
2026-08-13T04:51:59Z,4.69,50.96
2026-08-13T04:52:59Z,4.7,51
2026-08-13T04:53:59Z,4.69,50.87
2026-08-13T04:54:59Z,4.68,50.77
2026-08-13T04:55:59Z,4.67,50.5
2026-08-13T04:56:59Z,4.67,50.54
2026-08-13T04:57:59Z,4.68,50.71
2026-08-13T04:58:59Z,4.69,50.8
2026-08-13T04:59:59Z,4.69,50.9
2026-08-13T05:00:59Z,4.71,51.15
2026-08-13T05:01:59Z,4.68,50.66
2026-08-13T05:02:59Z,4.65,50.28
2026-08-13T05:03:59Z,4.65,50.2
2026-08-13T05:04:59Z,4.67,50.48
2026-08-13T05:05:59Z,4.66,50.36
2026-08-13T05:06:59Z,4.62,49.75
2026-08-13T05:07:59Z,4.66,50.36
2026-08-13T05:08:59Z,4.7,51.05
2026-08-13T05:09:59Z,4.72,51.34
2026-08-13T05:10:59Z,4.74,51.72
2026-08-13T05:11:59Z,4.76,52.14
2026-08-13T05:12:59Z,5.71,52.67
2026-08-13T05:13:59Z,5.73,53.14
2026-08-13T05:14:59Z,4.85,53.52
2026-08-13T05:15:59Z,4.86,53.72
2026-08-13T05:16:59Z,5.82,54.59
2026-08-13T05:17:59Z,5.85,55.13
2026-08-13T05:18:59Z,6.77,55.3
2026-08-13T05:19:59Z,7.85,55.97
2026-08-13T05:20:59Z,5.91,56.08
2026-08-13T05:21:59Z,6.85,56.62
2026-08-13T05:22:59Z,5.04,56.82
2026-08-13T05:23:59Z,5.04,56.85
2026-08-13T05:24:59Z,5.05,56.87
2026-08-13T05:25:59Z,5.06,57.12
2026-08-13T05:26:59Z,5.06,57.08
2026-08-13T05:27:59Z,5.04,56.8
2026-08-13T05:28:59Z,6.86,56.84
2026-08-13T05:29:59Z,6.87,56.98
2026-08-13T05:30:59Z,5.96,56.94
2026-08-13T05:31:59Z,5.95,56.77
2026-08-13T05:32:59Z,8.85,57.38
2026-08-13T05:33:59Z,5.92,56.3
2026-08-13T05:34:59Z,5.02,56.46
2026-08-13T05:35:59Z,5.01,56.21
2026-08-13T05:36:59Z,5.94,56.67
2026-08-13T05:37:59Z,5.01,56.27
2026-08-13T05:38:59Z,5.9,55.94
2026-08-13T05:39:59Z,7.86,56.05
2026-08-13T05:40:59Z,5.01,56.31
2026-08-13T05:41:59Z,5.03,56.64
2026-08-13T05:42:59Z,5.1,57.79
2026-08-13T05:43:59Z,5.1,57.86
2026-08-13T05:44:59Z,5.13,58.21
2026-08-13T05:45:59Z,5.06,57.18
2026-08-13T05:46:59Z,4.98,55.74
2026-08-13T05:47:59Z,5.02,56.37
2026-08-13T05:48:59Z,6.77,55.26
2026-08-13T05:49:59Z,7.84,55.73
2026-08-13T05:50:59Z,5.89,55.74
2026-08-13T05:51:59Z,6.78,55.42
2026-08-13T05:52:59Z,6.78,55.45
2026-08-13T05:53:59Z,7.81,55.34
2026-08-13T05:54:59Z,5.88,55.61
2026-08-13T05:55:59Z,4.99,55.99
2026-08-13T05:56:59Z,4.92,54.68
2026-08-13T05:57:59Z,4.87,53.84
2026-08-13T05:58:59Z,5.71,52.77
2026-08-13T05:59:59Z,4.81,52.84
2026-08-13T06:00:59Z,5.74,53.27
2026-08-13T06:01:59Z,5.71,52.74
2026-08-13T06:02:59Z,4.75,51.89
2026-08-13T06:03:59Z,4.76,52.08
2026-08-13T06:04:59Z,5.63,51.42
2026-08-13T06:05:59Z,4.74,51.73
2026-08-13T06:06:59Z,7.67,52.92
2026-08-13T06:07:59Z,5.76,53.58
2026-08-13T06:08:59Z,4.85,53.51
2026-08-13T06:09:59Z,4.83,53.21
2026-08-13T06:10:59Z,4.77,52.15
2026-08-13T06:11:59Z,5.66,51.83
2026-08-13T06:12:59Z,5.67,51.99
2026-08-13T06:13:59Z,4.79,52.58
2026-08-13T06:14:59Z,7.64,52.47
2026-08-13T06:15:59Z,4.78,52.41
2026-08-13T06:16:59Z,5.69,52.46
2026-08-13T06:17:59Z,5.71,52.79
2026-08-13T06:18:59Z,6.66,53.34
2026-08-13T06:19:59Z,5.77,53.67
2026-08-13T06:20:59Z,4.87,53.85
2026-08-13T06:21:59Z,6.74,54.77
2026-08-13T06:22:59Z,5.84,54.84
2026-08-13T06:23:59Z,4.9,54.35
2026-08-13T06:24:59Z,4.92,54.75
2026-08-13T06:25:59Z,4.94,55.15
2026-08-13T06:26:59Z,4.93,54.85
2026-08-13T06:27:59Z,4.93,54.97
2026-08-13T06:28:59Z,4.89,54.25
2026-08-13T06:29:59Z,4.89,54.23
2026-08-13T06:30:59Z,5.79,54.04
2026-08-13T06:31:59Z,4.91,54.52
2026-08-13T06:32:59Z,4.86,53.7
2026-08-13T06:33:59Z,5.86,55.21
2026-08-13T06:34:59Z,7.86,56.03
2026-08-13T06:35:59Z,7.84,55.69
2026-08-13T06:36:59Z,5.01,56.32
2026-08-13T06:37:59Z,5.04,56.75
2026-08-13T06:38:59Z,5.07,57.35
2026-08-13T06:39:59Z,9.91,57.85
2026-08-13T06:40:59Z,7.99,58.23
2026-08-13T06:41:59Z,7.97,57.9
2026-08-13T06:42:59Z,7.96,57.83
2026-08-13T06:43:59Z,8.01,58.55
2026-08-13T06:44:59Z,6.99,58.88
2026-08-13T06:45:59Z,6.08,58.94
2026-08-13T06:46:59Z,6.1,59.35
2026-08-13T06:47:59Z,5.21,59.66
2026-08-13T06:48:59Z,8.12,60.43
2026-08-13T06:49:59Z,8.15,61
2026-08-13T06:50:59Z,8.2,61.91
2026-08-13T06:51:59Z,8.22,62.11
2026-08-13T06:52:59Z,7.2,62.56
2026-08-13T06:53:59Z,6.3,62.66
2026-08-13T06:54:59Z,6.32,62.92
2026-08-13T06:55:59Z,6.34,63.28
2026-08-13T06:56:59Z,7.24,63.15
2026-08-13T06:57:59Z,7.23,63.05
2026-08-13T06:58:59Z,6.32,62.92
2026-08-13T06:59:59Z,6.3,62.59
2026-08-13T07:00:59Z,7.24,63.12
2026-08-13T07:01:59Z,7.24,63.2
2026-08-13T07:02:59Z,7.26,63.55
2026-08-13T07:03:59Z,7.28,63.91
2026-08-13T07:04:59Z,6.39,64.15
2026-08-13T07:05:59Z,6.37,63.86
2026-08-13T07:06:59Z,6.38,63.99
2026-08-13T07:07:59Z,6.41,64.5
2026-08-13T07:08:59Z,6.41,64.53
2026-08-13T07:09:59Z,7.36,65.11
2026-08-13T07:10:59Z,7.37,65.3
2026-08-13T07:11:59Z,6.45,65.23
2026-08-13T07:12:59Z,7.38,65.57
2026-08-13T07:13:59Z,8.32,66.01
2026-08-13T07:14:59Z,8.34,66.29
2026-08-13T07:15:59Z,8.24,66.95
2026-08-13T07:16:59Z,7.36,67.37
2026-08-13T07:17:59Z,6.47,67.65
2026-08-13T07:18:59Z,6.48,67.8
2026-08-13T07:19:59Z,7.41,68.24
2026-08-13T07:20:59Z,6.51,68.35
2026-08-13T07:21:59Z,6.49,68.06
2026-08-13T07:22:59Z,7.42,68.32
2026-08-13T07:23:59Z,7.41,68.29
2026-08-13T07:24:59Z,5.71,68.05
2026-08-13T07:25:59Z,5.7,67.91
2026-08-13T07:26:59Z,5.71,68
2026-08-13T07:27:59Z,6.5,68.15
2026-08-13T07:28:59Z,7.4,68.11
2026-08-13T07:29:59Z,7.39,67.88
2026-08-13T07:30:59Z,6.47,67.75
2026-08-13T07:31:59Z,6.48,67.92
2026-08-13T07:32:59Z,7.41,68.26
2026-08-13T07:33:59Z,6.5,68.2
2026-08-13T07:34:59Z,6.49,68.12
2026-08-13T07:35:59Z,6.51,68.32
2026-08-13T07:36:59Z,5.71,68.02
2026-08-13T07:37:59Z,6.4,66.57
2026-08-13T07:38:59Z,7.3,66.31
2026-08-13T07:39:59Z,6.41,66.74
2026-08-13T07:40:59Z,7.34,67.03
2026-08-13T07:41:59Z,6.42,66.85
2026-08-13T07:42:59Z,5.63,66.69
2026-08-13T07:43:59Z,5.6,66.22
2026-08-13T07:44:59Z,6.34,65.5
2026-08-13T07:45:59Z,6.33,65.29
2026-08-13T07:46:59Z,5.56,65.51
2026-08-13T07:47:59Z,5.57,65.74
2026-08-13T07:48:59Z,5.59,66.03
2026-08-13T07:49:59Z,5.57,65.67
2026-08-13T07:50:59Z,5.55,65.41
2026-08-13T07:51:59Z,5.54,65.18
2026-08-13T07:52:59Z,5.55,65.31
2026-08-13T07:53:59Z,5.55,65.3
2026-08-13T07:54:59Z,5.54,65.21
2026-08-13T07:55:59Z,5.55,65.27
2026-08-13T07:56:59Z,5.54,65.2
2026-08-13T07:57:59Z,5.56,65.44
2026-08-13T07:58:59Z,5.57,65.76
2026-08-13T07:59:59Z,5.55,65.35
2026-08-13T08:00:59Z,5.54,65.23
2026-08-13T08:01:59Z,6.34,65.47
2026-08-13T08:02:59Z,6.36,65.93
2026-08-13T08:03:59Z,5.6,66.24
2026-08-13T08:04:59Z,5.59,65.94
2026-08-13T08:05:59Z,5.57,65.7
2026-08-13T08:06:59Z,5.56,65.47
2026-08-13T08:07:59Z,5.56,65.56
2026-08-13T08:08:59Z,5.57,65.66
2026-08-13T08:09:59Z,5.58,65.89
2026-08-13T08:10:59Z,5.59,65.98
2026-08-13T08:11:59Z,5.58,65.93
2026-08-13T08:12:59Z,5.55,65.42
2026-08-13T08:13:59Z,5.55,65.33
2026-08-13T08:14:59Z,5.55,65.3
2026-08-13T08:15:59Z,5.55,65.27
2026-08-13T08:16:59Z,5.54,65.16
2026-08-13T08:17:59Z,5.54,65.19
2026-08-13T08:18:59Z,5.56,65.48
2026-08-13T08:19:59Z,5.55,65.3
2026-08-13T08:20:59Z,5.55,65.31
2026-08-13T08:21:59Z,5.53,65.09
2026-08-13T08:22:59Z,5.54,65.17
2026-08-13T08:23:59Z,5.54,65.17
2026-08-13T08:24:59Z,5.53,65.08
2026-08-13T08:25:59Z,5.51,64.64
2026-08-13T08:26:59Z,5.53,65.06
2026-08-13T08:27:59Z,5.55,65.41
2026-08-13T08:28:59Z,5.57,65.69
2026-08-13T08:29:59Z,5.57,65.62
2026-08-13T08:30:59Z,5.58,65.78
2026-08-13T08:31:59Z,5.58,65.88
2026-08-13T08:32:59Z,5.57,65.64
2026-08-13T08:33:59Z,5.56,65.55
2026-08-13T08:34:59Z,5.56,65.46
2026-08-13T08:35:59Z,5.56,65.51
2026-08-13T08:36:59Z,5.57,65.67
2026-08-13T08:37:59Z,5.6,66.14
2026-08-13T08:38:59Z,5.61,66.42
2026-08-13T08:39:59Z,5.62,66.53
2026-08-13T08:40:59Z,6.41,66.64
2026-08-13T08:41:59Z,6.43,67.11
2026-08-13T08:42:59Z,6.44,67.17
2026-08-13T08:43:59Z,6.47,67.76
2026-08-13T08:44:59Z,6.49,68.03
2026-08-13T08:45:59Z,6.5,68.13
2026-08-13T08:46:59Z,5.73,68.3
2026-08-13T08:47:59Z,5.73,68.29
2026-08-13T08:48:59Z,6.51,68.33
2026-08-13T08:49:59Z,5.72,68.17
2026-08-13T08:50:59Z,5.71,67.97
2026-08-13T08:51:59Z,5.71,68.11
2026-08-13T08:52:59Z,5.71,68.03
2026-08-13T08:53:59Z,5.69,67.77
2026-08-13T08:54:59Z,5.69,67.69
2026-08-13T08:55:59Z,5.69,67.71
2026-08-13T08:56:59Z,5.71,67.97
2026-08-13T08:57:59Z,5.7,67.91
2026-08-13T08:58:59Z,5.69,67.7
2026-08-13T08:59:59Z,5.69,67.78
2026-08-13T09:00:59Z,5.69,67.68
2026-08-13T09:01:59Z,5.66,67.24
2026-08-13T09:02:59Z,5.67,67.35
2026-08-13T09:03:59Z,5.68,67.57
2026-08-13T09:04:59Z,5.69,67.62
2026-08-13T09:05:59Z,5.67,67.34
2026-08-13T09:06:59Z,5.68,67.55
2026-08-13T09:07:59Z,5.69,67.67
2026-08-13T09:08:59Z,5.7,67.88
2026-08-13T09:09:59Z,5.7,67.82
2026-08-13T09:10:59Z,5.68,67.58
2026-08-13T09:11:59Z,5.69,67.77
2026-08-13T09:12:59Z,5.72,68.14
2026-08-13T09:13:59Z,5.72,68.14
2026-08-13T09:14:59Z,5.73,68.33
2026-08-13T09:15:59Z,5.72,68.25
2026-08-13T09:16:59Z,5.73,68.35
2026-08-13T09:17:59Z,5.74,68.54
2026-08-13T09:18:59Z,5.75,68.75
2026-08-13T09:19:59Z,6.54,68.82
2026-08-13T09:20:59Z,6.56,69.28
2026-08-13T09:21:59Z,5.79,69.37
2026-08-13T09:22:59Z,5.78,69.14
2026-08-13T09:23:59Z,5.79,69.4
2026-08-13T09:24:59Z,5.79,69.31
2026-08-13T09:25:59Z,6.57,69.42
2026-08-13T09:26:59Z,7.5,69.8
2026-08-13T09:27:59Z,6.59,69.77
2026-08-13T09:28:59Z,5.82,69.88
2026-08-13T09:29:59Z,6.61,70.07
2026-08-13T09:30:59Z,7.39,70.08
2026-08-13T09:31:59Z,6.62,70.17
2026-08-13T09:32:59Z,5.85,70.31
2026-08-13T09:33:59Z,5.85,70.43
2026-08-13T09:34:59Z,5.86,70.52
2026-08-13T09:35:59Z,6.66,70.86
2026-08-13T09:36:59Z,5.86,70.55
2026-08-13T09:37:59Z,6.64,70.57
2026-08-13T09:38:59Z,6.65,70.68
2026-08-13T09:39:59Z,6.66,70.84
2026-08-13T09:40:59Z,5.89,71.07
2026-08-13T09:41:59Z,5.89,71.14
2026-08-13T09:42:59Z,6.68,71.24
2026-08-13T09:43:59Z,6.69,71.32
2026-08-13T09:44:59Z,7.49,71.71
2026-08-13T09:45:59Z,5.94,71.96
2026-08-13T09:46:59Z,5.95,72.09
2026-08-13T09:47:59Z,5.98,72.57
2026-08-13T09:48:59Z,6.73,72.08
2026-08-13T09:49:59Z,6.75,72.37
2026-08-13T09:50:59Z,6.76,72.55
2026-08-13T09:51:59Z,7.55,72.8
2026-08-13T09:52:59Z,7.57,73.01
2026-08-13T09:53:59Z,6.8,73.17
2026-08-13T09:54:59Z,6.81,73.38
2026-08-13T09:55:59Z,6.03,73.47
2026-08-13T09:56:59Z,6.04,73.64
2026-08-13T09:57:59Z,6.03,73.4
2026-08-13T09:58:59Z,6.02,73.24
2026-08-13T09:59:59Z,6.01,73.09
2026-08-13T10:00:59Z,5.98,72.52
2026-08-13T10:01:59Z,5.95,72.07
2026-08-13T10:02:59Z,6.74,72.17
2026-08-13T10:03:59Z,5.94,71.97
2026-08-13T10:04:59Z,5.94,71.89
2026-08-13T10:05:59Z,5.93,71.7
2026-08-13T10:06:59Z,5.93,71.65
2026-08-13T10:07:59Z,5.93,71.71
2026-08-13T10:08:59Z,5.92,71.55
2026-08-13T10:09:59Z,5.9,71.17
2026-08-13T10:10:59Z,5.91,71.32
2026-08-13T10:11:59Z,5.91,71.36
2026-08-13T10:12:59Z,5.91,71.38
2026-08-13T10:13:59Z,5.91,71.33
2026-08-13T10:14:59Z,5.93,71.66
2026-08-13T10:15:59Z,5.91,71.35
2026-08-13T10:16:59Z,5.9,71.23
2026-08-13T10:17:59Z,5.91,71.36
2026-08-13T10:18:59Z,5.93,71.74
2026-08-13T10:20:59Z,5.95,72.05
2026-08-13T10:21:59Z,5.95,72.11
2026-08-13T10:22:59Z,5.96,72.31
2026-08-13T10:24:59Z,5.95,72.08
2026-08-13T10:25:59Z,5.96,72.16
2026-08-13T10:26:59Z,5.97,72.37
2026-08-13T10:28:59Z,5.98,72.55
2026-08-13T10:29:59Z,5.99,72.77
2026-08-13T10:31:59Z,5.99,72.81
2026-08-13T10:32:59Z,6,72.89
2026-08-13T10:34:59Z,6.01,73.01
2026-08-13T10:35:59Z,6.01,73.02
2026-08-13T10:38:59Z,5.99,72.77
2026-08-13T10:41:59Z,5.98,72.55
2026-08-13T10:42:59Z,5.97,72.36
2026-08-13T10:45:59Z,5.96,72.23
2026-08-13T10:46:59Z,5.96,72.26
2026-08-13T10:49:59Z,5.95,72.09
2026-08-13T10:50:59Z,5.94,71.83
2026-08-13T10:53:59Z,5.93,71.72
2026-08-13T10:54:59Z,5.92,71.55
2026-08-13T10:55:59Z,5.92,71.49
2026-08-13T10:57:59Z,5.91,71.47
2026-08-13T10:58:59Z,5.91,71.33
2026-08-13T10:59:59Z,5.91,71.48
2026-08-13T11:01:59Z,5.92,71.63
2026-08-13T11:02:59Z,5.93,71.7
2026-08-13T11:03:59Z,5.92,71.62
2026-08-13T11:05:59Z,5.91,71.34
2026-08-13T11:06:59Z,5.91,71.41
2026-08-13T11:07:59Z,5.9,71.3
2026-08-13T11:09:59Z,5.9,71.2
2026-08-13T11:10:59Z,5.9,71.22
2026-08-13T11:11:59Z,5.88,70.86
2026-08-13T11:13:59Z,5.86,70.61
2026-08-13T11:14:59Z,5.87,70.67
2026-08-13T11:15:59Z,5.87,70.68
2026-08-13T11:17:59Z,5.87,70.67
2026-08-13T11:18:59Z,5.86,70.54
2026-08-13T11:19:59Z,5.85,70.38
2026-08-13T11:21:59Z,5.85,70.45
2026-08-13T11:22:59Z,5.85,70.46
2026-08-13T11:23:59Z,5.84,70.25
2026-08-13T11:25:59Z,5.85,70.31
2026-08-13T11:26:59Z,5.85,70.32
2026-08-13T11:27:59Z,5.85,70.35
2026-08-13T11:29:59Z,5.86,70.48
2026-08-13T11:30:59Z,5.86,70.52
2026-08-13T11:31:59Z,5.86,70.49
2026-08-13T11:33:59Z,5.86,70.52
2026-08-13T11:34:59Z,5.86,70.62
2026-08-13T11:35:59Z,5.86,70.5
2026-08-13T11:37:59Z,5.87,70.68
2026-08-13T11:38:59Z,5.86,70.6
2026-08-13T11:39:59Z,5.87,70.74
2026-08-13T11:41:59Z,5.86,70.63
2026-08-13T11:42:59Z,5.86,70.56
2026-08-13T11:43:59Z,5.87,70.78
2026-08-13T11:45:59Z,5.91,71.33
2026-08-13T11:46:59Z,5.91,71.36
2026-08-13T11:47:59Z,5.91,71.45
2026-08-13T11:49:59Z,5.91,71.41
2026-08-13T11:50:59Z,5.91,71.36
2026-08-13T11:51:59Z,5.91,71.34
2026-08-13T11:53:59Z,5.91,71.35
2026-08-13T11:54:59Z,5.9,71.26
2026-08-13T11:55:59Z,5.9,71.31
2026-08-13T11:57:59Z,5.91,71.47
2026-08-13T11:58:59Z,5.93,71.72
2026-08-13T11:59:59Z,5.93,71.74
2026-08-13T12:01:59Z,5.93,71.69
2026-08-13T12:02:59Z,5.92,71.57
2026-08-13T12:03:59Z,5.92,71.49
2026-08-13T12:05:59Z,5.91,71.39
2026-08-13T12:06:59Z,5.9,71.28
2026-08-13T12:07:59Z,5.9,71.29
2026-08-13T12:09:59Z,5.91,71.46
2026-08-13T12:10:59Z,5.93,71.76
2026-08-13T12:11:59Z,5.94,71.82
2026-08-13T12:13:59Z,5.94,71.92
2026-08-13T12:14:59Z,5.95,72.07
2026-08-13T12:15:59Z,5.96,72.29
2026-08-13T12:17:59Z,5.97,72.48
2026-08-13T12:18:59Z,5.97,72.45
2026-08-13T12:19:59Z,5.98,72.58
2026-08-13T12:21:59Z,5.97,72.48
2026-08-13T12:22:59Z,5.99,72.67
2026-08-13T12:23:59Z,5.98,72.58
2026-08-13T12:25:59Z,6.01,73.08
2026-08-13T12:26:59Z,6,72.85
2026-08-13T12:27:59Z,6,72.87
2026-08-13T12:29:59Z,5.98,72.64
2026-08-13T12:30:59Z,5.98,72.56
2026-08-13T12:32:59Z,5.97,72.42
2026-08-13T12:33:59Z,5.95,71.99
2026-08-13T12:35:59Z,5.93,71.8
2026-08-13T12:36:59Z,5.92,71.61
2026-08-13T12:38:59Z,5.91,71.38
2026-08-13T12:39:59Z,5.91,71.4
2026-08-13T12:41:59Z,5.89,71.06
2026-08-13T12:42:59Z,5.88,70.95
2026-08-13T12:43:59Z,5.88,70.92
2026-08-13T12:45:59Z,5.87,70.79
2026-08-13T12:46:59Z,5.89,70.99
2026-08-13T12:47:59Z,5.89,71.08
2026-08-13T12:49:59Z,5.9,71.21
2026-08-13T12:50:59Z,5.9,71.22
2026-08-13T12:51:59Z,5.89,71.1
2026-08-13T12:53:59Z,5.88,70.94
2026-08-13T12:54:59Z,5.89,71.09
2026-08-13T12:55:59Z,5.89,71.13
2026-08-13T12:57:59Z,5.91,71.33
2026-08-13T12:58:59Z,5.91,71.4
2026-08-13T12:59:59Z,5.91,71.46
2026-08-13T13:02:59Z,5.92,71.55
2026-08-13T13:03:59Z,5.93,71.7
2026-08-13T13:06:59Z,5.93,71.75
2026-08-13T13:07:59Z,5.94,71.95
2026-08-13T13:08:59Z,5.94,71.83
2026-08-13T13:10:59Z,5.95,72.12
2026-08-13T13:11:59Z,5.95,71.99
2026-08-13T13:14:59Z,5.96,72.16
2026-08-13T13:15:59Z,5.96,72.24
2026-08-13T13:16:59Z,5.95,72.15
2026-08-13T13:18:59Z,5.95,72.02
2026-08-13T13:19:59Z,5.93,71.8
2026-08-13T13:22:59Z,5.94,71.82
2026-08-13T13:23:59Z,5.93,71.81
2026-08-13T13:26:59Z,5.94,71.85
2026-08-13T13:27:59Z,5.94,71.87
2026-08-13T13:28:59Z,5.93,71.78
2026-08-13T13:30:59Z,5.92,71.49
2026-08-13T13:31:59Z,5.91,71.39
2026-08-13T13:32:59Z,5.92,71.5
2026-08-13T13:34:59Z,5.92,71.57
2026-08-13T13:35:59Z,5.94,71.9
2026-08-13T13:36:59Z,5.93,71.78
2026-08-13T13:38:59Z,5.94,71.83
2026-08-13T13:39:59Z,5.93,71.75
2026-08-13T13:40:59Z,5.93,71.69
2026-08-13T13:42:59Z,5.93,71.66
2026-08-13T13:43:59Z,5.92,71.63
2026-08-13T13:44:59Z,5.93,71.65
2026-08-13T13:46:59Z,5.94,71.86
2026-08-13T13:47:59Z,5.94,71.89
2026-08-13T13:48:59Z,5.94,71.92
2026-08-13T13:50:59Z,5.94,71.83
2026-08-13T13:51:59Z,5.93,71.73
2026-08-13T13:52:59Z,5.93,71.75
2026-08-13T13:54:59Z,5.94,71.93
2026-08-13T13:55:59Z,5.94,71.95
2026-08-13T13:56:59Z,5.94,71.91
2026-08-13T13:58:59Z,5.96,72.21
2026-08-13T13:59:59Z,5.98,72.57
2026-08-13T14:00:59Z,5.99,72.81
2026-08-13T14:02:59Z,6.02,73.25
2026-08-13T14:03:59Z,6.04,73.51
2026-08-13T14:04:59Z,6.05,73.69
2026-08-13T14:06:59Z,6.05,73.83
2026-08-13T14:07:59Z,6.05,73.76
2026-08-13T14:08:59Z,6.06,73.88
2026-08-13T14:10:59Z,6.05,73.79
2026-08-13T14:11:59Z,6.06,73.87
2026-08-13T14:12:59Z,6.06,73.84
2026-08-13T14:14:59Z,6.05,73.77
2026-08-13T14:15:59Z,6.05,73.75
2026-08-13T14:16:59Z,6.05,73.68
2026-08-13T14:18:59Z,6.04,73.58
2026-08-13T14:19:59Z,6.04,73.5
2026-08-13T14:20:59Z,6.03,73.48
2026-08-13T14:22:59Z,6.02,73.32
2026-08-13T14:23:59Z,6.03,73.35
2026-08-13T14:24:59Z,6.03,73.42
2026-08-13T14:26:59Z,6.03,73.45
2026-08-13T14:27:59Z,6.03,73.35
2026-08-13T14:28:59Z,6.03,73.44
2026-08-13T14:29:59Z,6.03,73.45
2026-08-13T14:30:59Z,6.04,73.51
2026-08-13T14:31:59Z,6.04,73.57
2026-08-13T14:32:59Z,6.05,73.72
2026-08-13T14:33:59Z,6.05,73.81
2026-08-13T14:34:59Z,6.05,73.83
2026-08-13T14:35:59Z,6.06,73.85
2026-08-13T14:36:59Z,6.06,73.89
2026-08-13T14:37:59Z,6.06,73.95
2026-08-13T14:38:59Z,6.07,74.03
2026-08-13T14:39:59Z,6.06,73.94
2026-08-13T14:40:59Z,6.06,73.94
2026-08-13T14:41:59Z,6.06,73.9
2026-08-13T14:42:59Z,6.06,74
2026-08-13T14:43:59Z,6.07,74.07
2026-08-13T14:44:59Z,6.07,74.03
2026-08-13T14:45:59Z,6.07,74.04
2026-08-13T14:46:59Z,6.07,74.09
2026-08-13T14:47:59Z,6.07,74.17
2026-08-13T14:48:59Z,6.08,74.19
2026-08-13T14:49:59Z,6.08,74.21
2026-08-13T14:50:59Z,6.07,74.17
2026-08-13T14:51:59Z,6.06,74
2026-08-13T14:52:59Z,6.08,74.19
2026-08-13T14:53:59Z,6.09,74.4
2026-08-13T14:54:59Z,6.08,74.23
2026-08-13T14:55:59Z,6.08,74.23
2026-08-13T14:56:59Z,6.07,74.09
2026-08-13T14:57:59Z,6.07,74.05
2026-08-13T14:58:59Z,6.07,74.17
2026-08-13T14:59:59Z,6.07,74.17
2026-08-13T15:00:59Z,6.08,74.22
2026-08-13T15:01:59Z,6.08,74.31
2026-08-13T15:02:59Z,6.1,74.52
2026-08-13T15:03:59Z,6.1,74.63
2026-08-13T15:04:59Z,6.09,74.42
2026-08-13T15:05:59Z,6.1,74.58
2026-08-13T15:06:59Z,6.08,74.33
2026-08-13T15:07:59Z,6.09,74.38
2026-08-13T15:08:59Z,6.09,74.43
2026-08-13T15:09:59Z,6.08,74.33
2026-08-13T15:10:59Z,6.07,74.16
2026-08-13T15:11:59Z,6.07,74.07
2026-08-13T15:12:59Z,6.09,74.45
2026-08-13T15:13:59Z,6.09,74.41
2026-08-13T15:14:59Z,6.1,74.58
2026-08-13T15:15:59Z,6.09,74.46
2026-08-13T15:16:59Z,6.08,74.28
2026-08-13T15:17:59Z,6.09,74.5
2026-08-13T15:18:59Z,6.1,74.6
2026-08-13T15:19:59Z,6.09,74.44
2026-08-13T15:20:59Z,6.09,74.44
2026-08-13T15:21:59Z,6.09,74.47
2026-08-13T15:22:59Z,6.09,74.45
2026-08-13T15:23:59Z,6.1,74.53
2026-08-13T15:24:59Z,6.1,74.56
2026-08-13T15:25:59Z,6.1,74.58
2026-08-13T15:26:59Z,6.1,74.6
2026-08-13T15:27:59Z,6.1,74.59
2026-08-13T15:28:59Z,6.1,74.55
2026-08-13T15:29:59Z,6.1,74.57
2026-08-13T15:30:59Z,6.1,74.59
2026-08-13T15:31:59Z,6.1,74.65
2026-08-13T15:32:59Z,6.11,74.68
2026-08-13T15:33:59Z,6.11,74.81
2026-08-13T15:34:59Z,6.11,74.84
2026-08-13T15:35:59Z,6.11,74.83
2026-08-13T15:36:59Z,6.12,74.99
2026-08-13T15:37:59Z,6.12,74.95
2026-08-13T15:38:59Z,6.12,74.98
2026-08-13T15:39:59Z,6.13,75.1
2026-08-13T15:40:59Z,6.14,75.25
2026-08-13T15:41:59Z,6.14,75.27
2026-08-13T15:42:59Z,6.14,75.2
2026-08-13T15:43:59Z,6.14,75.27
2026-08-13T15:44:59Z,6.14,75.19
2026-08-13T15:45:59Z,6.14,75.28
2026-08-13T15:46:59Z,6.14,75.31
2026-08-13T15:47:59Z,6.14,75.33
2026-08-13T15:48:59Z,6.13,75.15
2026-08-13T15:49:59Z,6.12,74.99
2026-08-13T15:50:59Z,6.14,75.25
2026-08-13T15:51:59Z,6.13,75.16
2026-08-13T15:52:59Z,6.13,75.12
2026-08-13T15:53:59Z,6.14,75.26
2026-08-13T15:54:59Z,6.14,75.21
2026-08-13T15:55:59Z,6.14,75.2
2026-08-13T15:56:59Z,6.15,75.5
2026-08-13T15:57:59Z,6.16,75.56
2026-08-13T15:58:59Z,6.16,75.65
2026-08-13T15:59:59Z,6.16,75.64
2026-08-13T16:00:59Z,6.16,75.52
2026-08-13T16:01:59Z,6.15,75.48
2026-08-13T16:02:59Z,6.15,75.5
2026-08-13T16:03:59Z,6.16,75.6
2026-08-13T16:04:59Z,6.16,75.64
2026-08-13T16:05:59Z,6.16,75.67
2026-08-13T16:06:59Z,6.16,75.68
2026-08-13T16:07:59Z,6.17,75.83
2026-08-13T16:08:59Z,6.18,75.94
2026-08-13T16:09:59Z,6.18,75.96
2026-08-13T16:10:59Z,6.18,75.97
2026-08-13T16:11:59Z,6.19,76.07
2026-08-13T16:12:59Z,6.19,76.15
2026-08-13T16:13:59Z,6.2,76.35
2026-08-13T16:14:59Z,6.2,76.27
2026-08-13T16:15:59Z,6.2,76.34
2026-08-13T16:16:59Z,6.21,76.41
2026-08-13T16:17:59Z,6.21,76.45
2026-08-13T16:18:59Z,6.22,76.53
2026-08-13T16:19:59Z,6.22,76.61
2026-08-13T16:20:59Z,6.22,76.68
2026-08-13T16:21:59Z,6.23,76.71
2026-08-13T16:22:59Z,6.23,76.72
2026-08-13T16:23:59Z,6.22,76.69
2026-08-13T16:24:59Z,6.24,76.91
2026-08-13T16:25:59Z,6.24,77.03
2026-08-13T16:26:59Z,6.24,77.02
2026-08-13T16:27:59Z,6.26,77.24
2026-08-13T16:28:59Z,6.25,77.05
2026-08-13T16:29:59Z,6.24,76.94
2026-08-13T16:30:59Z,6.25,77.06
2026-08-13T16:31:59Z,6.25,77.13
2026-08-13T16:32:59Z,6.27,77.37
2026-08-13T16:33:59Z,6.26,77.36
2026-08-13T16:34:59Z,6.24,77
2026-08-13T16:35:59Z,6.24,76.94
2026-08-13T16:36:59Z,6.23,76.85
2026-08-13T16:37:59Z,6.24,76.94
2026-08-13T16:38:59Z,6.23,76.71
2026-08-13T16:39:59Z,6.22,76.59
2026-08-13T16:40:59Z,6.23,76.74
2026-08-13T16:41:59Z,6.24,76.9
2026-08-13T16:42:59Z,6.24,76.93
2026-08-13T16:43:59Z,6.24,76.93
2026-08-13T16:44:59Z,6.25,77.19
2026-08-13T16:45:59Z,6.25,77.1
2026-08-13T16:46:59Z,6.25,77.1
2026-08-13T16:47:59Z,6.24,76.98
2026-08-13T16:48:59Z,6.23,76.86
2026-08-13T16:49:59Z,6.23,76.8
2026-08-13T16:50:59Z,6.22,76.69
2026-08-13T16:51:59Z,6.23,76.7
2026-08-13T16:52:59Z,6.21,76.47
2026-08-13T16:53:59Z,6.22,76.63
2026-08-13T16:54:59Z,6.21,76.4
2026-08-13T16:55:59Z,6.2,76.35
2026-08-13T16:56:59Z,6.2,76.27
2026-08-13T16:57:59Z,6.21,76.49
2026-08-13T16:58:59Z,6.22,76.63
2026-08-13T16:59:59Z,6.22,76.59
2026-08-13T17:00:59Z,6.22,76.62
2026-08-13T17:01:59Z,6.22,76.64
2026-08-13T17:02:59Z,6.22,76.59
2026-08-13T17:03:59Z,6.22,76.53
2026-08-13T17:04:59Z,6.21,76.49
2026-08-13T17:05:59Z,6.2,76.31
2026-08-13T17:06:59Z,6.2,76.23
2026-08-13T17:07:59Z,6.21,76.38
2026-08-13T17:08:59Z,6.21,76.47
2026-08-13T17:09:59Z,6.21,76.48
2026-08-13T17:10:59Z,6.21,76.38
2026-08-13T17:11:59Z,6.21,76.43
2026-08-13T17:12:59Z,6.22,76.62
2026-08-13T17:13:59Z,6.22,76.65
2026-08-13T17:14:59Z,6.2,76.35
2026-08-13T17:15:59Z,6.2,76.35
2026-08-13T17:16:59Z,6.2,76.32
2026-08-13T17:17:59Z,6.2,76.23
2026-08-13T17:18:59Z,6.2,76.22
2026-08-13T17:19:59Z,6.21,76.36
2026-08-13T17:20:59Z,6.21,76.37
2026-08-13T17:21:59Z,6.2,76.33
2026-08-13T17:22:59Z,6.2,76.29
2026-08-13T17:23:59Z,6.19,76.14
2026-08-13T17:24:59Z,6.2,76.21
2026-08-13T17:25:59Z,6.2,76.29
2026-08-13T17:26:59Z,6.2,76.35
2026-08-13T17:27:59Z,6.21,76.51
2026-08-13T17:28:59Z,6.21,76.52
2026-08-13T17:29:59Z,6.22,76.55
2026-08-13T17:30:59Z,6.23,76.84
2026-08-13T17:31:59Z,6.25,77.05
2026-08-13T17:32:59Z,6.26,77.22
2026-08-13T17:33:59Z,6.26,77.35
2026-08-13T17:34:59Z,6.27,77.44
2026-08-13T17:35:59Z,6.28,77.63
2026-08-13T17:36:59Z,6.28,77.68
2026-08-13T17:37:59Z,6.27,77.47
2026-08-13T17:38:59Z,6.27,77.53
2026-08-13T17:39:59Z,6.27,77.4
2026-08-13T17:40:59Z,6.25,77.17
2026-08-13T17:41:59Z,6.25,77.13
2026-08-13T17:42:59Z,6.24,76.91
2026-08-13T17:43:59Z,6.23,76.85
2026-08-13T17:44:59Z,6.22,76.57
2026-08-13T17:45:59Z,6.21,76.43
2026-08-13T17:46:59Z,6.2,76.34
2026-08-13T17:47:59Z,6.21,76.45
2026-08-13T17:48:59Z,6.21,76.45
2026-08-13T17:49:59Z,6.21,76.4
2026-08-13T17:50:59Z,6.21,76.37
2026-08-13T17:51:59Z,6.21,76.42
2026-08-13T17:52:59Z,6.2,76.29
2026-08-13T17:53:59Z,6.2,76.28
2026-08-13T17:54:59Z,6.21,76.4
2026-08-13T17:55:59Z,6.22,76.55
2026-08-13T17:56:59Z,6.21,76.52
2026-08-13T17:57:59Z,6.22,76.61
2026-08-13T17:58:59Z,6.23,76.76
2026-08-13T17:59:59Z,6.24,76.98
2026-08-13T18:00:59Z,6.25,77.08
2026-08-13T18:01:59Z,6.25,77.04
2026-08-13T18:02:59Z,6.25,77.19
2026-08-13T18:03:59Z,6.26,77.24
2026-08-13T18:04:59Z,6.25,77.06
2026-08-13T18:05:59Z,6.24,76.98
2026-08-13T18:06:59Z,6.25,77.06
2026-08-13T18:07:59Z,6.24,77.03
2026-08-13T18:08:59Z,6.23,76.8
2026-08-13T18:09:59Z,6.23,76.81
2026-08-13T18:10:59Z,6.23,76.85
2026-08-13T18:11:59Z,6.24,76.99
2026-08-13T18:12:59Z,6.24,76.97
2026-08-13T18:13:59Z,6.25,77.09
2026-08-13T18:14:59Z,6.25,77.09
2026-08-13T18:15:59Z,6.25,77.06
2026-08-13T18:16:59Z,6.26,77.21
2026-08-13T18:17:59Z,6.26,77.35
2026-08-13T18:18:59Z,6.25,77.18
2026-08-13T18:19:59Z,6.25,77.16
2026-08-13T18:20:59Z,6.25,77.13
2026-08-13T18:21:59Z,6.24,76.89
2026-08-13T18:22:59Z,6.23,76.76
2026-08-13T18:23:59Z,6.23,76.78
2026-08-13T18:24:59Z,6.23,76.73
2026-08-13T18:25:59Z,6.23,76.75
2026-08-13T18:26:59Z,6.24,76.9
2026-08-13T18:27:59Z,6.24,76.92
2026-08-13T18:28:59Z,6.24,76.9
2026-08-13T18:29:59Z,6.24,76.94
2026-08-13T18:30:59Z,6.25,77.09
2026-08-13T18:31:59Z,6.25,77.19
2026-08-13T18:32:59Z,6.26,77.21
2026-08-13T18:33:59Z,6.26,77.28
2026-08-13T18:34:59Z,6.27,77.39
2026-08-13T18:35:59Z,6.27,77.5
2026-08-13T18:36:59Z,6.27,77.52
2026-08-13T18:37:59Z,6.28,77.63
2026-08-13T18:38:59Z,6.28,77.6
2026-08-13T18:39:59Z,6.28,77.69
2026-08-13T18:40:59Z,6.28,77.7
2026-08-13T18:41:59Z,6.29,77.75
2026-08-13T18:42:59Z,6.29,77.77
2026-08-13T18:43:59Z,6.29,77.71
2026-08-13T18:44:59Z,6.29,77.73
2026-08-13T18:45:59Z,6.28,77.66
2026-08-13T18:46:59Z,6.28,77.68
2026-08-13T18:47:59Z,6.28,77.59
2026-08-13T18:48:59Z,6.27,77.46
2026-08-13T18:49:59Z,6.27,77.43
2026-08-13T18:50:59Z,6.27,77.4
2026-08-13T18:51:59Z,6.27,77.39
2026-08-13T18:52:59Z,6.26,77.21
2026-08-13T18:53:59Z,6.25,77.16
2026-08-13T18:54:59Z,6.25,77.17
2026-08-13T18:55:59Z,6.24,77.01
2026-08-13T18:56:59Z,6.24,77.02
2026-08-13T18:57:59Z,6.23,76.86
2026-08-13T18:58:59Z,6.22,76.67
2026-08-13T18:59:59Z,6.23,76.73
2026-08-13T19:00:59Z,6.22,76.65
2026-08-13T19:01:59Z,6.22,76.59
2026-08-13T19:02:59Z,6.22,76.59
2026-08-13T19:03:59Z,6.21,76.52
2026-08-13T19:04:59Z,6.21,76.51
2026-08-13T19:05:59Z,6.22,76.58
2026-08-13T19:06:59Z,6.22,76.53
2026-08-13T19:07:59Z,6.21,76.5
2026-08-13T19:08:59Z,6.21,76.49
2026-08-13T19:09:59Z,6.21,76.52
2026-08-13T19:10:59Z,6.22,76.55
2026-08-13T19:11:59Z,6.22,76.56
2026-08-13T19:12:59Z,6.22,76.58
2026-08-13T19:13:59Z,6.22,76.6
2026-08-13T19:14:59Z,6.22,76.65
2026-08-13T19:15:59Z,6.22,76.69
2026-08-13T19:16:59Z,6.22,76.64
2026-08-13T19:17:59Z,6.21,76.52
2026-08-13T19:18:59Z,6.21,76.48
2026-08-13T19:19:59Z,6.2,76.35
2026-08-13T19:20:59Z,6.21,76.52
2026-08-13T19:21:59Z,6.23,76.71
2026-08-13T19:22:59Z,6.23,76.73
2026-08-13T19:23:59Z,6.24,76.92
2026-08-13T19:24:59Z,6.24,76.98
2026-08-13T19:25:59Z,6.26,77.2
2026-08-13T19:26:59Z,6.25,77.08
2026-08-13T19:27:59Z,6.24,76.95
2026-08-13T19:28:59Z,6.24,77.01
2026-08-13T19:29:59Z,6.25,77.1
2026-08-13T19:30:59Z,6.26,77.33
2026-08-13T19:31:59Z,6.27,77.43
2026-08-13T19:32:59Z,6.27,77.46
2026-08-13T19:33:59Z,6.28,77.58
2026-08-13T19:34:59Z,6.27,77.48
2026-08-13T19:35:59Z,6.27,77.42
2026-08-13T19:36:59Z,6.27,77.5
2026-08-13T19:37:59Z,6.28,77.68
2026-08-13T19:38:59Z,6.29,77.71
2026-08-13T19:39:59Z,6.29,77.71
2026-08-13T19:40:59Z,6.29,77.83
2026-08-13T19:41:59Z,6.29,77.85
2026-08-13T19:42:59Z,6.3,77.88
2026-08-13T19:43:59Z,6.3,77.94
2026-08-13T19:44:59Z,6.3,78
2026-08-13T19:45:59Z,6.3,77.94
2026-08-13T19:46:59Z,6.31,78.1
2026-08-13T19:47:59Z,6.3,78.01
2026-08-13T19:48:59Z,6.32,78.31
2026-08-13T19:49:59Z,6.34,78.6
2026-08-13T19:50:59Z,6.34,78.7
2026-08-13T19:51:59Z,6.33,78.51
2026-08-13T19:52:59Z,6.33,78.49
2026-08-13T19:53:59Z,6.32,78.23
2026-08-13T19:54:59Z,6.31,78.17
2026-08-13T19:55:59Z,6.31,78.05
2026-08-13T19:56:59Z,6.3,77.92
2026-08-13T19:57:59Z,6.29,77.8
2026-08-13T19:58:59Z,6.28,77.56
2026-08-13T19:59:59Z,6.27,77.48
2026-08-13T20:00:59Z,6.27,77.45
2026-08-13T20:01:59Z,6.27,77.48
2026-08-13T20:02:59Z,6.27,77.48
2026-08-13T20:03:59Z,6.27,77.43
2026-08-13T20:04:59Z,6.27,77.44
2026-08-13T20:05:59Z,6.27,77.53
2026-08-13T20:06:59Z,6.29,77.72
2026-08-13T20:07:59Z,6.29,77.81
2026-08-13T20:08:59Z,6.29,77.82
2026-08-13T20:09:59Z,6.29,77.85
2026-08-13T20:10:59Z,6.31,78.16
2026-08-13T20:11:59Z,6.31,78.15
2026-08-13T20:12:59Z,6.32,78.26
2026-08-13T20:13:59Z,6.32,78.24
2026-08-13T20:14:59Z,6.31,78.1
2026-08-13T20:15:59Z,6.3,77.98
2026-08-13T20:16:59Z,6.3,77.92
2026-08-13T20:17:59Z,6.3,77.97
2026-08-13T20:18:59Z,6.3,78.03
2026-08-13T20:19:59Z,6.32,78.35
2026-08-13T20:20:59Z,6.33,78.43
2026-08-13T20:21:59Z,6.34,78.56
2026-08-13T20:22:59Z,6.33,78.53
2026-08-13T20:23:59Z,6.33,78.47
2026-08-13T20:24:59Z,6.32,78.36
2026-08-13T20:25:59Z,6.31,78.18
2026-08-13T20:26:59Z,6.31,78.09
2026-08-13T20:27:59Z,6.32,78.21
2026-08-13T20:28:59Z,6.32,78.36
2026-08-13T20:29:59Z,6.33,78.5
2026-08-13T20:30:59Z,6.33,78.53
2026-08-13T20:31:59Z,6.34,78.64
2026-08-13T20:32:59Z,6.35,78.86
2026-08-13T20:33:59Z,6.36,78.91
2026-08-13T20:34:59Z,6.36,78.88
2026-08-13T20:35:59Z,6.36,78.94
2026-08-13T20:36:59Z,6.37,79.15
2026-08-13T20:37:59Z,6.37,79.1
2026-08-13T20:38:59Z,6.37,79.13
2026-08-13T20:39:59Z,6.37,79.11
2026-08-13T20:40:59Z,6.37,79.05
2026-08-13T20:41:59Z,6.37,79.14
2026-08-13T20:42:59Z,6.37,79.09
2026-08-13T20:43:59Z,6.37,79.07
2026-08-13T20:44:59Z,6.37,79.07
2026-08-13T20:45:59Z,6.37,79.15
2026-08-13T20:46:59Z,6.37,79.18
2026-08-13T20:47:59Z,6.37,79.21
2026-08-13T20:48:59Z,6.38,79.23
2026-08-13T20:49:59Z,6.38,79.33
2026-08-13T20:50:59Z,6.38,79.34
2026-08-13T20:51:59Z,6.38,79.35
2026-08-13T20:52:59Z,6.39,79.47
2026-08-13T20:53:59Z,6.39,79.43
2026-08-13T20:54:59Z,6.39,79.48
2026-08-13T20:55:59Z,6.4,79.56
2026-08-13T20:56:59Z,6.4,79.57
2026-08-13T20:57:59Z,6.41,79.81
2026-08-13T20:58:59Z,6.42,79.9
2026-08-13T20:59:59Z,6.43,80.1
2026-08-13T21:00:59Z,6.43,80.18
2026-08-13T21:01:59Z,6.44,80.34
2026-08-13T21:02:59Z,6.44,80.29
2026-08-13T21:03:59Z,6.45,80.41
2026-08-13T21:04:59Z,6.44,80.31
2026-08-13T21:05:59Z,6.44,80.35
2026-08-13T21:06:59Z,6.44,80.37
2026-08-13T21:07:59Z,6.44,80.37
2026-08-13T21:08:59Z,6.45,80.47
2026-08-13T21:09:59Z,6.46,80.57
2026-08-13T21:10:59Z,6.46,80.57
2026-08-13T21:11:59Z,6.45,80.56
2026-08-13T21:12:59Z,6.45,80.55
2026-08-13T21:13:59Z,6.45,80.49
2026-08-13T21:14:59Z,6.46,80.57
2026-08-13T21:15:59Z,6.45,80.55
2026-08-13T21:16:59Z,6.45,80.54
2026-08-13T21:17:59Z,6.45,80.45
2026-08-13T21:18:59Z,6.42,80.01
2026-08-13T21:19:59Z,6.42,80.04
2026-08-13T21:20:59Z,6.42,79.98
2026-08-13T21:21:59Z,6.41,79.83
2026-08-13T21:22:59Z,6.41,79.74
2026-08-13T21:23:59Z,6.41,79.78
2026-08-13T21:24:59Z,6.41,79.75
2026-08-13T21:25:59Z,6.41,79.77
2026-08-13T21:26:59Z,6.4,79.66
2026-08-13T21:27:59Z,6.4,79.66
2026-08-13T21:28:59Z,6.4,79.59
2026-08-13T21:29:59Z,6.39,79.43
2026-08-13T21:30:59Z,6.39,79.51
2026-08-13T21:31:59Z,6.39,79.47
2026-08-13T21:32:59Z,6.39,79.49
2026-08-13T21:33:59Z,6.4,79.59
2026-08-13T21:34:59Z,6.4,79.64
2026-08-13T21:35:59Z,6.41,79.73
2026-08-13T21:36:59Z,6.41,79.73
2026-08-13T21:37:59Z,6.4,79.62
2026-08-13T21:38:59Z,6.4,79.6
2026-08-13T21:39:59Z,6.4,79.72
2026-08-13T21:40:59Z,6.41,79.79
2026-08-13T21:41:59Z,6.41,79.85
2026-08-13T21:42:59Z,6.42,79.91
2026-08-13T21:43:59Z,6.41,79.82
2026-08-13T21:44:59Z,6.41,79.73
2026-08-13T21:45:59Z,6.4,79.68
2026-08-13T21:46:59Z,6.4,79.64
2026-08-13T21:47:59Z,6.39,79.53
2026-08-13T21:48:59Z,6.39,79.48
2026-08-13T21:49:59Z,6.4,79.68
2026-08-13T21:50:59Z,6.4,79.69
2026-08-13T21:51:59Z,6.4,79.7
2026-08-13T21:52:59Z,6.4,79.57
2026-08-13T21:53:59Z,6.4,79.69
2026-08-13T21:54:59Z,6.41,79.73
2026-08-13T21:55:59Z,6.4,79.72
2026-08-13T21:56:59Z,6.41,79.77
2026-08-13T21:57:59Z,6.41,79.85
2026-08-13T21:58:59Z,6.42,79.9
2026-08-13T21:59:59Z,6.42,79.98
2026-08-13T22:00:59Z,6.42,79.99
2026-08-13T22:01:59Z,6.42,79.96
2026-08-13T22:02:59Z,6.42,80
2026-08-13T22:03:59Z,6.42,79.95
2026-08-13T22:04:59Z,6.42,79.99
2026-08-13T22:05:59Z,6.42,80.05
2026-08-13T22:06:59Z,6.42,80.01
2026-08-13T22:07:59Z,6.42,79.96
2026-08-13T22:08:59Z,6.41,79.83
2026-08-13T22:09:59Z,6.42,79.91
2026-08-13T22:10:59Z,6.42,79.89
2026-08-13T22:11:59Z,6.42,80.02
2026-08-13T22:12:59Z,6.43,80.14
2026-08-13T22:13:59Z,6.43,80.07
2026-08-13T22:14:59Z,6.43,80.09
2026-08-13T22:15:59Z,6.42,80.04
2026-08-13T22:16:59Z,6.42,79.97
2026-08-13T22:17:59Z,6.42,80.04
2026-08-13T22:18:59Z,6.43,80.06
2026-08-13T22:19:59Z,6.41,79.87
2026-08-13T22:20:59Z,6.4,79.58
2026-08-13T22:21:59Z,6.4,79.58
2026-08-13T22:22:59Z,6.39,79.46
2026-08-13T22:23:59Z,6.39,79.41
2026-08-13T22:24:59Z,6.4,79.56
2026-08-13T22:25:59Z,6.39,79.41
2026-08-13T22:26:59Z,6.39,79.43
2026-08-13T22:27:59Z,6.38,79.25
2026-08-13T22:28:59Z,6.38,79.37
2026-08-13T22:29:59Z,6.4,79.64
2026-08-13T22:30:59Z,6.39,79.42
2026-08-13T22:31:59Z,6.37,79.13
2026-08-13T22:32:59Z,6.35,78.79
2026-08-13T22:33:59Z,6.35,78.72
2026-08-13T22:34:59Z,6.33,78.54
2026-08-13T22:35:59Z,6.32,78.37
2026-08-13T22:36:59Z,6.32,78.27
2026-08-13T22:37:59Z,6.31,78.12
2026-08-13T22:38:59Z,6.31,78.05
2026-08-13T22:39:59Z,6.29,77.79
2026-08-13T22:40:59Z,6.28,77.67
2026-08-13T22:41:59Z,6.29,77.74
2026-08-13T22:42:59Z,6.28,77.64
2026-08-13T22:43:59Z,6.27,77.49
2026-08-13T22:44:59Z,6.27,77.43
2026-08-13T22:45:59Z,6.27,77.5
2026-08-13T22:46:59Z,6.26,77.32
2026-08-13T22:47:59Z,6.25,77.15
2026-08-13T22:48:59Z,6.24,77.01
2026-08-13T22:49:59Z,6.24,77.01
2026-08-13T22:50:59Z,6.22,76.65
2026-08-13T22:51:59Z,6.22,76.61
2026-08-13T22:52:59Z,6.21,76.42
2026-08-13T22:53:59Z,6.21,76.39
2026-08-13T22:54:59Z,6.19,76.08
2026-08-13T22:55:59Z,6.18,76.01
2026-08-13T22:56:59Z,6.17,75.77
2026-08-13T22:57:59Z,6.17,75.8
2026-08-13T22:58:59Z,6.17,75.82
2026-08-13T22:59:59Z,6.17,75.74
2026-08-13T23:00:59Z,6.15,75.43
2026-08-13T23:01:59Z,6.14,75.23
2026-08-13T23:02:59Z,6.15,75.42
2026-08-13T23:03:59Z,6.15,75.5
2026-08-13T23:04:59Z,6.14,75.22
2026-08-13T23:05:59Z,6.14,75.21
2026-08-13T23:06:59Z,6.13,75.11
2026-08-13T23:07:59Z,6.12,75
2026-08-13T23:08:59Z,6.11,74.68
2026-08-13T23:09:59Z,6.11,74.77
2026-08-13T23:10:59Z,6.11,74.71
2026-08-13T23:11:59Z,6.1,74.55
2026-08-13T23:12:59Z,6.08,74.29
2026-08-13T23:13:59Z,6.07,74.12
2026-08-13T23:14:59Z,6.05,73.72
2026-08-13T23:15:59Z,6.04,73.64
2026-08-13T23:16:59Z,6.02,73.33
2026-08-13T23:17:59Z,6,72.92
2026-08-13T23:18:59Z,5.99,72.77
2026-08-13T23:19:59Z,5.97,72.42
2026-08-13T23:20:59Z,5.97,72.48
2026-08-13T23:21:59Z,5.98,72.57
2026-08-13T23:22:59Z,5.98,72.51
2026-08-13T23:23:59Z,5.97,72.46
2026-08-13T23:24:59Z,5.97,72.49
2026-08-13T23:25:59Z,5.97,72.38
2026-08-13T23:26:59Z,5.94,71.97
2026-08-13T23:27:59Z,5.95,72.05
2026-08-13T23:28:59Z,5.95,72.12
2026-08-13T23:29:59Z,5.96,72.23
2026-08-13T23:30:59Z,5.95,72.15
2026-08-13T23:31:59Z,5.94,71.95
2026-08-13T23:32:59Z,5.94,71.9
2026-08-13T23:33:59Z,5.94,71.84
2026-08-13T23:34:59Z,5.93,71.72
2026-08-13T23:35:59Z,5.94,71.88
2026-08-13T23:36:59Z,5.93,71.8
2026-08-13T23:37:59Z,5.92,71.49
2026-08-13T23:38:59Z,5.91,71.38
2026-08-13T23:39:59Z,5.91,71.34
2026-08-13T23:40:59Z,5.91,71.32
2026-08-13T23:41:59Z,5.9,71.18
2026-08-13T23:42:59Z,5.91,71.36
2026-08-13T23:43:59Z,5.87,70.74
2026-08-13T23:44:59Z,5.85,70.36
2026-08-13T23:45:59Z,5.85,70.37
2026-08-13T23:46:59Z,5.84,70.22
2026-08-13T23:47:59Z,5.86,70.63
2026-08-13T23:48:59Z,5.87,70.73
2026-08-13T23:49:59Z,5.86,70.48
2026-08-13T23:50:59Z,5.86,70.59
2026-08-13T23:51:59Z,5.87,70.7
2026-08-13T23:52:59Z,5.87,70.72
2026-08-13T23:53:59Z,5.9,71.23
2026-08-13T23:54:59Z,5.85,70.39
2026-08-13T23:55:59Z,5.82,69.95
2026-08-13T23:56:59Z,5.83,69.98
2026-08-13T23:57:59Z,5.83,70.06
2026-08-13T23:58:59Z,5.8,69.58
2026-08-13T23:59:59Z,5.8,69.55
2026-08-14T00:00:59Z,5.79,69.38
2026-08-14T00:01:59Z,5.78,69.18
2026-08-14T00:02:59Z,5.76,68.93
2026-08-14T00:03:59Z,5.77,69.1
2026-08-14T00:04:59Z,5.76,68.8
2026-08-14T00:05:59Z,5.76,68.87
2026-08-14T00:06:59Z,5.77,69.11
2026-08-14T00:07:59Z,5.77,69.09
2026-08-14T00:08:59Z,5.76,68.85
2026-08-14T00:09:59Z,5.74,68.52
2026-08-14T00:10:59Z,5.73,68.29
2026-08-14T00:11:59Z,5.72,68.23
2026-08-14T00:12:59Z,5.69,67.75
2026-08-14T00:13:59Z,5.67,67.39
2026-08-14T00:14:59Z,5.66,67.11
2026-08-14T00:15:59Z,5.62,66.52
2026-08-14T00:16:59Z,5.6,66.11
2026-08-14T00:17:59Z,5.62,66.57
2026-08-14T00:18:59Z,5.64,66.87
2026-08-14T00:19:59Z,5.64,66.91
2026-08-14T00:20:59Z,5.63,66.67
2026-08-14T00:21:59Z,5.61,66.27
2026-08-14T00:22:59Z,5.6,66.25
2026-08-14T00:23:59Z,5.63,66.69
2026-08-14T00:24:59Z,5.61,66.27
2026-08-14T00:25:59Z,5.6,66.11
2026-08-14T00:26:59Z,5.59,66.08
2026-08-14T00:27:59Z,5.55,65.37
2026-08-14T00:28:59Z,5.52,64.81
2026-08-14T00:29:59Z,5.52,64.92
2026-08-14T00:30:59Z,5.5,64.5
2026-08-14T00:31:59Z,5.49,64.27
2026-08-14T00:32:59Z,5.5,64.56
2026-08-14T00:33:59Z,5.44,63.48
2026-08-14T00:34:59Z,5.4,62.86
2026-08-14T00:35:59Z,5.42,63.18
2026-08-14T00:36:59Z,5.42,63.21
2026-08-14T00:37:59Z,6.13,62.02
2026-08-14T00:38:59Z,6.13,61.93
2026-08-14T00:39:59Z,5.37,62.29
2026-08-14T00:40:59Z,5.35,61.93
2026-08-14T00:41:59Z,5.32,61.54
2026-08-14T00:42:59Z,5.31,61.34
2026-08-14T00:43:59Z,6.1,61.41
2026-08-14T00:44:59Z,5.32,61.43
2026-08-14T00:45:59Z,5.33,61.65
2026-08-14T00:46:59Z,5.28,60.83
2026-08-14T00:47:59Z,6.07,61
2026-08-14T00:48:59Z,6.09,61.31
2026-08-14T00:49:59Z,5.29,60.91
2026-08-14T00:50:59Z,5.29,60.92
2026-08-14T00:51:59Z,5.26,60.53
2026-08-14T00:52:59Z,6.01,60.04
2026-08-14T00:53:59Z,6.03,60.32
2026-08-14T00:54:59Z,6.06,60.8
2026-08-14T00:56:30Z,5.27,60.62
2026-08-14T00:57:30Z,5.29,60.91
2026-08-14T00:58:30Z,5.25,60.38
2026-08-14T00:59:30Z,5.19,59.35
2026-08-14T01:00:30Z,5.18,59.14
2026-08-14T01:01:30Z,5.15,58.68
2026-08-14T01:02:30Z,5.14,58.41
2026-08-14T01:03:30Z,5.11,58.01
2026-08-14T01:04:30Z,5.09,57.56
2026-08-14T01:05:30Z,5.05,56.99
2026-08-14T01:06:30Z,5.05,56.87
2026-08-14T01:07:30Z,5.06,57.06
2026-08-14T01:08:30Z,5.08,57.48
2026-08-14T01:09:30Z,5.04,56.72
2026-08-14T01:10:30Z,5.05,56.93
2026-08-14T01:11:30Z,5.02,56.36
2026-08-14T01:12:30Z,5.01,56.22
2026-08-14T01:13:30Z,5.01,56.19
2026-08-14T01:14:30Z,4.97,55.59
2026-08-14T01:15:30Z,4.98,55.68
2026-08-14T01:16:30Z,5.81,56.53
2026-08-14T01:17:30Z,5.05,56.98
2026-08-14T01:18:30Z,5.05,56.87
2026-08-14T01:19:30Z,5.04,56.73
2026-08-14T01:20:30Z,5.04,56.84
2026-08-14T01:21:30Z,5.06,57.05
2026-08-14T01:22:30Z,5.04,56.82
2026-08-14T01:23:30Z,5.04,56.74
2026-08-14T01:24:30Z,5.02,56.45
2026-08-14T01:25:30Z,5.07,57.23
2026-08-14T01:26:30Z,5.04,56.7
2026-08-14T01:27:30Z,5.06,57.13
2026-08-14T01:28:30Z,5.02,56.39
2026-08-14T01:29:30Z,5.81,56.58
2026-08-14T01:30:30Z,5.07,57.26
2026-08-14T01:31:30Z,5.05,56.9
2026-08-14T01:32:30Z,5.03,56.68
2026-08-14T01:33:30Z,5.02,56.39
2026-08-14T01:34:30Z,5.04,56.83
2026-08-14T01:35:30Z,5.04,56.84
2026-08-14T01:36:30Z,5.07,57.21
2026-08-14T01:37:30Z,5.08,57.41
2026-08-14T01:38:30Z,5.06,57.15
2026-08-14T01:39:30Z,5.03,56.63
2026-08-14T01:40:30Z,5.1,57.71
2026-08-14T01:41:30Z,5.09,57.53
2026-08-14T01:42:30Z,5.06,57.13
2026-08-14T01:43:30Z,5.08,57.46
2026-08-14T01:44:30Z,5.08,57.45
2026-08-14T01:45:30Z,5.06,57.18
2026-08-14T01:46:30Z,5.08,57.37
2026-08-14T01:47:30Z,5.04,56.73
2026-08-14T01:48:30Z,5.04,56.77
2026-08-14T01:49:30Z,5.07,57.23
2026-08-14T01:50:30Z,5.05,56.99
2026-08-14T01:51:30Z,5.05,56.89
2026-08-14T01:52:30Z,6.76,57.27
2026-08-14T01:53:30Z,5.05,56.94
2026-08-14T01:54:30Z,5.82,56.81
2026-08-14T01:55:30Z,5.01,56.18
2026-08-14T01:56:30Z,5.03,56.53
2026-08-14T01:57:30Z,5,56.14
2026-08-14T01:58:30Z,5,56.1
2026-08-14T01:59:30Z,5.01,56.33
2026-08-14T02:00:30Z,5.03,56.6
2026-08-14T02:01:30Z,5,56.03
2026-08-14T02:02:30Z,5.02,56.43
2026-08-14T02:03:30Z,5.03,56.54
2026-08-14T02:04:30Z,4.98,55.84
2026-08-14T02:05:30Z,4.97,55.66
2026-08-14T02:06:30Z,4.94,55.16
2026-08-14T02:07:30Z,4.87,53.98
2026-08-14T02:08:30Z,4.85,53.62
2026-08-14T02:09:30Z,4.81,52.9
2026-08-14T02:10:30Z,4.82,53.09
2026-08-14T02:11:30Z,4.79,52.57
2026-08-14T02:12:30Z,4.79,52.5
2026-08-14T02:13:30Z,4.79,52.63
2026-08-14T02:14:30Z,4.77,52.18
2026-08-14T02:15:30Z,4.79,52.52
2026-08-14T02:16:30Z,4.75,51.9
2026-08-14T02:17:30Z,4.72,51.32
2026-08-14T02:18:30Z,4.74,51.67
2026-08-14T02:19:30Z,4.72,51.36
2026-08-14T02:20:30Z,4.74,51.72
2026-08-14T02:21:30Z,4.77,52.17
2026-08-14T02:22:30Z,4.73,51.53
2026-08-14T02:23:30Z,4.69,50.83
2026-08-14T02:24:30Z,4.67,50.56
2026-08-14T02:25:30Z,4.68,50.67
2026-08-14T02:26:30Z,4.71,51.28
2026-08-14T02:27:30Z,4.69,50.9
2026-08-14T02:28:30Z,4.7,50.97
2026-08-14T02:29:30Z,4.68,50.72
2026-08-14T02:30:30Z,4.68,50.72
2026-08-14T02:31:30Z,4.67,50.54
2026-08-14T02:32:30Z,4.65,50.26
2026-08-14T02:33:30Z,4.63,49.84
2026-08-14T02:34:30Z,4.65,50.16
2026-08-14T02:35:30Z,5.44,50.37
2026-08-14T02:36:30Z,5.43,50.23
2026-08-14T02:37:30Z,5.44,50.38
2026-08-14T02:38:30Z,5.46,50.76
2026-08-14T02:39:30Z,4.7,51.06
2026-08-14T02:40:30Z,4.69,50.93
2026-08-14T02:41:30Z,4.69,50.94
2026-08-14T02:42:30Z,5.44,50.44
2026-08-14T02:43:30Z,4.7,51.02
2026-08-14T02:44:30Z,4.67,50.61
2026-08-14T02:45:30Z,4.68,50.76
2026-08-14T02:46:30Z,4.66,50.4
2026-08-14T02:47:30Z,4.61,49.54
2026-08-14T02:48:30Z,4.61,49.55
2026-08-14T02:49:30Z,4.59,49.17
2026-08-14T02:50:30Z,4.56,48.75
2026-08-14T02:51:30Z,4.55,48.54
2026-08-14T02:52:30Z,4.52,48.07
2026-08-14T02:53:30Z,4.51,47.82
2026-08-14T02:54:30Z,4.48,47.41
2026-08-14T02:55:30Z,4.45,46.89
2026-08-14T02:56:30Z,4.46,47.06
2026-08-14T02:57:30Z,4.47,47.24
2026-08-14T02:58:30Z,4.42,46.33
2026-08-14T02:59:30Z,5.33,46.42
2026-08-14T03:00:30Z,5.37,46.97
2026-08-14T03:01:30Z,4.46,47
2026-08-14T03:02:30Z,4.5,47.73
2026-08-14T03:03:30Z,4.49,47.53
2026-08-14T03:04:30Z,5.41,47.64
2026-08-14T03:05:30Z,5.43,48.09
2026-08-14T03:06:30Z,5.44,48.17
2026-08-14T03:07:30Z,4.55,48.5
2026-08-14T03:08:30Z,4.53,48.13
2026-08-14T03:09:30Z,4.52,48.09
2026-08-14T03:10:30Z,5.44,48.18
2026-08-14T03:11:30Z,4.52,48
2026-08-14T03:12:30Z,4.46,47
2026-08-14T03:13:30Z,4.47,47.15
2026-08-14T03:14:30Z,4.49,47.47
2026-08-14T03:15:30Z,4.49,47.59
2026-08-14T03:16:30Z,4.5,47.66
2026-08-14T03:17:30Z,4.47,47.2
2026-08-14T03:18:30Z,4.46,46.98
2026-08-14T03:19:30Z,4.39,45.88
2026-08-14T03:20:30Z,5.3,45.85
2026-08-14T03:21:30Z,4.43,46.57
2026-08-14T03:22:30Z,4.48,47.35
2026-08-14T03:23:30Z,4.47,47.16
2026-08-14T03:24:30Z,4.48,47.27
2026-08-14T03:25:30Z,4.44,46.71
2026-08-14T03:26:30Z,4.44,46.6
2026-08-14T03:27:30Z,4.45,46.84
2026-08-14T03:28:30Z,5.34,46.55
2026-08-14T03:29:30Z,5.33,46.34
2026-08-14T03:30:30Z,4.46,47.01
2026-08-14T03:31:30Z,4.48,47.29
2026-08-14T03:32:30Z,4.48,47.29
2026-08-14T03:33:30Z,4.42,46.29
2026-08-14T03:34:30Z,4.41,46.1
2026-08-14T03:35:30Z,4.47,47.13
2026-08-14T03:36:30Z,4.44,46.64
2026-08-14T03:37:30Z,4.45,46.88
2026-08-14T03:38:30Z,5.42,47.87
2026-08-14T03:39:30Z,4.5,47.66
2026-08-14T03:40:30Z,4.5,47.7
2026-08-14T03:41:30Z,4.48,47.37
2026-08-14T03:42:30Z,4.49,47.46
2026-08-14T03:43:30Z,4.51,47.84
2026-08-14T03:44:30Z,5.43,48.05
2026-08-14T03:45:30Z,5.4,47.49
2026-08-14T03:46:30Z,5.38,47.22
2026-08-14T03:47:30Z,5.38,47.11
2026-08-14T03:48:30Z,5.4,47.53
2026-08-14T03:49:30Z,4.45,46.8
2026-08-14T03:50:30Z,5.36,46.92
2026-08-14T03:51:30Z,4.44,46.75
2026-08-14T03:52:30Z,4.44,46.73
2026-08-14T03:53:30Z,4.43,46.51
2026-08-14T03:54:30Z,4.4,45.93
2026-08-14T03:55:30Z,4.4,46
2026-08-14T03:56:30Z,4.36,45.3
2026-08-14T03:57:30Z,4.3,44.26
2026-08-14T03:58:30Z,4.26,43.61
2026-08-14T03:59:30Z,4.23,43.18
2026-08-14T04:00:30Z,4.22,43.02
2026-08-14T04:01:30Z,4.21,42.78
2026-08-14T04:02:30Z,4.22,43.04
2026-08-14T04:03:30Z,4.24,43.37
2026-08-14T04:04:30Z,6.2,43.48
2026-08-14T04:05:30Z,5.17,43.66
2026-08-14T04:06:30Z,4.27,43.74
2026-08-14T04:07:30Z,4.26,43.67
2026-08-14T04:08:30Z,5.23,44.62
2026-08-14T04:09:30Z,5.24,44.8
2026-08-14T04:10:30Z,4.35,45.1
2026-08-14T04:11:30Z,4.33,44.85
2026-08-14T04:12:30Z,4.3,44.35
2026-08-14T04:13:30Z,4.31,44.57
2026-08-14T04:14:30Z,4.33,44.84
2026-08-14T04:15:30Z,4.28,43.94
2026-08-14T04:16:30Z,4.27,43.83
2026-08-14T04:17:30Z,4.27,43.78
2026-08-14T04:18:30Z,4.25,43.42
2026-08-14T04:19:30Z,4.23,43.19
2026-08-14T04:20:30Z,4.25,43.42
2026-08-14T04:21:30Z,4.29,44.15
2026-08-14T04:22:30Z,4.3,44.4
2026-08-14T04:23:30Z,4.31,44.44
2026-08-14T04:24:30Z,4.29,44.09
2026-08-14T04:25:30Z,4.34,44.96
2026-08-14T04:26:30Z,4.3,44.27
2026-08-14T04:27:30Z,5.24,44.76
2026-08-14T04:28:30Z,4.36,45.38
2026-08-14T04:29:30Z,4.4,45.94
2026-08-14T04:30:30Z,4.39,45.91
2026-08-14T04:31:30Z,4.38,45.63
2026-08-14T04:32:30Z,4.4,45.96
2026-08-14T04:33:30Z,4.41,46.15
2026-08-14T04:34:30Z,4.4,46.01
2026-08-14T04:35:30Z,5.33,46.32
2026-08-14T04:36:30Z,4.45,46.78
2026-08-14T04:37:30Z,4.47,47.23
2026-08-14T04:38:30Z,4.47,47.14
2026-08-14T04:39:30Z,4.5,47.63
2026-08-14T04:40:30Z,4.49,47.45
2026-08-14T04:41:30Z,4.49,47.6
2026-08-14T04:42:30Z,4.53,48.27
2026-08-14T04:43:30Z,4.53,48.22
2026-08-14T04:44:30Z,4.56,48.67
2026-08-14T04:45:30Z,4.56,48.72
2026-08-14T04:46:30Z,4.58,48.98
2026-08-14T04:47:30Z,4.58,48.97
2026-08-14T04:48:30Z,4.54,48.42
2026-08-14T04:49:30Z,5.34,46.56
2026-08-14T04:50:30Z,5.37,46.96
2026-08-14T04:51:30Z,4.47,47.11
2026-08-14T04:52:30Z,4.47,47.17
2026-08-14T04:53:30Z,5.32,46.25
2026-08-14T04:54:30Z,4.4,46.09
2026-08-14T04:55:30Z,4.4,46.02
2026-08-14T04:56:30Z,4.35,45.09
2026-08-14T04:57:30Z,4.33,44.79
2026-08-14T04:58:30Z,4.31,44.46
2026-08-14T04:59:30Z,4.32,44.7
2026-08-14T05:00:30Z,4.38,45.63
2026-08-14T05:01:30Z,4.41,46.2
2026-08-14T05:02:30Z,4.49,47.52
2026-08-14T05:03:30Z,4.52,47.95
2026-08-14T05:04:30Z,4.53,48.21
2026-08-14T05:05:30Z,5.44,48.2
2026-08-14T05:06:30Z,4.56,48.77
2026-08-14T05:07:30Z,4.6,49.36
2026-08-14T05:08:30Z,4.58,48.97
2026-08-14T05:09:30Z,4.56,48.78
2026-08-14T05:10:30Z,4.55,48.45
2026-08-14T05:11:30Z,4.56,48.77
2026-08-14T05:12:30Z,4.57,48.88
2026-08-14T05:13:30Z,5.54,49.83
2026-08-14T05:14:30Z,4.64,50.08
2026-08-14T05:15:30Z,4.63,49.85
2026-08-14T05:16:30Z,4.63,49.9
2026-08-14T05:17:30Z,4.6,49.32
2026-08-14T05:18:30Z,4.62,49.76
2026-08-14T05:19:30Z,4.6,49.34
2026-08-14T05:20:30Z,4.6,49.39
2026-08-14T05:21:30Z,4.6,49.41
2026-08-14T05:22:30Z,4.55,48.5
2026-08-14T05:23:30Z,4.62,49.64
2026-08-14T05:24:30Z,5.61,50.99
2026-08-14T05:25:30Z,4.72,51.35
2026-08-14T05:26:30Z,4.78,52.45
2026-08-14T05:27:30Z,6.8,53.63
2026-08-14T05:28:30Z,4.88,54.07
2026-08-14T05:29:30Z,4.92,54.76
2026-08-14T05:30:30Z,5.84,54.87
2026-08-14T05:31:30Z,5.87,55.36
2026-08-14T05:32:30Z,5.01,56.21
2026-08-14T05:33:30Z,5.02,56.41
2026-08-14T05:34:30Z,5.04,56.76
2026-08-14T05:35:30Z,5.97,57.06
2026-08-14T05:36:30Z,6.01,57.75
2026-08-14T05:37:30Z,6.02,57.94
2026-08-14T05:38:30Z,5.07,57.35
2026-08-14T05:39:30Z,5.1,57.75
2026-08-14T05:40:30Z,5.11,57.94
2026-08-14T05:41:30Z,5.08,57.47
2026-08-14T05:42:30Z,6.01,57.74
2026-08-14T05:43:30Z,5.11,57.92
2026-08-14T05:44:30Z,5.08,57.44
2026-08-14T05:45:30Z,5.09,57.61
2026-08-14T05:46:30Z,5.09,57.65
2026-08-14T05:47:30Z,5.13,58.27
2026-08-14T05:48:30Z,6.03,58.16
2026-08-14T05:49:30Z,6.05,58.52
2026-08-14T05:50:30Z,6.04,58.31
2026-08-14T05:51:30Z,5.11,58.02
2026-08-14T05:52:30Z,5.07,57.26
2026-08-14T05:53:30Z,5.04,56.75
2026-08-14T05:54:30Z,4.97,55.64
2026-08-14T05:55:30Z,4.95,55.19
2026-08-14T05:56:30Z,4.85,53.58
2026-08-14T05:57:30Z,4.83,53.17
2026-08-14T05:58:30Z,6.81,53.7
2026-08-14T05:59:30Z,4.86,53.69
2026-08-14T06:00:30Z,5.76,53.52
2026-08-14T06:01:30Z,6.81,53.75
2026-08-14T06:02:30Z,5.79,54.12
2026-08-14T06:03:30Z,4.88,54.07
2026-08-14T06:04:30Z,4.92,54.75
2026-08-14T06:05:30Z,4.89,54.32
2026-08-14T06:06:30Z,4.89,54.19
2026-08-14T06:07:30Z,4.85,53.56
2026-08-14T06:08:30Z,4.85,53.61
2026-08-14T06:09:30Z,4.81,52.93
2026-08-14T06:10:30Z,4.8,52.69
2026-08-14T06:11:30Z,4.76,52.02
2026-08-14T06:12:30Z,4.74,51.66
2026-08-14T06:13:30Z,4.71,51.27
2026-08-14T06:14:30Z,4.7,50.99
2026-08-14T06:15:30Z,4.7,51.01
2026-08-14T06:16:30Z,4.72,51.42
2026-08-14T06:17:30Z,4.73,51.5
2026-08-14T06:18:30Z,4.72,51.4
2026-08-14T06:19:30Z,4.69,50.9
2026-08-14T06:20:30Z,4.67,50.55
2026-08-14T06:21:30Z,4.65,50.29
2026-08-14T06:22:30Z,4.6,49.43
2026-08-14T06:23:30Z,4.64,50.07
2026-08-14T06:24:30Z,4.57,48.85
2026-08-14T06:25:30Z,5.51,49.4
2026-08-14T06:26:30Z,5.55,50.12
2026-08-14T06:27:30Z,4.69,50.84
2026-08-14T06:28:30Z,4.7,51.06
2026-08-14T06:29:30Z,5.64,51.56
2026-08-14T06:30:30Z,5.65,51.68
2026-08-14T06:31:30Z,5.64,51.55
2026-08-14T06:32:30Z,5.67,52.11
2026-08-14T06:33:30Z,5.71,52.76
2026-08-14T06:34:30Z,5.73,53.11
2026-08-14T06:35:30Z,4.83,53.2
2026-08-14T06:36:30Z,4.82,53.15
2026-08-14T06:37:30Z,4.8,52.77
2026-08-14T06:38:30Z,5.69,52.45
2026-08-14T06:39:30Z,4.76,52.01
2026-08-14T06:40:30Z,5.68,52.27
2026-08-14T06:41:30Z,4.72,51.43
2026-08-14T06:42:30Z,4.72,51.34
2026-08-14T06:43:30Z,4.65,50.14
2026-08-14T06:44:30Z,4.68,50.79
2026-08-14T06:45:30Z,4.72,51.4
2026-08-14T06:46:30Z,4.75,51.88
2026-08-14T06:47:30Z,4.75,51.97
2026-08-14T06:48:30Z,4.71,51.2
2026-08-14T06:49:30Z,4.71,51.27
2026-08-14T06:50:30Z,4.75,51.88
2026-08-14T06:51:30Z,4.75,51.93
2026-08-14T06:52:30Z,4.75,51.86
2026-08-14T06:53:30Z,4.75,51.92
2026-08-14T06:54:30Z,5.71,52.73
2026-08-14T06:55:30Z,5.78,53.88
2026-08-14T06:56:30Z,5.85,55.06
2026-08-14T06:57:30Z,5.92,56.28
2026-08-14T06:58:30Z,7.06,57.99
2026-08-14T06:59:30Z,6.06,58.66
2026-08-14T07:00:30Z,5.19,59.27
2026-08-14T07:01:30Z,5.2,59.5
2026-08-14T07:02:30Z,6.17,60.43
2026-08-14T07:03:30Z,6.21,61.13
2026-08-14T07:04:30Z,6.26,61.96
2026-08-14T07:05:30Z,5.37,62.39
2026-08-14T07:06:30Z,6.3,62.72
2026-08-14T07:07:30Z,7.41,63.88
2026-08-14T07:08:30Z,7.46,64.74
2026-08-14T07:09:30Z,8.46,66.18
2026-08-14T07:10:30Z,7.44,66.54
2026-08-14T07:11:30Z,7.46,66.81
2026-08-14T07:12:30Z,8.55,67.66
2026-08-14T07:13:30Z,8.57,68
2026-08-14T07:14:30Z,8.49,68.86
2026-08-14T07:15:30Z,7.61,69.45
2026-08-14T07:16:30Z,7.63,69.78
2026-08-14T07:17:30Z,7.67,70.32
2026-08-14T07:18:30Z,7.7,70.85
2026-08-14T07:19:30Z,8.63,71.28
2026-08-14T07:20:30Z,7.75,71.82
2026-08-14T07:21:30Z,7.78,72.24
2026-08-14T07:22:30Z,7.68,72.79
2026-08-14T07:23:30Z,8.58,72.64
2026-08-14T07:24:30Z,8.59,72.68
2026-08-14T07:25:30Z,8.61,73.16
2026-08-14T07:26:30Z,8.65,73.79
2026-08-14T07:27:30Z,7.76,74.05
2026-08-14T07:28:30Z,8.67,74.15
2026-08-14T07:29:30Z,8.56,74.48
2026-08-14T07:30:30Z,9.5,74.92
2026-08-14T07:31:30Z,10.31,75.46
2026-08-14T07:32:30Z,10.37,76.39
2026-08-14T07:33:30Z,11.2,77.3
2026-08-14T07:34:30Z,8.74,77.41
2026-08-14T07:35:30Z,8.75,77.63
2026-08-14T07:36:30Z,8.6,77.36
2026-08-14T07:37:30Z,9.4,77.63
2026-08-14T07:38:30Z,9.37,77.19
2026-08-14T07:39:30Z,9.37,77.18
2026-08-14T07:40:30Z,9.37,77.17
2026-08-14T07:41:30Z,9.38,77.29
2026-08-14T07:42:30Z,9.39,77.52
2026-08-14T07:43:30Z,9.27,77.65
2026-08-14T07:44:30Z,8.52,78.1
2026-08-14T07:45:30Z,7.74,78.15
2026-08-14T07:46:30Z,7.1,78.29
2026-08-14T07:47:30Z,7.11,78.4
2026-08-14T07:48:30Z,8.5,77.74
2026-08-14T07:49:30Z,9.32,78.48
2026-08-14T07:50:30Z,9.37,79.24
2026-08-14T07:51:30Z,8.59,79.33
2026-08-14T07:52:30Z,8.61,79.63
2026-08-14T07:53:30Z,8.5,79.91
2026-08-14T07:54:30Z,7.84,79.84
2026-08-14T07:55:30Z,8.46,79.39
2026-08-14T07:56:30Z,9.22,78.99
2026-08-14T07:57:30Z,8.47,79.46
2026-08-14T07:58:30Z,9.11,79.28
2026-08-14T07:59:30Z,9.13,79.59
2026-08-14T08:00:30Z,8.5,79.99
2026-08-14T08:01:30Z,7.72,79.92
2026-08-14T08:02:30Z,7.73,80.23
2026-08-14T08:03:30Z,6.45,80.47
2026-08-14T08:04:30Z,7.07,80.05
2026-08-14T08:05:30Z,8.51,80.23
2026-08-14T08:06:30Z,8.51,80.17
2026-08-14T08:07:30Z,7.08,80.14
2026-08-14T08:08:30Z,7.07,79.95
2026-08-14T08:09:30Z,7.7,79.69
2026-08-14T08:10:30Z,7.69,79.49
2026-08-14T08:11:30Z,7.06,79.76
2026-08-14T08:12:30Z,7.06,79.78
2026-08-14T08:13:30Z,7.7,79.68
2026-08-14T08:14:30Z,6.41,79.79
2026-08-14T08:15:30Z,6.41,79.82
2026-08-14T08:16:30Z,6.38,79.23
2026-08-14T08:17:30Z,6.35,78.74
2026-08-14T08:18:30Z,6.32,78.26
2026-08-14T08:19:30Z,6.3,78.03
2026-08-14T08:20:30Z,6.26,77.23
2026-08-14T08:21:30Z,6.87,76.58
2026-08-14T08:22:30Z,6.86,76.47
2026-08-14T08:23:30Z,6.21,76.49
2026-08-14T08:24:30Z,6.87,76.61
2026-08-14T08:25:30Z,6.24,76.87
2026-08-14T08:26:30Z,6.23,76.77
2026-08-14T08:27:30Z,6.88,76.76
2026-08-14T08:28:30Z,6.86,76.4
2026-08-14T08:29:30Z,6.23,76.83
2026-08-14T08:30:30Z,6.24,76.93
2026-08-14T08:31:30Z,6.88,76.81
2026-08-14T08:32:30Z,6.24,76.89
2026-08-14T08:33:30Z,6.89,76.93
2026-08-14T08:34:30Z,6.22,76.59
2026-08-14T08:35:30Z,6.19,76.06
2026-08-14T08:36:30Z,6.19,76.12
2026-08-14T08:37:30Z,6.16,75.63
2026-08-14T08:38:30Z,6.16,75.64
2026-08-14T08:39:30Z,6.8,75.51
2026-08-14T08:40:30Z,6.82,75.81
2026-08-14T08:41:30Z,6.84,76.17
2026-08-14T08:42:30Z,6.22,76.63
2026-08-14T08:43:30Z,6.21,76.46
2026-08-14T08:44:30Z,6.19,76.1
2026-08-14T08:45:30Z,6.84,76.07
2026-08-14T08:46:30Z,6.18,75.97
2026-08-14T08:47:30Z,6.16,75.53
2026-08-14T08:48:30Z,6.15,75.46
2026-08-14T08:49:30Z,6.79,75.32
2026-08-14T08:50:30Z,6.15,75.4
2026-08-14T08:51:30Z,6.76,74.84
2026-08-14T08:52:30Z,6.12,74.85
2026-08-14T08:53:30Z,6.13,75.05
2026-08-14T08:54:30Z,6.1,74.64
2026-08-14T08:55:30Z,6.1,74.51
2026-08-14T08:56:30Z,6.1,74.51
2026-08-14T08:57:30Z,6.1,74.56
2026-08-14T08:58:30Z,6.08,74.25
2026-08-14T08:59:30Z,6.06,73.84
2026-08-14T09:00:30Z,6.02,73.3
2026-08-14T09:01:30Z,6.02,73.19
2026-08-14T09:02:30Z,6.02,73.25
2026-08-14T09:03:30Z,6.03,73.36
2026-08-14T09:04:30Z,6.04,73.59
2026-08-14T09:05:30Z,6.03,73.4
2026-08-14T09:06:30Z,6.69,73.63
2026-08-14T09:07:30Z,6.05,73.69
2026-08-14T09:08:30Z,6.06,73.93
2026-08-14T09:09:30Z,6.08,74.19
2026-08-14T09:10:30Z,6.06,73.98
2026-08-14T09:11:30Z,6.04,73.66
2026-08-14T09:12:30Z,6.04,73.58
2026-08-14T09:13:30Z,6.03,73.46
2026-08-14T09:14:30Z,6.04,73.57
2026-08-14T09:15:30Z,6.05,73.77
2026-08-14T09:16:30Z,6.05,73.77
2026-08-14T09:17:30Z,6.07,74.01
2026-08-14T09:18:30Z,6.73,74.2
2026-08-14T09:19:30Z,6.07,74.15
2026-08-14T09:20:30Z,6.07,74.11
2026-08-14T09:21:30Z,6.09,74.41
2026-08-14T09:22:30Z,6.09,74.37
2026-08-14T09:23:30Z,6.06,74
2026-08-14T09:24:30Z,6.07,74.17
2026-08-14T09:25:30Z,6.06,73.96
2026-08-14T09:26:30Z,6.06,73.84
2026-08-14T09:27:30Z,7.46,73.5
2026-08-14T09:28:30Z,7.45,73.19
2026-08-14T09:29:30Z,6.67,73.26
2026-08-14T09:30:30Z,7.47,73.59
2026-08-14T09:31:30Z,6.69,73.67
2026-08-14T09:32:30Z,6.05,73.76
2026-08-14T09:33:30Z,6.05,73.83
2026-08-14T09:34:30Z,6.04,73.62
2026-08-14T09:35:30Z,6.01,73.04
2026-08-14T09:36:30Z,5.97,72.44
2026-08-14T09:37:30Z,5.98,72.62
2026-08-14T09:38:30Z,6,72.85
2026-08-14T09:39:30Z,6.65,72.89
2026-08-14T09:40:30Z,7.45,73.28
2026-08-14T09:41:30Z,6.02,73.32
2026-08-14T09:42:30Z,6.02,73.28
2026-08-14T09:43:30Z,6.01,73.13
2026-08-14T09:44:30Z,6.01,73
2026-08-14T09:45:30Z,6.66,73
2026-08-14T09:46:30Z,6.67,73.22
2026-08-14T09:48:30Z,6.04,73.58
2026-08-14T09:49:30Z,6.69,73.54
2026-08-14T09:50:30Z,6.69,73.61
2026-08-14T09:52:30Z,6.06,73.91
2026-08-14T09:53:30Z,6.06,73.93
2026-08-14T09:54:30Z,6.07,74.01
2026-08-14T09:56:30Z,6.73,74.21
2026-08-14T09:57:30Z,6.74,74.37
2026-08-14T09:58:30Z,6.11,74.8
2026-08-14T10:00:30Z,6.76,74.77
2026-08-14T10:01:30Z,6.11,74.79
2026-08-14T10:02:30Z,6.12,74.92
2026-08-14T10:04:30Z,6.12,74.87
2026-08-14T10:05:30Z,6.13,75.15
2026-08-14T10:06:30Z,6.8,75.39
2026-08-14T10:08:30Z,6.81,75.52
2026-08-14T10:09:30Z,6.16,75.67
2026-08-14T10:10:30Z,6.17,75.72
2026-08-14T10:12:30Z,6.17,75.81
2026-08-14T10:13:30Z,6.17,75.78
2026-08-14T10:14:30Z,6.17,75.79
2026-08-14T10:17:30Z,6.15,75.35
2026-08-14T10:18:30Z,6.15,75.5
2026-08-14T10:21:30Z,6.18,75.86
2026-08-14T10:22:30Z,6.17,75.8
2026-08-14T10:25:30Z,7.62,76.1
2026-08-14T10:26:30Z,7.63,76.25
2026-08-14T10:29:30Z,6.15,75.41
2026-08-14T10:30:30Z,6.15,75.43
2026-08-14T10:33:30Z,6.12,74.96
2026-08-14T10:36:30Z,6.11,74.8
2026-08-14T10:39:30Z,6.12,74.85
2026-08-14T10:42:30Z,6.13,75.13
2026-08-14T10:43:30Z,6.12,74.96
2026-08-14T10:44:30Z,6.12,74.85
2026-08-14T10:46:30Z,6.07,74.17
2026-08-14T10:47:30Z,6.08,74.27
2026-08-14T10:49:30Z,6.08,74.29
2026-08-14T10:50:30Z,6.08,74.27
2026-08-14T10:51:30Z,6.1,74.61
2026-08-14T10:53:30Z,6.1,74.61
2026-08-14T10:54:30Z,6.89,74.84
2026-08-14T10:55:30Z,6.12,74.91
2026-08-14T10:57:30Z,6.11,74.82
2026-08-14T10:58:30Z,6.1,74.61
2026-08-14T10:59:30Z,6.1,74.67
2026-08-14T11:01:30Z,6.11,74.73
2026-08-14T11:02:30Z,6.09,74.44
2026-08-14T11:03:30Z,6.88,74.62
2026-08-14T11:05:30Z,6.09,74.45
2026-08-14T11:06:30Z,6.1,74.52
2026-08-14T11:07:30Z,6.09,74.42
2026-08-14T11:09:30Z,6.1,74.57
2026-08-14T11:10:30Z,6.12,74.92
2026-08-14T11:11:30Z,6.11,74.83
2026-08-14T11:13:30Z,6.11,74.8
2026-08-14T11:14:30Z,6.11,74.83
2026-08-14T11:15:30Z,6.12,74.92
2026-08-14T11:17:30Z,6.12,74.9
2026-08-14T11:18:30Z,6.12,74.86
2026-08-14T11:19:30Z,6.12,74.97
2026-08-14T11:21:30Z,6.13,75.16
2026-08-14T11:22:30Z,6.14,75.22
2026-08-14T11:23:30Z,6.13,75.11
2026-08-14T11:25:30Z,6.12,74.85
2026-08-14T11:26:30Z,6.12,74.87
2026-08-14T11:27:30Z,6.11,74.69
2026-08-14T11:29:30Z,6.07,74.11
2026-08-14T11:30:30Z,6.07,74.1
2026-08-14T11:31:30Z,6.08,74.19
2026-08-14T11:33:30Z,6.1,74.58
2026-08-14T11:34:30Z,6.1,74.58
2026-08-14T11:35:30Z,6.11,74.7
2026-08-14T11:37:30Z,6.1,74.52
2026-08-14T11:38:30Z,6.09,74.36
2026-08-14T11:39:30Z,6.09,74.4
2026-08-14T11:41:30Z,6.08,74.25
2026-08-14T11:42:30Z,6.08,74.32
2026-08-14T11:43:30Z,6.08,74.33
2026-08-14T11:45:30Z,6.12,74.95
2026-08-14T11:46:30Z,6.13,75.04
2026-08-14T11:47:30Z,6.15,75.37
2026-08-14T11:49:30Z,6.13,75.12
2026-08-14T11:50:30Z,6.14,75.23
2026-08-14T11:52:30Z,6.13,75.18
2026-08-14T11:53:30Z,6.15,75.37
2026-08-14T11:54:30Z,6.15,75.45
2026-08-14T11:56:30Z,6.15,75.5
2026-08-14T11:57:30Z,6.16,75.56
2026-08-14T11:58:30Z,6.15,75.45
2026-08-14T12:00:30Z,6.15,75.44
2026-08-14T12:01:30Z,6.15,75.44
2026-08-14T12:03:30Z,6.16,75.61
2026-08-14T12:04:30Z,6.16,75.62
2026-08-14T12:05:30Z,6.17,75.72
2026-08-14T12:07:30Z,6.16,75.59
2026-08-14T12:08:30Z,6.16,75.67
2026-08-14T12:10:30Z,6.19,76.11
2026-08-14T12:11:30Z,6.18,75.93
2026-08-14T12:13:30Z,6.19,76.15
2026-08-14T12:14:30Z,6.19,76.12
2026-08-14T12:15:30Z,6.2,76.19
2026-08-14T12:17:30Z,6.19,76.09
2026-08-14T12:18:30Z,6.18,75.97
2026-08-14T12:19:30Z,6.17,75.72
2026-08-14T12:21:30Z,6.17,75.72
2026-08-14T12:22:30Z,6.16,75.63
2026-08-14T12:23:30Z,6.17,75.73
2026-08-14T12:25:30Z,6.18,75.88
2026-08-14T12:26:30Z,6.17,75.8
2026-08-14T12:27:30Z,6.16,75.68
2026-08-14T12:29:30Z,6.16,75.63
2026-08-14T12:30:30Z,6.14,75.2
2026-08-14T12:32:30Z,6.14,75.23
2026-08-14T12:34:30Z,6.14,75.33
2026-08-14T12:35:30Z,6.14,75.24
2026-08-14T12:37:30Z,6.14,75.2
2026-08-14T12:38:30Z,6.15,75.5
2026-08-14T12:40:30Z,6.18,75.87
2026-08-14T12:41:30Z,6.18,75.93
2026-08-14T12:43:30Z,6.21,76.37
2026-08-14T12:44:30Z,6.22,76.59
2026-08-14T12:45:30Z,6.24,76.98
2026-08-14T12:48:30Z,6.3,77.92
2026-08-14T12:51:30Z,6.3,77.99
2026-08-14T12:52:30Z,6.31,78.07
2026-08-14T12:54:30Z,6.33,78.41
2026-08-14T12:55:30Z,6.34,78.59
2026-08-14T12:58:30Z,6.36,78.95
2026-08-14T12:59:30Z,6.36,78.98
2026-08-14T13:02:30Z,6.39,79.42
2026-08-14T13:03:30Z,6.39,79.55
2026-08-14T13:06:30Z,6.41,79.79
2026-08-14T13:07:30Z,6.41,79.75
2026-08-14T13:09:30Z,6.42,80.05
2026-08-14T13:10:30Z,6.42,79.96
2026-08-14T13:11:30Z,6.42,80.02
2026-08-14T13:13:30Z,6.42,79.91
2026-08-14T13:14:30Z,6.41,79.83
2026-08-14T13:15:30Z,6.41,79.74
2026-08-14T13:17:30Z,6.43,80.1
2026-08-14T13:18:30Z,6.44,80.29
2026-08-14T13:19:30Z,6.43,80.2
2026-08-14T13:21:30Z,6.45,80.55
2026-08-14T13:22:30Z,6.47,80.76
2026-08-14T13:23:30Z,6.46,80.69
2026-08-14T13:25:30Z,6.47,80.8
2026-08-14T13:26:30Z,7.25,80.89
2026-08-14T13:27:30Z,6.48,80.94
2026-08-14T13:29:30Z,6.49,81.1
2026-08-14T13:30:30Z,7.28,81.28
2026-08-14T13:31:30Z,7.28,81.31
2026-08-14T13:33:30Z,7.28,81.33
2026-08-14T13:34:30Z,7.28,81.39
2026-08-14T13:35:30Z,7.29,81.5
2026-08-14T13:37:30Z,7.28,81.36
2026-08-14T13:38:30Z,7.29,81.54
2026-08-14T13:39:30Z,7.26,81.05
2026-08-14T13:41:30Z,7.24,80.73
2026-08-14T13:42:30Z,7.25,80.84
2026-08-14T13:43:30Z,7.27,81.07
2026-08-14T13:45:30Z,7.25,80.89
2026-08-14T13:46:30Z,7.24,80.59
2026-08-14T13:47:30Z,6.46,80.62
2026-08-14T13:49:30Z,7.23,80.51
2026-08-14T13:50:30Z,7.23,80.48
2026-08-14T13:51:30Z,6.46,80.6
2026-08-14T13:53:30Z,6.46,80.57
2026-08-14T13:54:30Z,6.45,80.5
2026-08-14T13:55:30Z,6.45,80.48
2026-08-14T13:57:30Z,6.45,80.52
2026-08-14T13:58:30Z,6.45,80.52
2026-08-14T13:59:30Z,6.45,80.51
2026-08-14T14:01:30Z,6.46,80.65
2026-08-14T14:02:30Z,6.46,80.64
2026-08-14T14:03:30Z,6.44,80.34
2026-08-14T14:05:30Z,6.42,80.01
2026-08-14T14:06:30Z,6.43,80.07
2026-08-14T14:07:30Z,6.42,80.04
2026-08-14T14:09:30Z,6.42,80.02
2026-08-14T14:10:30Z,6.44,80.23
2026-08-14T14:11:30Z,6.42,80.04
2026-08-14T14:13:30Z,6.41,79.8
2026-08-14T14:14:30Z,6.4,79.64
2026-08-14T14:15:30Z,6.41,79.76
2026-08-14T14:17:30Z,6.42,80.03
2026-08-14T14:18:30Z,6.42,80.03
2026-08-14T14:19:30Z,6.42,80.03
2026-08-14T14:21:30Z,6.43,80.1
2026-08-14T14:22:30Z,6.43,80.13
2026-08-14T14:23:30Z,6.43,80.17
2026-08-14T14:25:30Z,6.45,80.54
2026-08-14T14:26:30Z,6.45,80.42
2026-08-14T14:27:30Z,6.45,80.47
2026-08-14T14:29:30Z,6.45,80.55
2026-08-14T14:30:30Z,6.45,80.56
2026-08-14T14:32:30Z,6.46,80.65
2026-08-14T14:33:30Z,6.46,80.65
2026-08-14T14:35:30Z,6.46,80.68
2026-08-14T14:36:30Z,6.47,80.84
2026-08-14T14:38:30Z,6.48,81.03
2026-08-14T14:39:30Z,6.48,81.03
2026-08-14T14:41:30Z,6.48,80.92
2026-08-14T14:42:30Z,6.48,80.96
2026-08-14T14:44:30Z,6.48,80.96
2026-08-14T14:45:30Z,6.5,81.4
2026-08-14T14:46:30Z,6.48,80.91
2026-08-14T14:48:30Z,6.48,80.9
2026-08-14T14:49:30Z,6.48,80.98
2026-08-14T14:51:30Z,6.48,81.01
2026-08-14T14:52:30Z,6.48,81.02
2026-08-14T14:53:30Z,6.48,80.93
2026-08-14T14:55:30Z,7.26,80.95
2026-08-14T14:56:30Z,6.49,81.08
2026-08-14T14:57:30Z,6.49,81.22
2026-08-14T14:59:30Z,6.49,81.17
2026-08-14T15:00:30Z,6.49,81.21
2026-08-14T15:01:30Z,6.49,81.13
2026-08-14T15:03:30Z,6.5,81.24
2026-08-14T15:04:30Z,6.5,81.32
2026-08-14T15:05:30Z,6.5,81.27
2026-08-14T15:07:30Z,6.5,81.35
2026-08-14T15:08:30Z,6.5,81.28
2026-08-14T15:09:30Z,6.49,81.23
2026-08-14T15:12:30Z,6.5,81.32
2026-08-14T15:13:30Z,6.5,81.34
2026-08-14T15:16:30Z,6.49,81.07
2026-08-14T15:17:30Z,6.48,81.02
2026-08-14T15:20:30Z,6.5,81.27
2026-08-14T15:21:30Z,6.5,81.37
2026-08-14T15:22:30Z,6.5,81.29
2026-08-14T15:24:30Z,6.49,81.07
2026-08-14T15:25:30Z,6.48,81.06
2026-08-14T15:26:30Z,6.48,81.05
2026-08-14T15:27:30Z,6.5,81.31
2026-08-14T15:28:30Z,6.49,81.14
2026-08-14T15:29:30Z,6.49,81.16
2026-08-14T15:30:30Z,6.48,80.9
2026-08-14T15:31:30Z,6.48,81.02
2026-08-14T15:32:30Z,6.48,80.94
2026-08-14T15:33:30Z,6.46,80.7
2026-08-14T15:34:30Z,6.46,80.63
2026-08-14T15:35:30Z,6.46,80.63
2026-08-14T15:36:30Z,6.47,80.78
2026-08-14T15:37:30Z,6.47,80.76
2026-08-14T15:38:30Z,6.47,80.77
2026-08-14T15:39:30Z,6.47,80.74
2026-08-14T15:40:30Z,6.47,80.8
2026-08-14T15:41:30Z,6.47,80.77
2026-08-14T15:42:30Z,6.47,80.74
2026-08-14T15:43:30Z,6.46,80.71
2026-08-14T15:44:30Z,6.46,80.65
2026-08-14T15:45:30Z,6.46,80.67
2026-08-14T15:46:30Z,6.47,80.79
2026-08-14T15:47:30Z,6.47,80.79
2026-08-14T15:48:30Z,6.48,80.91
2026-08-14T15:49:30Z,6.48,81.04
2026-08-14T15:50:30Z,6.49,81.19
2026-08-14T15:51:30Z,6.5,81.31
2026-08-14T15:52:30Z,6.5,81.38
2026-08-14T15:53:30Z,6.51,81.47
2026-08-14T15:54:30Z,6.5,81.4
2026-08-14T15:55:30Z,6.52,81.6
2026-08-14T15:56:30Z,6.52,81.62
2026-08-14T15:57:30Z,6.52,81.73
2026-08-14T15:58:30Z,6.53,81.78
2026-08-14T15:59:30Z,6.53,81.88
2026-08-14T16:00:30Z,6.54,81.93
2026-08-14T16:01:30Z,6.55,82.13
2026-08-14T16:02:30Z,6.55,82.18
2026-08-14T16:03:30Z,6.56,82.25
2026-08-14T16:04:30Z,6.56,82.31
2026-08-14T16:05:30Z,6.56,82.34
2026-08-14T16:06:30Z,6.56,82.31
2026-08-14T16:07:30Z,6.56,82.25
2026-08-14T16:08:30Z,6.55,82.2
2026-08-14T16:09:30Z,6.56,82.35
2026-08-14T16:10:30Z,6.56,82.41
2026-08-14T16:11:30Z,6.57,82.53
2026-08-14T16:12:30Z,6.58,82.64
2026-08-14T16:13:30Z,6.57,82.45
2026-08-14T16:14:30Z,6.57,82.5
2026-08-14T16:15:30Z,6.57,82.53
2026-08-14T16:16:30Z,6.57,82.57
2026-08-14T16:17:30Z,6.57,82.42
2026-08-14T16:18:30Z,6.56,82.41
2026-08-14T16:19:30Z,6.57,82.52
2026-08-14T16:20:30Z,6.58,82.6
2026-08-14T16:21:30Z,6.58,82.68
2026-08-14T16:22:30Z,6.58,82.65
2026-08-14T16:23:30Z,6.57,82.51
2026-08-14T16:24:30Z,6.57,82.5
2026-08-14T16:25:30Z,6.57,82.46
2026-08-14T16:26:30Z,6.57,82.44
2026-08-14T16:27:30Z,6.56,82.32
2026-08-14T16:28:30Z,6.55,82.22
2026-08-14T16:29:30Z,6.54,82.01
2026-08-14T16:30:30Z,6.54,81.97
2026-08-14T16:31:30Z,6.54,81.94
2026-08-14T16:32:30Z,6.53,81.89
2026-08-14T16:33:30Z,6.53,81.81
2026-08-14T16:34:30Z,6.52,81.7
2026-08-14T16:35:30Z,6.52,81.7
2026-08-14T16:36:30Z,6.52,81.71
2026-08-14T16:37:30Z,6.52,81.64
2026-08-14T16:38:30Z,6.51,81.49
2026-08-14T16:39:30Z,6.51,81.44
2026-08-14T16:40:30Z,6.51,81.49
2026-08-14T16:41:30Z,6.5,81.34
2026-08-14T16:42:30Z,6.5,81.32
2026-08-14T16:43:30Z,6.5,81.29
2026-08-14T16:44:30Z,6.5,81.24
2026-08-14T16:45:30Z,6.49,81.17
2026-08-14T16:46:30Z,6.49,81.12
2026-08-14T16:47:30Z,6.48,81.03
2026-08-14T16:48:30Z,6.48,81.04
2026-08-14T16:49:30Z,6.48,81.03
2026-08-14T16:50:30Z,6.48,80.99
2026-08-14T16:51:30Z,6.48,80.99
2026-08-14T16:52:30Z,6.48,80.94
2026-08-14T16:53:30Z,6.48,80.96
2026-08-14T16:54:30Z,6.49,81.08
2026-08-14T16:55:30Z,6.49,81.12
2026-08-14T16:56:30Z,6.49,81.23
2026-08-14T16:57:30Z,6.5,81.27
2026-08-14T16:58:30Z,6.5,81.31
2026-08-14T16:59:30Z,6.49,81.18
2026-08-14T17:00:30Z,6.49,81.22
2026-08-14T17:01:30Z,6.49,81.2
2026-08-14T17:02:30Z,6.49,81.13
2026-08-14T17:03:30Z,6.49,81.15
2026-08-14T17:04:30Z,6.5,81.25
2026-08-14T17:05:30Z,6.49,81.2
2026-08-14T17:06:30Z,6.49,81.17
2026-08-14T17:07:30Z,6.5,81.26
2026-08-14T17:08:30Z,6.51,81.42
2026-08-14T17:09:30Z,6.5,81.37
2026-08-14T17:10:30Z,6.5,81.39
2026-08-14T17:11:30Z,6.51,81.44
2026-08-14T17:12:30Z,6.5,81.37
2026-08-14T17:13:30Z,6.5,81.36
2026-08-14T17:14:30Z,6.49,81.21
2026-08-14T17:15:30Z,6.49,81.18
2026-08-14T17:16:30Z,6.49,81.21
2026-08-14T17:17:30Z,6.48,81.05
2026-08-14T17:18:30Z,6.49,81.1
2026-08-14T17:19:30Z,6.49,81.21
2026-08-14T17:20:30Z,6.5,81.4
2026-08-14T17:21:30Z,6.51,81.48
2026-08-14T17:22:30Z,6.51,81.46
2026-08-14T17:23:30Z,6.5,81.31
2026-08-14T17:24:30Z,6.5,81.33
2026-08-14T17:25:30Z,6.51,81.41
2026-08-14T17:26:30Z,6.51,81.5
2026-08-14T17:27:30Z,6.52,81.6
2026-08-14T17:28:30Z,6.52,81.6
2026-08-14T17:29:30Z,6.52,81.59
2026-08-14T17:30:30Z,6.51,81.51
2026-08-14T17:31:30Z,6.51,81.45
2026-08-14T17:32:30Z,6.51,81.54
2026-08-14T17:33:30Z,6.51,81.48
2026-08-14T17:34:30Z,6.52,81.57
2026-08-14T17:35:30Z,6.51,81.49
2026-08-14T17:36:30Z,6.5,81.26
2026-08-14T17:37:30Z,6.49,81.16
2026-08-14T17:38:30Z,6.49,81.11
2026-08-14T17:39:30Z,6.48,81.06
2026-08-14T17:40:30Z,6.48,80.92
2026-08-14T17:41:30Z,6.47,80.82
2026-08-14T17:42:30Z,6.47,80.87
2026-08-14T17:43:30Z,6.47,80.84
2026-08-14T17:44:30Z,6.47,80.78
2026-08-14T17:45:30Z,6.46,80.62
2026-08-14T17:46:30Z,6.46,80.57
2026-08-14T17:47:30Z,6.46,80.63
2026-08-14T17:48:30Z,6.45,80.47
2026-08-14T17:49:30Z,6.45,80.45
2026-08-14T17:50:30Z,6.45,80.49
2026-08-14T17:51:30Z,6.45,80.44
2026-08-14T17:52:30Z,6.44,80.31
2026-08-14T17:53:30Z,6.44,80.32
2026-08-14T17:54:30Z,6.44,80.32
2026-08-14T17:55:30Z,6.44,80.36
2026-08-14T17:56:30Z,6.45,80.4
2026-08-14T17:57:30Z,6.45,80.4
2026-08-14T17:58:30Z,6.45,80.42
2026-08-14T17:59:30Z,6.44,80.37
2026-08-14T18:00:30Z,6.44,80.33
2026-08-14T18:01:30Z,6.44,80.29
2026-08-14T18:02:30Z,6.44,80.31
2026-08-14T18:03:30Z,6.44,80.34
2026-08-14T18:04:30Z,6.44,80.38
2026-08-14T18:05:30Z,6.43,80.22
2026-08-14T18:06:30Z,6.43,80.13
2026-08-14T18:07:30Z,6.43,80.12
2026-08-14T18:08:30Z,6.43,80.1
2026-08-14T18:09:30Z,6.43,80.06
2026-08-14T18:10:30Z,6.43,80.18
2026-08-14T18:11:30Z,6.43,80.21
2026-08-14T18:12:30Z,6.44,80.37
2026-08-14T18:13:30Z,6.44,80.33
2026-08-14T18:14:30Z,6.46,80.59
2026-08-14T18:15:30Z,6.46,80.64
2026-08-14T18:16:30Z,6.47,80.76
2026-08-14T18:17:30Z,6.48,80.93
2026-08-14T18:18:30Z,6.48,80.96
2026-08-14T18:27:30Z,6.48,80.98
2026-08-14T18:28:30Z,6.48,81
2026-08-14T18:29:30Z,6.48,80.92
2026-08-14T18:30:30Z,6.48,80.92
2026-08-14T18:31:30Z,6.47,80.78
2026-08-14T18:32:30Z,6.47,80.84
2026-08-14T18:33:30Z,6.47,80.8
2026-08-14T18:34:30Z,6.47,80.77
2026-08-14T18:35:30Z,6.47,80.83
2026-08-14T18:36:30Z,6.47,80.85
2026-08-14T18:37:30Z,6.47,80.74
2026-08-14T18:38:30Z,6.46,80.65
2026-08-14T18:39:30Z,6.46,80.68
2026-08-14T18:40:30Z,6.46,80.69
2026-08-14T18:41:30Z,6.46,80.62
2026-08-14T18:42:30Z,6.46,80.64
2026-08-14T18:43:30Z,6.46,80.68
2026-08-14T18:44:30Z,6.45,80.51
2026-08-14T18:45:30Z,6.46,80.67
2026-08-14T18:46:30Z,6.46,80.63
2026-08-14T18:47:30Z,6.46,80.63
2026-08-14T18:48:30Z,6.47,80.73
2026-08-14T18:49:30Z,6.47,80.82
2026-08-14T18:50:30Z,6.47,80.77
2026-08-14T18:51:30Z,6.47,80.76
2026-08-14T18:52:30Z,6.47,80.83
2026-08-14T18:53:30Z,6.48,80.97
2026-08-14T18:54:30Z,6.48,81.03
2026-08-14T18:55:30Z,6.48,80.96
2026-08-14T18:56:30Z,6.47,80.89
2026-08-14T18:57:30Z,6.48,80.99
2026-08-14T18:58:30Z,6.48,81
2026-08-14T18:59:30Z,6.48,80.99
2026-08-14T19:00:30Z,6.48,80.95
2026-08-14T19:01:30Z,6.48,81
2026-08-14T19:02:30Z,6.48,80.91
2026-08-14T19:03:30Z,6.47,80.87
2026-08-14T19:04:30Z,6.47,80.85
2026-08-14T19:05:30Z,6.47,80.83
2026-08-14T19:06:30Z,6.47,80.87
2026-08-14T19:07:30Z,6.48,80.9
2026-08-14T19:08:30Z,6.47,80.86
2026-08-14T19:09:30Z,6.48,80.94
2026-08-14T19:10:30Z,6.49,81.08
2026-08-14T19:11:30Z,6.49,81.1
2026-08-14T19:12:30Z,6.48,81.02
2026-08-14T19:13:30Z,6.48,80.95
2026-08-14T19:14:30Z,6.47,80.88
2026-08-14T19:15:30Z,6.48,80.9
2026-08-14T19:16:30Z,6.47,80.81
2026-08-14T19:17:30Z,6.46,80.6
2026-08-14T19:18:30Z,6.46,80.69
2026-08-14T19:19:30Z,6.47,80.76
2026-08-14T19:20:30Z,6.46,80.7
2026-08-14T19:21:30Z,6.47,80.85
2026-08-14T19:22:30Z,6.47,80.87
2026-08-14T19:23:30Z,6.47,80.84
2026-08-14T19:24:30Z,6.48,80.91
2026-08-14T19:25:30Z,6.49,81.1
2026-08-14T19:26:30Z,6.49,81.08
2026-08-14T19:27:30Z,6.5,81.29
2026-08-14T19:28:30Z,6.51,81.41
2026-08-14T19:29:30Z,6.52,81.57
2026-08-14T19:30:30Z,6.52,81.66
2026-08-14T19:31:30Z,6.52,81.68
2026-08-14T19:32:30Z,6.52,81.72
2026-08-14T19:33:30Z,6.52,81.58
2026-08-14T19:34:30Z,6.51,81.54
2026-08-14T19:35:30Z,6.51,81.47
2026-08-14T19:36:30Z,6.51,81.48
2026-08-14T19:37:30Z,6.51,81.46
2026-08-14T19:38:30Z,6.51,81.42
2026-08-14T19:39:30Z,6.51,81.41
2026-08-14T19:40:30Z,6.5,81.24
2026-08-14T19:41:30Z,6.49,81.2
2026-08-14T19:42:30Z,6.49,81.18
2026-08-14T19:43:30Z,6.49,81.09
2026-08-14T19:44:30Z,6.49,81.19
2026-08-14T19:45:30Z,6.48,81.05
2026-08-14T19:46:30Z,6.49,81.1
2026-08-14T19:47:30Z,6.48,80.91
2026-08-14T19:48:30Z,6.46,80.58
2026-08-14T19:49:30Z,6.45,80.41
2026-08-14T19:50:30Z,6.45,80.41
2026-08-14T19:51:30Z,6.45,80.54
2026-08-14T19:52:30Z,6.47,80.81
2026-08-14T19:53:30Z,6.47,80.86
2026-08-14T19:54:30Z,6.48,80.99
2026-08-14T19:55:30Z,6.49,81.2
2026-08-14T19:56:30Z,6.49,81.19
2026-08-14T19:57:30Z,6.49,81.18
2026-08-14T19:58:30Z,6.49,81.16
2026-08-14T19:59:30Z,6.5,81.26
2026-08-14T20:00:30Z,6.49,81.23
2026-08-14T20:01:30Z,6.48,81.05
2026-08-14T20:02:30Z,6.47,80.77
2026-08-14T20:03:30Z,6.45,80.54
2026-08-14T20:04:30Z,6.45,80.52
2026-08-14T20:05:30Z,6.45,80.51
2026-08-14T20:06:30Z,6.45,80.52
2026-08-14T20:07:30Z,6.46,80.6
2026-08-14T20:08:30Z,6.46,80.65
2026-08-14T20:09:30Z,6.47,80.77
2026-08-14T20:10:30Z,6.47,80.77
2026-08-14T20:11:30Z,6.47,80.78
2026-08-14T20:12:30Z,6.47,80.73
2026-08-14T20:13:30Z,6.47,80.76
2026-08-14T20:14:30Z,6.47,80.77
2026-08-14T20:15:30Z,6.47,80.74
2026-08-14T20:16:30Z,6.47,80.79
2026-08-14T20:17:30Z,6.48,80.96
2026-08-14T20:18:30Z,6.49,81.23
2026-08-14T20:19:30Z,6.51,81.44
2026-08-14T20:20:30Z,6.51,81.55
2026-08-14T20:21:30Z,6.52,81.71
2026-08-14T20:22:30Z,6.53,81.74
2026-08-14T20:23:30Z,6.53,81.78
2026-08-14T20:24:30Z,6.53,81.9
2026-08-14T20:25:30Z,6.55,82.13
2026-08-14T20:26:30Z,6.55,82.2
2026-08-14T20:27:30Z,6.55,82.16
2026-08-14T20:28:30Z,6.55,82.19
2026-08-14T20:29:30Z,6.55,82.18
2026-08-14T20:30:30Z,6.55,82.22
2026-08-14T20:31:30Z,6.55,82.23
2026-08-14T20:32:30Z,6.55,82.19
2026-08-14T20:33:30Z,6.56,82.26
2026-08-14T20:34:30Z,6.56,82.32
2026-08-14T20:35:30Z,6.56,82.25
2026-08-14T20:36:30Z,6.56,82.28
2026-08-14T20:37:30Z,6.55,82.17
2026-08-14T20:38:30Z,6.56,82.3
2026-08-14T20:39:30Z,6.56,82.27
2026-08-14T20:40:30Z,6.55,82.22
2026-08-14T20:41:30Z,6.56,82.25
2026-08-14T20:42:30Z,6.56,82.3
2026-08-14T20:43:30Z,7.34,82.4
2026-08-14T20:44:30Z,7.35,82.46
2026-08-14T20:45:30Z,6.58,82.69
2026-08-14T20:46:30Z,6.59,82.83
2026-08-14T20:47:30Z,6.59,82.84
2026-08-14T20:48:30Z,6.59,82.89
2026-08-14T20:49:30Z,6.6,82.94
2026-08-14T20:50:30Z,6.6,82.95
2026-08-14T20:51:30Z,6.6,82.92
2026-08-14T20:52:30Z,6.6,82.98
2026-08-14T20:53:30Z,6.6,82.99
2026-08-14T20:54:30Z,6.6,82.99
2026-08-14T20:55:30Z,6.6,82.95
2026-08-14T20:56:30Z,6.6,82.97
2026-08-14T20:57:30Z,6.59,82.9
2026-08-14T20:58:30Z,6.59,82.9
2026-08-14T20:59:30Z,6.59,82.8
2026-08-14T21:00:30Z,6.59,82.78
2026-08-14T21:01:30Z,6.57,82.55
2026-08-14T21:02:30Z,6.58,82.59
2026-08-14T21:03:30Z,6.57,82.52
2026-08-14T21:04:30Z,6.57,82.52
2026-08-14T21:05:30Z,6.57,82.56
2026-08-14T21:06:30Z,6.57,82.45
2026-08-14T21:07:30Z,6.57,82.5
2026-08-14T21:08:30Z,6.57,82.53
2026-08-14T21:09:30Z,6.56,82.36
2026-08-14T21:10:30Z,6.56,82.29
2026-08-14T21:11:30Z,6.55,82.16
2026-08-14T21:12:30Z,6.55,82.13
2026-08-14T21:13:30Z,6.54,81.99
2026-08-14T21:14:30Z,6.53,81.83
2026-08-14T21:15:30Z,6.51,81.56
2026-08-14T21:16:30Z,6.51,81.51
2026-08-14T21:17:30Z,6.5,81.29
2026-08-14T21:18:30Z,6.5,81.25
2026-08-14T21:19:30Z,6.48,80.98
2026-08-14T21:20:30Z,6.48,80.96
2026-08-14T21:21:30Z,6.48,80.99
2026-08-14T21:22:30Z,6.48,80.93
2026-08-14T21:23:30Z,6.48,80.92
2026-08-14T21:24:30Z,6.48,80.91
2026-08-14T21:25:30Z,6.47,80.78
2026-08-14T21:26:30Z,6.47,80.75
2026-08-14T21:27:30Z,6.46,80.67
2026-08-14T21:28:30Z,6.46,80.66
2026-08-14T21:29:30Z,6.46,80.72
2026-08-14T21:30:30Z,6.46,80.59
2026-08-14T21:31:30Z,6.46,80.65
2026-08-14T21:32:30Z,6.47,80.74
2026-08-14T21:33:30Z,6.47,80.76
2026-08-14T21:34:30Z,6.47,80.74
2026-08-14T21:35:30Z,6.47,80.84
2026-08-14T21:36:30Z,6.48,80.9
2026-08-14T21:37:30Z,6.48,80.91
2026-08-14T21:38:30Z,6.49,81.08
2026-08-14T21:39:30Z,6.49,81.09
2026-08-14T21:40:30Z,6.49,81.16
2026-08-14T21:41:30Z,6.49,81.18
2026-08-14T21:42:30Z,6.5,81.26
2026-08-14T21:43:30Z,6.49,81.13
2026-08-14T21:44:30Z,6.49,81.2
2026-08-14T21:45:30Z,6.49,81.11
2026-08-14T21:46:30Z,6.49,81.2
2026-08-14T21:47:30Z,6.49,81.18
2026-08-14T21:48:30Z,6.49,81.11
2026-08-14T21:49:30Z,6.49,81.23
2026-08-14T21:50:30Z,6.49,81.16
2026-08-14T21:51:30Z,6.49,81.08
2026-08-14T21:52:30Z,6.48,81.03
2026-08-14T21:53:30Z,6.48,81.05
2026-08-14T21:54:30Z,6.48,80.92
2026-08-14T21:55:30Z,6.48,80.91
2026-08-14T21:56:30Z,6.48,80.98
2026-08-14T21:57:30Z,6.48,80.96
2026-08-14T21:58:30Z,6.47,80.79
2026-08-14T21:59:30Z,6.47,80.88
2026-08-14T22:00:30Z,6.47,80.8
2026-08-14T22:01:30Z,6.47,80.8
2026-08-14T22:02:30Z,6.47,80.81
2026-08-14T22:03:30Z,6.47,80.87
2026-08-14T22:04:30Z,6.46,80.69
2026-08-14T22:05:30Z,6.46,80.58
2026-08-14T22:06:30Z,6.47,80.76
2026-08-14T22:07:30Z,6.46,80.7
2026-08-14T22:08:30Z,6.47,80.77
2026-08-14T22:09:30Z,6.47,80.85
2026-08-14T22:10:30Z,6.47,80.75
2026-08-14T22:11:30Z,6.47,80.77
2026-08-14T22:12:30Z,6.47,80.77
2026-08-14T22:13:30Z,6.46,80.7
2026-08-14T22:14:30Z,6.46,80.63
2026-08-14T22:15:30Z,6.47,80.73
2026-08-14T22:16:30Z,6.45,80.52
2026-08-14T22:17:30Z,6.45,80.47
2026-08-14T22:18:30Z,6.46,80.59
2026-08-14T22:19:30Z,6.46,80.72
2026-08-14T22:20:30Z,6.45,80.41
2026-08-14T22:21:30Z,6.44,80.36
2026-08-14T22:22:30Z,6.43,80.18
2026-08-14T22:23:30Z,6.44,80.3
2026-08-14T22:24:30Z,6.44,80.27
2026-08-14T22:25:30Z,6.43,80.08
2026-08-14T22:26:30Z,6.43,80.12
2026-08-14T22:27:30Z,6.43,80.21
2026-08-14T22:28:30Z,6.42,80
2026-08-14T22:29:30Z,6.41,79.81
2026-08-14T22:30:30Z,6.41,79.85
2026-08-14T22:31:30Z,6.39,79.39
2026-08-14T22:32:30Z,7.03,79.36
2026-08-14T22:33:30Z,6.39,79.47
2026-08-14T22:34:30Z,6.39,79.46
2026-08-14T22:35:30Z,6.38,79.31
2026-08-14T22:36:30Z,7.03,79.29
2026-08-14T22:37:30Z,6.36,79.04
2026-08-14T22:38:30Z,6.35,78.73
2026-08-14T22:39:30Z,6.36,78.98
2026-08-14T22:40:30Z,6.34,78.7
2026-08-14T22:41:30Z,6.98,78.5
2026-08-14T22:42:30Z,7.01,78.89
2026-08-14T22:43:30Z,6.98,78.49
2026-08-14T22:44:30Z,6.98,78.5
2026-08-14T22:45:30Z,6.98,78.41
2026-08-14T22:46:30Z,6.32,78.3
2026-08-14T22:47:30Z,6.29,77.86
2026-08-14T22:48:30Z,6.94,77.74
2026-08-14T22:49:30Z,6.92,77.44
2026-08-14T22:50:30Z,6.25,77.04
2026-08-14T22:51:30Z,6.9,77.13
2026-08-14T22:52:30Z,6.23,76.86
2026-08-14T22:53:30Z,6.23,76.82
2026-08-14T22:54:30Z,6.24,76.97
2026-08-14T22:55:30Z,6.88,76.86
2026-08-14T22:56:30Z,6.23,76.75
2026-08-14T22:57:30Z,6.23,76.7
2026-08-14T22:58:30Z,6.84,76.15
2026-08-14T22:59:30Z,6.19,76.03
2026-08-14T23:00:30Z,6.21,76.44
2026-08-14T23:01:30Z,6.21,76.47
2026-08-14T23:02:30Z,6.16,75.65
2026-08-14T23:03:30Z,6.16,75.68
2026-08-14T23:04:30Z,6.16,75.62
2026-08-14T23:05:30Z,6.15,75.44
2026-08-14T23:06:30Z,6.16,75.57
2026-08-14T23:07:30Z,6.15,75.43
2026-08-14T23:08:30Z,6.15,75.37
2026-08-14T23:09:30Z,6.79,75.23
2026-08-14T23:10:30Z,6.14,75.19
2026-08-14T23:11:30Z,6.09,74.46
2026-08-14T23:12:30Z,6.07,74.07
2026-08-14T23:13:30Z,6.06,73.86
2026-08-14T23:14:30Z,6.05,73.82
2026-08-14T23:15:30Z,6.05,73.72
2026-08-14T23:16:30Z,6.04,73.53
2026-08-14T23:17:30Z,6.05,73.7
2026-08-14T23:18:30Z,6.06,73.97
2026-08-14T23:19:30Z,6.05,73.7
2026-08-14T23:20:30Z,6.03,73.46
2026-08-14T23:21:30Z,6.04,73.5
2026-08-14T23:22:30Z,6.01,73.07
2026-08-14T23:23:30Z,5.99,72.7
2026-08-14T23:24:30Z,5.99,72.73
2026-08-14T23:25:30Z,5.99,72.72
2026-08-14T23:26:30Z,5.96,72.32
2026-08-14T23:27:30Z,5.97,72.47
2026-08-14T23:28:30Z,5.97,72.33
2026-08-14T23:29:30Z,5.96,72.23
2026-08-14T23:30:30Z,5.94,71.98
2026-08-14T23:31:30Z,5.97,72.4
2026-08-14T23:32:30Z,5.91,71.48
2026-08-14T23:33:30Z,5.91,71.37
2026-08-14T23:34:30Z,5.92,71.55
2026-08-14T23:35:30Z,5.91,71.38
2026-08-14T23:36:30Z,5.91,71.45
2026-08-14T23:37:30Z,5.89,71.02
2026-08-14T23:38:30Z,5.88,70.84
2026-08-14T23:39:30Z,5.85,70.42
2026-08-14T23:40:30Z,5.83,70.09
2026-08-14T23:41:30Z,5.82,69.94
2026-08-14T23:42:30Z,5.83,70.04
2026-08-14T23:43:30Z,5.83,70
2026-08-14T23:44:30Z,5.83,70.01
2026-08-14T23:45:30Z,5.79,69.45
2026-08-14T23:46:30Z,5.8,69.47
2026-08-14T23:47:30Z,5.83,70.09
2026-08-14T23:48:30Z,5.79,69.33
2026-08-14T23:49:30Z,5.75,68.78
2026-08-14T23:50:30Z,5.75,68.7
2026-08-14T23:51:30Z,5.75,68.76
2026-08-14T23:52:30Z,5.75,68.76
2026-08-14T23:53:30Z,5.75,68.66
2026-08-14T23:54:30Z,5.72,68.15
2026-08-14T23:55:30Z,5.7,67.83
2026-08-14T23:56:30Z,5.68,67.52
2026-08-14T23:57:30Z,5.68,67.46
2026-08-14T23:58:30Z,5.65,67.1
2026-08-14T23:59:30Z,5.69,67.64
2026-08-15T00:00:30Z,5.67,67.38
2026-08-15T00:01:30Z,5.67,67.36
2026-08-15T00:02:30Z,5.66,67.21
2026-08-15T00:03:30Z,5.66,67.21
2026-08-15T00:04:30Z,5.65,67.03
2026-08-15T00:05:30Z,5.62,66.49
2026-08-15T00:06:30Z,5.64,66.89
2026-08-15T00:07:30Z,5.63,66.67
2026-08-15T00:08:30Z,5.62,66.55
2026-08-15T00:09:30Z,5.62,66.55
2026-08-15T00:10:30Z,5.6,66.21
2026-08-15T00:11:30Z,5.58,65.88
2026-08-15T00:12:30Z,5.57,65.62
2026-08-15T00:13:30Z,5.54,65.13
2026-08-15T00:14:30Z,6.16,64.74
2026-08-15T00:15:30Z,5.51,64.73
2026-08-15T00:16:30Z,5.53,64.99
2026-08-15T00:17:30Z,5.53,64.95
2026-08-15T00:18:30Z,5.51,64.75
2026-08-15T00:19:30Z,6.17,64.8
2026-08-15T00:20:30Z,6.19,65.23
2026-08-15T00:21:30Z,5.55,65.34
2026-08-15T00:22:30Z,5.51,64.69
2026-08-15T00:23:30Z,5.51,64.64
2026-08-15T00:24:30Z,5.54,65.14
2026-08-15T00:25:30Z,5.53,65.07
2026-08-15T00:26:30Z,5.52,64.81
2026-08-15T00:27:30Z,5.48,64.16
2026-08-15T00:28:30Z,5.46,63.78
2026-08-15T00:29:30Z,5.45,63.71
2026-08-15T00:30:30Z,5.45,63.58
2026-08-15T00:31:30Z,5.44,63.56
2026-08-15T00:32:30Z,5.4,62.87
2026-08-15T00:33:30Z,5.41,63.07
2026-08-15T00:34:30Z,6.07,63.11
2026-08-15T00:35:30Z,5.39,62.59
2026-08-15T00:36:30Z,6.83,62.91
2026-08-15T00:37:30Z,5.4,62.81
2026-08-15T00:38:30Z,5.38,62.54
2026-08-15T00:39:30Z,5.37,62.27
2026-08-15T00:40:30Z,5.34,61.75
2026-08-15T00:41:30Z,5.35,61.92
2026-08-15T00:42:30Z,5.39,62.57
2026-08-15T00:43:30Z,5.98,61.64
2026-08-15T00:44:30Z,5.96,61.23
2026-08-15T00:45:30Z,5.92,60.66
2026-08-15T00:46:30Z,5.29,60.93
2026-08-15T00:47:30Z,5.23,60.02
2026-08-15T00:48:30Z,5.21,59.61
2026-08-15T00:49:30Z,6.01,60
2026-08-15T00:50:30Z,6.02,60.07
2026-08-15T00:51:30Z,5.21,59.69
2026-08-15T00:52:30Z,5.22,59.78
2026-08-15T00:53:30Z,5.18,59.2
2026-08-15T00:54:30Z,5.21,59.59
2026-08-15T00:55:30Z,5.16,58.82
2026-08-15T00:56:30Z,5.15,58.63
2026-08-15T00:57:30Z,5.9,58.09
2026-08-15T00:58:30Z,6.72,58.86
2026-08-15T00:59:30Z,6.74,59.18
2026-08-15T01:00:30Z,6.9,59.64
2026-08-15T01:01:30Z,5.23,59.9
2026-08-15T01:02:30Z,5.21,59.68
2026-08-15T01:03:30Z,5.22,59.8
2026-08-15T01:04:30Z,5.2,59.39
2026-08-15T01:05:30Z,5.18,59.06
2026-08-15T01:06:30Z,5.16,58.83
2026-08-15T01:07:30Z,5.2,59.45
2026-08-15T01:08:30Z,5.13,58.32
2026-08-15T01:09:30Z,5.16,58.73
2026-08-15T01:10:30Z,5.17,58.98
2026-08-15T01:11:30Z,5.17,58.92
2026-08-15T01:12:30Z,5.14,58.4
2026-08-15T01:13:30Z,5.14,58.37
2026-08-15T01:14:30Z,5.1,57.83
2026-08-15T01:15:30Z,5.11,57.99
2026-08-15T01:16:30Z,5.11,58.02
2026-08-15T01:17:30Z,5.07,57.21
2026-08-15T01:18:30Z,5.05,56.96
2026-08-15T01:19:30Z,4.99,55.98
2026-08-15T01:20:30Z,5.01,56.18
2026-08-15T01:21:30Z,5.02,56.39
2026-08-15T01:22:30Z,5.01,56.27
2026-08-15T01:23:30Z,5.03,56.56
2026-08-15T01:24:30Z,5.03,56.59
2026-08-15T01:25:30Z,4.97,55.59
2026-08-15T01:26:30Z,4.98,55.72
2026-08-15T01:27:30Z,4.94,55.14
2026-08-15T01:28:30Z,4.94,55.07
2026-08-15T01:29:30Z,4.94,55.07
2026-08-15T01:30:30Z,4.96,55.41
2026-08-15T01:31:30Z,4.95,55.27
2026-08-15T01:32:30Z,4.92,54.74
2026-08-15T01:33:30Z,4.93,54.92
2026-08-15T01:34:30Z,4.94,55.15
2026-08-15T01:35:30Z,4.94,55.04
2026-08-15T01:36:30Z,4.94,55.1
2026-08-15T01:37:30Z,4.95,55.32
2026-08-15T01:38:30Z,4.96,55.47
2026-08-15T01:39:30Z,5.79,56.35
2026-08-15T01:40:30Z,4.99,55.91
2026-08-15T01:41:30Z,4.97,55.65
2026-08-15T01:42:30Z,4.99,55.92
2026-08-15T01:43:30Z,5.03,56.61
2026-08-15T01:44:30Z,5,56.12
2026-08-15T01:45:30Z,5.02,56.49
2026-08-15T01:46:30Z,4.97,55.54
2026-08-15T01:47:30Z,5.75,55.67
2026-08-15T01:48:30Z,4.98,55.77
2026-08-15T01:49:30Z,4.99,55.99
2026-08-15T01:50:30Z,5.04,56.72
2026-08-15T01:51:30Z,5.01,56.23
2026-08-15T01:52:30Z,5.06,57.06
2026-08-15T01:53:30Z,5.04,56.76
2026-08-15T01:54:30Z,5.02,56.43
2026-08-15T01:55:30Z,5.01,56.21
2026-08-15T01:56:30Z,4.98,55.78
2026-08-15T01:57:30Z,5,56.14
2026-08-15T01:58:30Z,4.95,55.23
2026-08-15T01:59:30Z,4.94,55.1
2026-08-15T02:00:30Z,4.93,54.89
2026-08-15T02:01:30Z,4.94,55.07
2026-08-15T02:02:30Z,4.96,55.47
2026-08-15T02:03:30Z,4.96,55.42
2026-08-15T02:04:30Z,4.93,54.88
2026-08-15T02:05:30Z,4.87,53.9
2026-08-15T02:06:30Z,4.83,53.27
2026-08-15T02:07:30Z,5.67,54.26
2026-08-15T02:08:30Z,4.86,53.77
2026-08-15T02:09:30Z,4.86,53.78
2026-08-15T02:10:30Z,4.82,53.07
2026-08-15T02:11:30Z,4.82,53.13
2026-08-15T02:12:30Z,4.83,53.28
2026-08-15T02:13:30Z,4.84,53.4
2026-08-15T02:14:30Z,4.85,53.57
2026-08-15T02:15:30Z,4.83,53.23
2026-08-15T02:16:30Z,4.81,52.87
2026-08-15T02:17:30Z,4.81,52.83
2026-08-15T02:18:30Z,4.78,52.45
2026-08-15T02:19:30Z,4.78,52.38
2026-08-15T02:20:30Z,4.74,51.74
2026-08-15T02:21:30Z,4.7,51.12
2026-08-15T02:22:30Z,4.73,51.5
2026-08-15T02:23:30Z,4.71,51.17
2026-08-15T02:24:30Z,4.68,50.7
2026-08-15T02:25:30Z,4.66,50.39
2026-08-15T02:26:30Z,4.66,50.36
2026-08-15T02:27:30Z,4.66,50.3
2026-08-15T02:28:30Z,4.61,49.53
2026-08-15T02:29:30Z,4.64,49.96
2026-08-15T02:30:30Z,4.62,49.67
2026-08-15T02:31:30Z,4.6,49.43
2026-08-15T02:32:30Z,4.59,49.13
2026-08-15T02:33:30Z,4.59,49.2
2026-08-15T02:34:30Z,4.56,48.76
2026-08-15T02:35:30Z,4.62,49.64
2026-08-15T02:36:30Z,4.62,49.64
2026-08-15T02:37:30Z,4.61,49.62
2026-08-15T02:38:30Z,4.59,49.21
2026-08-15T02:39:30Z,4.58,48.99
2026-08-15T02:40:30Z,4.52,47.96
2026-08-15T02:41:30Z,4.55,48.55
2026-08-15T02:42:30Z,4.56,48.76
2026-08-15T02:43:30Z,4.55,48.49
2026-08-15T02:44:30Z,4.53,48.16
2026-08-15T02:45:30Z,4.54,48.39
2026-08-15T02:46:30Z,4.5,47.66
2026-08-15T02:47:30Z,4.53,48.26
2026-08-15T02:48:30Z,4.51,47.9
2026-08-15T02:49:30Z,4.47,47.2
2026-08-15T02:50:30Z,4.52,48.07
2026-08-15T02:51:30Z,4.54,48.39
2026-08-15T02:52:30Z,4.57,48.8
2026-08-15T02:53:30Z,4.55,48.49
2026-08-15T02:54:30Z,4.51,47.86
2026-08-15T02:55:30Z,4.53,48.18
2026-08-15T02:56:30Z,4.52,48.01
2026-08-15T02:57:30Z,4.52,48.03
2026-08-15T02:58:30Z,4.48,47.34
2026-08-15T02:59:30Z,4.48,47.33
2026-08-15T03:00:30Z,4.43,46.56
2026-08-15T03:01:30Z,4.38,45.64
2026-08-15T03:02:30Z,4.39,45.87
2026-08-15T03:03:30Z,4.39,45.83
2026-08-15T03:04:30Z,4.38,45.66
2026-08-15T03:05:30Z,4.38,45.72
2026-08-15T03:06:30Z,4.32,44.72
2026-08-15T03:07:30Z,4.33,44.81
2026-08-15T03:08:30Z,4.3,44.27
2026-08-15T03:09:30Z,4.32,44.65
2026-08-15T03:10:30Z,4.37,45.43
2026-08-15T03:11:30Z,4.34,44.99
2026-08-15T03:12:30Z,4.34,45.08
2026-08-15T03:13:30Z,4.35,45.15
2026-08-15T03:14:30Z,4.37,45.58
2026-08-15T03:15:30Z,4.41,46.11
2026-08-15T03:16:30Z,4.42,46.37
2026-08-15T03:17:30Z,4.38,45.67
2026-08-15T03:18:30Z,4.39,45.82
2026-08-15T03:19:30Z,4.37,45.44
2026-08-15T03:20:30Z,4.35,45.21
2026-08-15T03:21:30Z,4.41,46.24
2026-08-15T03:22:30Z,6.4,46.9
2026-08-15T03:23:30Z,5.36,46.89
2026-08-15T03:24:30Z,4.44,46.74
2026-08-15T03:25:30Z,4.5,47.76
2026-08-15T03:26:30Z,4.48,47.3
2026-08-15T03:27:30Z,4.45,46.78
2026-08-15T03:28:30Z,4.4,46.08
2026-08-15T03:29:30Z,4.38,45.64
2026-08-15T03:30:30Z,4.37,45.44
2026-08-15T03:31:30Z,4.38,45.68
2026-08-15T03:32:30Z,4.31,44.56
2026-08-15T03:33:30Z,4.34,44.94
2026-08-15T03:34:30Z,4.34,45.03
2026-08-15T03:35:30Z,4.32,44.68
2026-08-15T03:36:30Z,4.33,44.9
2026-08-15T03:37:30Z,4.37,45.45
2026-08-15T03:38:30Z,4.41,46.13
2026-08-15T03:39:30Z,4.38,45.71
2026-08-15T03:40:30Z,4.4,45.98
2026-08-15T03:41:30Z,4.39,45.9
2026-08-15T03:42:30Z,4.37,45.47
2026-08-15T03:43:30Z,4.29,44.23
2026-08-15T03:44:30Z,4.3,44.4
2026-08-15T03:45:30Z,4.27,43.75
2026-08-15T03:46:30Z,4.26,43.67
2026-08-15T03:47:30Z,4.28,43.92
2026-08-15T03:48:30Z,4.26,43.6
2026-08-15T03:49:30Z,4.21,42.88
2026-08-15T03:50:30Z,4.19,42.47
2026-08-15T03:51:30Z,4.18,42.36
2026-08-15T03:52:30Z,4.18,42.36
2026-08-15T03:53:30Z,4.21,42.87
2026-08-15T03:54:30Z,4.19,42.54
2026-08-15T03:55:30Z,4.18,42.25
2026-08-15T03:56:30Z,4.21,42.75
2026-08-15T03:57:30Z,4.28,44.02
2026-08-15T03:58:30Z,4.31,44.45
2026-08-15T03:59:30Z,4.28,44.04
2026-08-15T04:00:30Z,4.34,45.05
2026-08-15T04:01:30Z,4.33,44.89
2026-08-15T04:02:30Z,4.37,45.54
2026-08-15T04:03:30Z,4.37,45.47
2026-08-15T04:04:30Z,4.4,45.95
2026-08-15T04:05:30Z,4.46,47
2026-08-15T04:06:30Z,4.47,47.13
2026-08-15T04:07:30Z,4.46,47
2026-08-15T04:08:30Z,4.45,46.89
2026-08-15T04:09:30Z,4.44,46.71
2026-08-15T04:10:30Z,4.44,46.7
2026-08-15T04:11:30Z,4.43,46.49
2026-08-15T04:12:30Z,4.45,46.83
2026-08-15T04:13:30Z,4.5,47.74
2026-08-15T04:14:30Z,4.5,47.75
2026-08-15T04:15:30Z,4.5,47.62
2026-08-15T04:16:30Z,4.47,47.22
2026-08-15T04:17:30Z,4.47,47.17
2026-08-15T04:18:30Z,4.49,47.5
2026-08-15T04:19:30Z,4.5,47.77
2026-08-15T04:20:30Z,4.49,47.56
2026-08-15T04:21:30Z,4.5,47.65
2026-08-15T04:22:30Z,4.49,47.55
2026-08-15T04:23:30Z,4.55,48.52
2026-08-15T04:24:30Z,4.53,48.23
2026-08-15T04:25:30Z,4.54,48.43
2026-08-15T04:26:30Z,4.48,47.3
2026-08-15T04:27:30Z,4.5,47.69
2026-08-15T04:28:30Z,4.51,47.83
2026-08-15T04:29:30Z,4.53,48.13
2026-08-15T04:30:30Z,4.55,48.53
2026-08-15T04:31:30Z,4.54,48.36
2026-08-15T04:32:30Z,4.56,48.76
2026-08-15T04:33:30Z,4.56,48.64
2026-08-15T04:34:30Z,4.53,48.19
2026-08-15T04:35:30Z,4.56,48.69
2026-08-15T04:36:30Z,4.56,48.68
2026-08-15T04:37:30Z,4.54,48.39
2026-08-15T04:38:30Z,4.48,47.43
2026-08-15T04:39:30Z,4.48,47.27
2026-08-15T04:40:30Z,4.42,46.32
2026-08-15T04:41:30Z,4.38,45.64
2026-08-15T04:42:30Z,4.37,45.57
2026-08-15T04:43:30Z,4.39,45.86
2026-08-15T04:44:30Z,4.39,45.86
2026-08-15T04:45:30Z,4.43,46.52
2026-08-15T04:46:30Z,4.41,46.23
2026-08-15T04:47:30Z,4.42,46.34
2026-08-15T04:48:30Z,4.4,46.02
2026-08-15T04:49:30Z,4.37,45.51
2026-08-15T04:50:30Z,4.39,45.82
2026-08-15T04:51:30Z,4.41,46.22
2026-08-15T04:52:30Z,4.42,46.35
2026-08-15T04:53:30Z,4.39,45.88
2026-08-15T04:54:30Z,4.41,46.11
2026-08-15T04:55:30Z,4.42,46.26
2026-08-15T04:56:30Z,4.42,46.37
2026-08-15T04:57:30Z,4.45,46.8
2026-08-15T04:58:30Z,4.47,47.19
2026-08-15T04:59:30Z,4.45,46.83
2026-08-15T05:00:30Z,4.42,46.32
2026-08-15T05:01:30Z,4.35,45.21
2026-08-15T05:02:30Z,4.35,45.1
2026-08-15T05:03:30Z,4.34,45.05
2026-08-15T05:04:30Z,4.32,44.6
2026-08-15T05:05:30Z,4.29,44.16
2026-08-15T05:06:30Z,4.3,44.4
2026-08-15T05:07:30Z,4.31,44.49
2026-08-15T05:08:30Z,4.35,45.11
2026-08-15T05:09:30Z,4.34,45.08
2026-08-15T05:10:30Z,4.41,46.16
2026-08-15T05:11:30Z,4.39,45.87
2026-08-15T05:12:30Z,4.42,46.35
2026-08-15T05:13:30Z,4.39,45.91
2026-08-15T05:14:30Z,4.41,46.24
2026-08-15T05:15:30Z,4.44,46.7
2026-08-15T05:16:30Z,4.42,46.42
2026-08-15T05:17:30Z,4.46,47.03
2026-08-15T05:18:30Z,4.5,47.61
2026-08-15T05:19:30Z,4.45,46.78
2026-08-15T05:20:30Z,4.52,47.96
2026-08-15T05:21:30Z,4.57,48.8
2026-08-15T05:22:30Z,4.64,49.97
2026-08-15T05:23:30Z,4.67,50.62
2026-08-15T05:24:30Z,4.71,51.2
2026-08-15T05:25:30Z,4.73,51.56
2026-08-15T05:26:30Z,4.8,52.8
2026-08-15T05:27:30Z,4.87,53.92
2026-08-15T05:28:30Z,4.89,54.24
2026-08-15T05:29:30Z,4.89,54.2
2026-08-15T05:30:30Z,4.92,54.67
2026-08-15T05:31:30Z,4.95,55.33
2026-08-15T05:32:30Z,4.99,55.94
2026-08-15T05:33:30Z,5.03,56.58
2026-08-15T05:34:30Z,5.06,57.12
2026-08-15T05:35:30Z,5.08,57.43
2026-08-15T05:36:30Z,5.08,57.5
2026-08-15T05:37:30Z,5.09,57.62
2026-08-15T05:38:30Z,5.1,57.79
2026-08-15T05:39:30Z,5.1,57.84
2026-08-15T05:40:30Z,5.13,58.28
2026-08-15T05:41:30Z,5.15,58.54
2026-08-15T05:42:30Z,5.13,58.32
2026-08-15T05:43:30Z,5.18,59.15
2026-08-15T05:44:30Z,5.22,59.74
2026-08-15T05:45:30Z,5.3,61.06
2026-08-15T05:46:30Z,6.26,62.03
2026-08-15T05:47:30Z,6.32,63.03
2026-08-15T05:48:30Z,6.36,63.65
2026-08-15T05:49:30Z,6.4,64.39
2026-08-15T05:50:30Z,5.52,64.81
2026-08-15T05:51:30Z,5.53,65
2026-08-15T05:52:30Z,5.53,65.03
2026-08-15T05:53:30Z,6.47,65.48
2026-08-15T05:54:30Z,7.41,66.1
2026-08-15T05:55:30Z,5.64,66.81
2026-08-15T05:56:30Z,5.65,67.03
2026-08-15T05:57:30Z,5.64,66.84
2026-08-15T05:58:30Z,5.65,66.97
2026-08-15T05:59:30Z,5.64,66.88
2026-08-15T06:00:30Z,5.64,66.94
2026-08-15T06:01:30Z,6.55,66.93
2026-08-15T06:02:30Z,6.57,67.26
2026-08-15T06:03:30Z,6.59,67.52
2026-08-15T06:04:30Z,7.52,67.93
2026-08-15T06:05:30Z,5.72,68.17
2026-08-15T06:06:30Z,6.62,68.09
2026-08-15T06:07:30Z,5.72,68.28
2026-08-15T06:08:30Z,5.71,68.05
2026-08-15T06:09:30Z,5.7,67.85
2026-08-15T06:10:30Z,6.61,67.83
2026-08-15T06:11:30Z,6.61,67.84
2026-08-15T06:12:30Z,5.68,67.51
2026-08-15T06:13:30Z,5.68,67.51
2026-08-15T06:14:30Z,5.67,67.34
2026-08-15T06:15:30Z,6.59,67.49
2026-08-15T06:16:30Z,6.59,67.46
2026-08-15T06:17:30Z,5.65,66.99
2026-08-15T06:18:30Z,6.55,66.94
2026-08-15T06:19:30Z,5.65,66.95
2026-08-15T06:20:30Z,5.65,66.98
2026-08-15T06:21:30Z,5.64,66.85
2026-08-15T06:22:30Z,5.63,66.71
2026-08-15T06:23:30Z,5.64,66.89
2026-08-15T06:24:30Z,5.62,66.47
2026-08-15T06:25:30Z,5.62,66.5
2026-08-15T06:26:30Z,5.61,66.37
2026-08-15T06:27:30Z,5.63,66.75
2026-08-15T06:28:30Z,5.65,67.09
2026-08-15T06:29:30Z,5.63,66.61
2026-08-15T06:30:30Z,5.64,66.8
2026-08-15T06:31:30Z,5.63,66.71
2026-08-15T06:32:30Z,5.62,66.57
2026-08-15T06:33:30Z,5.57,65.7
2026-08-15T06:34:30Z,5.58,65.81
2026-08-15T06:35:30Z,5.59,66.06
2026-08-15T06:36:30Z,6.36,65.86
2026-08-15T06:37:30Z,6.4,66.55
2026-08-15T06:38:30Z,6.41,66.74
2026-08-15T06:39:30Z,6.47,67.73
2026-08-15T06:40:30Z,7.43,68.53
2026-08-15T06:41:30Z,6.55,68.97
2026-08-15T06:42:30Z,6.58,69.49
2026-08-15T06:43:30Z,6.63,70.42
2026-08-15T06:44:30Z,7.59,71.19
2026-08-15T06:45:30Z,6.72,71.84
2026-08-15T06:46:30Z,5.96,72.21
2026-08-15T06:47:30Z,5.98,72.6
2026-08-15T06:48:30Z,6,72.86
2026-08-15T06:49:30Z,6.01,73.07
2026-08-15T06:50:30Z,6.04,73.54
2026-08-15T06:51:30Z,6.86,74.22
2026-08-15T06:52:30Z,6.88,74.64
2026-08-15T06:53:30Z,6.11,74.81
2026-08-15T06:54:30Z,6.12,74.9
2026-08-15T06:55:30Z,6.89,74.79
2026-08-15T06:56:30Z,6.13,75.15
2026-08-15T06:57:30Z,6.13,75.13
2026-08-15T06:58:30Z,6.14,75.29
2026-08-15T06:59:30Z,6.95,75.76
2026-08-15T07:00:30Z,6.19,76.17
2026-08-15T07:01:30Z,7,76.53
2026-08-15T07:02:30Z,7.01,76.73
2026-08-15T07:03:30Z,7.03,77.13
2026-08-15T07:04:30Z,6.91,77.28
2026-08-15T07:05:30Z,6.92,77.43
2026-08-15T07:06:30Z,6.92,77.44
2026-08-15T07:07:30Z,6.29,77.78
2026-08-15T07:08:30Z,6.97,78.37
2026-08-15T07:09:30Z,6.98,78.54
2026-08-15T07:10:30Z,7.02,79.13
2026-08-15T07:11:30Z,7.03,79.37
2026-08-15T07:12:30Z,6.41,79.81
2026-08-15T07:13:30Z,6.43,80.06
2026-08-15T07:14:30Z,6.42,79.9
2026-08-15T07:15:30Z,6.41,79.86
2026-08-15T07:16:30Z,6.38,79.38
2026-08-15T07:17:30Z,6.38,79.25
2026-08-15T07:18:30Z,7.03,79.3
2026-08-15T07:19:30Z,7.06,79.75
2026-08-15T07:20:30Z,7.07,79.93
2026-08-15T07:21:30Z,6.43,80.11
2026-08-15T07:22:30Z,6.45,80.42
2026-08-15T07:23:30Z,7.08,80.15
2026-08-15T07:24:30Z,6.44,80.26
2026-08-15T07:25:30Z,6.42,79.95
2026-08-15T07:26:30Z,6.4,79.67
2026-08-15T07:27:30Z,6.41,79.81
2026-08-15T07:28:30Z,6.4,79.61
2026-08-15T07:29:30Z,6.39,79.53
2026-08-15T07:30:30Z,6.39,79.54
2026-08-15T07:31:30Z,6.43,80.21
2026-08-15T07:32:30Z,6.49,81.21
2026-08-15T07:33:30Z,6.5,81.28
2026-08-15T07:34:30Z,6.54,81.98
2026-08-15T07:35:30Z,6.62,83.38
2026-08-15T07:36:30Z,6.59,82.84
2026-08-15T07:37:30Z,6.55,82.23
2026-08-15T07:38:30Z,6.55,82.11
2026-08-15T07:39:30Z,6.52,81.71
2026-08-15T07:40:30Z,6.55,82.15
2026-08-15T07:41:30Z,6.58,82.72
2026-08-15T07:42:30Z,6.64,83.7
2026-08-15T07:43:30Z,6.56,82.34
2026-08-15T07:44:30Z,6.55,82.09
2026-08-15T07:45:30Z,6.63,83.55
2026-08-15T07:46:30Z,6.56,82.29
2026-08-15T07:47:30Z,6.59,82.85
2026-08-15T07:48:30Z,6.58,82.69
2026-08-15T07:49:30Z,6.59,82.91
2026-08-15T07:50:30Z,6.58,82.67
2026-08-15T07:51:30Z,7.11,82.87
2026-08-15T07:52:30Z,6.62,83.28
2026-08-15T07:53:30Z,7.14,83.34
2026-08-15T07:54:30Z,6.62,83.38
2026-08-15T07:55:30Z,6.66,84.06
2026-08-15T07:56:30Z,6.69,84.52
2026-08-15T07:57:30Z,6.66,83.93
2026-08-15T07:58:30Z,6.68,84.27
2026-08-15T07:59:30Z,6.67,84.14
2026-08-15T08:00:30Z,6.73,85.24
2026-08-15T08:01:30Z,6.73,85.19
2026-08-15T08:02:30Z,6.74,85.34
2026-08-15T08:03:30Z,6.75,85.55
2026-08-15T08:04:30Z,6.76,85.63
2026-08-15T08:05:30Z,6.74,85.4
2026-08-15T08:06:30Z,6.8,86.36
2026-08-15T08:07:30Z,6.85,87.2
2026-08-15T08:08:30Z,6.84,87.11
2026-08-15T08:09:30Z,6.84,87.03
2026-08-15T08:10:30Z,6.84,87.11
2026-08-15T08:11:30Z,6.87,87.5
2026-08-15T08:12:30Z,6.91,88.25
2026-08-15T08:13:30Z,6.96,89.02
2026-08-15T08:14:30Z,6.97,89.21
2026-08-15T08:15:30Z,6.99,89.48
2026-08-15T08:16:30Z,7.02,90
2026-08-15T08:17:30Z,7,89.8
2026-08-15T08:18:30Z,7.02,90.09
2026-08-15T08:19:30Z,7.03,90.26
2026-08-15T08:20:30Z,7.04,90.4
2026-08-15T08:21:30Z,7.06,90.7
2026-08-15T08:22:30Z,7.07,90.82
2026-08-15T08:23:30Z,7.07,90.98
2026-08-15T08:24:30Z,7.1,91.35
2026-08-15T08:25:30Z,7.09,91.23
2026-08-15T08:26:30Z,7.09,91.32
2026-08-15T08:27:30Z,7.1,91.39
2026-08-15T08:28:30Z,7.12,91.75
2026-08-15T08:29:30Z,7.13,91.93
2026-08-15T08:30:30Z,7.12,91.81
2026-08-15T08:31:30Z,7.07,90.83
2026-08-15T08:32:30Z,7.06,90.73
2026-08-15T08:33:30Z,7.09,91.32
2026-08-15T08:34:30Z,7.11,91.58
2026-08-15T08:35:30Z,7.08,91
2026-08-15T08:36:30Z,7.09,91.17
2026-08-15T08:37:30Z,7.09,91.3
2026-08-15T08:38:30Z,7.11,91.56
2026-08-15T08:39:30Z,7.11,91.59
2026-08-15T08:40:30Z,7.09,91.26
2026-08-15T08:41:30Z,7.09,91.2
2026-08-15T08:42:30Z,7.1,91.42
2026-08-15T08:43:30Z,7.1,91.39
2026-08-15T08:44:30Z,7.1,91.46
2026-08-15T08:45:30Z,7.09,91.32
2026-08-15T08:46:30Z,7.11,91.5
2026-08-15T08:47:30Z,7.09,91.21
2026-08-15T08:48:30Z,7.09,91.19
2026-08-15T08:49:30Z,7.07,90.82
2026-08-15T08:50:30Z,7.06,90.79
2026-08-15T08:51:30Z,7.05,90.6
2026-08-15T08:52:30Z,7.01,89.95
2026-08-15T08:53:30Z,7,89.76
2026-08-15T08:54:30Z,6.96,89.11
2026-08-15T08:55:30Z,6.94,88.72
2026-08-15T08:56:30Z,6.93,88.55
2026-08-15T08:57:30Z,6.92,88.41
2026-08-15T08:58:30Z,6.91,88.14
2026-08-15T08:59:30Z,6.9,88.08
2026-08-15T09:00:30Z,6.87,87.6
2026-08-15T09:01:30Z,6.81,86.51
2026-08-15T09:02:30Z,6.74,85.41
2026-08-15T09:03:30Z,6.72,85.04
2026-08-15T09:04:30Z,6.68,84.38
2026-08-15T09:05:30Z,6.63,83.45
2026-08-15T09:06:30Z,6.7,84.62
2026-08-15T09:07:30Z,6.71,84.88
2026-08-15T09:08:30Z,6.73,85.15
2026-08-15T09:09:30Z,6.75,85.56
2026-08-15T09:10:30Z,6.73,85.13
2026-08-15T09:11:30Z,6.7,84.61
2026-08-15T09:12:30Z,6.65,83.85
2026-08-15T09:13:30Z,6.62,83.28
2026-08-15T09:14:30Z,6.61,83.22
2026-08-15T09:15:30Z,6.63,83.57
2026-08-15T09:16:30Z,6.61,83.25
2026-08-15T09:17:30Z,6.59,82.76
2026-08-15T09:18:30Z,6.59,82.81
2026-08-15T09:19:30Z,6.59,82.75
2026-08-15T09:20:30Z,6.55,82.18
2026-08-15T09:21:30Z,6.58,82.69
2026-08-15T09:22:30Z,6.58,82.58
2026-08-15T09:23:30Z,6.58,82.64
2026-08-15T09:24:30Z,6.54,82.01
2026-08-15T09:25:30Z,6.54,81.99
2026-08-15T09:26:30Z,6.56,82.28
2026-08-15T09:27:30Z,6.6,82.96
2026-08-15T09:28:30Z,6.61,83.25
2026-08-15T09:29:30Z,6.59,82.89
2026-08-15T09:30:30Z,6.57,82.55
2026-08-15T09:31:30Z,6.57,82.55
2026-08-15T09:32:30Z,6.52,81.63
2026-08-15T09:33:30Z,6.51,81.42
2026-08-15T09:34:30Z,6.48,81.01
2026-08-15T09:35:30Z,6.46,80.72
2026-08-15T09:36:30Z,6.48,81.06
2026-08-15T09:37:30Z,6.45,80.53
2026-08-15T09:38:30Z,6.45,80.51
2026-08-15T09:39:30Z,6.48,80.9
2026-08-15T09:40:30Z,6.47,80.78
2026-08-15T09:41:30Z,6.47,80.83
2026-08-15T09:42:30Z,6.49,81.09
2026-08-15T09:43:30Z,6.48,80.95
2026-08-15T09:44:30Z,6.49,81.22
2026-08-15T09:45:30Z,6.51,81.52
2026-08-15T09:46:30Z,6.5,81.37
2026-08-15T09:47:30Z,6.52,81.64
2026-08-15T09:48:30Z,6.56,82.26
2026-08-15T09:49:30Z,6.53,81.84
2026-08-15T09:50:30Z,6.53,81.85
2026-08-15T09:51:30Z,6.57,82.55
2026-08-15T09:52:30Z,6.57,82.43
2026-08-15T09:53:30Z,6.55,82.23
2026-08-15T09:54:30Z,6.56,82.33
2026-08-15T09:55:30Z,6.54,82.01
2026-08-15T09:56:30Z,6.5,81.3
2026-08-15T09:57:30Z,6.52,81.64
2026-08-15T09:58:30Z,6.51,81.48
2026-08-15T09:59:30Z,6.51,81.51
2026-08-15T10:00:30Z,6.5,81.39
2026-08-15T10:01:30Z,6.47,80.89
2026-08-15T10:02:30Z,6.47,80.75
2026-08-15T10:03:30Z,6.5,81.34
2026-08-15T10:04:30Z,6.51,81.41
2026-08-15T10:05:30Z,6.53,81.77
2026-08-15T10:06:30Z,6.54,82.03
2026-08-15T10:07:30Z,6.53,81.85
2026-08-15T10:08:30Z,6.47,80.84
2026-08-15T10:09:30Z,6.49,81.12
2026-08-15T10:10:30Z,6.48,80.95
2026-08-15T10:11:30Z,6.46,80.63
2026-08-15T10:12:30Z,6.48,81.03
2026-08-15T10:13:30Z,6.5,81.39
2026-08-15T10:14:30Z,6.5,81.31
2026-08-15T10:15:30Z,6.5,81.29
2026-08-15T10:16:30Z,6.48,81.03
2026-08-15T10:17:30Z,6.48,80.92
2026-08-15T10:18:30Z,6.5,81.27
2026-08-15T10:19:30Z,6.51,81.44
2026-08-15T10:20:30Z,6.51,81.49
2026-08-15T10:21:30Z,6.52,81.59
2026-08-15T10:22:30Z,6.51,81.45
2026-08-15T10:23:30Z,6.52,81.62
2026-08-15T10:24:30Z,6.54,82.03
2026-08-15T10:25:30Z,6.54,81.91
2026-08-15T10:26:30Z,6.51,81.53
2026-08-15T10:27:30Z,6.52,81.65
2026-08-15T10:28:30Z,6.52,81.61
2026-08-15T10:29:30Z,6.5,81.32
2026-08-15T10:30:30Z,6.51,81.47
2026-08-15T10:31:30Z,6.5,81.36
2026-08-15T10:32:30Z,6.51,81.52
2026-08-15T10:33:30Z,6.51,81.55
2026-08-15T10:34:30Z,6.51,81.55
2026-08-15T10:35:30Z,6.52,81.62
2026-08-15T10:36:30Z,6.52,81.62
2026-08-15T10:37:30Z,6.51,81.48
2026-08-15T10:38:30Z,6.52,81.57
2026-08-15T10:39:30Z,6.52,81.59
2026-08-15T10:40:30Z,6.51,81.42
2026-08-15T10:41:30Z,6.5,81.28
2026-08-15T10:42:30Z,6.5,81.24
2026-08-15T10:43:30Z,6.5,81.28
2026-08-15T10:44:30Z,6.51,81.47
2026-08-15T10:45:30Z,6.53,81.74
2026-08-15T10:46:30Z,6.49,81.1
2026-08-15T10:47:30Z,6.48,80.96
2026-08-15T10:48:30Z,6.47,80.85
2026-08-15T10:49:30Z,6.46,80.69
2026-08-15T10:50:30Z,6.45,80.53
2026-08-15T10:51:30Z,6.46,80.68
2026-08-15T10:52:30Z,6.45,80.48
2026-08-15T10:53:30Z,6.43,80.22
2026-08-15T10:54:30Z,6.42,79.99
2026-08-15T10:55:30Z,6.42,79.98
2026-08-15T10:56:30Z,6.42,79.96
2026-08-15T10:57:30Z,6.4,79.57
2026-08-15T10:58:30Z,6.41,79.74
2026-08-15T10:59:30Z,6.4,79.68
2026-08-15T11:00:30Z,6.39,79.5
2026-08-15T11:01:30Z,6.41,79.77
2026-08-15T11:02:30Z,6.4,79.66
2026-08-15T11:03:30Z,6.4,79.57
2026-08-15T11:04:30Z,6.39,79.42
2026-08-15T11:05:30Z,6.4,79.68
2026-08-15T11:06:30Z,6.4,79.67
2026-08-15T11:07:30Z,6.41,79.81
2026-08-15T11:08:30Z,6.44,80.27
2026-08-15T11:09:30Z,6.44,80.3
2026-08-15T11:10:30Z,6.45,80.54
2026-08-15T11:11:30Z,6.46,80.57
2026-08-15T11:12:30Z,6.45,80.54
2026-08-15T11:13:30Z,6.47,80.74
2026-08-15T11:14:30Z,6.45,80.53
2026-08-15T11:15:30Z,6.47,80.75
2026-08-15T11:16:30Z,6.47,80.83
2026-08-15T11:17:30Z,6.49,81.08
2026-08-15T11:18:30Z,6.5,81.36
2026-08-15T11:19:30Z,6.48,81.06
2026-08-15T11:20:30Z,6.5,81.38
2026-08-15T11:21:30Z,6.51,81.49
2026-08-15T11:22:30Z,6.52,81.61
2026-08-15T11:23:30Z,6.52,81.65
2026-08-15T11:24:30Z,6.53,81.8
2026-08-15T11:25:30Z,6.52,81.69
2026-08-15T11:26:30Z,6.53,81.75
2026-08-15T11:27:30Z,6.52,81.72
2026-08-15T11:28:30Z,6.52,81.65
2026-08-15T11:29:30Z,6.54,82.01
2026-08-15T11:30:30Z,6.57,82.43
2026-08-15T11:31:30Z,6.55,82.13
2026-08-15T11:32:30Z,6.54,81.99
2026-08-15T11:33:30Z,6.55,82.11
2026-08-15T11:34:30Z,6.55,82.09
2026-08-15T11:35:30Z,6.57,82.43
2026-08-15T11:36:30Z,6.55,82.22
2026-08-15T11:37:30Z,6.55,82.17
2026-08-15T11:38:30Z,6.54,82.06
2026-08-15T11:39:30Z,6.53,81.88
2026-08-15T11:40:30Z,6.53,81.88
2026-08-15T11:41:30Z,6.54,81.94
2026-08-15T11:42:30Z,6.54,81.92
2026-08-15T11:43:30Z,6.55,82.08
2026-08-15T11:44:30Z,6.55,82.12
2026-08-15T11:45:30Z,6.55,82.24
2026-08-15T11:46:30Z,6.56,82.32
2026-08-15T11:47:30Z,6.56,82.41
2026-08-15T11:48:30Z,6.57,82.54
2026-08-15T11:49:30Z,6.58,82.61
2026-08-15T11:50:30Z,6.59,82.75
2026-08-15T11:51:30Z,6.59,82.75
2026-08-15T11:52:30Z,6.57,82.44
2026-08-15T11:53:30Z,6.55,82.2
2026-08-15T11:54:30Z,6.55,82.24
2026-08-15T11:55:30Z,6.56,82.33
2026-08-15T11:56:30Z,6.56,82.4
2026-08-15T11:57:30Z,6.56,82.38
2026-08-15T11:58:30Z,6.56,82.34
2026-08-15T11:59:30Z,6.56,82.38
2026-08-15T12:00:30Z,6.56,82.4
2026-08-15T12:01:30Z,6.56,82.4
2026-08-15T12:02:30Z,6.56,82.28
2026-08-15T12:03:30Z,6.58,82.59
2026-08-15T12:04:30Z,6.58,82.68
2026-08-15T12:05:30Z,6.57,82.56
2026-08-15T12:06:30Z,6.58,82.62
2026-08-15T12:07:30Z,6.55,82.23
2026-08-15T12:08:30Z,6.55,82.21
2026-08-15T12:09:30Z,6.55,82.14
2026-08-15T12:10:30Z,6.53,81.87
2026-08-15T12:11:30Z,6.53,81.79
2026-08-15T12:12:30Z,6.55,82.08
2026-08-15T12:13:30Z,6.52,81.69
2026-08-15T12:14:30Z,6.54,81.94
2026-08-15T12:15:30Z,6.54,81.91
2026-08-15T12:16:30Z,6.54,82.05
2026-08-15T12:17:30Z,6.53,81.82
2026-08-15T12:18:30Z,6.54,81.97
2026-08-15T12:19:30Z,6.52,81.6
2026-08-15T12:20:30Z,6.52,81.57
2026-08-15T12:21:30Z,6.52,81.6
2026-08-15T12:22:30Z,6.5,81.39
2026-08-15T12:23:30Z,6.51,81.42
2026-08-15T12:24:30Z,6.52,81.6
2026-08-15T12:25:30Z,6.51,81.48
2026-08-15T12:26:30Z,6.51,81.54
2026-08-15T12:27:30Z,6.51,81.54
2026-08-15T12:28:30Z,6.51,81.55
2026-08-15T12:29:30Z,6.51,81.47
2026-08-15T12:30:30Z,6.5,81.35
2026-08-15T12:31:30Z,6.49,81.15
2026-08-15T12:32:30Z,6.48,80.96
2026-08-15T12:33:30Z,6.47,80.88
2026-08-15T12:34:30Z,6.46,80.66
2026-08-15T12:35:30Z,6.45,80.5
2026-08-15T12:36:30Z,6.46,80.57
2026-08-15T12:37:30Z,6.45,80.51
2026-08-15T12:38:30Z,6.46,80.64
2026-08-15T12:39:30Z,6.45,80.41
2026-08-15T12:40:30Z,6.44,80.36
2026-08-15T12:41:30Z,6.45,80.51
2026-08-15T12:42:30Z,6.47,80.85
2026-08-15T12:43:30Z,6.47,80.89
2026-08-15T12:44:30Z,6.47,80.81
2026-08-15T12:45:30Z,6.48,80.96
2026-08-15T12:46:30Z,6.48,80.92
2026-08-15T12:47:30Z,6.48,80.92
2026-08-15T12:48:30Z,6.49,81.07
2026-08-15T12:49:30Z,6.48,81
2026-08-15T12:50:30Z,6.5,81.3
2026-08-15T12:51:30Z,6.51,81.5
2026-08-15T12:52:30Z,6.51,81.56
2026-08-15T12:53:30Z,6.52,81.65
2026-08-15T12:54:30Z,6.53,81.74
2026-08-15T12:55:30Z,6.53,81.8
2026-08-15T12:56:30Z,6.51,81.54
2026-08-15T12:57:30Z,6.52,81.73
2026-08-15T12:58:30Z,6.54,81.95
2026-08-15T12:59:30Z,6.54,81.95
2026-08-15T13:00:30Z,6.52,81.66
2026-08-15T13:01:30Z,6.52,81.69
2026-08-15T13:02:30Z,6.52,81.69
2026-08-15T13:03:30Z,6.52,81.73
2026-08-15T13:04:30Z,6.52,81.65
2026-08-15T13:05:30Z,6.53,81.76
2026-08-15T13:06:30Z,6.52,81.68
2026-08-15T13:07:30Z,6.52,81.64
2026-08-15T13:08:30Z,6.53,81.74
2026-08-15T13:09:30Z,6.53,81.78
2026-08-15T13:10:30Z,6.54,82.01
2026-08-15T13:11:30Z,6.53,81.88
2026-08-15T13:12:30Z,6.52,81.65
2026-08-15T13:13:30Z,6.54,81.94
2026-08-15T13:14:30Z,6.54,81.91
2026-08-15T13:15:30Z,6.54,81.96
2026-08-15T13:16:30Z,6.55,82.12
2026-08-15T13:17:30Z,6.56,82.31
2026-08-15T13:18:30Z,6.58,82.7
2026-08-15T13:19:30Z,6.59,82.79
2026-08-15T13:20:30Z,6.58,82.67
2026-08-15T13:21:30Z,6.59,82.79
2026-08-15T13:22:30Z,6.59,82.78
2026-08-15T13:23:30Z,6.59,82.89
2026-08-15T13:24:30Z,6.6,82.99
2026-08-15T13:25:30Z,6.61,83.11
2026-08-15T13:26:30Z,6.61,83.23
2026-08-15T13:27:30Z,6.62,83.32
2026-08-15T13:28:30Z,6.62,83.29
2026-08-15T13:29:30Z,6.62,83.31
2026-08-15T13:30:30Z,6.62,83.36
2026-08-15T13:31:30Z,6.62,83.31
2026-08-15T13:32:30Z,6.63,83.48
2026-08-15T13:33:30Z,6.63,83.55
2026-08-15T13:34:30Z,6.63,83.55
2026-08-15T13:35:30Z,6.63,83.56
2026-08-15T13:36:30Z,6.64,83.64
2026-08-15T13:37:30Z,6.65,83.89
2026-08-15T13:38:30Z,6.66,84.07
2026-08-15T13:39:30Z,6.67,84.2
2026-08-15T13:40:30Z,6.68,84.36
2026-08-15T13:41:30Z,6.67,84.16
2026-08-15T13:42:30Z,6.65,83.91
2026-08-15T13:43:30Z,6.66,84.04
2026-08-15T13:44:30Z,6.65,83.92
2026-08-15T13:45:30Z,6.66,83.98
2026-08-15T13:46:30Z,6.67,84.15
2026-08-15T13:47:30Z,6.67,84.2
2026-08-15T13:48:30Z,6.67,84.15
2026-08-15T13:49:30Z,6.67,84.26
2026-08-15T13:50:30Z,6.68,84.36
2026-08-15T13:51:30Z,6.69,84.48
2026-08-15T13:52:30Z,6.7,84.65
2026-08-15T13:53:30Z,6.7,84.76
2026-08-15T13:54:30Z,6.7,84.75
2026-08-15T13:55:30Z,6.7,84.76
2026-08-15T13:56:30Z,6.7,84.64
2026-08-15T13:57:30Z,6.71,84.82
2026-08-15T13:58:30Z,6.72,85.03
2026-08-15T13:59:30Z,6.72,85.07
2026-08-15T14:00:30Z,6.72,85.01
2026-08-15T14:01:30Z,6.72,84.94
2026-08-15T14:02:30Z,6.71,84.84
2026-08-15T14:03:30Z,6.71,84.9
2026-08-15T14:04:30Z,6.71,84.88
2026-08-15T14:05:30Z,6.71,84.83
2026-08-15T14:06:30Z,6.71,84.84
2026-08-15T14:07:30Z,6.71,84.81
2026-08-15T14:08:30Z,6.7,84.6
2026-08-15T14:09:30Z,6.68,84.31
2026-08-15T14:10:30Z,6.68,84.31
2026-08-15T14:11:30Z,6.67,84.23
2026-08-15T14:12:30Z,6.65,83.78
2026-08-15T14:13:30Z,6.64,83.61
2026-08-15T14:14:30Z,6.64,83.67
2026-08-15T14:15:30Z,6.62,83.29
2026-08-15T14:16:30Z,6.6,83.05
2026-08-15T14:17:30Z,6.59,82.8
2026-08-15T14:18:30Z,6.59,82.86
2026-08-15T14:19:30Z,6.59,82.91
2026-08-15T14:20:30Z,6.59,82.86
2026-08-15T14:21:30Z,6.59,82.87
2026-08-15T14:22:30Z,6.58,82.7
2026-08-15T14:23:30Z,6.59,82.84
2026-08-15T14:24:30Z,6.59,82.82
2026-08-15T14:25:30Z,6.58,82.66
2026-08-15T14:26:30Z,6.59,82.79
2026-08-15T14:27:30Z,6.58,82.69
2026-08-15T14:28:30Z,6.6,83.01
2026-08-15T14:29:30Z,6.6,83.08
2026-08-15T14:30:30Z,6.6,83.07
2026-08-15T14:31:30Z,6.6,83.08
2026-08-15T14:32:30Z,6.59,82.76
2026-08-15T14:33:30Z,6.6,82.98
2026-08-15T14:34:30Z,6.59,82.8
2026-08-15T14:35:30Z,6.59,82.87
2026-08-15T14:36:30Z,6.6,83.06
2026-08-15T14:37:30Z,6.6,82.96
2026-08-15T14:38:30Z,6.62,83.4
2026-08-15T14:39:30Z,6.65,83.82
2026-08-15T14:40:30Z,6.65,83.83
2026-08-15T14:41:30Z,6.66,84.09
2026-08-15T14:42:30Z,6.67,84.14
2026-08-15T14:43:30Z,6.66,84.01
2026-08-15T14:44:30Z,6.66,84.08
2026-08-15T14:45:30Z,6.65,83.91
2026-08-15T14:46:30Z,6.65,83.84
2026-08-15T14:47:30Z,6.64,83.64
2026-08-15T14:48:30Z,6.64,83.66
2026-08-15T14:49:30Z,6.64,83.64
2026-08-15T14:50:30Z,6.64,83.7
2026-08-15T14:51:30Z,6.64,83.71
2026-08-15T14:52:30Z,6.64,83.6
2026-08-15T14:53:30Z,6.64,83.75
2026-08-15T14:54:30Z,6.65,83.9
2026-08-15T14:55:30Z,6.65,83.76
2026-08-15T14:56:30Z,6.65,83.78
2026-08-15T14:57:30Z,6.64,83.71
2026-08-15T14:58:30Z,6.65,83.86
2026-08-15T14:59:30Z,6.65,83.86
2026-08-15T15:00:30Z,6.66,84.03
2026-08-15T15:01:30Z,6.66,84.05
2026-08-15T15:02:30Z,6.67,84.19
2026-08-15T15:03:30Z,6.67,84.16
2026-08-15T15:04:30Z,6.66,84
2026-08-15T15:05:30Z,6.65,83.85
2026-08-15T15:06:30Z,6.65,83.79
2026-08-15T15:07:30Z,6.64,83.65
2026-08-15T15:08:30Z,6.65,83.83
2026-08-15T15:09:30Z,6.65,83.79
2026-08-15T15:10:30Z,6.64,83.72
2026-08-15T15:11:30Z,6.63,83.56
2026-08-15T15:12:30Z,6.64,83.67
2026-08-15T15:13:30Z,6.64,83.67
2026-08-15T15:14:30Z,6.64,83.63
2026-08-15T15:15:30Z,6.63,83.5
2026-08-15T15:16:30Z,6.64,83.63
2026-08-15T15:17:30Z,6.64,83.66
2026-08-15T15:18:30Z,6.65,83.77
2026-08-15T15:19:30Z,6.64,83.74
2026-08-15T15:20:30Z,6.64,83.75
2026-08-15T15:21:30Z,6.65,83.76
2026-08-15T15:22:30Z,6.64,83.62
2026-08-15T15:23:30Z,6.63,83.58
2026-08-15T15:24:30Z,6.64,83.6
2026-08-15T15:25:30Z,6.64,83.64
2026-08-15T15:26:30Z,6.64,83.61
2026-08-15T15:27:30Z,6.64,83.6
2026-08-15T15:28:30Z,6.63,83.58
2026-08-15T15:29:30Z,6.62,83.39
2026-08-15T15:30:30Z,6.63,83.44
2026-08-15T15:31:30Z,6.63,83.49
2026-08-15T15:32:30Z,6.61,83.13
2026-08-15T15:33:30Z,6.6,83.07
2026-08-15T15:34:30Z,6.6,83.03
2026-08-15T15:35:30Z,6.61,83.1
2026-08-15T15:36:30Z,6.6,83
2026-08-15T15:37:30Z,6.6,82.98
2026-08-15T15:38:30Z,6.59,82.79
2026-08-15T15:39:30Z,6.59,82.91
2026-08-15T15:40:30Z,6.6,83.08
2026-08-15T15:41:30Z,6.61,83.25
2026-08-15T15:42:30Z,6.62,83.27
2026-08-15T15:43:30Z,6.61,83.25
2026-08-15T15:44:30Z,6.61,83.24
2026-08-15T15:45:30Z,6.62,83.28
2026-08-15T15:46:30Z,6.61,83.21
2026-08-15T15:47:30Z,6.61,83.24
2026-08-15T15:48:30Z,6.62,83.28
2026-08-15T15:49:30Z,6.63,83.44
2026-08-15T15:50:30Z,6.63,83.58
2026-08-15T15:51:30Z,6.64,83.75
2026-08-15T15:52:30Z,6.65,83.8
2026-08-15T15:53:30Z,6.64,83.75
2026-08-15T15:54:30Z,6.64,83.68
2026-08-15T15:55:30Z,6.65,83.9
2026-08-15T15:56:30Z,6.66,83.93
2026-08-15T15:57:30Z,6.66,83.93
2026-08-15T15:58:30Z,6.65,83.92
2026-08-15T15:59:30Z,6.66,84.03
2026-08-15T16:00:30Z,6.65,83.85
2026-08-15T16:01:30Z,6.65,83.87
2026-08-15T16:02:30Z,6.65,83.89
2026-08-15T16:03:30Z,6.66,84.05
2026-08-15T16:04:30Z,6.66,84.05
2026-08-15T16:05:30Z,6.66,84.09
2026-08-15T16:06:30Z,6.65,83.81
2026-08-15T16:07:30Z,6.65,83.82
2026-08-15T16:08:30Z,6.65,83.83
2026-08-15T16:09:30Z,6.64,83.68
2026-08-15T16:10:30Z,6.64,83.71
2026-08-15T16:11:30Z,6.64,83.67
2026-08-15T16:12:30Z,6.64,83.61
2026-08-15T16:13:30Z,6.64,83.73
2026-08-15T16:14:30Z,6.65,83.76
2026-08-15T16:15:30Z,6.65,83.86
2026-08-15T16:16:30Z,6.64,83.67
2026-08-15T16:17:30Z,6.63,83.51
2026-08-15T16:18:30Z,6.62,83.4
2026-08-15T16:19:30Z,6.6,83.02
2026-08-15T16:20:30Z,6.6,82.95
2026-08-15T16:21:30Z,6.6,82.94
2026-08-15T16:22:30Z,6.59,82.75
2026-08-15T16:23:30Z,6.59,82.76
2026-08-15T16:24:30Z,6.59,82.75
2026-08-15T16:25:30Z,6.54,81.97
2026-08-15T16:26:30Z,6.53,81.88
2026-08-15T16:27:30Z,6.54,81.95
2026-08-15T16:28:30Z,6.54,81.96
2026-08-15T16:29:30Z,6.54,81.99
2026-08-15T16:30:30Z,6.55,82.1
2026-08-15T16:31:30Z,6.56,82.31
2026-08-15T16:32:30Z,6.57,82.52
2026-08-15T16:33:30Z,6.57,82.57
2026-08-15T16:34:30Z,6.58,82.67
2026-08-15T16:35:30Z,6.58,82.61
2026-08-15T16:36:30Z,6.56,82.39
2026-08-15T16:37:30Z,6.57,82.47
2026-08-15T16:38:30Z,6.59,82.84
2026-08-15T16:39:30Z,6.59,82.89
2026-08-15T16:40:30Z,6.59,82.86
2026-08-15T16:41:30Z,6.59,82.78
2026-08-15T16:42:30Z,6.59,82.75
2026-08-15T16:43:30Z,6.59,82.75
2026-08-15T16:44:30Z,6.58,82.74
2026-08-15T16:45:30Z,6.58,82.66
2026-08-15T16:46:30Z,6.59,82.84
2026-08-15T16:47:30Z,6.59,82.83
2026-08-15T16:48:30Z,6.59,82.85
2026-08-15T16:49:30Z,6.59,82.84
2026-08-15T16:50:30Z,6.6,82.94
2026-08-15T16:51:30Z,6.6,83.08
2026-08-15T16:52:30Z,6.62,83.28
2026-08-15T16:53:30Z,6.61,83.19
2026-08-15T16:54:30Z,6.61,83.19
2026-08-15T16:55:30Z,6.61,83.14
2026-08-15T16:56:30Z,6.6,83.04
2026-08-15T16:57:30Z,6.61,83.23
2026-08-15T16:58:30Z,6.62,83.4
2026-08-15T16:59:30Z,6.63,83.51
2026-08-15T17:00:30Z,6.64,83.65
2026-08-15T17:01:30Z,6.64,83.71
2026-08-15T17:02:30Z,6.65,83.81
2026-08-15T17:03:30Z,6.65,83.78
2026-08-15T17:04:30Z,6.66,84.03
2026-08-15T17:05:30Z,6.67,84.15
2026-08-15T17:06:30Z,6.68,84.34
2026-08-15T17:07:30Z,6.68,84.28
2026-08-15T17:08:30Z,6.66,83.98
2026-08-15T17:09:30Z,6.64,83.63
2026-08-15T17:10:30Z,6.63,83.49
2026-08-15T17:11:30Z,6.64,83.6
2026-08-15T17:12:30Z,6.63,83.57
2026-08-15T17:13:30Z,6.63,83.45
2026-08-15T17:14:30Z,6.63,83.42
2026-08-15T17:15:30Z,6.62,83.41
2026-08-15T17:16:30Z,6.61,83.23
2026-08-15T17:17:30Z,6.61,83.2
2026-08-15T17:18:30Z,6.61,83.09
2026-08-15T17:19:30Z,6.61,83.15
2026-08-15T17:20:30Z,6.6,83.05
2026-08-15T17:21:30Z,6.6,82.99
2026-08-15T17:22:30Z,6.6,82.92
2026-08-15T17:23:30Z,6.59,82.79
2026-08-15T17:24:30Z,6.58,82.68
2026-08-15T17:25:30Z,6.58,82.73
2026-08-15T17:26:30Z,6.58,82.64
2026-08-15T17:27:30Z,6.58,82.65
2026-08-15T17:28:30Z,6.58,82.67
2026-08-15T17:29:30Z,6.58,82.63
2026-08-15T17:30:30Z,6.58,82.6
2026-08-15T17:31:30Z,6.56,82.26
2026-08-15T17:32:30Z,6.56,82.33
2026-08-15T17:33:30Z,6.56,82.31
2026-08-15T17:34:30Z,6.54,82.07
2026-08-15T17:35:30Z,6.54,82.02
2026-08-15T17:36:30Z,6.54,81.93
2026-08-15T17:37:30Z,6.54,81.99
2026-08-15T17:38:30Z,6.55,82.15
2026-08-15T17:39:30Z,6.54,82.07
2026-08-15T17:40:30Z,6.54,82
2026-08-15T17:41:30Z,6.54,81.97
2026-08-15T17:42:30Z,6.53,81.78
2026-08-15T17:43:30Z,6.51,81.51
2026-08-15T17:44:30Z,6.51,81.46
2026-08-15T17:45:30Z,6.5,81.36
2026-08-15T17:46:30Z,6.49,81.21
2026-08-15T17:47:30Z,6.49,81.21
2026-08-15T17:48:30Z,6.49,81.23
2026-08-15T17:49:30Z,6.48,81.04
2026-08-15T17:50:30Z,6.48,80.98
2026-08-15T17:51:30Z,6.48,80.92
2026-08-15T17:52:30Z,6.47,80.86
2026-08-15T17:53:30Z,6.48,80.92
2026-08-15T17:54:30Z,6.48,81.06
2026-08-15T17:55:30Z,6.48,81.02
2026-08-15T17:56:30Z,6.49,81.07
2026-08-15T17:57:30Z,6.5,81.38
2026-08-15T17:58:30Z,6.5,81.36
2026-08-15T17:59:30Z,6.53,81.74
2026-08-15T18:00:30Z,6.55,82.09
2026-08-15T18:01:30Z,6.55,82.21
2026-08-15T18:02:30Z,6.55,82.23
2026-08-15T18:03:30Z,6.58,82.62
2026-08-15T18:04:30Z,6.58,82.69
2026-08-15T18:05:30Z,6.58,82.7
2026-08-15T18:06:30Z,6.57,82.52
2026-08-15T18:07:30Z,6.57,82.42
2026-08-15T18:08:30Z,6.55,82.1
2026-08-15T18:09:30Z,6.54,82
2026-08-15T18:10:30Z,6.53,81.85
2026-08-15T18:11:30Z,6.53,81.76
2026-08-15T18:12:30Z,6.52,81.61
2026-08-15T18:13:30Z,6.51,81.44
2026-08-15T18:14:30Z,6.5,81.25
2026-08-15T18:15:30Z,6.49,81.16
2026-08-15T18:16:30Z,6.48,80.95
2026-08-15T18:17:30Z,6.47,80.86
2026-08-15T18:18:30Z,6.47,80.88
2026-08-15T18:19:30Z,6.48,80.98
2026-08-15T18:20:30Z,6.47,80.89
2026-08-15T18:21:30Z,6.47,80.86
2026-08-15T18:22:30Z,6.47,80.84
2026-08-15T18:23:30Z,6.46,80.64
2026-08-15T18:24:30Z,6.46,80.66
2026-08-15T18:25:30Z,6.47,80.78
2026-08-15T18:26:30Z,6.47,80.77
2026-08-15T18:27:30Z,6.46,80.71
2026-08-15T18:28:30Z,6.46,80.71
2026-08-15T18:29:30Z,6.46,80.57
2026-08-15T18:30:30Z,6.46,80.69
2026-08-15T18:31:30Z,6.46,80.68
2026-08-15T18:32:30Z,6.47,80.74
2026-08-15T18:33:30Z,6.47,80.78
2026-08-15T18:34:30Z,6.47,80.73
2026-08-15T18:35:30Z,6.46,80.67
2026-08-15T18:36:30Z,6.46,80.64
2026-08-15T18:37:30Z,6.47,80.73
2026-08-15T18:38:30Z,6.47,80.85
2026-08-15T18:39:30Z,6.47,80.78
2026-08-15T18:40:30Z,6.47,80.73
2026-08-15T18:41:30Z,6.46,80.71
2026-08-15T18:42:30Z,6.47,80.81
2026-08-15T18:43:30Z,6.48,80.9
2026-08-15T18:44:30Z,6.46,80.7
2026-08-15T18:45:30Z,6.48,80.93
2026-08-15T18:46:30Z,6.5,81.25
2026-08-15T18:47:30Z,6.53,81.81
2026-08-15T18:48:30Z,6.56,82.28
2026-08-15T18:49:30Z,6.58,82.58
2026-08-15T18:50:30Z,6.59,82.77
2026-08-15T18:51:30Z,6.59,82.8
2026-08-15T18:52:30Z,6.6,82.99
2026-08-15T18:53:30Z,6.6,82.99
2026-08-15T18:54:30Z,6.6,82.96
2026-08-15T18:55:30Z,6.61,83.13
2026-08-15T18:56:30Z,6.63,83.46
2026-08-15T18:57:30Z,6.63,83.58
2026-08-15T18:58:30Z,6.64,83.72
2026-08-15T18:59:30Z,6.64,83.7
2026-08-15T19:00:30Z,6.64,83.71
2026-08-15T19:01:30Z,6.64,83.75
2026-08-15T19:02:30Z,6.64,83.71
2026-08-15T19:03:30Z,6.64,83.69
2026-08-15T19:04:30Z,6.64,83.68
2026-08-15T19:05:30Z,6.64,83.66
2026-08-15T19:06:30Z,6.63,83.57
2026-08-15T19:07:30Z,6.64,83.68
2026-08-15T19:08:30Z,6.65,83.91
2026-08-15T19:09:30Z,6.67,84.15
2026-08-15T19:10:30Z,6.67,84.17
2026-08-15T19:11:30Z,6.69,84.43
2026-08-15T19:12:30Z,6.69,84.46
2026-08-15T19:13:30Z,6.69,84.55
2026-08-15T19:14:30Z,6.69,84.57
2026-08-15T19:15:30Z,6.7,84.76
2026-08-15T19:16:30Z,6.71,84.83
2026-08-15T19:17:30Z,6.71,84.87
2026-08-15T19:18:30Z,6.71,84.9
2026-08-15T19:19:30Z,6.71,84.83
2026-08-15T19:20:30Z,6.7,84.67
2026-08-15T19:21:30Z,6.7,84.67
2026-08-15T19:22:30Z,6.68,84.42
2026-08-15T19:23:30Z,6.69,84.49
2026-08-15T19:24:30Z,6.68,84.4
2026-08-15T19:25:30Z,6.69,84.46
2026-08-15T19:26:30Z,6.69,84.43
2026-08-15T19:27:30Z,6.69,84.51
2026-08-15T19:28:30Z,6.69,84.45
2026-08-15T19:29:30Z,6.69,84.52
2026-08-15T19:30:30Z,6.69,84.52
2026-08-15T19:31:30Z,6.7,84.71
2026-08-15T19:32:30Z,6.71,84.77
2026-08-15T19:33:30Z,6.72,84.96
2026-08-15T19:34:30Z,6.73,85.11
2026-08-15T19:35:30Z,6.73,85.25
2026-08-15T19:36:30Z,6.73,85.23
2026-08-15T19:37:30Z,6.73,85.24
2026-08-15T19:38:30Z,6.73,85.22
2026-08-15T19:39:30Z,6.72,85.01
2026-08-15T19:40:30Z,6.72,84.95
2026-08-15T19:41:30Z,6.72,85.02
2026-08-15T19:42:30Z,6.72,84.99
2026-08-15T19:43:30Z,6.72,84.96
2026-08-15T19:44:30Z,6.7,84.72
2026-08-15T19:45:30Z,6.7,84.72
2026-08-15T19:46:30Z,6.69,84.45
2026-08-15T19:47:30Z,6.69,84.52
2026-08-15T19:48:30Z,6.69,84.5
2026-08-15T19:49:30Z,6.68,84.33
2026-08-15T19:50:30Z,6.69,84.44
2026-08-15T19:51:30Z,6.69,84.49
2026-08-15T19:52:30Z,6.69,84.52
2026-08-15T19:53:30Z,6.7,84.63
2026-08-15T19:54:30Z,6.7,84.6
2026-08-15T19:55:30Z,6.69,84.51
2026-08-15T19:56:30Z,6.69,84.57
2026-08-15T19:57:30Z,6.7,84.6
2026-08-15T19:58:30Z,6.69,84.57
2026-08-15T19:59:30Z,6.7,84.68
2026-08-15T20:00:30Z,6.7,84.73
2026-08-15T20:01:30Z,6.7,84.6
2026-08-15T20:02:30Z,6.7,84.62
2026-08-15T20:03:30Z,6.7,84.64
2026-08-15T20:04:30Z,6.69,84.54
2026-08-15T20:05:30Z,6.7,84.6
2026-08-15T20:06:30Z,6.69,84.58
2026-08-15T20:07:30Z,6.69,84.47
2026-08-15T20:08:30Z,6.69,84.51
2026-08-15T20:09:30Z,6.69,84.54
2026-08-15T20:10:30Z,6.69,84.55
2026-08-15T20:11:30Z,6.7,84.62
2026-08-15T20:12:30Z,6.69,84.51
2026-08-15T20:13:30Z,6.69,84.55
2026-08-15T20:14:30Z,6.69,84.46
2026-08-15T20:15:30Z,6.69,84.43
2026-08-15T20:16:30Z,6.69,84.55
2026-08-15T20:17:30Z,6.7,84.69
2026-08-15T20:18:30Z,6.7,84.74
2026-08-15T20:19:30Z,6.7,84.75
2026-08-15T20:20:30Z,6.7,84.76
2026-08-15T20:21:30Z,6.71,84.78
2026-08-15T20:22:30Z,6.7,84.67
2026-08-15T20:23:30Z,6.69,84.57
2026-08-15T20:24:30Z,6.69,84.47
2026-08-15T20:25:30Z,6.71,84.81
2026-08-15T20:26:30Z,6.71,84.81
2026-08-15T20:27:30Z,6.72,84.98
2026-08-15T20:28:30Z,6.72,84.96
2026-08-15T20:29:30Z,6.7,84.76
2026-08-15T20:30:30Z,6.7,84.67
2026-08-15T20:31:30Z,6.7,84.73
2026-08-15T20:32:30Z,6.71,84.83
2026-08-15T20:33:30Z,6.71,84.81
2026-08-15T20:34:30Z,6.71,84.88
2026-08-15T20:35:30Z,6.71,84.88
2026-08-15T20:36:30Z,6.72,85.01
2026-08-15T20:37:30Z,6.72,85.03
2026-08-15T20:38:30Z,6.72,84.95
2026-08-15T20:39:30Z,6.71,84.92
2026-08-15T20:40:30Z,6.71,84.91
2026-08-15T20:41:30Z,6.71,84.84
2026-08-15T20:42:30Z,6.71,84.92
2026-08-15T20:43:30Z,6.71,84.93
2026-08-15T20:44:30Z,6.71,84.92
2026-08-15T20:45:30Z,6.71,84.93
2026-08-15T20:46:30Z,6.71,84.84
2026-08-15T20:47:30Z,6.71,84.91
2026-08-15T20:48:30Z,6.71,84.89
2026-08-15T20:49:30Z,6.71,84.85
2026-08-15T20:50:30Z,6.71,84.83
2026-08-15T20:51:30Z,6.71,84.9
2026-08-15T20:52:30Z,6.71,84.91
2026-08-15T20:53:30Z,6.72,84.95
2026-08-15T20:54:30Z,6.72,84.98
2026-08-15T20:55:30Z,6.72,85.06
2026-08-15T20:56:30Z,6.72,85.08
2026-08-15T20:57:30Z,6.72,85.03
2026-08-15T20:58:30Z,6.72,85
2026-08-15T20:59:30Z,6.72,85
2026-08-15T21:00:30Z,6.72,85.02
2026-08-15T21:01:30Z,6.72,85.01
2026-08-15T21:02:30Z,6.72,84.96
2026-08-15T21:03:30Z,6.72,85.03
2026-08-15T21:04:30Z,6.72,85.1
2026-08-15T21:05:30Z,6.73,85.15
2026-08-15T21:06:30Z,6.73,85.11
2026-08-15T21:07:30Z,6.73,85.15
2026-08-15T21:08:30Z,6.73,85.18
2026-08-15T21:09:30Z,6.73,85.26
2026-08-15T21:10:30Z,6.73,85.12
2026-08-15T21:11:30Z,6.7,84.75
2026-08-15T21:12:30Z,6.69,84.53
2026-08-15T21:13:30Z,6.69,84.48
2026-08-15T21:14:30Z,6.69,84.55
2026-08-15T21:15:30Z,6.7,84.6
2026-08-15T21:16:30Z,6.7,84.66
2026-08-15T21:17:30Z,6.71,84.83
2026-08-15T21:18:30Z,6.71,84.81
2026-08-15T21:19:30Z,6.71,84.86
2026-08-15T21:20:30Z,6.7,84.65
2026-08-15T21:21:30Z,6.69,84.58
2026-08-15T21:22:30Z,6.7,84.71
2026-08-15T21:23:30Z,6.7,84.68
2026-08-15T21:24:30Z,6.68,84.41
2026-08-15T21:25:30Z,6.69,84.49
2026-08-15T21:26:30Z,6.69,84.57
2026-08-15T21:27:30Z,6.69,84.46
2026-08-15T21:28:30Z,6.69,84.43
2026-08-15T21:29:30Z,6.69,84.45
2026-08-15T21:30:30Z,6.69,84.47
2026-08-15T21:31:30Z,6.69,84.43
2026-08-15T21:32:30Z,6.69,84.55
2026-08-15T21:33:30Z,6.69,84.58
2026-08-15T21:34:30Z,6.7,84.61
2026-08-15T21:35:30Z,6.7,84.74
2026-08-15T21:36:30Z,6.7,84.69
2026-08-15T21:37:30Z,6.71,84.82
2026-08-15T21:38:30Z,6.71,84.88
2026-08-15T21:39:30Z,6.71,84.93
2026-08-15T21:40:30Z,6.73,85.16
2026-08-15T21:41:30Z,6.74,85.39
2026-08-15T21:42:30Z,6.74,85.35
2026-08-15T21:43:30Z,6.75,85.45
2026-08-15T21:44:30Z,6.75,85.45
2026-08-15T21:45:30Z,6.74,85.4
2026-08-15T21:46:30Z,6.74,85.31
2026-08-15T21:47:30Z,6.74,85.35
2026-08-15T21:48:30Z,6.74,85.32
2026-08-15T21:49:30Z,6.74,85.33
2026-08-15T21:50:30Z,6.73,85.21
2026-08-15T21:51:30Z,6.73,85.21
2026-08-15T21:52:30Z,6.74,85.38
2026-08-15T21:53:30Z,6.74,85.43
2026-08-15T21:54:30Z,6.75,85.58
2026-08-15T21:55:30Z,6.75,85.45
2026-08-15T21:56:30Z,6.75,85.47
2026-08-15T21:57:30Z,6.75,85.46
2026-08-15T21:58:30Z,6.74,85.33
2026-08-15T21:59:30Z,6.73,85.16
2026-08-15T22:00:30Z,6.72,85.06
2026-08-15T22:01:30Z,6.71,84.92
2026-08-15T22:02:30Z,6.71,84.89
2026-08-15T22:03:30Z,6.71,84.82
2026-08-15T22:04:30Z,6.71,84.77
2026-08-15T22:05:30Z,6.71,84.92
2026-08-15T22:06:30Z,6.71,84.9
2026-08-15T22:07:30Z,6.72,84.94
2026-08-15T22:08:30Z,6.72,85.05
2026-08-15T22:09:30Z,6.72,85.07
2026-08-15T22:10:30Z,6.72,85.07
2026-08-15T22:11:30Z,6.72,85.1
2026-08-15T22:12:30Z,6.72,85.04
2026-08-15T22:13:30Z,6.71,84.84
2026-08-15T22:14:30Z,6.69,84.43
2026-08-15T22:15:30Z,6.68,84.39
2026-08-15T22:16:30Z,6.69,84.44
2026-08-15T22:17:30Z,6.67,84.21
2026-08-15T22:18:30Z,6.67,84.19
2026-08-15T22:19:30Z,6.66,83.94
2026-08-15T22:20:30Z,6.65,83.81
2026-08-15T22:21:30Z,6.67,84.14
2026-08-15T22:22:30Z,6.68,84.27
2026-08-15T22:23:30Z,6.66,84.09
2026-08-15T22:24:30Z,6.66,84.09
2026-08-15T22:25:30Z,6.67,84.23
2026-08-15T22:26:30Z,6.66,83.98
2026-08-15T22:27:30Z,6.66,84.09
2026-08-15T22:28:30Z,6.64,83.65
2026-08-15T22:29:30Z,6.62,83.29
2026-08-15T22:30:30Z,6.62,83.33
2026-08-15T22:31:30Z,6.6,83.08
2026-08-15T22:32:30Z,6.6,82.94
2026-08-15T22:33:30Z,6.59,82.82
2026-08-15T22:34:30Z,6.58,82.61
2026-08-15T22:35:30Z,6.57,82.42
2026-08-15T22:36:30Z,6.55,82.17
2026-08-15T22:37:30Z,6.54,81.97
2026-08-15T22:38:30Z,6.52,81.72
2026-08-15T22:39:30Z,6.54,82.05
2026-08-15T22:40:30Z,6.54,82.05
2026-08-15T22:41:30Z,6.54,81.95
2026-08-15T22:42:30Z,6.53,81.87
2026-08-15T22:43:30Z,6.52,81.7
2026-08-15T22:44:30Z,6.51,81.43
2026-08-15T22:45:30Z,6.5,81.4
2026-08-15T22:46:30Z,6.5,81.29
2026-08-15T22:47:30Z,6.47,80.89
2026-08-15T22:48:30Z,6.46,80.66
2026-08-15T22:49:30Z,6.44,80.26
2026-08-15T22:50:30Z,6.44,80.27
2026-08-15T22:51:30Z,6.43,80.18
2026-08-15T22:52:30Z,6.44,80.31
2026-08-15T22:53:30Z,6.43,80.18
2026-08-15T22:54:30Z,6.44,80.24
2026-08-15T22:55:30Z,6.45,80.41
2026-08-15T22:56:30Z,6.44,80.39
2026-08-15T22:57:30Z,6.45,80.53
2026-08-15T22:58:30Z,6.45,80.47
2026-08-15T22:59:30Z,6.43,80.2
2026-08-15T23:00:30Z,6.44,80.3
2026-08-15T23:01:30Z,6.44,80.24
2026-08-15T23:02:30Z,6.45,80.45
2026-08-15T23:03:30Z,6.44,80.36
2026-08-15T23:04:30Z,6.46,80.6
2026-08-15T23:05:30Z,6.44,80.24
2026-08-15T23:06:30Z,6.42,79.94
2026-08-15T23:07:30Z,6.43,80.1
2026-08-15T23:08:30Z,6.4,79.71
2026-08-15T23:09:30Z,6.42,79.92
2026-08-15T23:10:30Z,6.4,79.62
2026-08-15T23:11:30Z,6.39,79.5
2026-08-15T23:12:30Z,6.39,79.42
2026-08-15T23:13:30Z,6.38,79.26
2026-08-15T23:14:30Z,6.38,79.22
2026-08-15T23:15:30Z,6.37,79.07
2026-08-15T23:16:30Z,6.34,78.69
2026-08-15T23:17:30Z,6.33,78.52
2026-08-15T23:18:30Z,6.33,78.46
2026-08-15T23:19:30Z,6.31,78.19
2026-08-15T23:20:30Z,6.3,78
2026-08-15T23:21:30Z,6.3,77.89
2026-08-15T23:22:30Z,6.28,77.63
2026-08-15T23:23:30Z,6.27,77.37
2026-08-15T23:24:30Z,6.25,77.07
2026-08-15T23:25:30Z,6.22,76.54
2026-08-15T23:26:30Z,6.2,76.2
2026-08-15T23:27:30Z,6.22,76.54
2026-08-15T23:28:30Z,6.21,76.46
2026-08-15T23:29:30Z,6.21,76.48
2026-08-15T23:30:30Z,6.19,76.1
2026-08-15T23:31:30Z,6.18,75.91
2026-08-15T23:32:30Z,6.13,75.18
2026-08-15T23:33:30Z,6.16,75.54
2026-08-15T23:34:30Z,6.14,75.25
2026-08-15T23:35:30Z,6.1,74.63
2026-08-15T23:36:30Z,6.1,74.6
2026-08-15T23:37:30Z,6.11,74.83
2026-08-15T23:38:30Z,6.09,74.44
2026-08-15T23:39:30Z,6.07,74.09
2026-08-15T23:40:30Z,6.05,73.81
2026-08-15T23:41:30Z,6.04,73.63
2026-08-15T23:42:30Z,6.03,73.43
2026-08-15T23:43:30Z,6.01,73.11
2026-08-15T23:44:30Z,5.99,72.76
2026-08-15T23:45:30Z,6,72.85
2026-08-15T23:46:30Z,6.01,73.01
2026-08-15T23:47:30Z,6,72.9
2026-08-15T23:48:30Z,6.01,73.05
2026-08-15T23:49:30Z,6.02,73.29
2026-08-15T23:50:30Z,6.03,73.44
2026-08-15T23:51:30Z,5.99,72.71
2026-08-15T23:52:30Z,5.97,72.33
2026-08-15T23:53:30Z,5.98,72.51
2026-08-15T23:54:30Z,5.97,72.48
2026-08-15T23:55:30Z,5.96,72.23
2026-08-15T23:56:30Z,5.96,72.3
2026-08-15T23:57:30Z,5.97,72.36
2026-08-15T23:58:30Z,5.96,72.2
2026-08-15T23:59:30Z,5.94,71.94
2026-08-16T00:00:30Z,5.94,71.91
2026-08-16T00:01:30Z,5.92,71.51
2026-08-16T00:02:30Z,5.9,71.27
2026-08-16T00:03:30Z,5.89,71.07
2026-08-16T00:04:30Z,5.9,71.29
2026-08-16T00:05:30Z,5.9,71.15
2026-08-16T00:06:30Z,5.89,71.04
2026-08-16T00:07:30Z,5.86,70.64
2026-08-16T00:08:30Z,5.86,70.52
2026-08-16T00:09:30Z,5.87,70.69
2026-08-16T00:10:30Z,5.88,70.9
2026-08-16T00:11:30Z,5.88,70.85
2026-08-16T00:12:30Z,5.86,70.51
2026-08-16T00:13:30Z,5.85,70.4
2026-08-16T00:14:30Z,5.83,69.99
2026-08-16T00:15:30Z,5.81,69.65
2026-08-16T00:16:30Z,5.86,70.49
2026-08-16T00:17:30Z,5.85,70.32
2026-08-16T00:18:30Z,5.83,70.01
2026-08-16T00:19:30Z,5.84,70.18
2026-08-16T00:20:30Z,5.83,70.04
2026-08-16T00:21:30Z,5.81,69.67
2026-08-16T00:22:30Z,5.81,69.7
2026-08-16T00:23:30Z,5.8,69.59
2026-08-16T00:24:30Z,5.81,69.78
2026-08-16T00:25:30Z,5.79,69.37
2026-08-16T00:26:30Z,5.76,68.85
2026-08-16T00:27:30Z,5.76,68.92
2026-08-16T00:28:30Z,5.71,68.07
2026-08-16T00:29:30Z,5.73,68.42
2026-08-16T00:30:30Z,5.7,67.95
2026-08-16T00:31:30Z,5.71,68.09
2026-08-16T00:32:30Z,5.69,67.7
2026-08-16T00:33:30Z,5.7,67.81
2026-08-16T00:34:30Z,5.67,67.31
2026-08-16T00:35:30Z,5.61,66.41
2026-08-16T00:36:30Z,5.63,66.62
2026-08-16T00:37:30Z,5.7,67.84
2026-08-16T00:38:30Z,5.66,67.17
2026-08-16T00:39:30Z,5.65,66.99
2026-08-16T00:40:30Z,5.65,67.06
2026-08-16T00:41:30Z,5.68,67.5
2026-08-16T00:42:30Z,5.66,67.25
2026-08-16T00:43:30Z,5.61,66.32
2026-08-16T00:44:30Z,5.57,65.62
2026-08-16T00:45:30Z,5.56,65.54
2026-08-16T00:46:30Z,5.57,65.71
2026-08-16T00:47:30Z,5.56,65.52
2026-08-16T00:48:30Z,5.57,65.72
2026-08-16T00:49:30Z,5.54,65.21
2026-08-16T00:50:30Z,5.49,64.4
2026-08-16T00:51:30Z,5.46,63.89
2026-08-16T00:52:30Z,5.43,63.27
2026-08-16T00:53:30Z,5.42,63.2
2026-08-16T00:54:30Z,5.41,62.91
2026-08-16T00:55:30Z,5.4,62.79
2026-08-16T00:56:30Z,5.4,62.9
2026-08-16T00:57:30Z,5.39,62.71
2026-08-16T00:58:30Z,5.37,62.32
2026-08-16T00:59:30Z,5.37,62.27
2026-08-16T01:00:30Z,5.39,62.61
2026-08-16T01:01:30Z,5.42,63.22
2026-08-16T01:02:30Z,5.42,63.1
2026-08-16T01:03:30Z,5.39,62.71
2026-08-16T01:04:30Z,5.37,62.32
2026-08-16T01:05:30Z,5.33,61.64
2026-08-16T01:06:30Z,5.35,62.02
2026-08-16T01:07:30Z,5.37,62.26
2026-08-16T01:08:30Z,5.34,61.83
2026-08-16T01:09:30Z,5.3,61.13
2026-08-16T01:10:30Z,5.29,61.01
2026-08-16T01:11:30Z,5.29,61.05
2026-08-16T01:12:30Z,5.28,60.8
2026-08-16T01:13:30Z,5.31,61.26
2026-08-16T01:14:30Z,5.3,61.11
2026-08-16T01:15:30Z,5.3,61.17
2026-08-16T01:16:30Z,5.27,60.63
2026-08-16T01:17:30Z,5.27,60.68
2026-08-16T01:18:30Z,5.28,60.86
2026-08-16T01:19:30Z,5.26,60.44
2026-08-16T01:20:30Z,5.26,60.55
2026-08-16T01:21:30Z,5.23,59.99
2026-08-16T01:22:30Z,5.22,59.87
2026-08-16T01:23:30Z,5.24,60.19
2026-08-16T01:24:30Z,5.19,59.35
2026-08-16T01:25:30Z,5.16,58.82
2026-08-16T01:26:30Z,5.11,57.94
2026-08-16T01:27:30Z,5.12,58.17
2026-08-16T01:28:30Z,5.12,58.19
2026-08-16T01:29:30Z,5.13,58.34
2026-08-16T01:30:30Z,5.18,59.12
2026-08-16T01:31:30Z,5.18,59.08
2026-08-16T01:32:30Z,5.17,58.97
2026-08-16T01:33:30Z,5.21,59.69
2026-08-16T01:34:30Z,5.25,60.27
2026-08-16T01:35:30Z,5.27,60.61
2026-08-16T01:36:30Z,5.27,60.64
2026-08-16T01:37:30Z,5.34,61.76
2026-08-16T01:38:30Z,5.34,61.73
2026-08-16T01:39:30Z,5.34,61.74
2026-08-16T01:40:30Z,5.38,62.41
2026-08-16T01:41:30Z,5.38,62.5
2026-08-16T01:42:30Z,5.39,62.7
2026-08-16T01:43:30Z,5.37,62.38
2026-08-16T01:44:30Z,5.37,62.34
2026-08-16T01:45:30Z,5.42,63.09
2026-08-16T01:46:30Z,5.4,62.81
2026-08-16T01:47:30Z,5.42,63.08
2026-08-16T01:48:30Z,5.39,62.68
2026-08-16T01:49:30Z,6.18,62.84
2026-08-16T01:50:30Z,5.4,62.84
2026-08-16T01:51:30Z,5.4,62.75
2026-08-16T01:52:30Z,5.39,62.72
2026-08-16T01:53:30Z,5.34,61.85
2026-08-16T01:54:30Z,5.26,60.53
2026-08-16T01:55:30Z,5.25,60.33
2026-08-16T01:56:30Z,5.3,61.06
2026-08-16T01:57:30Z,5.27,60.58
2026-08-16T01:58:30Z,5.25,60.3
2026-08-16T01:59:30Z,5.23,60.01
2026-08-16T02:00:30Z,5.28,60.82
2026-08-16T02:01:30Z,5.25,60.26
2026-08-16T02:02:30Z,5.31,61.31
2026-08-16T02:03:30Z,5.23,59.95
2026-08-16T02:04:30Z,5.2,59.39
2026-08-16T02:05:30Z,5.21,59.7
2026-08-16T02:06:30Z,5.19,59.26
2026-08-16T02:07:30Z,5.19,59.26
2026-08-16T02:08:30Z,5.23,59.98
2026-08-16T02:09:30Z,5.16,58.72
2026-08-16T02:10:30Z,5.16,58.77
2026-08-16T02:11:30Z,5.15,58.69
2026-08-16T02:12:30Z,5.19,59.32
2026-08-16T02:13:30Z,5.16,58.87
2026-08-16T02:14:30Z,5.18,59.2
2026-08-16T02:15:30Z,5.09,57.65
2026-08-16T02:16:30Z,5.06,57.05
2026-08-16T02:17:30Z,5.1,57.72
2026-08-16T02:18:30Z,5.12,58.19
2026-08-16T02:19:30Z,5.88,57.83
2026-08-16T02:20:30Z,5.14,58.41
2026-08-16T02:21:30Z,5.08,57.47
2026-08-16T02:22:30Z,5.06,57.05
2026-08-16T02:23:30Z,5.03,56.68
2026-08-16T02:24:30Z,5.02,56.41
2026-08-16T02:25:30Z,5.02,56.46
2026-08-16T02:26:30Z,4.99,55.99
2026-08-16T02:27:30Z,4.98,55.79
2026-08-16T02:28:30Z,4.95,55.26
2026-08-16T02:29:30Z,4.91,54.5
2026-08-16T02:30:30Z,4.94,55.15
2026-08-16T02:31:30Z,4.89,54.3
2026-08-16T02:32:30Z,4.87,53.97
2026-08-16T02:33:30Z,4.89,54.18
2026-08-16T02:34:30Z,4.86,53.75
2026-08-16T02:35:30Z,4.86,53.67
2026-08-16T02:36:30Z,4.84,53.39
2026-08-16T02:37:30Z,4.83,53.23
2026-08-16T02:38:30Z,4.79,52.59
2026-08-16T02:39:30Z,4.8,52.68
2026-08-16T02:40:30Z,4.81,52.83
2026-08-16T02:41:30Z,4.83,53.17
2026-08-16T02:42:30Z,4.8,52.79
2026-08-16T02:43:30Z,4.88,54.16
2026-08-16T02:44:30Z,4.82,53.04
2026-08-16T02:45:30Z,4.79,52.49
2026-08-16T02:46:30Z,4.76,52.01
2026-08-16T02:47:30Z,4.82,53.1
2026-08-16T02:48:30Z,4.81,52.91
2026-08-16T02:49:30Z,4.78,52.42
2026-08-16T02:50:30Z,4.81,52.82
2026-08-16T02:51:30Z,4.78,52.43
2026-08-16T02:52:30Z,4.76,52.11
2026-08-16T02:53:30Z,4.7,51.12
2026-08-16T02:54:30Z,4.69,50.92
2026-08-16T02:55:30Z,4.72,51.42
2026-08-16T02:56:30Z,4.7,51.03
2026-08-16T02:57:30Z,4.69,50.96
2026-08-16T02:58:30Z,4.7,51.1
2026-08-16T02:59:30Z,4.73,51.63
2026-08-16T03:00:30Z,4.71,51.21
2026-08-16T03:01:30Z,4.69,50.89
2026-08-16T03:02:30Z,4.66,50.34
2026-08-16T03:03:30Z,4.62,49.7
2026-08-16T03:04:30Z,4.62,49.63
2026-08-16T03:05:30Z,4.64,50.06
2026-08-16T03:06:30Z,4.65,50.28
2026-08-16T03:07:30Z,4.63,49.8
2026-08-16T03:08:30Z,4.57,48.87
2026-08-16T03:09:30Z,4.56,48.67
2026-08-16T03:10:30Z,4.53,48.18
2026-08-16T03:11:30Z,4.58,48.98
2026-08-16T03:12:30Z,4.6,49.3
2026-08-16T03:13:30Z,4.62,49.71
2026-08-16T03:14:30Z,4.53,48.18
2026-08-16T03:15:30Z,4.53,48.14
2026-08-16T03:16:30Z,4.52,48.07
2026-08-16T03:17:30Z,4.49,47.57
2026-08-16T03:18:30Z,4.46,47.1
2026-08-16T03:19:30Z,4.43,46.55
2026-08-16T03:20:30Z,4.42,46.37
2026-08-16T03:21:30Z,4.43,46.46
2026-08-16T03:22:30Z,4.4,45.97
2026-08-16T03:23:30Z,4.48,47.37
2026-08-16T03:24:30Z,4.57,48.93
2026-08-16T03:25:30Z,4.62,49.72
2026-08-16T03:26:30Z,4.64,49.96
2026-08-16T03:27:30Z,4.68,50.69
2026-08-16T03:28:30Z,4.64,50.02
2026-08-16T03:29:30Z,4.65,50.14
2026-08-16T03:30:30Z,4.66,50.45
2026-08-16T03:31:30Z,5.62,51.18
2026-08-16T03:32:30Z,4.73,51.51
2026-08-16T03:33:30Z,4.72,51.47
2026-08-16T03:34:30Z,4.76,52.13
2026-08-16T03:35:30Z,4.74,51.74
2026-08-16T03:36:30Z,4.76,52.01
2026-08-16T03:37:30Z,4.7,51.1
2026-08-16T03:38:30Z,4.71,51.16
2026-08-16T03:39:30Z,4.69,50.92
2026-08-16T03:40:30Z,4.72,51.4
2026-08-16T03:41:30Z,5.63,51.37
2026-08-16T03:42:30Z,4.69,50.87
2026-08-16T03:43:30Z,4.67,50.51
2026-08-16T03:44:30Z,5.55,50.01
2026-08-16T03:45:30Z,4.68,50.74
2026-08-16T03:46:30Z,4.72,51.47
2026-08-16T03:47:30Z,4.74,51.65
2026-08-16T03:48:30Z,4.75,51.91
2026-08-16T03:49:30Z,4.79,52.53
2026-08-16T03:50:30Z,4.8,52.78
2026-08-16T03:51:30Z,4.82,53.15
2026-08-16T03:52:30Z,4.84,53.39
2026-08-16T03:53:30Z,4.83,53.32
2026-08-16T03:54:30Z,4.84,53.43
2026-08-16T03:55:30Z,4.86,53.71
2026-08-16T03:56:30Z,4.89,54.19
2026-08-16T03:57:30Z,4.89,54.26
2026-08-16T03:58:30Z,4.92,54.8
2026-08-16T03:59:30Z,4.92,54.75
2026-08-16T04:00:30Z,4.96,55.43
2026-08-16T04:01:30Z,4.93,54.94
2026-08-16T04:02:30Z,4.97,55.56
2026-08-16T04:03:30Z,5.03,56.53
2026-08-16T04:04:30Z,5.06,57.05
2026-08-16T04:05:30Z,5.06,57.06
2026-08-16T04:06:30Z,5.09,57.56
2026-08-16T04:07:30Z,5.13,58.25
2026-08-16T04:08:30Z,5.17,58.91
2026-08-16T04:09:30Z,5.17,58.99
2026-08-16T04:10:30Z,5.18,59.09
2026-08-16T04:11:30Z,5.11,57.92
2026-08-16T04:12:30Z,5.12,58.06
2026-08-16T04:13:30Z,5.14,58.53
2026-08-16T04:14:30Z,5.1,57.79
2026-08-16T04:15:30Z,5.04,56.82
2026-08-16T04:16:30Z,5.07,57.26
2026-08-16T04:17:30Z,5.11,57.87
2026-08-16T04:18:30Z,5.08,57.48
2026-08-16T04:19:30Z,5.07,57.25
2026-08-16T04:20:30Z,5.1,57.79
2026-08-16T04:21:30Z,5.08,57.39
2026-08-16T04:22:30Z,5.08,57.44
2026-08-16T04:23:30Z,5.03,56.58
2026-08-16T04:24:30Z,5.01,56.24
2026-08-16T04:25:30Z,4.95,55.2
2026-08-16T04:26:30Z,4.86,53.77
2026-08-16T04:27:30Z,4.84,53.44
2026-08-16T04:28:30Z,4.79,52.6
2026-08-16T04:29:30Z,4.81,52.91
2026-08-16T04:30:30Z,4.78,52.44
2026-08-16T04:31:30Z,4.77,52.22
2026-08-16T04:32:30Z,4.72,51.31
2026-08-16T04:33:30Z,4.68,50.68
2026-08-16T04:34:30Z,4.68,50.69
2026-08-16T04:35:30Z,4.7,51.1
2026-08-16T04:36:30Z,4.7,51
2026-08-16T04:37:30Z,4.78,52.42
2026-08-16T04:38:30Z,5.67,51.99
2026-08-16T04:39:30Z,5.7,52.55
2026-08-16T04:40:30Z,5.67,52.09
2026-08-16T04:41:30Z,4.81,52.84
2026-08-16T04:42:30Z,4.8,52.72
2026-08-16T04:43:30Z,4.78,52.4
2026-08-16T04:44:30Z,4.82,53.05
2026-08-16T04:45:30Z,4.86,53.66
2026-08-16T04:46:30Z,4.86,53.75
2026-08-16T04:47:30Z,4.89,54.26
2026-08-16T04:48:30Z,4.89,54.18
2026-08-16T04:49:30Z,4.9,54.34
2026-08-16T04:50:30Z,4.89,54.22
2026-08-16T04:51:30Z,4.83,53.26
2026-08-16T04:52:30Z,4.85,53.62
2026-08-16T04:53:30Z,4.87,53.83
2026-08-16T04:54:30Z,4.86,53.7
2026-08-16T04:55:30Z,4.85,53.53
2026-08-16T04:56:30Z,4.91,54.5
2026-08-16T04:57:30Z,4.97,55.63
2026-08-16T04:58:30Z,5.01,56.3
2026-08-16T04:59:30Z,5.02,56.41
2026-08-16T05:00:30Z,5.03,56.68
2026-08-16T05:01:30Z,5.05,56.93
2026-08-16T05:02:30Z,5.05,56.94
2026-08-16T05:03:30Z,5.09,57.66
2026-08-16T05:04:30Z,5.12,58.13
2026-08-16T05:05:30Z,5.15,58.66
2026-08-16T05:06:30Z,5.15,58.61
2026-08-16T05:07:30Z,5.17,58.91
2026-08-16T05:08:30Z,5.19,59.29
2026-08-16T05:09:30Z,5.16,58.87
2026-08-16T05:10:30Z,5.16,58.87
2026-08-16T05:11:30Z,5.19,59.35
2026-08-16T05:12:30Z,5.22,59.79
2026-08-16T05:13:30Z,5.25,60.23
2026-08-16T05:14:30Z,5.25,60.29
2026-08-16T05:15:30Z,5.24,60.06
2026-08-16T05:16:30Z,5.27,60.59
2026-08-16T05:17:30Z,5.3,61.07
2026-08-16T05:18:30Z,5.33,61.71
2026-08-16T05:19:30Z,5.35,62.06
2026-08-16T05:20:30Z,5.36,62.09
2026-08-16T05:21:30Z,5.36,62.15
2026-08-16T05:22:30Z,5.4,62.9
2026-08-16T05:23:30Z,5.43,63.37
2026-08-16T05:24:30Z,5.47,64.04
2026-08-16T05:25:30Z,5.48,64.15
2026-08-16T05:26:30Z,5.49,64.41
2026-08-16T05:27:30Z,5.49,64.38
2026-08-16T05:28:30Z,5.51,64.73
2026-08-16T05:29:30Z,5.51,64.67
2026-08-16T05:30:30Z,5.53,65.04
2026-08-16T05:31:30Z,5.51,64.7
2026-08-16T05:32:30Z,5.5,64.42
2026-08-16T05:33:30Z,5.5,64.55
2026-08-16T05:34:30Z,5.53,64.98
2026-08-16T05:35:30Z,5.52,64.8
2026-08-16T05:36:30Z,5.52,64.87
2026-08-16T05:37:30Z,5.54,65.13
2026-08-16T05:38:30Z,5.56,65.43
2026-08-16T05:39:30Z,5.58,65.77
2026-08-16T05:40:30Z,5.59,66.06
2026-08-16T05:41:30Z,5.61,66.29
2026-08-16T05:42:30Z,5.62,66.56
2026-08-16T05:43:30Z,5.63,66.62
2026-08-16T05:44:30Z,5.63,66.61
2026-08-16T05:45:30Z,5.63,66.65
2026-08-16T05:46:30Z,5.62,66.54
2026-08-16T05:47:30Z,5.64,66.94
2026-08-16T05:48:30Z,5.68,67.45
2026-08-16T05:49:30Z,5.68,67.5
2026-08-16T05:50:30Z,5.69,67.75
2026-08-16T05:51:30Z,5.72,68.19
2026-08-16T05:52:30Z,5.75,68.67
2026-08-16T05:53:30Z,5.77,68.97
2026-08-16T05:54:30Z,5.8,69.59
2026-08-16T05:55:30Z,5.84,70.18
2026-08-16T05:56:30Z,5.88,70.91
2026-08-16T05:57:30Z,5.89,71.12
2026-08-16T05:58:30Z,5.92,71.56
2026-08-16T05:59:30Z,5.97,72.37
2026-08-16T06:00:30Z,6.01,73.06
2026-08-16T06:01:30Z,6.02,73.25
2026-08-16T06:02:30Z,5.96,72.24
2026-08-16T06:03:30Z,6,72.88
2026-08-16T06:04:30Z,6.05,73.71
2026-08-16T06:05:30Z,6.09,74.45
2026-08-16T06:06:30Z,6.14,75.22
2026-08-16T06:07:30Z,6.21,76.43
2026-08-16T06:08:30Z,6.34,78.59
2026-08-16T06:09:30Z,6.31,78.16
2026-08-16T06:10:30Z,6.29,77.77
2026-08-16T06:11:30Z,6.2,76.3
2026-08-16T06:12:30Z,6.29,77.78
2026-08-16T06:13:30Z,6.3,77.92
2026-08-16T06:14:30Z,7.14,78.97
2026-08-16T06:15:30Z,6.44,80.3
2026-08-16T06:16:30Z,6.48,80.93
2026-08-16T06:17:30Z,6.51,81.43
2026-08-16T06:18:30Z,7.31,81.9
2026-08-16T06:19:30Z,7.35,82.53
2026-08-16T06:20:30Z,7.41,83.5
2026-08-16T06:21:30Z,7.44,84
2026-08-16T06:22:30Z,7.49,84.84
2026-08-16T06:23:30Z,6.75,85.48
2026-08-16T06:24:30Z,6.8,86.38
2026-08-16T06:25:30Z,6.83,86.89
2026-08-16T06:26:30Z,6.88,87.72
2026-08-16T06:27:30Z,6.93,88.51
2026-08-16T06:28:30Z,6.96,89.08
2026-08-16T06:29:30Z,6.9,88.06
2026-08-16T06:30:30Z,6.87,87.48
2026-08-16T06:31:30Z,7.65,87.59
2026-08-16T06:32:30Z,7.65,87.62
2026-08-16T06:33:30Z,7.72,88.68
2026-08-16T06:34:30Z,7.58,88.58
2026-08-16T06:35:30Z,8.38,88.85
2026-08-16T06:36:30Z,7.61,89.04
2026-08-16T06:37:30Z,6.98,89.38
2026-08-16T06:38:30Z,7.01,89.91
2026-08-16T06:39:30Z,7.05,90.64
2026-08-16T06:40:30Z,7.08,91.04
2026-08-16T06:41:30Z,7.08,91.11
2026-08-16T06:42:30Z,7.08,91.15
2026-08-16T06:43:30Z,7.11,91.54
2026-08-16T06:44:30Z,7.13,91.88
2026-08-16T06:45:30Z,7.14,92.05
2026-08-16T06:46:30Z,7.14,92.05
2026-08-16T06:47:30Z,7.15,92.17
2026-08-16T06:48:30Z,7.15,92.28
2026-08-16T06:49:30Z,7.15,92.18
2026-08-16T06:50:30Z,7.15,92.22
2026-08-16T06:51:30Z,7.14,92.06
2026-08-16T06:52:30Z,7.12,91.74
2026-08-16T06:53:30Z,7.15,92.17
2026-08-16T06:54:30Z,7.14,92.06
2026-08-16T06:55:30Z,7.16,92.41
2026-08-16T06:56:30Z,7.17,92.53
2026-08-16T06:57:30Z,7.16,92.36
2026-08-16T06:58:30Z,7.15,92.21
2026-08-16T06:59:30Z,7.12,91.77
2026-08-16T07:00:30Z,7.11,91.65
2026-08-16T07:01:30Z,7.13,91.97
2026-08-16T07:02:30Z,7.13,91.87
2026-08-16T07:03:30Z,7.12,91.75
2026-08-16T07:04:30Z,7.12,91.82
2026-08-16T07:05:30Z,7.13,91.88
2026-08-16T07:06:30Z,7.13,91.86
2026-08-16T07:07:30Z,7.13,91.97
2026-08-16T07:08:30Z,7.13,91.99
2026-08-16T07:09:30Z,7.11,91.61
2026-08-16T07:10:30Z,7.11,91.64
2026-08-16T07:11:30Z,7.13,91.92
2026-08-16T07:12:30Z,7.13,91.9
2026-08-16T07:13:30Z,7.14,92.14
2026-08-16T07:14:30Z,7.15,92.33
2026-08-16T07:15:30Z,7.15,92.32
2026-08-16T07:16:30Z,7.13,91.97
2026-08-16T07:17:30Z,7.14,92.05
2026-08-16T07:18:30Z,7.16,92.39
2026-08-16T07:19:30Z,7.15,92.3
2026-08-16T07:20:30Z,7.14,92.15
2026-08-16T07:21:30Z,7.14,92.07
2026-08-16T07:22:30Z,7.14,92.1
2026-08-16T07:23:30Z,7.16,92.34
2026-08-16T07:24:30Z,7.17,92.51
2026-08-16T07:25:30Z,7.16,92.47
2026-08-16T07:26:30Z,7.14,92.09
2026-08-16T07:27:30Z,7.15,92.21
2026-08-16T07:28:30Z,7.14,92.09
2026-08-16T07:29:30Z,7.15,92.19
2026-08-16T07:30:30Z,7.14,92.1
2026-08-16T07:31:30Z,7.15,92.28
2026-08-16T07:32:30Z,7.15,92.31
2026-08-16T07:33:30Z,7.16,92.36
2026-08-16T07:34:30Z,7.16,92.43
2026-08-16T07:35:30Z,7.16,92.34
2026-08-16T07:36:30Z,7.13,91.99
2026-08-16T07:37:30Z,7.13,91.83
2026-08-16T07:38:30Z,7.13,91.92
2026-08-16T07:39:30Z,7.14,92.13
2026-08-16T07:40:30Z,7.15,92.3
2026-08-16T07:41:30Z,7.14,92.15
2026-08-16T07:42:30Z,7.14,92.14
2026-08-16T07:43:30Z,7.15,92.25
2026-08-16T07:44:30Z,7.15,92.26
2026-08-16T07:45:30Z,7.16,92.35
2026-08-16T07:46:30Z,7.16,92.41
2026-08-16T07:47:30Z,7.15,92.22
2026-08-16T07:48:30Z,7.16,92.44
2026-08-16T07:49:30Z,7.15,92.28
2026-08-16T07:50:30Z,7.16,92.42
2026-08-16T07:51:30Z,7.15,92.29
2026-08-16T07:52:30Z,7.14,92.12
2026-08-16T07:53:30Z,7.15,92.28
2026-08-16T07:54:30Z,7.14,92.12
2026-08-16T07:55:30Z,7.14,92.15
2026-08-16T07:56:30Z,7.17,92.5
2026-08-16T07:57:30Z,7.15,92.21
2026-08-16T07:58:30Z,7.14,92.11
2026-08-16T07:59:30Z,7.15,92.27
2026-08-16T08:00:30Z,7.15,92.23
2026-08-16T08:01:30Z,7.15,92.18
2026-08-16T08:02:30Z,7.14,92.04
2026-08-16T08:03:30Z,7.14,92.1
2026-08-16T08:04:30Z,7.15,92.24
2026-08-16T08:05:30Z,7.14,92.05
2026-08-16T08:06:30Z,7.14,92.02
2026-08-16T08:07:30Z,7.13,91.95
2026-08-16T08:08:30Z,7.14,92.04
2026-08-16T08:09:30Z,7.14,92.09
2026-08-16T08:10:30Z,7.14,92.15
2026-08-16T08:11:30Z,7.14,92.07
2026-08-16T08:12:30Z,7.14,92.05
2026-08-16T08:13:30Z,7.15,92.18
2026-08-16T08:14:30Z,7.16,92.38
2026-08-16T08:15:30Z,7.16,92.46
2026-08-16T08:16:30Z,7.14,92.13
2026-08-16T08:17:30Z,7.14,92.1
2026-08-16T08:18:30Z,7.14,92.02
2026-08-16T08:19:30Z,7.13,91.95
2026-08-16T08:20:30Z,7.12,91.79
2026-08-16T08:21:30Z,7.12,91.81
2026-08-16T08:22:30Z,7.12,91.66
2026-08-16T08:23:30Z,7.12,91.71
2026-08-16T08:24:30Z,7.11,91.64
2026-08-16T08:25:30Z,7.12,91.74
2026-08-16T08:26:30Z,7.12,91.67
2026-08-16T08:27:30Z,7.12,91.72
2026-08-16T08:28:30Z,7.12,91.78
2026-08-16T08:29:30Z,7.1,91.49
2026-08-16T08:30:30Z,7.11,91.52
2026-08-16T08:31:30Z,7.1,91.48
2026-08-16T08:32:30Z,7.1,91.36
2026-08-16T08:33:30Z,7.12,91.66
2026-08-16T08:34:30Z,7.1,91.33
2026-08-16T08:35:30Z,7.07,90.97
2026-08-16T08:36:30Z,7.08,91.1
2026-08-16T08:37:30Z,7.09,91.22
2026-08-16T08:38:30Z,7.07,90.9
2026-08-16T08:39:30Z,7.08,91
2026-08-16T08:40:30Z,7.07,90.98
2026-08-16T08:41:30Z,7.07,90.86
2026-08-16T08:42:30Z,7.06,90.81
2026-08-16T08:43:30Z,7.06,90.7
2026-08-16T08:44:30Z,7.06,90.71
2026-08-16T08:45:30Z,7.07,90.91
2026-08-16T08:46:30Z,7.07,90.85
2026-08-16T08:47:30Z,7.06,90.79
2026-08-16T08:48:30Z,7.06,90.78
2026-08-16T08:49:30Z,7.06,90.77
2026-08-16T08:50:30Z,7.07,90.85
2026-08-16T08:51:30Z,7.06,90.78
2026-08-16T08:52:30Z,7.08,91.05
2026-08-16T08:53:30Z,7.11,91.54
2026-08-16T08:54:30Z,7.09,91.23
2026-08-16T08:55:30Z,7.08,91.02
2026-08-16T08:56:30Z,7.06,90.78
2026-08-16T08:57:30Z,7.09,91.25
2026-08-16T08:58:30Z,7.08,91.09
2026-08-16T08:59:30Z,7.06,90.72
2026-08-16T09:00:30Z,7.07,90.92
2026-08-16T09:01:30Z,7.05,90.59
2026-08-16T09:02:30Z,7.04,90.48
2026-08-16T09:03:30Z,7.03,90.25
2026-08-16T09:04:30Z,7.03,90.17
2026-08-16T09:05:30Z,7.03,90.17
2026-08-16T09:06:30Z,7.03,90.29
2026-08-16T09:07:30Z,7.04,90.42
2026-08-16T09:08:30Z,7.04,90.33
2026-08-16T09:09:30Z,7.05,90.49
2026-08-16T09:10:30Z,7.07,90.91
2026-08-16T09:11:30Z,7.06,90.65
2026-08-16T09:12:30Z,7.03,90.27
2026-08-16T09:13:30Z,7.02,90.07
2026-08-16T09:14:30Z,7.01,89.87
2026-08-16T09:15:30Z,7,89.77
2026-08-16T09:16:30Z,6.98,89.39
2026-08-16T09:17:30Z,6.97,89.22
2026-08-16T09:18:30Z,6.98,89.32
2026-08-16T09:19:30Z,6.97,89.14
2026-08-16T09:20:30Z,6.96,89.07
2026-08-16T09:21:30Z,6.97,89.28
2026-08-16T09:22:30Z,6.97,89.29
2026-08-16T09:23:30Z,6.97,89.16
2026-08-16T09:24:30Z,6.96,89.07
2026-08-16T09:25:30Z,6.95,88.94
2026-08-16T09:26:30Z,6.95,88.91
2026-08-16T09:27:30Z,6.95,88.92
2026-08-16T09:28:30Z,6.94,88.79
2026-08-16T09:29:30Z,6.94,88.65
2026-08-16T09:30:30Z,6.97,89.26
2026-08-16T09:31:30Z,6.95,88.93
2026-08-16T09:32:30Z,6.94,88.68
2026-08-16T09:33:30Z,6.94,88.71
2026-08-16T09:34:30Z,6.94,88.73
2026-08-16T09:35:30Z,6.94,88.7
2026-08-16T09:36:30Z,6.94,88.71
2026-08-16T09:37:30Z,6.95,88.85
2026-08-16T09:38:30Z,6.96,89.07
2026-08-16T09:39:30Z,6.95,88.91
2026-08-16T09:40:30Z,6.93,88.62
2026-08-16T09:41:30Z,6.94,88.76
2026-08-16T09:42:30Z,6.94,88.78
2026-08-16T09:43:30Z,6.93,88.55
2026-08-16T09:44:30Z,6.92,88.41
2026-08-16T09:45:30Z,6.91,88.23
2026-08-16T09:46:30Z,6.9,88.1
2026-08-16T09:47:30Z,6.88,87.78
2026-08-16T09:48:30Z,6.89,87.92
2026-08-16T09:49:30Z,6.88,87.63
2026-08-16T09:50:30Z,6.86,87.4
2026-08-16T09:51:30Z,6.88,87.76
2026-08-16T09:52:30Z,6.88,87.78
2026-08-16T09:53:30Z,6.9,87.96
2026-08-16T09:54:30Z,6.89,87.88
2026-08-16T09:55:30Z,6.91,88.14
2026-08-16T09:56:30Z,6.89,87.86
2026-08-16T09:57:30Z,6.9,88.09
2026-08-16T09:58:30Z,6.91,88.15
2026-08-16T09:59:30Z,6.89,87.83
2026-08-16T10:00:30Z,6.91,88.14
2026-08-16T10:01:30Z,6.91,88.15
2026-08-16T10:02:30Z,6.89,87.93
2026-08-16T10:03:30Z,6.9,88.1
2026-08-16T10:04:30Z,6.89,87.84
2026-08-16T10:05:30Z,6.9,88
2026-08-16T10:06:30Z,6.88,87.67
2026-08-16T10:07:30Z,6.88,87.72
2026-08-16T10:08:30Z,6.87,87.57
2026-08-16T10:09:30Z,6.88,87.75
2026-08-16T10:10:30Z,6.88,87.7
2026-08-16T10:11:30Z,6.89,87.8
2026-08-16T10:12:30Z,6.88,87.71
2026-08-16T10:13:30Z,6.87,87.61
2026-08-16T10:14:30Z,6.87,87.56
2026-08-16T10:15:30Z,6.87,87.6
2026-08-16T10:16:30Z,6.86,87.44
2026-08-16T10:17:30Z,6.86,87.43
2026-08-16T10:18:30Z,6.87,87.56
2026-08-16T10:19:30Z,6.86,87.34
2026-08-16T10:20:30Z,6.85,87.16
2026-08-16T10:21:30Z,6.85,87.26
2026-08-16T10:22:30Z,6.86,87.43
2026-08-16T10:23:30Z,6.85,87.2
2026-08-16T10:24:30Z,6.85,87.16
2026-08-16T10:25:30Z,6.85,87.19
2026-08-16T10:26:30Z,6.84,87.1
2026-08-16T10:27:30Z,6.84,87.04
2026-08-16T10:28:30Z,6.84,87.05
2026-08-16T10:29:30Z,6.84,86.98
2026-08-16T10:30:30Z,6.83,86.83
2026-08-16T10:31:30Z,6.82,86.75
2026-08-16T10:32:30Z,6.82,86.62
2026-08-16T10:33:30Z,6.82,86.75
2026-08-16T10:34:30Z,6.81,86.58
2026-08-16T10:35:30Z,6.81,86.45
2026-08-16T10:36:30Z,6.81,86.51
2026-08-16T10:37:30Z,6.79,86.12
2026-08-16T10:38:30Z,6.78,86.06
2026-08-16T10:39:30Z,6.79,86.18
2026-08-16T10:40:30Z,6.78,86
2026-08-16T10:41:30Z,6.76,85.76
2026-08-16T10:42:30Z,6.77,85.88
2026-08-16T10:43:30Z,6.75,85.46
2026-08-16T10:44:30Z,6.74,85.28
2026-08-16T10:45:30Z,6.74,85.39
2026-08-16T10:46:30Z,6.72,85.07
2026-08-16T10:47:30Z,6.72,85.09
2026-08-16T10:48:30Z,6.75,85.51
2026-08-16T10:49:30Z,6.74,85.31
2026-08-16T10:50:30Z,6.74,85.3
2026-08-16T10:51:30Z,6.75,85.44
2026-08-16T10:52:30Z,6.76,85.62
2026-08-16T10:53:30Z,6.76,85.66
2026-08-16T10:54:30Z,6.77,85.82
2026-08-16T10:55:30Z,6.76,85.74
2026-08-16T10:56:30Z,6.77,85.92
2026-08-16T10:57:30Z,6.78,85.96
2026-08-16T10:58:30Z,6.76,85.64
2026-08-16T10:59:30Z,6.74,85.38
2026-08-16T11:00:30Z,6.74,85.43
2026-08-16T11:01:30Z,6.74,85.43
2026-08-16T11:02:30Z,6.76,85.69
2026-08-16T11:03:30Z,6.78,86.01
2026-08-16T11:04:30Z,6.78,86.01
2026-08-16T11:05:30Z,6.78,85.98
2026-08-16T11:06:30Z,6.79,86.15
2026-08-16T11:07:30Z,6.79,86.15
2026-08-16T11:08:30Z,6.79,86.14
2026-08-16T11:09:30Z,6.79,86.17
2026-08-16T11:10:30Z,6.79,86.11
2026-08-16T11:11:30Z,6.79,86.23
2026-08-16T11:12:30Z,6.8,86.34
2026-08-16T11:13:30Z,6.79,86.19
2026-08-16T11:14:30Z,6.79,86.2
2026-08-16T11:15:30Z,6.79,86.25
2026-08-16T11:16:30Z,6.8,86.34
2026-08-16T11:17:30Z,6.8,86.3
2026-08-16T11:18:30Z,6.79,86.21
2026-08-16T11:19:30Z,6.79,86.18
2026-08-16T11:20:30Z,6.79,86.17
2026-08-16T11:21:30Z,6.78,86.07
2026-08-16T11:22:30Z,6.79,86.25
2026-08-16T11:23:30Z,6.79,86.14
2026-08-16T11:24:30Z,6.79,86.21
2026-08-16T11:25:30Z,6.8,86.28
2026-08-16T11:26:30Z,6.8,86.41
2026-08-16T11:27:30Z,6.81,86.53
2026-08-16T11:28:30Z,6.81,86.57
2026-08-16T11:29:30Z,6.81,86.57
2026-08-16T11:30:30Z,6.81,86.56
2026-08-16T11:31:30Z,6.81,86.59
2026-08-16T11:32:30Z,6.82,86.71
2026-08-16T11:33:30Z,6.83,86.89
2026-08-16T11:34:30Z,6.83,86.91
2026-08-16T11:35:30Z,6.82,86.71
2026-08-16T11:36:30Z,6.82,86.68
2026-08-16T11:37:30Z,6.81,86.59
2026-08-16T11:38:30Z,6.84,86.96
2026-08-16T11:39:30Z,6.83,86.88
2026-08-16T11:40:30Z,6.83,86.91
2026-08-16T11:41:30Z,6.83,86.95
2026-08-16T11:42:30Z,6.83,86.87
2026-08-16T11:43:30Z,6.84,86.99
2026-08-16T11:44:30Z,6.83,86.94
2026-08-16T11:45:30Z,6.83,86.93
2026-08-16T11:46:30Z,6.84,87.09
2026-08-16T11:47:30Z,6.85,87.23
2026-08-16T11:48:30Z,6.86,87.29
2026-08-16T11:49:30Z,6.86,87.35
2026-08-16T11:50:30Z,6.87,87.46
2026-08-16T11:51:30Z,6.87,87.5
2026-08-16T11:52:30Z,6.87,87.53
2026-08-16T11:53:30Z,6.86,87.41
2026-08-16T11:54:30Z,6.87,87.46
2026-08-16T11:55:30Z,6.86,87.4
2026-08-16T11:56:30Z,6.86,87.3
2026-08-16T11:57:30Z,6.85,87.26
2026-08-16T11:58:30Z,6.85,87.2
2026-08-16T11:59:30Z,6.85,87.24
2026-08-16T12:00:30Z,6.86,87.35
2026-08-16T12:01:30Z,6.86,87.41
2026-08-16T12:02:30Z,6.86,87.32
2026-08-16T12:03:30Z,6.86,87.34
2026-08-16T12:04:30Z,6.85,87.2
2026-08-16T12:05:30Z,6.86,87.32
2026-08-16T12:06:30Z,6.86,87.43
2026-08-16T12:07:30Z,6.87,87.48
2026-08-16T12:08:30Z,6.87,87.48
2026-08-16T12:09:30Z,6.87,87.61
2026-08-16T12:10:30Z,6.87,87.5
2026-08-16T12:11:30Z,6.86,87.45
2026-08-16T12:12:30Z,6.87,87.62
2026-08-16T12:13:30Z,6.88,87.73
2026-08-16T12:14:30Z,6.89,87.85
2026-08-16T12:15:30Z,6.89,87.85
2026-08-16T12:16:30Z,6.9,87.96
2026-08-16T12:17:30Z,6.9,88.02
2026-08-16T12:18:30Z,6.89,87.84
2026-08-16T12:19:30Z,6.9,88.01
2026-08-16T12:20:30Z,6.9,88.1
2026-08-16T12:21:30Z,6.9,88.07
2026-08-16T12:22:30Z,6.9,87.96
2026-08-16T12:23:30Z,6.9,87.96
2026-08-16T12:24:30Z,6.9,88.01
2026-08-16T12:25:30Z,6.89,87.9
2026-08-16T12:26:30Z,6.9,88
2026-08-16T12:27:30Z,6.89,87.81
2026-08-16T12:28:30Z,6.9,88.03
2026-08-16T12:29:30Z,6.9,88.02
2026-08-16T12:30:30Z,6.9,88.12
2026-08-16T12:31:30Z,6.9,88.02
2026-08-16T12:32:30Z,6.9,88.03
2026-08-16T12:33:30Z,6.9,88.06
2026-08-16T12:34:30Z,6.9,88.09
2026-08-16T12:35:30Z,6.9,88.1
2026-08-16T12:36:30Z,6.9,88.04
2026-08-16T12:37:30Z,6.9,88.07
2026-08-16T12:38:30Z,6.91,88.13
2026-08-16T12:39:30Z,6.91,88.17
2026-08-16T12:40:30Z,6.91,88.29
2026-08-16T12:41:30Z,6.91,88.28
2026-08-16T12:42:30Z,6.91,88.25
2026-08-16T12:43:30Z,6.91,88.17
2026-08-16T12:44:30Z,6.9,88.11
2026-08-16T12:45:30Z,6.91,88.16
2026-08-16T12:46:30Z,6.91,88.29
2026-08-16T12:47:30Z,6.91,88.26
2026-08-16T12:48:30Z,6.91,88.27
2026-08-16T12:49:30Z,6.91,88.25
2026-08-16T12:50:30Z,6.91,88.18
2026-08-16T12:51:30Z,6.9,88.12
2026-08-16T12:52:30Z,6.9,88.02
2026-08-16T12:53:30Z,6.9,88.01
2026-08-16T12:54:30Z,6.9,87.98
2026-08-16T12:55:30Z,6.91,88.21
2026-08-16T12:56:30Z,6.91,88.14
2026-08-16T12:57:30Z,6.9,88.05
2026-08-16T12:58:30Z,6.91,88.18
2026-08-16T12:59:30Z,6.91,88.17
2026-08-16T13:00:30Z,6.9,88.08
2026-08-16T13:01:30Z,6.9,88
2026-08-16T13:02:30Z,6.9,87.96
2026-08-16T13:03:30Z,6.91,88.14
2026-08-16T13:04:30Z,6.91,88.22
2026-08-16T13:05:30Z,6.91,88.28
2026-08-16T13:06:30Z,6.91,88.2
2026-08-16T13:07:30Z,6.91,88.28
2026-08-16T13:08:30Z,6.92,88.31
2026-08-16T13:09:30Z,6.91,88.28
2026-08-16T13:10:30Z,6.9,88.04
2026-08-16T13:11:30Z,6.9,88.07
2026-08-16T13:12:30Z,6.89,87.85
2026-08-16T13:13:30Z,6.89,87.87
2026-08-16T13:14:30Z,6.89,87.88
2026-08-16T13:15:30Z,6.89,87.91
2026-08-16T13:16:30Z,6.89,87.88
2026-08-16T13:17:30Z,6.89,87.89
2026-08-16T13:18:30Z,6.9,87.98
2026-08-16T13:19:30Z,6.9,88.05
2026-08-16T13:20:30Z,6.9,88.05
2026-08-16T13:21:30Z,6.91,88.19
2026-08-16T13:22:30Z,6.91,88.14
2026-08-16T13:23:30Z,6.91,88.28
2026-08-16T13:24:30Z,6.92,88.3
2026-08-16T13:25:30Z,6.92,88.3
2026-08-16T13:26:30Z,6.92,88.32
2026-08-16T13:27:30Z,6.92,88.46
2026-08-16T13:28:30Z,6.92,88.36
2026-08-16T13:29:30Z,6.92,88.32
2026-08-16T13:30:30Z,6.92,88.32
2026-08-16T13:31:30Z,6.92,88.34
2026-08-16T13:32:30Z,6.92,88.35
2026-08-16T13:33:30Z,6.91,88.22
2026-08-16T13:34:30Z,6.91,88.29
2026-08-16T13:35:30Z,6.91,88.26
2026-08-16T13:36:30Z,6.92,88.3
2026-08-16T13:37:30Z,6.91,88.17
2026-08-16T13:38:30Z,6.91,88.24
2026-08-16T13:39:30Z,6.91,88.24
2026-08-16T13:40:30Z,6.91,88.13
2026-08-16T13:41:30Z,6.91,88.14
2026-08-16T13:42:30Z,6.9,88.1
2026-08-16T13:43:30Z,6.9,88.09
2026-08-16T13:44:30Z,6.91,88.17
2026-08-16T13:45:30Z,6.9,88.11
2026-08-16T13:46:30Z,6.92,88.3
2026-08-16T13:47:30Z,6.92,88.38
2026-08-16T13:48:30Z,6.92,88.34
2026-08-16T13:49:30Z,6.91,88.15
2026-08-16T13:50:30Z,6.91,88.24
2026-08-16T13:51:30Z,6.91,88.28
2026-08-16T13:52:30Z,6.91,88.16
2026-08-16T13:53:30Z,6.91,88.26
2026-08-16T13:54:30Z,6.91,88.26
2026-08-16T13:55:30Z,6.91,88.22
2026-08-16T13:56:30Z,6.92,88.35
2026-08-16T13:57:30Z,6.89,87.92
2026-08-16T13:58:30Z,6.89,87.91
2026-08-16T13:59:30Z,6.89,87.89
2026-08-16T14:00:30Z,6.9,87.99
2026-08-16T14:01:30Z,6.9,87.98
2026-08-16T14:02:30Z,6.89,87.85
2026-08-16T14:03:30Z,6.9,88.01
2026-08-16T14:04:30Z,6.9,88.07
2026-08-16T14:05:30Z,6.89,87.82
2026-08-16T14:06:30Z,6.89,87.84
2026-08-16T14:07:30Z,6.9,88.01
2026-08-16T14:08:30Z,6.9,88.04
2026-08-16T14:09:30Z,6.9,88.05
2026-08-16T14:10:30Z,6.9,88.05
2026-08-16T14:11:30Z,6.9,88.01
2026-08-16T14:12:30Z,6.9,88.02
2026-08-16T14:13:30Z,6.9,88.02
2026-08-16T14:14:30Z,6.89,87.93
2026-08-16T14:15:30Z,6.88,87.79
2026-08-16T14:16:30Z,6.89,87.83
2026-08-16T14:17:30Z,6.89,87.86
2026-08-16T14:18:30Z,6.89,87.81
2026-08-16T14:19:30Z,6.89,87.82
2026-08-16T14:20:30Z,6.89,87.88
2026-08-16T14:21:30Z,6.9,87.96
2026-08-16T14:22:30Z,6.89,87.9
2026-08-16T14:23:30Z,6.9,88.04
2026-08-16T14:24:30Z,6.9,87.99
2026-08-16T14:25:30Z,6.91,88.2
2026-08-16T14:26:30Z,6.91,88.23
2026-08-16T14:27:30Z,6.9,88.06
2026-08-16T14:28:30Z,6.9,88.06
2026-08-16T14:29:30Z,6.9,88.05
2026-08-16T14:30:30Z,6.9,88.11
2026-08-16T14:31:30Z,6.91,88.19
2026-08-16T14:32:30Z,6.91,88.24
2026-08-16T14:33:30Z,6.92,88.36
2026-08-16T14:34:30Z,6.92,88.46
2026-08-16T14:35:30Z,6.93,88.57
2026-08-16T14:36:30Z,6.93,88.61
2026-08-16T14:37:30Z,6.93,88.59
2026-08-16T14:38:30Z,6.93,88.47
2026-08-16T14:39:30Z,6.93,88.53
2026-08-16T14:40:30Z,6.93,88.53
2026-08-16T14:41:30Z,6.93,88.52
2026-08-16T14:42:30Z,6.93,88.55
2026-08-16T14:43:30Z,6.93,88.61
2026-08-16T14:44:30Z,6.93,88.5
2026-08-16T14:45:30Z,6.93,88.48
2026-08-16T14:46:30Z,6.93,88.58
2026-08-16T14:47:30Z,6.93,88.61
2026-08-16T14:48:30Z,6.93,88.6
2026-08-16T14:49:30Z,6.93,88.62
2026-08-16T14:50:30Z,6.92,88.42
2026-08-16T14:51:30Z,6.92,88.45
2026-08-16T14:52:30Z,6.92,88.45
2026-08-16T14:53:30Z,6.93,88.5
2026-08-16T14:54:30Z,6.93,88.61
2026-08-16T14:55:30Z,6.94,88.68
2026-08-16T14:56:30Z,6.94,88.66
2026-08-16T14:57:30Z,6.93,88.53
2026-08-16T14:58:30Z,6.93,88.59
2026-08-16T14:59:30Z,6.92,88.39
2026-08-16T15:00:30Z,6.92,88.41
2026-08-16T15:01:30Z,6.92,88.34
2026-08-16T15:02:30Z,6.91,88.16
2026-08-16T15:03:30Z,6.9,88.12
2026-08-16T15:04:30Z,6.9,88.09
2026-08-16T15:05:30Z,6.91,88.27
2026-08-16T15:06:30Z,6.92,88.4
2026-08-16T15:07:30Z,6.92,88.32
2026-08-16T15:08:30Z,6.92,88.31
2026-08-16T15:09:30Z,6.92,88.38
2026-08-16T15:10:30Z,6.92,88.36
2026-08-16T15:11:30Z,6.93,88.51
2026-08-16T15:12:30Z,6.93,88.57
2026-08-16T15:13:30Z,6.94,88.66
2026-08-16T15:14:30Z,6.93,88.63
2026-08-16T15:15:30Z,6.94,88.69
2026-08-16T15:16:30Z,6.94,88.7
2026-08-16T15:17:30Z,6.94,88.73
2026-08-16T15:18:30Z,6.94,88.71
2026-08-16T15:19:30Z,6.94,88.73
2026-08-16T15:20:30Z,6.94,88.68
2026-08-16T15:21:30Z,6.92,88.44
2026-08-16T15:22:30Z,6.92,88.46
2026-08-16T15:23:30Z,6.92,88.34
2026-08-16T15:24:30Z,6.9,88.11
2026-08-16T15:25:30Z,6.88,87.71
2026-08-16T15:26:30Z,6.87,87.62
2026-08-16T15:27:30Z,6.86,87.3
2026-08-16T15:28:30Z,6.84,87.07
2026-08-16T15:29:30Z,6.83,86.89
2026-08-16T15:30:30Z,6.81,86.57
2026-08-16T15:31:30Z,6.8,86.34
2026-08-16T15:32:30Z,6.79,86.14
2026-08-16T15:33:30Z,6.78,85.97
2026-08-16T15:34:30Z,6.76,85.75
2026-08-16T15:35:30Z,6.76,85.67
2026-08-16T15:36:30Z,6.74,85.27
2026-08-16T15:37:30Z,6.71,84.9
2026-08-16T15:38:30Z,6.7,84.64
2026-08-16T15:39:30Z,6.69,84.56
2026-08-16T15:40:30Z,6.67,84.24
2026-08-16T15:41:30Z,6.68,84.31
2026-08-16T15:42:30Z,6.68,84.34
2026-08-16T15:43:30Z,6.67,84.21
2026-08-16T15:44:30Z,6.67,84.25
2026-08-16T15:45:30Z,6.68,84.33
2026-08-16T15:46:30Z,6.68,84.41
2026-08-16T15:47:30Z,6.69,84.5
2026-08-16T15:48:30Z,6.69,84.55
2026-08-16T15:49:30Z,6.69,84.48
2026-08-16T15:50:30Z,6.69,84.51
2026-08-16T15:51:30Z,6.7,84.61
2026-08-16T15:52:30Z,6.69,84.54
2026-08-16T15:53:30Z,6.69,84.58
2026-08-16T15:54:30Z,6.68,84.33
2026-08-16T15:55:30Z,6.69,84.44
2026-08-16T15:56:30Z,6.69,84.43
2026-08-16T15:57:30Z,6.68,84.28
2026-08-16T15:58:30Z,6.68,84.34
2026-08-16T15:59:30Z,6.68,84.36
2026-08-16T16:00:30Z,6.69,84.46
2026-08-16T16:01:30Z,6.69,84.5
2026-08-16T16:02:30Z,6.68,84.39
2026-08-16T16:03:30Z,6.68,84.38
2026-08-16T16:04:30Z,6.68,84.42
2026-08-16T16:05:30Z,6.68,84.31
2026-08-16T16:06:30Z,6.68,84.35
2026-08-16T16:07:30Z,6.68,84.36
2026-08-16T16:08:30Z,6.68,84.39
2026-08-16T16:09:30Z,6.68,84.41
2026-08-16T16:10:30Z,6.68,84.31
2026-08-16T16:11:30Z,6.69,84.43
2026-08-16T16:12:30Z,6.68,84.38
2026-08-16T16:13:30Z,6.68,84.28
2026-08-16T16:14:30Z,6.68,84.32
2026-08-16T16:15:30Z,6.69,84.46
2026-08-16T16:16:30Z,6.68,84.31
2026-08-16T16:17:30Z,6.68,84.28
2026-08-16T16:18:30Z,6.67,84.22
2026-08-16T16:19:30Z,6.67,84.26
2026-08-16T16:20:30Z,6.68,84.32
2026-08-16T16:21:30Z,6.68,84.31
2026-08-16T16:22:30Z,6.67,84.17
2026-08-16T16:23:30Z,6.67,84.2
2026-08-16T16:24:30Z,6.67,84.17
2026-08-16T16:25:30Z,6.66,83.99
2026-08-16T16:26:30Z,6.67,84.18
2026-08-16T16:27:30Z,6.66,84.08
2026-08-16T16:28:30Z,6.66,84.02
2026-08-16T16:29:30Z,6.66,84.04
2026-08-16T16:30:30Z,6.67,84.1
2026-08-16T16:31:30Z,6.67,84.15
2026-08-16T16:32:30Z,6.67,84.17
2026-08-16T16:33:30Z,6.67,84.17
2026-08-16T16:34:30Z,6.67,84.24
2026-08-16T16:35:30Z,6.68,84.3
2026-08-16T16:36:30Z,6.68,84.33
2026-08-16T16:37:30Z,6.69,84.59
2026-08-16T16:38:30Z,6.7,84.72
2026-08-16T16:39:30Z,6.7,84.6
2026-08-16T16:40:30Z,6.7,84.6
2026-08-16T16:41:30Z,6.69,84.58
2026-08-16T16:42:30Z,6.68,84.41
2026-08-16T16:43:30Z,6.68,84.35
2026-08-16T16:44:30Z,6.68,84.32
2026-08-16T16:45:30Z,6.68,84.31
2026-08-16T16:46:30Z,6.68,84.32
2026-08-16T16:47:30Z,6.71,84.77
2026-08-16T16:48:30Z,6.7,84.68
2026-08-16T16:49:30Z,6.69,84.53
2026-08-16T16:50:30Z,6.68,84.38
2026-08-16T16:51:30Z,6.67,84.23
2026-08-16T16:52:30Z,6.67,84.21
2026-08-16T16:53:30Z,6.66,84.04
2026-08-16T16:54:30Z,6.67,84.18
2026-08-16T16:55:30Z,6.65,83.84
2026-08-16T16:56:30Z,6.65,83.82
2026-08-16T16:57:30Z,6.65,83.82
2026-08-16T16:58:30Z,6.66,83.93
2026-08-16T16:59:30Z,6.65,83.78
2026-08-16T17:00:30Z,6.64,83.75
2026-08-16T17:01:30Z,6.65,83.89
2026-08-16T17:02:30Z,6.67,84.26
2026-08-16T17:03:30Z,6.68,84.32
2026-08-16T17:04:30Z,6.72,85.05
2026-08-16T17:05:30Z,6.74,85.41
2026-08-16T17:06:30Z,6.75,85.47
2026-08-16T17:07:30Z,6.77,85.78
2026-08-16T17:08:30Z,6.77,85.87
2026-08-16T17:09:30Z,6.78,86.01
2026-08-16T17:10:30Z,6.79,86.25
2026-08-16T17:11:30Z,6.81,86.48
2026-08-16T17:12:30Z,6.82,86.71
2026-08-16T17:13:30Z,6.83,86.81
2026-08-16T17:14:30Z,6.84,87.02
2026-08-16T17:15:30Z,6.85,87.21
2026-08-16T17:16:30Z,6.86,87.4
2026-08-16T17:17:30Z,6.87,87.49
2026-08-16T17:18:30Z,6.88,87.71
2026-08-16T17:19:30Z,6.89,87.88
2026-08-16T17:20:30Z,6.89,87.95
2026-08-16T17:21:30Z,6.9,88.05
2026-08-16T17:22:30Z,6.9,88.1
2026-08-16T17:23:30Z,6.9,87.97
2026-08-16T17:24:30Z,6.9,87.98
2026-08-16T17:25:30Z,6.9,88.03
2026-08-16T17:26:30Z,6.9,88.05
2026-08-16T17:27:30Z,6.9,88.09
2026-08-16T17:28:30Z,6.91,88.2
2026-08-16T17:29:30Z,6.91,88.22
2026-08-16T17:30:30Z,6.91,88.22
2026-08-16T17:31:30Z,6.91,88.22
2026-08-16T17:32:30Z,6.91,88.29
2026-08-16T17:33:30Z,6.92,88.33
2026-08-16T17:34:30Z,6.92,88.44
2026-08-16T17:35:30Z,6.92,88.4
2026-08-16T17:36:30Z,6.93,88.53
2026-08-16T17:37:30Z,6.93,88.5
2026-08-16T17:38:30Z,6.93,88.56
2026-08-16T17:39:30Z,6.93,88.54
2026-08-16T17:40:30Z,6.94,88.65
2026-08-16T17:41:30Z,6.94,88.74
2026-08-16T17:42:30Z,6.94,88.73
2026-08-16T17:43:30Z,6.94,88.77
2026-08-16T17:44:30Z,6.93,88.62
2026-08-16T17:45:30Z,6.94,88.67
2026-08-16T17:46:30Z,6.94,88.78
2026-08-16T17:47:30Z,6.94,88.68
2026-08-16T17:48:30Z,6.93,88.6
2026-08-16T17:49:30Z,6.94,88.64
2026-08-16T17:50:30Z,6.93,88.54
2026-08-16T17:51:30Z,6.94,88.66
2026-08-16T17:52:30Z,6.93,88.58
2026-08-16T17:53:30Z,6.93,88.47
2026-08-16T17:54:30Z,6.93,88.52
2026-08-16T17:55:30Z,6.92,88.46
2026-08-16T17:56:30Z,6.93,88.5
2026-08-16T17:57:30Z,7.46,88.64
2026-08-16T17:58:30Z,6.94,88.66
2026-08-16T17:59:30Z,6.94,88.67
2026-08-16T18:00:30Z,6.94,88.66
2026-08-16T18:01:30Z,6.95,88.89
2026-08-16T18:02:30Z,6.95,88.86
2026-08-16T18:03:30Z,6.96,89.04
2026-08-16T18:04:30Z,6.95,88.95
2026-08-16T18:05:30Z,6.96,88.99
2026-08-16T18:06:30Z,6.95,88.9
2026-08-16T18:07:30Z,6.95,88.89
2026-08-16T18:08:30Z,6.96,89
2026-08-16T18:09:30Z,6.95,88.91
2026-08-16T18:10:30Z,6.96,88.98
2026-08-16T18:11:30Z,6.95,88.94
2026-08-16T18:12:30Z,6.96,89.05
2026-08-16T18:13:30Z,6.95,88.96
2026-08-16T18:14:30Z,6.95,88.96
2026-08-16T18:15:30Z,6.95,88.96
2026-08-16T18:16:30Z,6.95,88.83
2026-08-16T18:17:30Z,6.96,88.97
2026-08-16T18:18:30Z,6.95,88.84
2026-08-16T18:19:30Z,6.95,88.84
2026-08-16T18:20:30Z,6.94,88.78
2026-08-16T18:21:30Z,6.94,88.8
2026-08-16T18:22:30Z,6.94,88.67
2026-08-16T18:23:30Z,6.94,88.67
2026-08-16T18:24:30Z,6.93,88.58
2026-08-16T18:25:30Z,6.94,88.65
2026-08-16T18:26:30Z,6.93,88.59
2026-08-16T18:27:30Z,6.93,88.48
2026-08-16T18:28:30Z,6.92,88.35
2026-08-16T18:29:30Z,6.92,88.34
2026-08-16T18:30:30Z,6.92,88.39
2026-08-16T18:31:30Z,6.92,88.44
2026-08-16T18:32:30Z,6.93,88.52
2026-08-16T18:33:30Z,6.93,88.47
2026-08-16T18:34:30Z,6.93,88.53
2026-08-16T18:35:30Z,6.94,88.67
2026-08-16T18:36:30Z,6.94,88.75
2026-08-16T18:37:30Z,6.94,88.67
2026-08-16T18:38:30Z,6.94,88.7
2026-08-16T18:39:30Z,6.94,88.7
2026-08-16T18:40:30Z,6.94,88.73
2026-08-16T18:41:30Z,6.94,88.79
2026-08-16T18:42:30Z,6.94,88.77
2026-08-16T18:43:30Z,6.95,88.89
2026-08-16T18:44:30Z,6.95,88.86
2026-08-16T18:45:30Z,6.96,89.01
2026-08-16T18:46:30Z,6.95,88.93
2026-08-16T18:47:30Z,6.95,88.96
2026-08-16T18:48:30Z,6.95,88.83
2026-08-16T18:49:30Z,6.94,88.67
2026-08-16T18:50:30Z,6.94,88.64
2026-08-16T18:51:30Z,6.93,88.59
2026-08-16T18:52:30Z,6.93,88.49
2026-08-16T18:53:30Z,6.93,88.51
2026-08-16T18:54:30Z,6.93,88.53
2026-08-16T18:55:30Z,6.93,88.51
2026-08-16T18:56:30Z,6.93,88.49
2026-08-16T18:57:30Z,6.92,88.39
2026-08-16T18:58:30Z,6.92,88.46
2026-08-16T18:59:30Z,6.92,88.41
2026-08-16T19:00:30Z,6.92,88.4
2026-08-16T19:01:30Z,6.91,88.25
2026-08-16T19:02:30Z,6.91,88.18
2026-08-16T19:03:30Z,6.91,88.23
2026-08-16T19:04:30Z,6.9,88.1
2026-08-16T19:05:30Z,6.9,88.08
2026-08-16T19:06:30Z,6.9,88.01
2026-08-16T19:07:30Z,6.91,88.13
2026-08-16T19:08:30Z,6.9,87.99
2026-08-16T19:09:30Z,6.9,88
2026-08-16T19:10:30Z,6.9,88.04
2026-08-16T19:11:30Z,6.9,88.12
2026-08-16T19:12:30Z,6.91,88.18
2026-08-16T19:13:30Z,6.91,88.27
2026-08-16T19:14:30Z,6.92,88.31
2026-08-16T19:15:30Z,6.9,88.11
2026-08-16T19:16:30Z,6.9,88.09
2026-08-16T19:17:30Z,6.9,88.12
2026-08-16T19:18:30Z,6.91,88.27
2026-08-16T19:19:30Z,6.92,88.32
2026-08-16T19:20:30Z,6.93,88.47
2026-08-16T19:21:30Z,6.92,88.41
2026-08-16T19:22:30Z,6.92,88.41
2026-08-16T19:23:30Z,6.91,88.22
2026-08-16T19:24:30Z,6.91,88.13
2026-08-16T19:25:30Z,6.9,88.05
2026-08-16T19:26:30Z,6.9,88.02
2026-08-16T19:27:30Z,6.9,88.08
2026-08-16T19:28:30Z,6.9,87.99
2026-08-16T19:29:30Z,6.89,87.94
2026-08-16T19:30:30Z,6.91,88.13
2026-08-16T19:31:30Z,6.9,88.09
2026-08-16T19:32:30Z,6.91,88.21
2026-08-16T19:33:30Z,6.91,88.18
2026-08-16T19:34:30Z,6.91,88.27
2026-08-16T19:35:30Z,6.92,88.31
2026-08-16T19:36:30Z,6.91,88.21
2026-08-16T19:37:30Z,6.9,88.09
2026-08-16T19:38:30Z,6.9,87.99
2026-08-16T19:39:30Z,6.9,88
2026-08-16T19:40:30Z,6.89,87.92
2026-08-16T19:41:30Z,6.89,87.85
2026-08-16T19:42:30Z,6.89,87.84
2026-08-16T19:43:30Z,6.89,87.81
2026-08-16T19:44:30Z,6.88,87.65
2026-08-16T19:45:30Z,6.87,87.57
2026-08-16T19:46:30Z,6.87,87.52
2026-08-16T19:47:30Z,6.87,87.58
2026-08-16T19:48:30Z,6.87,87.46
2026-08-16T19:49:30Z,6.87,87.6
2026-08-16T19:50:30Z,6.88,87.63
2026-08-16T19:51:30Z,6.87,87.56
2026-08-16T19:52:30Z,6.88,87.69
2026-08-16T19:53:30Z,6.88,87.69
2026-08-16T19:54:30Z,6.88,87.71
2026-08-16T19:55:30Z,6.87,87.57
2026-08-16T19:56:30Z,6.87,87.53
2026-08-16T19:57:30Z,6.86,87.42
2026-08-16T19:58:30Z,6.86,87.43
2026-08-16T19:59:30Z,6.87,87.46
2026-08-16T20:00:30Z,6.87,87.62
2026-08-16T20:01:30Z,6.88,87.68
2026-08-16T20:02:30Z,6.87,87.53
2026-08-16T20:03:30Z,6.87,87.52
2026-08-16T20:04:30Z,6.86,87.36
2026-08-16T20:05:30Z,6.86,87.37
2026-08-16T20:06:30Z,6.86,87.36
2026-08-16T20:07:30Z,6.85,87.19
2026-08-16T20:08:30Z,6.85,87.15
2026-08-16T20:09:30Z,6.85,87.21
2026-08-16T20:10:30Z,6.85,87.12
2026-08-16T20:11:30Z,6.84,87.1
2026-08-16T20:12:30Z,6.84,86.99
2026-08-16T20:13:30Z,6.83,86.85
2026-08-16T20:14:30Z,6.83,86.91
2026-08-16T20:15:30Z,6.83,86.82
2026-08-16T20:16:30Z,6.82,86.64
2026-08-16T20:17:30Z,6.8,86.44
2026-08-16T20:18:30Z,6.8,86.43
2026-08-16T20:19:30Z,6.8,86.44
2026-08-16T20:20:30Z,6.8,86.36
2026-08-16T20:21:30Z,6.8,86.32
2026-08-16T20:22:30Z,6.8,86.34
2026-08-16T20:23:30Z,6.8,86.29
2026-08-16T20:24:30Z,6.78,86.02
2026-08-16T20:25:30Z,6.78,85.97
2026-08-16T20:26:30Z,6.78,86.01
2026-08-16T20:27:30Z,6.77,85.92
2026-08-16T20:28:30Z,6.78,86.09
2026-08-16T20:29:30Z,6.79,86.27
2026-08-16T20:30:30Z,6.8,86.43
2026-08-16T20:31:30Z,6.81,86.57
2026-08-16T20:32:30Z,6.82,86.67
2026-08-16T20:33:30Z,6.83,86.79
2026-08-16T20:34:30Z,6.82,86.71
2026-08-16T20:35:30Z,6.82,86.71
2026-08-16T20:36:30Z,6.82,86.69
2026-08-16T20:37:30Z,6.82,86.77
2026-08-16T20:38:30Z,6.82,86.76
2026-08-16T20:39:30Z,6.82,86.77
2026-08-16T20:40:30Z,6.83,86.8
2026-08-16T20:41:30Z,6.84,86.96
2026-08-16T20:42:30Z,6.84,87.02
2026-08-16T20:43:30Z,6.84,87.04
2026-08-16T20:44:30Z,6.84,87
2026-08-16T20:45:30Z,6.84,86.96
2026-08-16T20:46:30Z,6.84,86.98
2026-08-16T20:47:30Z,6.84,87.04
2026-08-16T20:48:30Z,6.84,86.98
2026-08-16T20:49:30Z,6.84,86.97
2026-08-16T20:50:30Z,6.84,87.04
2026-08-16T20:51:30Z,6.84,87.01
2026-08-16T20:52:30Z,6.84,86.98
2026-08-16T20:53:30Z,6.84,87.07
2026-08-16T20:54:30Z,6.85,87.13
2026-08-16T20:55:30Z,6.85,87.23
2026-08-16T20:56:30Z,6.86,87.38
2026-08-16T20:57:30Z,6.86,87.42
2026-08-16T20:58:30Z,6.86,87.37
2026-08-16T20:59:30Z,6.86,87.44
2026-08-16T21:00:30Z,6.87,87.5
2026-08-16T21:01:30Z,6.87,87.52
2026-08-16T21:02:30Z,6.87,87.49
2026-08-16T21:03:30Z,6.86,87.39
2026-08-16T21:04:30Z,6.86,87.41
2026-08-16T21:05:30Z,6.86,87.39
2026-08-16T21:06:30Z,6.86,87.36
2026-08-16T21:07:30Z,6.86,87.38
2026-08-16T21:08:30Z,6.86,87.41
2026-08-16T21:09:30Z,6.86,87.45
2026-08-16T21:10:30Z,6.87,87.57
2026-08-16T21:11:30Z,6.88,87.71
2026-08-16T21:12:30Z,6.89,87.8
2026-08-16T21:13:30Z,6.89,87.84
2026-08-16T21:14:30Z,6.89,87.84
2026-08-16T21:15:30Z,6.88,87.77
2026-08-16T21:16:30Z,6.88,87.71
2026-08-16T21:17:30Z,6.88,87.76
2026-08-16T21:18:30Z,6.88,87.64
2026-08-16T21:19:30Z,6.86,87.43
2026-08-16T21:20:30Z,6.86,87.35
2026-08-16T21:21:30Z,6.85,87.2
2026-08-16T21:22:30Z,6.85,87.2
2026-08-16T21:23:30Z,6.85,87.18
2026-08-16T21:24:30Z,6.84,87.1
2026-08-16T21:25:30Z,6.85,87.12
2026-08-16T21:26:30Z,6.85,87.16
2026-08-16T21:27:30Z,6.86,87.32
2026-08-16T21:28:30Z,6.87,87.51
2026-08-16T21:29:30Z,6.87,87.59
2026-08-16T21:30:30Z,6.87,87.54
2026-08-16T21:31:30Z,6.87,87.57
2026-08-16T21:32:30Z,6.87,87.61
2026-08-16T21:33:30Z,6.88,87.64
2026-08-16T21:34:30Z,6.87,87.49
2026-08-16T21:35:30Z,6.87,87.57
2026-08-16T21:36:30Z,6.87,87.48
2026-08-16T21:37:30Z,6.87,87.52
2026-08-16T21:38:30Z,6.86,87.45
2026-08-16T21:39:30Z,6.87,87.47
2026-08-16T21:40:30Z,6.87,87.55
2026-08-16T21:41:30Z,6.87,87.59
2026-08-16T21:42:30Z,6.88,87.68
2026-08-16T21:43:30Z,6.88,87.76
2026-08-16T21:44:30Z,6.89,87.91
2026-08-16T21:45:30Z,6.9,88.04
2026-08-16T21:46:30Z,6.9,88.05
2026-08-16T21:47:30Z,6.91,88.14
2026-08-16T21:48:30Z,6.9,88.1
2026-08-16T21:49:30Z,6.9,87.99
2026-08-16T21:50:30Z,6.91,88.15
2026-08-16T21:51:30Z,6.91,88.14
2026-08-16T21:52:30Z,6.91,88.14
2026-08-16T21:53:30Z,6.91,88.19
2026-08-16T21:54:30Z,6.91,88.21
2026-08-16T21:55:30Z,6.92,88.31
2026-08-16T21:56:30Z,6.91,88.28
2026-08-16T21:57:30Z,6.91,88.29
2026-08-16T21:58:30Z,6.91,88.21
2026-08-16T21:59:30Z,6.9,88.1
2026-08-16T22:00:30Z,6.9,88.03
2026-08-16T22:01:30Z,6.9,88.05
2026-08-16T22:02:30Z,6.9,87.99
2026-08-16T22:03:30Z,6.89,87.94
2026-08-16T22:04:30Z,6.89,87.89
2026-08-16T22:05:30Z,6.88,87.75
2026-08-16T22:06:30Z,6.89,87.83
2026-08-16T22:07:30Z,6.89,87.89
2026-08-16T22:08:30Z,6.89,87.81
2026-08-16T22:09:30Z,6.87,87.61
2026-08-16T22:10:30Z,6.87,87.6
2026-08-16T22:11:30Z,6.87,87.55
2026-08-16T22:12:30Z,6.86,87.41
2026-08-16T22:13:30Z,6.86,87.37
2026-08-16T22:14:30Z,6.86,87.29
2026-08-16T22:15:30Z,6.85,87.27
2026-08-16T22:16:30Z,6.86,87.4
2026-08-16T22:17:30Z,6.86,87.38
2026-08-16T22:18:30Z,6.87,87.51
2026-08-16T22:19:30Z,6.87,87.61
2026-08-16T22:20:30Z,6.87,87.53
2026-08-16T22:21:30Z,6.87,87.53
2026-08-16T22:22:30Z,6.86,87.43
2026-08-16T22:23:30Z,6.86,87.32
2026-08-16T22:24:30Z,6.85,87.22
2026-08-16T22:25:30Z,6.85,87.28
2026-08-16T22:26:30Z,6.85,87.26
2026-08-16T22:27:30Z,6.86,87.31
2026-08-16T22:28:30Z,6.85,87.24
2026-08-16T22:29:30Z,6.84,87.05
2026-08-16T22:30:30Z,6.83,86.8
2026-08-16T22:31:30Z,6.81,86.53
2026-08-16T22:32:30Z,6.81,86.59
2026-08-16T22:33:30Z,6.81,86.48
2026-08-16T22:34:30Z,6.8,86.4
2026-08-16T22:35:30Z,6.79,86.27
2026-08-16T22:36:30Z,6.8,86.32
2026-08-16T22:37:30Z,6.8,86.34
2026-08-16T22:38:30Z,6.78,86.09
2026-08-16T22:39:30Z,6.79,86.24
2026-08-16T22:40:30Z,6.76,85.68
2026-08-16T22:41:30Z,6.73,85.13
2026-08-16T22:42:30Z,6.71,84.93
2026-08-16T22:43:30Z,6.71,84.8
2026-08-16T22:44:30Z,6.7,84.63
2026-08-16T22:45:30Z,6.71,84.88
2026-08-16T22:46:30Z,6.72,84.98
2026-08-16T22:47:30Z,6.7,84.74
2026-08-16T22:48:30Z,6.7,84.65
2026-08-16T22:49:30Z,6.7,84.7
2026-08-16T22:50:30Z,6.69,84.48
2026-08-16T22:51:30Z,6.7,84.69
2026-08-16T22:52:30Z,6.7,84.63
2026-08-16T22:53:30Z,6.67,84.19
2026-08-16T22:54:30Z,6.67,84.17
2026-08-16T22:55:30Z,6.66,84.02
2026-08-16T22:56:30Z,6.65,83.89
2026-08-16T22:57:30Z,6.65,83.87
2026-08-16T22:58:30Z,6.65,83.89
2026-08-16T22:59:30Z,6.65,83.87
2026-08-16T23:00:30Z,6.63,83.58
2026-08-16T23:01:30Z,6.63,83.43
2026-08-16T23:02:30Z,6.6,83.01
2026-08-16T23:03:30Z,6.59,82.86
2026-08-16T23:04:30Z,6.61,83.17
2026-08-16T23:05:30Z,6.61,83.19
2026-08-16T23:06:30Z,6.61,83.15
2026-08-16T23:07:30Z,6.59,82.91
2026-08-16T23:08:30Z,6.55,82.17
2026-08-16T23:09:30Z,6.55,82.08
2026-08-16T23:10:30Z,6.56,82.3
2026-08-16T23:11:30Z,6.55,82.09
2026-08-16T23:12:30Z,6.56,82.41
2026-08-16T23:13:30Z,6.58,82.63
2026-08-16T23:14:30Z,6.58,82.67
2026-08-16T23:15:30Z,6.58,82.62
2026-08-16T23:16:30Z,6.58,82.71
2026-08-16T23:17:30Z,6.54,82.01
2026-08-16T23:18:30Z,6.54,81.95
2026-08-16T23:19:30Z,6.52,81.64
2026-08-16T23:20:30Z,6.51,81.42
2026-08-16T23:21:30Z,6.5,81.31
2026-08-16T23:22:30Z,6.49,81.1
2026-08-16T23:23:30Z,6.48,80.92
2026-08-16T23:24:30Z,6.48,81.01
2026-08-16T23:25:30Z,6.45,80.54
2026-08-16T23:26:30Z,6.43,80.14
2026-08-16T23:27:30Z,6.41,79.85
2026-08-16T23:28:30Z,6.41,79.78
2026-08-16T23:29:30Z,6.4,79.59
2026-08-16T23:30:30Z,6.39,79.43
2026-08-16T23:31:30Z,6.39,79.44
2026-08-16T23:32:30Z,6.37,79.07
2026-08-16T23:33:30Z,6.36,79
2026-08-16T23:34:30Z,6.33,78.45
2026-08-16T23:35:30Z,6.29,77.86
2026-08-16T23:36:30Z,6.29,77.75
2026-08-16T23:37:30Z,6.25,77.07
2026-08-16T23:38:30Z,6.24,77.03
2026-08-16T23:39:30Z,6.24,76.91
2026-08-16T23:40:30Z,6.24,76.98
2026-08-16T23:41:30Z,6.23,76.82
2026-08-16T23:42:30Z,6.24,76.96
2026-08-16T23:43:30Z,6.24,77
2026-08-16T23:44:30Z,6.2,76.2
2026-08-16T23:45:30Z,6.16,75.61
2026-08-16T23:46:30Z,6.17,75.72
2026-08-16T23:47:30Z,6.19,76.15
2026-08-16T23:48:30Z,6.18,75.94
2026-08-16T23:49:30Z,6.15,75.37
2026-08-16T23:50:30Z,6.18,75.88
2026-08-16T23:51:30Z,6.18,75.99
2026-08-16T23:52:30Z,6.16,75.68
2026-08-16T23:53:30Z,6.09,74.39
2026-08-16T23:54:30Z,6.11,74.71
2026-08-16T23:55:30Z,6.09,74.42
2026-08-16T23:56:30Z,6.12,74.94
2026-08-16T23:57:30Z,6.11,74.76
2026-08-16T23:58:30Z,6.07,74.1
2026-08-16T23:59:30Z,6.06,73.99
2026-08-17T00:00:30Z,6.05,73.83
2026-08-17T00:01:30Z,6.05,73.82
2026-08-17T00:02:30Z,6.06,73.92
2026-08-17T00:03:30Z,6.06,74
2026-08-17T00:04:30Z,6.04,73.66
2026-08-17T00:05:30Z,6.02,73.32
2026-08-17T00:06:30Z,6.02,73.26
2026-08-17T00:07:30Z,6.05,73.77
2026-08-17T00:08:30Z,6.07,74.17
2026-08-17T00:09:30Z,6.06,73.99
2026-08-17T00:10:30Z,6.06,73.91
2026-08-17T00:11:30Z,6.04,73.58
2026-08-17T00:12:30Z,6.02,73.19
2026-08-17T00:13:30Z,6.01,73.1
2026-08-17T00:14:30Z,5.96,72.19
2026-08-17T00:15:30Z,5.94,71.98
2026-08-17T00:16:30Z,5.96,72.2
2026-08-17T00:17:30Z,6,72.96
2026-08-17T00:18:30Z,6,72.99
2026-08-17T00:19:30Z,5.99,72.68
2026-08-17T00:20:30Z,5.97,72.44
2026-08-17T00:21:30Z,5.92,71.51
2026-08-17T00:22:30Z,5.89,71.08
2026-08-17T00:23:30Z,5.84,70.24
2026-08-17T00:24:30Z,5.79,69.41
2026-08-17T00:25:30Z,5.8,69.51
2026-08-17T00:26:30Z,5.78,69.19
2026-08-17T00:27:30Z,5.77,69.09
2026-08-17T00:28:30Z,5.78,69.14
2026-08-17T00:29:30Z,5.74,68.61
2026-08-17T00:30:30Z,5.75,68.72
2026-08-17T00:31:30Z,5.72,68.21
2026-08-17T00:32:30Z,5.73,68.39
2026-08-17T00:33:30Z,5.71,68.09
2026-08-17T00:34:30Z,5.75,68.63
2026-08-17T00:35:30Z,5.7,67.85
2026-08-17T00:36:30Z,5.63,66.75
2026-08-17T00:37:30Z,5.55,65.4
2026-08-17T00:38:30Z,5.53,65.07
2026-08-17T00:39:30Z,5.49,64.29
2026-08-17T00:40:30Z,5.45,63.72
2026-08-17T00:41:30Z,5.46,63.87
2026-08-17T00:42:30Z,5.49,64.31
2026-08-17T00:43:30Z,5.49,64.29
2026-08-17T00:44:30Z,5.47,64.02
2026-08-17T00:45:30Z,5.5,64.47
2026-08-17T00:46:30Z,5.5,64.42
2026-08-17T00:47:30Z,5.45,63.59
2026-08-17T00:48:30Z,5.38,62.56
2026-08-17T00:49:30Z,5.38,62.54
2026-08-17T00:50:30Z,5.38,62.56
2026-08-17T00:51:30Z,5.38,62.55
2026-08-17T00:52:30Z,5.34,61.85
2026-08-17T00:53:30Z,5.34,61.85
2026-08-17T00:54:30Z,5.34,61.87
2026-08-17T00:55:30Z,5.32,61.47
2026-08-17T00:56:30Z,5.31,61.38
2026-08-17T00:57:30Z,5.31,61.39
2026-08-17T00:58:30Z,5.3,61.22
2026-08-17T00:59:30Z,5.32,61.48
2026-08-17T01:00:30Z,5.3,61.13
2026-08-17T01:01:30Z,5.3,61.19
2026-08-17T01:02:30Z,5.29,60.99
2026-08-17T01:03:30Z,5.29,61.05
2026-08-17T01:04:30Z,5.28,60.83
2026-08-17T01:05:30Z,5.24,60.21
2026-08-17T01:06:30Z,5.29,60.9
2026-08-17T01:07:30Z,5.31,61.27
2026-08-17T01:08:30Z,5.29,61.05
2026-08-17T01:09:30Z,5.29,60.99
2026-08-17T01:10:30Z,5.33,61.57
2026-08-17T01:11:30Z,5.31,61.38
2026-08-17T01:12:30Z,5.35,61.95
2026-08-17T01:13:30Z,5.36,62.22
2026-08-17T01:14:30Z,5.4,62.81
2026-08-17T01:15:30Z,5.4,62.82
2026-08-17T01:16:30Z,5.41,62.99
2026-08-17T01:17:30Z,5.47,63.94
2026-08-17T01:18:30Z,5.47,63.99
2026-08-17T01:19:30Z,5.45,63.71
2026-08-17T01:20:30Z,5.43,63.29
2026-08-17T01:21:30Z,5.51,64.62
2026-08-17T01:22:30Z,5.52,64.9
2026-08-17T01:23:30Z,5.52,64.86
2026-08-17T01:24:30Z,5.48,64.13
2026-08-17T01:25:30Z,5.52,64.76
2026-08-17T01:26:30Z,5.51,64.67
2026-08-17T01:27:30Z,5.5,64.45
2026-08-17T01:28:30Z,5.54,65.2
2026-08-17T01:29:30Z,5.54,65.24
2026-08-17T01:30:30Z,5.57,65.63
2026-08-17T01:31:30Z,5.58,65.89
2026-08-17T01:32:30Z,5.57,65.71
2026-08-17T01:33:30Z,5.57,65.69
2026-08-17T01:34:30Z,5.55,65.32
2026-08-17T01:35:30Z,5.53,64.97
2026-08-17T01:36:30Z,5.51,64.7
2026-08-17T01:37:30Z,5.52,64.87
2026-08-17T01:38:30Z,5.47,64.06
2026-08-17T01:39:30Z,5.48,64.09
2026-08-17T01:40:30Z,5.46,63.82
2026-08-17T01:41:30Z,5.44,63.52
2026-08-17T01:42:30Z,5.43,63.25
2026-08-17T01:43:30Z,5.45,63.67
2026-08-17T01:44:30Z,5.46,63.77
2026-08-17T01:45:30Z,5.41,62.95
2026-08-17T01:46:30Z,5.35,62
2026-08-17T01:47:30Z,5.32,61.42
2026-08-17T01:48:30Z,5.31,61.25
2026-08-17T01:49:30Z,5.29,60.9
2026-08-17T01:50:30Z,5.28,60.72
2026-08-17T01:51:30Z,5.24,60.17
2026-08-17T01:52:30Z,5.19,59.24
2026-08-17T01:53:30Z,5.16,58.78
2026-08-17T01:54:30Z,5.19,59.37
2026-08-17T01:55:30Z,5.22,59.77
2026-08-17T01:56:30Z,5.2,59.42
2026-08-17T01:57:30Z,5.19,59.23
2026-08-17T01:58:30Z,5.19,59.3
2026-08-17T01:59:30Z,5.11,57.97
2026-08-17T02:00:30Z,5.13,58.25
2026-08-17T02:01:30Z,5.15,58.59
2026-08-17T02:02:30Z,5.16,58.76
2026-08-17T02:03:30Z,5.12,58.13
2026-08-17T02:04:30Z,5.08,57.45
2026-08-17T02:05:30Z,5.06,57.06
2026-08-17T02:06:30Z,5.09,57.63
2026-08-17T02:07:30Z,5.08,57.41
2026-08-17T02:08:30Z,5.08,57.43
2026-08-17T02:09:30Z,5.09,57.67
2026-08-17T02:10:30Z,5.09,57.64
2026-08-17T02:11:30Z,5.11,57.9
2026-08-17T02:12:30Z,5.14,58.46
2026-08-17T02:13:30Z,5.19,59.37
2026-08-17T02:14:30Z,5.22,59.84
2026-08-17T02:15:30Z,5.26,60.5
2026-08-17T02:16:30Z,5.22,59.83
2026-08-17T02:17:30Z,5.25,60.38
2026-08-17T02:18:30Z,5.25,60.23
2026-08-17T02:19:30Z,5.22,59.73
2026-08-17T02:20:30Z,5.3,61.09
2026-08-17T02:21:30Z,5.3,61.22
2026-08-17T02:22:30Z,5.31,61.36
2026-08-17T02:23:30Z,5.28,60.79
2026-08-17T02:24:30Z,5.24,60.12
2026-08-17T02:25:30Z,5.28,60.78
2026-08-17T02:26:30Z,5.24,60.16
2026-08-17T02:27:30Z,5.19,59.34
2026-08-17T02:28:30Z,5.17,58.94
2026-08-17T02:29:30Z,5.03,56.58
2026-08-17T02:30:30Z,5.05,56.99
2026-08-17T02:31:30Z,4.98,55.69
2026-08-17T02:32:30Z,5,56.15
2026-08-17T02:33:30Z,5.01,56.3
2026-08-17T02:34:30Z,4.98,55.76
2026-08-17T02:35:30Z,4.96,55.46
2026-08-17T02:36:30Z,4.92,54.69
2026-08-17T02:37:30Z,4.93,54.9
2026-08-17T02:38:30Z,4.93,54.89
2026-08-17T02:39:30Z,4.94,55.13
2026-08-17T02:40:30Z,4.95,55.22
2026-08-17T02:41:30Z,4.91,54.61
2026-08-17T02:42:30Z,4.89,54.3
2026-08-17T02:43:30Z,4.94,55.1
2026-08-17T02:44:30Z,4.98,55.68
2026-08-17T02:45:30Z,4.97,55.63
2026-08-17T02:46:30Z,4.94,55.13
2026-08-17T02:47:30Z,4.9,54.34
2026-08-17T02:48:30Z,4.88,54.06
2026-08-17T02:49:30Z,4.85,53.55
2026-08-17T02:50:30Z,4.86,53.72
2026-08-17T02:51:30Z,4.86,53.8
2026-08-17T02:52:30Z,4.83,53.21
2026-08-17T02:53:30Z,4.84,53.33
2026-08-17T02:54:30Z,4.88,54.03
2026-08-17T02:55:30Z,4.82,53.04
2026-08-17T02:56:30Z,4.82,53.07
2026-08-17T02:57:30Z,4.84,53.43
2026-08-17T02:58:30Z,4.82,53.01
2026-08-17T02:59:30Z,4.87,53.97
2026-08-17T03:00:30Z,4.91,54.53
2026-08-17T03:01:30Z,4.91,54.62
2026-08-17T03:02:30Z,4.95,55.26
2026-08-17T03:03:30Z,4.95,55.31
2026-08-17T03:04:30Z,4.95,55.21
2026-08-17T03:05:30Z,4.96,55.41
2026-08-17T03:06:30Z,4.96,55.46
2026-08-17T03:07:30Z,5.02,56.35
2026-08-17T03:08:30Z,5.07,57.33
2026-08-17T03:09:30Z,5,56.13
2026-08-17T03:10:30Z,4.98,55.68
2026-08-17T03:11:30Z,4.94,55.15
2026-08-17T03:12:30Z,4.93,54.93
2026-08-17T03:13:30Z,4.94,55.15
2026-08-17T03:14:30Z,4.91,54.61
2026-08-17T03:15:30Z,4.91,54.54
2026-08-17T03:16:30Z,4.94,55.08
2026-08-17T03:17:30Z,4.9,54.43
2026-08-17T03:18:30Z,4.88,54.02
2026-08-17T03:19:30Z,4.9,54.41
2026-08-17T03:20:30Z,4.9,54.47
2026-08-17T03:21:30Z,4.95,55.32
2026-08-17T03:22:30Z,5.03,56.52
2026-08-17T03:23:30Z,5.06,57.14
2026-08-17T03:24:30Z,5.09,57.58
2026-08-17T03:25:30Z,5.15,58.66
2026-08-17T03:26:30Z,5.22,59.78
2026-08-17T03:27:30Z,5.27,60.69
2026-08-17T03:28:30Z,6.06,60.81
2026-08-17T03:29:30Z,5.32,61.53
2026-08-17T03:30:30Z,5.35,61.95
2026-08-17T03:31:30Z,5.37,62.24
2026-08-17T03:32:30Z,5.37,62.33
2026-08-17T03:33:30Z,5.38,62.46
2026-08-17T03:34:30Z,5.42,63.16
2026-08-17T03:35:30Z,5.44,63.52
2026-08-17T03:36:30Z,5.46,63.85
2026-08-17T03:37:30Z,6.23,63.71
2026-08-17T03:38:30Z,5.48,64.22
2026-08-17T03:39:30Z,5.48,64.19
2026-08-17T03:40:30Z,5.51,64.63
2026-08-17T03:41:30Z,5.55,65.39
2026-08-17T03:42:30Z,5.57,65.71
2026-08-17T03:43:30Z,5.57,65.73
2026-08-17T03:44:30Z,6.37,65.94
2026-08-17T03:45:30Z,5.61,66.37
2026-08-17T03:46:30Z,5.62,66.58
2026-08-17T03:47:30Z,5.64,66.87
2026-08-17T03:48:30Z,5.62,66.55
2026-08-17T03:49:30Z,5.64,66.82
2026-08-17T03:50:30Z,5.67,67.34
2026-08-17T03:51:30Z,5.63,66.74
2026-08-17T03:52:30Z,5.63,66.68
2026-08-17T03:53:30Z,5.64,66.92
2026-08-17T03:54:30Z,5.61,66.35
2026-08-17T03:55:30Z,5.63,66.61
2026-08-17T03:56:30Z,5.59,66.06
2026-08-17T03:57:30Z,5.6,66.23
2026-08-17T03:58:30Z,6.4,66.55
2026-08-17T03:59:30Z,5.61,66.34
2026-08-17T04:00:30Z,6.37,65.95
2026-08-17T04:01:30Z,5.55,65.39
2026-08-17T04:02:30Z,6.35,65.63
2026-08-17T04:03:30Z,6.32,65.21
2026-08-17T04:04:30Z,5.49,64.33
2026-08-17T04:05:30Z,5.48,64.19
2026-08-17T04:06:30Z,5.5,64.47
2026-08-17T04:07:30Z,5.46,63.8
2026-08-17T04:08:30Z,6.26,64.09
2026-08-17T04:09:30Z,5.44,63.5
2026-08-17T04:10:30Z,5.44,63.55
2026-08-17T04:11:30Z,5.4,62.85
2026-08-17T04:12:30Z,5.4,62.83
2026-08-17T04:13:30Z,5.36,62.19
2026-08-17T04:14:30Z,6.15,62.4
2026-08-17T04:15:30Z,5.43,63.31
2026-08-17T04:16:30Z,5.44,63.54
2026-08-17T04:17:30Z,5.43,63.38
2026-08-17T04:18:30Z,5.46,63.82
2026-08-17T04:19:30Z,5.48,64.14
2026-08-17T04:20:30Z,5.49,64.35
2026-08-17T04:21:30Z,6.29,64.73
2026-08-17T04:22:30Z,6.29,64.71
2026-08-17T04:23:30Z,6.28,64.47
2026-08-17T04:24:30Z,5.52,64.84
2026-08-17T04:25:30Z,6.33,65.34
2026-08-17T04:26:30Z,5.57,65.61
2026-08-17T04:27:30Z,5.56,65.53
2026-08-17T04:28:30Z,5.58,65.78
2026-08-17T04:29:30Z,5.56,65.53
2026-08-17T04:30:30Z,5.57,65.76
2026-08-17T04:31:30Z,5.57,65.7
2026-08-17T04:32:30Z,5.56,65.51
2026-08-17T04:33:30Z,5.55,65.42
2026-08-17T04:34:30Z,5.54,65.22
2026-08-17T04:35:30Z,5.53,64.96
2026-08-17T04:36:30Z,5.53,64.95
2026-08-17T04:37:30Z,6.3,64.78
2026-08-17T04:38:30Z,5.51,64.75
2026-08-17T04:39:30Z,5.5,64.53
2026-08-17T04:40:30Z,6.28,64.53
2026-08-17T04:41:30Z,5.51,64.69
2026-08-17T04:42:30Z,5.51,64.69
2026-08-17T04:43:30Z,5.45,63.66
2026-08-17T04:44:30Z,5.4,62.81
2026-08-17T04:45:30Z,5.43,63.34
2026-08-17T04:46:30Z,5.44,63.43
2026-08-17T04:47:30Z,5.45,63.61
2026-08-17T04:48:30Z,5.41,63
2026-08-17T04:49:30Z,5.43,63.33
2026-08-17T04:50:30Z,5.46,63.76
2026-08-17T04:51:30Z,5.4,62.75
2026-08-17T04:52:30Z,5.4,62.75
2026-08-17T04:53:30Z,5.4,62.87
2026-08-17T04:54:30Z,5.4,62.82
2026-08-17T04:55:30Z,5.42,63.15
2026-08-17T04:56:30Z,5.4,62.9
2026-08-17T04:57:30Z,5.32,61.54
2026-08-17T04:58:30Z,5.3,61.12
2026-08-17T04:59:30Z,5.28,60.75
2026-08-17T05:00:30Z,5.25,60.26
2026-08-17T05:01:30Z,5.26,60.49
2026-08-17T05:02:30Z,5.28,60.83
2026-08-17T05:03:30Z,5.28,60.74
2026-08-17T05:04:30Z,5.3,61.15
2026-08-17T05:05:30Z,5.3,61.13
2026-08-17T05:06:30Z,5.29,61
2026-08-17T05:07:30Z,5.22,59.84
2026-08-17T05:08:30Z,5.18,59.2
2026-08-17T05:09:30Z,5.2,59.43
2026-08-17T05:10:30Z,5.21,59.57
2026-08-17T05:11:30Z,5.2,59.51
2026-08-17T05:12:30Z,5.16,58.74
2026-08-17T05:13:30Z,5.12,58.11
2026-08-17T05:14:30Z,5.07,57.21
2026-08-17T05:15:30Z,5.04,56.81
2026-08-17T05:16:30Z,5.04,56.84
2026-08-17T05:17:30Z,5.05,56.97
2026-08-17T05:18:30Z,5,56.15
2026-08-17T05:19:30Z,5.82,56.71
2026-08-17T05:20:30Z,5.83,57
2026-08-17T05:21:30Z,5.05,56.93
2026-08-17T05:22:30Z,5.82,56.75
2026-08-17T05:23:30Z,5.04,56.77
2026-08-17T05:24:30Z,4.99,55.93
2026-08-17T05:25:30Z,4.98,55.78
2026-08-17T05:26:30Z,4.96,55.41
2026-08-17T05:27:30Z,5.72,55.08
2026-08-17T05:28:30Z,4.95,55.33
2026-08-17T05:29:30Z,4.92,54.78
2026-08-17T05:30:30Z,4.93,54.84
2026-08-17T05:31:30Z,4.87,53.98
2026-08-17T05:32:30Z,4.9,54.49
2026-08-17T05:33:30Z,4.86,53.81
2026-08-17T05:34:30Z,4.85,53.59
2026-08-17T05:35:30Z,4.82,53.07
2026-08-17T05:36:30Z,4.81,52.88
2026-08-17T05:37:30Z,4.76,52.11
2026-08-17T05:38:30Z,4.72,51.47
2026-08-17T05:39:30Z,5.68,52.18
2026-08-17T05:40:30Z,4.77,52.23
2026-08-17T05:41:30Z,4.78,52.39
2026-08-17T05:42:30Z,5.73,53.13
2026-08-17T05:43:30Z,5.76,53.58
2026-08-17T05:44:30Z,5.74,53.26
2026-08-17T05:45:30Z,5.78,53.94
2026-08-17T05:46:30Z,5.8,54.29
2026-08-17T05:47:30Z,4.88,54.14
2026-08-17T05:48:30Z,5.79,54.16
2026-08-17T05:49:30Z,5.84,54.84
2026-08-17T05:50:30Z,5.83,54.73
2026-08-17T05:51:30Z,5.83,54.68
2026-08-17T05:52:30Z,4.91,54.56
2026-08-17T05:53:30Z,4.92,54.76
2026-08-17T05:54:30Z,4.93,54.98
2026-08-17T05:55:30Z,4.92,54.73
2026-08-17T05:56:30Z,5.89,55.76
2026-08-17T05:57:30Z,5.85,55.17
2026-08-17T05:58:30Z,4.93,54.97
2026-08-17T05:59:30Z,4.92,54.68
2026-08-17T06:00:30Z,4.87,53.87
2026-08-17T06:01:30Z,4.87,53.85
2026-08-17T06:02:30Z,4.87,53.85
2026-08-17T06:03:30Z,4.86,53.69
2026-08-17T06:04:30Z,4.83,53.17
2026-08-17T06:05:30Z,4.77,52.31
2026-08-17T06:06:30Z,4.8,52.8
2026-08-17T06:07:30Z,4.82,53.09
2026-08-17T06:08:30Z,4.79,52.59
2026-08-17T06:09:30Z,4.78,52.4
2026-08-17T06:10:30Z,4.74,51.79
2026-08-17T06:11:30Z,4.74,51.74
2026-08-17T06:12:30Z,4.75,51.82
2026-08-17T06:13:30Z,4.72,51.37
2026-08-17T06:14:30Z,4.77,52.25
2026-08-17T06:15:30Z,5.7,52.65
2026-08-17T06:16:30Z,5.74,53.16
2026-08-17T06:17:30Z,4.83,53.27
2026-08-17T06:18:30Z,4.8,52.79
2026-08-17T06:19:30Z,4.81,52.88
2026-08-17T06:20:30Z,4.77,52.29
2026-08-17T06:21:30Z,4.79,52.58
2026-08-17T06:22:30Z,4.76,52.13
2026-08-17T06:23:30Z,4.74,51.76
2026-08-17T06:24:30Z,4.73,51.5
2026-08-17T06:25:30Z,4.73,51.56
2026-08-17T06:26:30Z,4.75,51.9
2026-08-17T06:27:30Z,4.75,51.84
2026-08-17T06:28:30Z,4.74,51.72
2026-08-17T06:29:30Z,4.73,51.49
2026-08-17T06:30:30Z,4.69,50.95
2026-08-17T06:31:30Z,4.68,50.71
2026-08-17T06:32:30Z,4.7,51
2026-08-17T06:33:30Z,4.73,51.59
2026-08-17T06:34:30Z,4.72,51.41
2026-08-17T06:35:30Z,4.72,51.41
2026-08-17T06:36:30Z,4.7,51.06
2026-08-17T06:37:30Z,4.71,51.2
2026-08-17T06:38:30Z,4.67,50.56
2026-08-17T06:39:30Z,4.7,51
2026-08-17T06:40:30Z,4.69,50.91
2026-08-17T06:41:30Z,4.68,50.79
2026-08-17T06:42:30Z,4.71,51.27
2026-08-17T06:43:30Z,5.61,51.06
2026-08-17T06:44:30Z,4.7,51.03
2026-08-17T06:45:30Z,4.67,50.51
2026-08-17T06:46:30Z,4.66,50.41
2026-08-17T06:47:30Z,4.68,50.68
2026-08-17T06:48:30Z,4.72,51.31
2026-08-17T06:49:30Z,4.71,51.24
2026-08-17T06:50:30Z,4.75,51.88
2026-08-17T06:51:30Z,4.74,51.75
2026-08-17T06:52:30Z,4.72,51.46
2026-08-17T06:53:30Z,4.72,51.41
2026-08-17T06:54:30Z,4.72,51.34
2026-08-17T06:55:30Z,4.74,51.72
2026-08-17T06:56:30Z,4.72,51.34
2026-08-17T06:57:30Z,4.72,51.45
2026-08-17T06:58:30Z,4.74,51.75
2026-08-17T06:59:30Z,4.76,52.06
2026-08-17T07:00:30Z,4.74,51.68
2026-08-17T07:01:30Z,4.75,51.94
2026-08-17T07:02:30Z,5.7,52.51
2026-08-17T07:03:30Z,4.79,52.61
2026-08-17T07:04:30Z,4.81,52.91
2026-08-17T07:05:30Z,4.78,52.44
2026-08-17T07:06:30Z,4.78,52.46
2026-08-17T07:07:30Z,4.76,52.07
2026-08-17T07:08:30Z,4.81,52.97
2026-08-17T07:09:30Z,4.81,52.86
2026-08-17T07:10:30Z,4.81,52.98
2026-08-17T07:11:30Z,4.85,53.55
2026-08-17T07:12:30Z,4.88,54.03
2026-08-17T07:13:30Z,4.92,54.71
2026-08-17T07:14:30Z,4.94,55.09
2026-08-17T07:15:30Z,4.96,55.44
2026-08-17T07:16:30Z,5.01,56.33
2026-08-17T07:17:30Z,5.96,57.01
2026-08-17T07:18:30Z,5.07,57.35
2026-08-17T07:19:30Z,5.09,57.56
2026-08-17T07:20:30Z,5.11,57.9
2026-08-17T07:21:30Z,5.13,58.31
2026-08-17T07:22:30Z,5.14,58.38
2026-08-17T07:23:30Z,5.16,58.75
2026-08-17T07:24:30Z,5.16,58.81
2026-08-17T07:25:30Z,5.18,59.07
2026-08-17T07:26:30Z,5.17,58.89
2026-08-17T07:27:30Z,5.16,58.73
2026-08-17T07:28:30Z,5.19,59.36
2026-08-17T07:29:30Z,5.19,59.36
2026-08-17T07:30:30Z,5.21,59.55
2026-08-17T07:31:30Z,5.19,59.36
2026-08-17T07:32:30Z,5.2,59.4
2026-08-17T07:33:30Z,5.21,59.66
2026-08-17T07:34:30Z,5.21,59.69
2026-08-17T07:35:30Z,5.23,60
2026-08-17T07:36:30Z,5.24,60.05
2026-08-17T07:37:30Z,5.25,60.35
2026-08-17T07:38:30Z,5.26,60.44
2026-08-17T07:39:30Z,6.15,60.14
2026-08-17T07:40:30Z,5.26,60.43
2026-08-17T07:41:30Z,5.27,60.56
2026-08-17T07:42:30Z,5.28,60.72
2026-08-17T07:43:30Z,6.2,61.01
2026-08-17T07:44:30Z,5.28,60.76
2026-08-17T07:45:30Z,5.27,60.59
2026-08-17T07:46:30Z,5.27,60.71
2026-08-17T07:47:30Z,5.28,60.72
2026-08-17T07:48:30Z,5.28,60.88
2026-08-17T07:49:30Z,5.29,60.95
2026-08-17T07:50:30Z,5.3,61.17
2026-08-17T07:51:30Z,5.31,61.38
2026-08-17T07:52:30Z,5.34,61.79
2026-08-17T07:53:30Z,5.33,61.71
2026-08-17T07:54:30Z,5.32,61.5
2026-08-17T07:55:30Z,5.34,61.74
2026-08-17T07:56:30Z,5.33,61.65
2026-08-17T07:57:30Z,5.34,61.75
2026-08-17T07:58:30Z,5.34,61.75
2026-08-17T07:59:30Z,5.35,61.9
2026-08-17T08:00:30Z,5.36,62.1
2026-08-17T08:01:30Z,5.37,62.33
2026-08-17T08:02:30Z,5.39,62.7
2026-08-17T08:03:30Z,5.4,62.79
2026-08-17T08:04:30Z,5.35,61.98
2026-08-17T08:05:30Z,5.34,61.89
2026-08-17T08:06:30Z,5.34,61.79
2026-08-17T08:07:30Z,5.34,61.84
2026-08-17T08:08:30Z,5.35,62.05
2026-08-17T08:09:30Z,5.33,61.57
2026-08-17T08:10:30Z,5.33,61.6
2026-08-17T08:11:30Z,5.34,61.74
2026-08-17T08:12:30Z,5.34,61.8
2026-08-17T08:13:30Z,5.35,61.9
2026-08-17T08:14:30Z,5.36,62.21
2026-08-17T08:15:30Z,5.38,62.54
2026-08-17T08:16:30Z,6.15,62.32
2026-08-17T08:17:30Z,5.37,62.35
2026-08-17T08:18:30Z,5.38,62.42
2026-08-17T08:19:30Z,6.15,62.34
2026-08-17T08:20:30Z,5.38,62.41
2026-08-17T08:21:30Z,5.37,62.35
2026-08-17T08:22:30Z,5.37,62.34
2026-08-17T08:23:30Z,5.38,62.43
2026-08-17T08:24:30Z,5.39,62.57
2026-08-17T08:25:30Z,5.39,62.73
2026-08-17T08:26:30Z,5.4,62.8
2026-08-17T08:27:30Z,5.4,62.74
2026-08-17T08:28:30Z,5.38,62.43
2026-08-17T08:29:30Z,5.36,62.2
2026-08-17T08:30:30Z,5.38,62.46
2026-08-17T08:31:30Z,5.36,62.23
2026-08-17T08:32:30Z,5.38,62.52
2026-08-17T08:33:30Z,5.39,62.68
2026-08-17T08:34:30Z,5.39,62.72
2026-08-17T08:35:30Z,5.41,63.02
2026-08-17T08:36:30Z,5.4,62.76
2026-08-17T08:37:30Z,5.41,62.93
2026-08-17T08:38:30Z,5.4,62.83
2026-08-17T08:39:30Z,5.39,62.72
2026-08-17T08:40:30Z,5.38,62.5
2026-08-17T08:41:30Z,5.35,62
2026-08-17T08:42:30Z,5.34,61.85
2026-08-17T08:43:30Z,5.33,61.67
2026-08-17T08:44:30Z,5.34,61.79
2026-08-17T08:45:30Z,5.35,62.04
2026-08-17T08:46:30Z,5.32,61.5
2026-08-17T08:47:30Z,5.35,62.04
2026-08-17T08:48:30Z,5.36,62.19
2026-08-17T08:49:30Z,5.37,62.24
2026-08-17T08:50:30Z,5.38,62.47
2026-08-17T08:51:30Z,5.39,62.62
2026-08-17T08:52:30Z,5.39,62.58
2026-08-17T08:53:30Z,5.38,62.56
2026-08-17T08:54:30Z,5.38,62.48
2026-08-17T08:55:30Z,5.39,62.6
2026-08-17T08:56:30Z,5.38,62.44
2026-08-17T08:57:30Z,5.4,62.76
2026-08-17T08:58:30Z,5.38,62.44
2026-08-17T08:59:30Z,6.18,62.76
2026-08-17T09:00:30Z,5.39,62.7
2026-08-17T09:01:30Z,5.41,62.96
2026-08-17T09:02:30Z,5.42,63.13
2026-08-17T09:03:30Z,5.43,63.32
2026-08-17T09:04:30Z,5.43,63.39
2026-08-17T09:05:30Z,5.45,63.68
2026-08-17T09:06:30Z,5.45,63.6
2026-08-17T09:07:30Z,5.45,63.67
2026-08-17T09:08:30Z,5.44,63.56
2026-08-17T09:09:30Z,5.46,63.81
2026-08-17T09:10:30Z,5.44,63.5
2026-08-17T09:11:30Z,5.41,63
2026-08-17T09:12:30Z,5.42,63.19
2026-08-17T09:13:30Z,5.45,63.58
2026-08-17T09:14:30Z,5.45,63.69
2026-08-17T09:15:30Z,5.44,63.48
2026-08-17T09:16:30Z,5.44,63.52
2026-08-17T09:17:30Z,5.43,63.32
2026-08-17T09:18:30Z,5.43,63.3
2026-08-17T09:19:30Z,5.43,63.4
2026-08-17T09:20:30Z,5.44,63.5
2026-08-17T09:21:30Z,5.45,63.69
2026-08-17T09:22:30Z,5.45,63.62
2026-08-17T09:23:30Z,5.46,63.78
2026-08-17T09:24:30Z,5.44,63.47
2026-08-17T09:25:30Z,5.46,63.75
2026-08-17T09:26:30Z,5.46,63.87
2026-08-17T09:27:30Z,5.45,63.73
2026-08-17T09:28:30Z,5.46,63.9
2026-08-17T09:29:30Z,5.48,64.13
2026-08-17T09:30:30Z,5.47,64.08
2026-08-17T09:31:30Z,5.48,64.21
2026-08-17T09:32:30Z,5.49,64.32
2026-08-17T09:33:30Z,5.48,64.14
2026-08-17T09:34:30Z,5.49,64.29
2026-08-17T09:35:30Z,5.48,64.19
2026-08-17T09:36:30Z,5.49,64.33
2026-08-17T09:37:30Z,5.49,64.36
2026-08-17T09:38:30Z,5.49,64.36
2026-08-17T09:39:30Z,5.51,64.7
2026-08-17T09:40:30Z,5.51,64.67
2026-08-17T09:41:30Z,5.52,64.89
2026-08-17T09:42:30Z,5.53,64.99
2026-08-17T09:43:30Z,5.5,64.46
2026-08-17T09:44:30Z,5.52,64.85
2026-08-17T09:45:30Z,5.56,65.56
2026-08-17T09:46:30Z,5.56,65.5
2026-08-17T09:47:30Z,5.57,65.68
2026-08-17T09:48:30Z,5.58,65.82
2026-08-17T09:49:30Z,5.58,65.81
2026-08-17T09:50:30Z,5.58,65.91
2026-08-17T09:51:30Z,5.58,65.87
2026-08-17T09:52:30Z,5.59,65.98
2026-08-17T09:53:30Z,5.59,66.08
2026-08-17T09:54:30Z,5.6,66.21
2026-08-17T09:55:30Z,5.61,66.28
2026-08-17T09:56:30Z,5.61,66.29
2026-08-17T09:57:30Z,5.62,66.5
2026-08-17T09:58:30Z,5.62,66.51
2026-08-17T09:59:30Z,5.62,66.58
2026-08-17T10:00:30Z,5.62,66.48
2026-08-17T10:01:30Z,5.59,66.09
2026-08-17T10:02:30Z,5.59,66.01
2026-08-17T10:03:30Z,5.59,66.07
2026-08-17T10:04:30Z,5.6,66.17
2026-08-17T10:05:30Z,5.61,66.39
2026-08-17T10:06:30Z,5.62,66.51
2026-08-17T10:07:30Z,5.61,66.38
2026-08-17T10:08:30Z,5.62,66.6
2026-08-17T10:09:30Z,5.63,66.7
2026-08-17T10:10:30Z,5.62,66.59
2026-08-17T10:11:30Z,5.62,66.54
2026-08-17T10:12:30Z,5.63,66.72
2026-08-17T10:13:30Z,5.63,66.77
2026-08-17T10:14:30Z,5.63,66.76
2026-08-17T10:15:30Z,5.64,66.85
2026-08-17T10:16:30Z,5.61,66.3
2026-08-17T10:17:30Z,5.64,66.82
2026-08-17T10:18:30Z,5.63,66.77
2026-08-17T10:19:30Z,5.63,66.73
2026-08-17T10:20:30Z,5.65,67
2026-08-17T10:21:30Z,5.66,67.23
2026-08-17T10:22:30Z,5.64,66.93
2026-08-17T10:23:30Z,5.65,67.1
2026-08-17T10:24:30Z,5.66,67.21
2026-08-17T10:25:30Z,5.65,67.09
2026-08-17T10:26:30Z,5.65,67.03
2026-08-17T10:27:30Z,5.65,67.03
2026-08-17T10:28:30Z,5.66,67.2
2026-08-17T10:29:30Z,5.67,67.31
2026-08-17T10:30:30Z,5.67,67.35
2026-08-17T10:31:30Z,5.65,67.07
2026-08-17T10:32:30Z,5.66,67.11
2026-08-17T10:33:30Z,5.65,67
2026-08-17T10:34:30Z,5.65,67.09
2026-08-17T10:35:30Z,5.66,67.24
2026-08-17T10:36:30Z,5.66,67.14
2026-08-17T10:37:30Z,5.65,66.97
2026-08-17T10:38:30Z,5.66,67.17
2026-08-17T10:39:30Z,5.65,67.08
2026-08-17T10:40:30Z,5.68,67.47
2026-08-17T10:41:30Z,5.67,67.34
2026-08-17T10:42:30Z,5.67,67.37
2026-08-17T10:43:30Z,5.67,67.35
2026-08-17T10:44:30Z,5.67,67.4
2026-08-17T10:45:30Z,5.68,67.45
2026-08-17T10:46:30Z,5.68,67.45
2026-08-17T10:47:30Z,5.68,67.52
2026-08-17T10:48:30Z,5.7,67.8
2026-08-17T10:49:30Z,5.69,67.65
2026-08-17T10:50:30Z,5.67,67.42
2026-08-17T10:51:30Z,5.68,67.52
2026-08-17T10:52:30Z,5.67,67.34
2026-08-17T10:53:30Z,5.68,67.48
2026-08-17T10:54:30Z,5.68,67.51
2026-08-17T10:55:30Z,5.68,67.55
2026-08-17T10:56:30Z,5.69,67.73
2026-08-17T10:57:30Z,5.7,67.82
2026-08-17T10:58:30Z,5.7,67.94
2026-08-17T10:59:30Z,5.7,67.88
2026-08-17T11:00:30Z,5.71,68.02
2026-08-17T11:01:30Z,5.71,68
2026-08-17T11:02:30Z,5.71,68.03
2026-08-17T11:03:30Z,5.71,68
2026-08-17T11:04:30Z,5.71,67.99
2026-08-17T11:05:30Z,5.71,68.06
2026-08-17T11:06:30Z,5.72,68.16
2026-08-17T11:07:30Z,5.73,68.44
2026-08-17T11:08:30Z,5.74,68.47
2026-08-17T11:09:30Z,5.75,68.69
2026-08-17T11:10:30Z,5.75,68.7
2026-08-17T11:11:30Z,5.75,68.78
2026-08-17T11:12:30Z,5.76,68.83
2026-08-17T11:13:30Z,5.77,69.02
2026-08-17T11:14:30Z,5.76,68.92
2026-08-17T11:15:30Z,5.76,68.89
2026-08-17T11:16:30Z,5.77,69.04
2026-08-17T11:17:30Z,5.77,69.1
2026-08-17T11:18:30Z,5.78,69.18
2026-08-17T11:19:30Z,5.79,69.34
2026-08-17T11:20:30Z,5.8,69.48
2026-08-17T11:21:30Z,5.8,69.55
2026-08-17T11:22:30Z,5.8,69.6
2026-08-17T11:23:30Z,5.78,69.22
2026-08-17T11:24:30Z,5.78,69.29
2026-08-17T11:25:30Z,5.79,69.36
2026-08-17T11:26:30Z,5.8,69.47
2026-08-17T11:27:30Z,5.8,69.59
2026-08-17T11:28:30Z,5.81,69.72
2026-08-17T11:29:30Z,5.81,69.76
2026-08-17T11:30:30Z,5.82,69.82
2026-08-17T11:31:30Z,5.82,69.95
2026-08-17T11:32:30Z,5.83,70.01
2026-08-17T11:33:30Z,5.83,70.1
2026-08-17T11:34:30Z,5.84,70.15
2026-08-17T11:35:30Z,5.84,70.18
2026-08-17T11:36:30Z,5.84,70.26
2026-08-17T11:37:30Z,5.84,70.23
2026-08-17T11:38:30Z,5.84,70.24
2026-08-17T11:39:30Z,5.85,70.41
2026-08-17T11:40:30Z,5.85,70.47
2026-08-17T11:41:30Z,5.84,70.26
2026-08-17T11:42:30Z,5.83,70.12
2026-08-17T11:43:30Z,5.83,70.1
2026-08-17T11:44:30Z,5.84,70.18
2026-08-17T11:45:30Z,5.85,70.44
2026-08-17T11:46:30Z,5.85,70.38
2026-08-17T11:47:30Z,5.87,70.74
2026-08-17T11:48:30Z,5.87,70.65
2026-08-17T11:49:30Z,5.88,70.83
2026-08-17T11:50:30Z,5.87,70.8
2026-08-17T11:51:30Z,5.87,70.77
2026-08-17T11:52:30Z,5.87,70.7
2026-08-17T11:53:30Z,5.87,70.72
2026-08-17T11:54:30Z,5.88,70.81
2026-08-17T11:55:30Z,5.88,70.87
2026-08-17T11:56:30Z,5.87,70.68
2026-08-17T11:57:30Z,5.87,70.69
2026-08-17T11:58:30Z,5.87,70.78
2026-08-17T11:59:30Z,5.87,70.75
2026-08-17T12:00:30Z,5.87,70.78
2026-08-17T12:01:30Z,5.87,70.76
2026-08-17T12:02:30Z,5.87,70.75
2026-08-17T12:03:30Z,5.88,70.88
2026-08-17T12:04:30Z,5.88,70.94
2026-08-17T12:05:30Z,5.89,71.05
2026-08-17T12:06:30Z,5.89,70.99
2026-08-17T12:07:30Z,5.9,71.16
2026-08-17T12:08:30Z,5.9,71.21
2026-08-17T12:09:30Z,5.91,71.32
2026-08-17T12:10:30Z,5.9,71.26
2026-08-17T12:11:30Z,5.9,71.17
2026-08-17T12:12:30Z,5.9,71.15
2026-08-17T12:13:30Z,5.89,71.13
2026-08-17T12:14:30Z,5.9,71.25
2026-08-17T12:15:30Z,5.91,71.34
2026-08-17T12:16:30Z,5.9,71.2
2026-08-17T12:17:30Z,5.89,71.12
2026-08-17T12:18:30Z,5.89,71.11
2026-08-17T12:19:30Z,5.89,71.12
2026-08-17T12:20:30Z,5.89,71.06
2026-08-17T12:21:30Z,5.9,71.29
2026-08-17T12:22:30Z,5.91,71.36
2026-08-17T12:23:30Z,5.9,71.23
2026-08-17T12:24:30Z,5.92,71.53
2026-08-17T12:25:30Z,5.92,71.51
2026-08-17T12:26:30Z,5.91,71.48
2026-08-17T12:27:30Z,5.91,71.44
2026-08-17T12:28:30Z,5.91,71.42
2026-08-17T12:29:30Z,5.91,71.47
2026-08-17T12:30:30Z,5.91,71.47
2026-08-17T12:31:30Z,5.92,71.53
2026-08-17T12:32:30Z,5.92,71.64
2026-08-17T12:33:30Z,5.92,71.5
2026-08-17T12:34:30Z,5.91,71.42
2026-08-17T12:35:30Z,5.92,71.52
2026-08-17T12:36:30Z,5.92,71.62
2026-08-17T12:37:30Z,5.93,71.66
2026-08-17T12:38:30Z,5.93,71.7
2026-08-17T12:39:30Z,5.94,71.83
2026-08-17T12:40:30Z,5.94,71.93
2026-08-17T12:41:30Z,5.94,71.97
2026-08-17T12:42:30Z,5.94,71.82
2026-08-17T12:43:30Z,5.93,71.76
2026-08-17T12:44:30Z,5.94,71.95
2026-08-17T12:45:30Z,5.93,71.77
2026-08-17T12:46:30Z,5.94,71.9
2026-08-17T12:47:30Z,5.95,72.03
2026-08-17T12:48:30Z,5.94,71.92
2026-08-17T12:49:30Z,5.94,71.93
2026-08-17T12:50:30Z,5.94,71.96
2026-08-17T12:51:30Z,5.94,71.92
2026-08-17T12:52:30Z,5.94,71.97
2026-08-17T12:53:30Z,5.94,71.92
2026-08-17T12:54:30Z,5.94,71.95
2026-08-17T12:55:30Z,5.95,72.08
2026-08-17T12:56:30Z,5.95,72.14
2026-08-17T12:57:30Z,5.96,72.23
2026-08-17T12:58:30Z,5.97,72.37
2026-08-17T12:59:30Z,5.96,72.32
2026-08-17T13:00:30Z,5.97,72.48
2026-08-17T13:01:30Z,5.98,72.51
2026-08-17T13:02:30Z,5.98,72.55
2026-08-17T13:03:30Z,5.98,72.62
2026-08-17T13:04:30Z,6,72.84
2026-08-17T13:05:30Z,6,72.96
2026-08-17T13:06:30Z,6,72.94
2026-08-17T13:07:30Z,6.01,73.12
2026-08-17T13:08:30Z,6.02,73.17
2026-08-17T13:09:30Z,6.01,73.09
2026-08-17T13:10:30Z,6.01,73.12
2026-08-17T13:11:30Z,6.01,73.11
2026-08-17T13:12:30Z,6.02,73.21
2026-08-17T13:13:30Z,6.01,73.07
2026-08-17T13:14:30Z,6,72.98
2026-08-17T13:15:30Z,6.01,73.09
2026-08-17T13:16:30Z,6.02,73.23
2026-08-17T13:17:30Z,6.02,73.31
2026-08-17T13:18:30Z,6.03,73.42
2026-08-17T13:19:30Z,6.03,73.46
2026-08-17T13:20:30Z,6.04,73.61
2026-08-17T13:21:30Z,6.05,73.67
2026-08-17T13:22:30Z,6.05,73.77
2026-08-17T13:23:30Z,6.05,73.71
2026-08-17T13:24:30Z,6.05,73.77
2026-08-17T13:25:30Z,6.07,74.01
2026-08-17T13:26:30Z,6.05,73.78
2026-08-17T13:27:30Z,6.05,73.81
2026-08-17T13:28:30Z,6.05,73.83
2026-08-17T13:29:30Z,6.06,73.87
2026-08-17T13:30:30Z,6.05,73.75
2026-08-17T13:31:30Z,6.05,73.79
2026-08-17T13:32:30Z,6.06,73.86
2026-08-17T13:33:30Z,6.06,73.84
2026-08-17T13:34:30Z,6.05,73.82
2026-08-17T13:35:30Z,6.06,73.88
2026-08-17T13:36:30Z,6.05,73.69
2026-08-17T13:37:30Z,6.05,73.71
2026-08-17T13:38:30Z,6.05,73.79
2026-08-17T13:39:30Z,6.06,73.86
2026-08-17T13:40:30Z,6.05,73.76
2026-08-17T13:41:30Z,6.05,73.72
2026-08-17T13:42:30Z,6.04,73.65
2026-08-17T13:43:30Z,6.05,73.72
2026-08-17T13:44:30Z,6.04,73.64
2026-08-17T13:45:30Z,6.05,73.75
2026-08-17T13:46:30Z,6.05,73.74
2026-08-17T13:47:30Z,6.04,73.5
2026-08-17T13:48:30Z,6.04,73.5
2026-08-17T13:49:30Z,6.03,73.49
2026-08-17T13:50:30Z,6.04,73.55
2026-08-17T13:51:30Z,6.04,73.58
2026-08-17T13:52:30Z,6.05,73.74
2026-08-17T13:53:30Z,6.06,73.95
2026-08-17T13:54:30Z,6.07,74.08
2026-08-17T13:55:30Z,6.09,74.38
2026-08-17T13:56:30Z,6.08,74.25
2026-08-17T13:57:30Z,6.08,74.26
2026-08-17T13:58:30Z,6.08,74.31
2026-08-17T13:59:30Z,6.08,74.33
2026-08-17T14:00:30Z,6.09,74.49
2026-08-17T14:01:30Z,6.11,74.75
2026-08-17T14:02:30Z,6.1,74.55
2026-08-17T14:03:30Z,6.1,74.58
2026-08-17T14:04:30Z,6.1,74.65
2026-08-17T14:05:30Z,6.11,74.74
2026-08-17T14:06:30Z,6.11,74.81
2026-08-17T14:07:30Z,6.11,74.83
2026-08-17T14:08:30Z,6.13,75.04
2026-08-17T14:09:30Z,6.14,75.27
2026-08-17T14:10:30Z,6.14,75.27
2026-08-17T14:11:30Z,6.15,75.36
2026-08-17T14:12:30Z,6.14,75.32
2026-08-17T14:13:30Z,6.14,75.23
2026-08-17T14:14:30Z,6.13,75.11
2026-08-17T14:15:30Z,6.13,75.1
2026-08-17T14:16:30Z,6.14,75.24
2026-08-17T14:17:30Z,6.14,75.34
2026-08-17T14:18:30Z,6.14,75.22
2026-08-17T14:19:30Z,6.14,75.33
2026-08-17T14:20:30Z,6.15,75.47
2026-08-17T14:21:30Z,6.14,75.28
2026-08-17T14:22:30Z,6.15,75.48
2026-08-17T14:23:30Z,6.15,75.49
2026-08-17T14:24:30Z,6.15,75.45
2026-08-17T14:25:30Z,6.15,75.44
2026-08-17T14:26:30Z,6.15,75.4
2026-08-17T14:27:30Z,6.14,75.28
2026-08-17T14:28:30Z,6.14,75.21
2026-08-17T14:29:30Z,6.14,75.27
2026-08-17T14:30:30Z,6.14,75.19
2026-08-17T14:31:30Z,6.12,75.01
2026-08-17T14:32:30Z,6.13,75.03
2026-08-17T14:33:30Z,6.13,75.13
2026-08-17T14:34:30Z,6.14,75.28
2026-08-17T14:35:30Z,6.14,75.23
2026-08-17T14:36:30Z,6.13,75.13
2026-08-17T14:37:30Z,6.14,75.19
2026-08-17T14:38:30Z,6.14,75.24
2026-08-17T14:39:30Z,6.14,75.19
2026-08-17T14:40:30Z,6.14,75.32
2026-08-17T14:41:30Z,6.13,75.18
2026-08-17T14:42:30Z,6.12,75
2026-08-17T14:43:30Z,6.13,75.07
2026-08-17T14:44:30Z,6.12,75.01
2026-08-17T14:45:30Z,6.13,75.11
2026-08-17T14:46:30Z,6.13,75.15
2026-08-17T14:47:30Z,6.13,75.02
2026-08-17T14:48:30Z,6.12,74.94
2026-08-17T14:49:30Z,6.11,74.79
2026-08-17T14:50:30Z,6.11,74.76
2026-08-17T14:51:30Z,6.11,74.8
2026-08-17T14:52:30Z,6.13,75.02
2026-08-17T14:53:30Z,6.12,74.94
2026-08-17T14:54:30Z,6.11,74.78
2026-08-17T14:55:30Z,6.12,74.96
2026-08-17T14:56:30Z,6.11,74.79
2026-08-17T14:57:30Z,6.11,74.73
2026-08-17T14:58:30Z,6.11,74.68
2026-08-17T14:59:30Z,6.11,74.69
2026-08-17T15:00:30Z,6.11,74.75
2026-08-17T15:01:30Z,6.1,74.61
2026-08-17T15:02:30Z,6.1,74.64
2026-08-17T15:03:30Z,6.09,74.48
2026-08-17T15:04:30Z,6.1,74.53
2026-08-17T15:05:30Z,6.1,74.55
2026-08-17T15:06:30Z,6.1,74.63
2026-08-17T15:07:30Z,6.11,74.69
2026-08-17T15:08:30Z,6.1,74.63
2026-08-17T15:09:30Z,6.1,74.66
2026-08-17T15:10:30Z,6.1,74.63
2026-08-17T15:11:30Z,6.09,74.49
2026-08-17T15:12:30Z,6.1,74.59
2026-08-17T15:13:30Z,6.1,74.57
2026-08-17T15:14:30Z,6.09,74.5
2026-08-17T15:15:30Z,6.09,74.43
2026-08-17T15:16:30Z,6.09,74.46
2026-08-17T15:17:30Z,6.09,74.38
2026-08-17T15:18:30Z,6.09,74.37
2026-08-17T15:19:30Z,6.09,74.39
2026-08-17T15:20:30Z,6.08,74.28
2026-08-17T15:21:30Z,6.08,74.26
2026-08-17T15:22:30Z,6.09,74.37
2026-08-17T15:23:30Z,6.09,74.38
2026-08-17T15:24:30Z,6.09,74.4
2026-08-17T15:25:30Z,6.08,74.26
2026-08-17T15:26:30Z,6.08,74.31
2026-08-17T15:27:30Z,6.09,74.35
2026-08-17T15:28:30Z,6.09,74.44
2026-08-17T15:29:30Z,6.09,74.48
2026-08-17T15:30:30Z,6.09,74.43
2026-08-17T15:31:30Z,6.09,74.46
2026-08-17T15:32:30Z,6.11,74.68
2026-08-17T15:33:30Z,6.1,74.62
2026-08-17T15:34:30Z,6.1,74.58
2026-08-17T15:35:30Z,6.1,74.58
2026-08-17T15:36:30Z,6.1,74.53
2026-08-17T15:37:30Z,6.1,74.51
2026-08-17T15:38:30Z,6.09,74.41
2026-08-17T15:39:30Z,6.09,74.47
2026-08-17T15:40:30Z,6.1,74.52
2026-08-17T15:41:30Z,6.09,74.44
2026-08-17T15:42:30Z,6.09,74.47
2026-08-17T15:43:30Z,6.09,74.44
2026-08-17T15:44:30Z,6.09,74.4
2026-08-17T15:45:30Z,6.09,74.4
2026-08-17T15:46:30Z,6.09,74.41
2026-08-17T15:47:30Z,6.09,74.34
2026-08-17T15:48:30Z,6.09,74.43
2026-08-17T15:49:30Z,6.08,74.2
2026-08-17T15:50:30Z,6.08,74.19
2026-08-17T15:51:30Z,6.07,74.03
2026-08-17T15:52:30Z,6.07,74.05
2026-08-17T15:53:30Z,6.07,74.06
2026-08-17T15:54:30Z,6.07,74.03
2026-08-17T15:55:30Z,6.07,74.13
2026-08-17T15:56:30Z,6.05,73.78
2026-08-17T15:57:30Z,6.05,73.7
2026-08-17T15:58:30Z,6.05,73.69
2026-08-17T15:59:30Z,6.05,73.81
2026-08-17T16:00:30Z,6.05,73.79
2026-08-17T16:01:30Z,6.06,73.84
2026-08-17T16:02:30Z,6.05,73.8
2026-08-17T16:03:30Z,6.05,73.81
2026-08-17T16:04:30Z,6.05,73.83
2026-08-17T16:05:30Z,6.06,73.88
2026-08-17T16:06:30Z,6.06,73.88
2026-08-17T16:07:30Z,6.06,73.98
2026-08-17T16:08:30Z,6.06,73.86
2026-08-17T16:09:30Z,6.05,73.8
2026-08-17T16:10:30Z,6.05,73.71
2026-08-17T16:11:30Z,6.05,73.74
2026-08-17T16:12:30Z,6.04,73.6
2026-08-17T16:13:30Z,6.05,73.74
2026-08-17T16:14:30Z,6.05,73.72
2026-08-17T16:15:30Z,6.05,73.74
2026-08-17T16:16:30Z,6.05,73.74
2026-08-17T16:17:30Z,6.06,73.97
2026-08-17T16:18:30Z,6.06,73.95
2026-08-17T16:19:30Z,6.07,74.07
2026-08-17T16:20:30Z,6.07,74.09
2026-08-17T16:21:30Z,6.07,74.07
2026-08-17T16:22:30Z,6.07,74.06
2026-08-17T16:23:30Z,6.06,73.96
2026-08-17T16:24:30Z,6.07,74.09
2026-08-17T16:25:30Z,6.07,74.16
2026-08-17T16:26:30Z,6.08,74.19
2026-08-17T16:27:30Z,6.08,74.33
2026-08-17T16:28:30Z,6.09,74.41
2026-08-17T16:29:30Z,6.09,74.39
2026-08-17T16:30:30Z,6.09,74.41
2026-08-17T16:31:30Z,6.09,74.34
2026-08-17T16:32:30Z,6.08,74.25
2026-08-17T16:33:30Z,6.06,73.97
2026-08-17T16:34:30Z,6.07,74.15
2026-08-17T16:35:30Z,6.09,74.4
2026-08-17T16:36:30Z,6.09,74.44
2026-08-17T16:37:30Z,6.09,74.45
2026-08-17T16:38:30Z,6.1,74.63
2026-08-17T16:39:30Z,6.12,74.92
2026-08-17T16:40:30Z,6.11,74.7
2026-08-17T16:41:30Z,6.11,74.69
2026-08-17T16:42:30Z,6.13,75.09
2026-08-17T16:43:30Z,6.11,74.79
2026-08-17T16:44:30Z,6.12,74.97
2026-08-17T16:45:30Z,6.13,75.15
2026-08-17T16:46:30Z,6.12,74.9
2026-08-17T16:47:30Z,6.14,75.24
2026-08-17T16:48:30Z,6.14,75.26
2026-08-17T16:49:30Z,6.14,75.19
2026-08-17T16:50:30Z,6.14,75.27
2026-08-17T16:51:30Z,6.14,75.31
2026-08-17T16:52:30Z,6.14,75.3
2026-08-17T16:53:30Z,6.14,75.34
2026-08-17T16:54:30Z,6.14,75.27
2026-08-17T16:55:30Z,6.14,75.26
2026-08-17T16:56:30Z,6.14,75.34
2026-08-17T16:57:30Z,6.14,75.34
2026-08-17T16:58:30Z,6.15,75.42
2026-08-17T16:59:30Z,6.17,75.72
2026-08-17T17:00:30Z,6.16,75.56
2026-08-17T17:01:30Z,6.15,75.51
2026-08-17T17:02:30Z,6.16,75.54
2026-08-17T17:03:30Z,6.17,75.82
2026-08-17T17:04:30Z,6.17,75.84
2026-08-17T17:05:30Z,6.19,76.16
2026-08-17T17:06:30Z,6.21,76.44
2026-08-17T17:07:30Z,6.24,76.9
2026-08-17T17:08:30Z,6.25,77.05
2026-08-17T17:09:30Z,6.26,77.26
2026-08-17T17:10:30Z,6.27,77.38
2026-08-17T17:11:30Z,6.28,77.69
2026-08-17T17:12:30Z,6.32,78.32
2026-08-17T17:13:30Z,6.34,78.66
2026-08-17T17:14:30Z,6.37,79.06
2026-08-17T17:15:30Z,6.37,79.21
2026-08-17T17:16:30Z,6.39,79.49
2026-08-17T17:17:30Z,6.43,80.13
2026-08-17T17:18:30Z,6.44,80.29
2026-08-17T17:19:30Z,6.45,80.55
2026-08-17T17:20:30Z,6.48,81.05
2026-08-17T17:21:30Z,6.5,81.37
2026-08-17T17:22:30Z,6.5,81.36
2026-08-17T17:23:30Z,6.51,81.42
2026-08-17T17:24:30Z,6.51,81.49
2026-08-17T17:25:30Z,6.54,81.91
2026-08-17T17:26:30Z,6.54,82.04
2026-08-17T17:27:30Z,6.55,82.22
2026-08-17T17:28:30Z,6.59,82.83
2026-08-17T17:29:30Z,6.61,83.17
2026-08-17T17:30:30Z,6.64,83.61
2026-08-17T17:31:30Z,6.66,84.05
2026-08-17T17:32:30Z,6.68,84.32
2026-08-17T17:33:30Z,6.7,84.69
2026-08-17T17:34:30Z,6.71,84.83
2026-08-17T17:35:30Z,6.72,84.97
2026-08-17T17:36:30Z,6.75,85.56
2026-08-17T17:37:30Z,6.77,85.8
2026-08-17T17:38:30Z,6.78,85.97
2026-08-17T17:39:30Z,6.79,86.24
2026-08-17T17:40:30Z,6.81,86.59
2026-08-17T17:41:30Z,6.82,86.63
2026-08-17T17:42:30Z,6.83,86.83
2026-08-17T17:43:30Z,6.83,86.89
2026-08-17T17:44:30Z,6.85,87.24
2026-08-17T17:45:30Z,6.85,87.18
2026-08-17T17:46:30Z,6.85,87.18
2026-08-17T17:47:30Z,6.85,87.19
2026-08-17T17:48:30Z,6.85,87.28
2026-08-17T17:49:30Z,6.87,87.5
2026-08-17T17:50:30Z,6.87,87.56
2026-08-17T17:51:30Z,6.86,87.42
2026-08-17T17:52:30Z,6.87,87.46
2026-08-17T17:53:30Z,6.86,87.32
2026-08-17T17:54:30Z,6.87,87.46
2026-08-17T17:55:30Z,6.86,87.38
2026-08-17T17:56:30Z,6.86,87.32
2026-08-17T17:57:30Z,6.86,87.38
2026-08-17T17:58:30Z,6.87,87.49
2026-08-17T17:59:30Z,6.86,87.45
2026-08-17T18:00:30Z,6.86,87.32
2026-08-17T18:01:30Z,6.85,87.16
2026-08-17T18:02:30Z,6.84,87.11
2026-08-17T18:03:30Z,6.83,86.92
2026-08-17T18:04:30Z,6.82,86.74
2026-08-17T18:05:30Z,6.82,86.76
2026-08-17T18:06:30Z,6.81,86.59
2026-08-17T18:07:30Z,6.81,86.5
2026-08-17T18:08:30Z,6.81,86.52
2026-08-17T18:09:30Z,6.81,86.46
2026-08-17T18:10:30Z,6.81,86.46
2026-08-17T18:11:30Z,6.81,86.59
2026-08-17T18:12:30Z,6.81,86.51
2026-08-17T18:13:30Z,6.8,86.41
2026-08-17T18:14:30Z,6.81,86.48
2026-08-17T18:15:30Z,6.81,86.6
2026-08-17T18:16:30Z,6.81,86.57
2026-08-17T18:17:30Z,6.81,86.53
2026-08-17T18:18:30Z,6.81,86.57
2026-08-17T18:19:30Z,6.82,86.65
2026-08-17T18:20:30Z,6.82,86.74
2026-08-17T18:21:30Z,6.82,86.62
2026-08-17T18:22:30Z,6.8,86.41
2026-08-17T18:23:30Z,6.78,85.95
2026-08-17T18:24:30Z,6.77,85.93
2026-08-17T18:25:30Z,6.77,85.87
2026-08-17T18:26:30Z,6.76,85.74
2026-08-17T18:27:30Z,6.75,85.59
2026-08-17T18:28:30Z,6.76,85.72
2026-08-17T18:29:30Z,6.76,85.63
2026-08-17T18:30:30Z,6.75,85.49
2026-08-17T18:31:30Z,6.74,85.38
2026-08-17T18:32:30Z,6.74,85.35
2026-08-17T18:33:30Z,6.73,85.26
2026-08-17T18:34:30Z,6.72,85.09
2026-08-17T18:35:30Z,6.72,84.99
2026-08-17T18:36:30Z,6.7,84.72
2026-08-17T18:37:30Z,6.7,84.72
2026-08-17T18:38:30Z,6.7,84.71
2026-08-17T18:39:30Z,6.7,84.75
2026-08-17T18:40:30Z,6.7,84.72
2026-08-17T18:41:30Z,6.71,84.8
2026-08-17T18:42:30Z,6.7,84.73
2026-08-17T18:43:30Z,6.71,84.86
2026-08-17T18:44:30Z,6.7,84.74
2026-08-17T18:45:30Z,6.71,84.89
2026-08-17T18:46:30Z,6.71,84.93
2026-08-17T18:47:30Z,6.72,85
2026-08-17T18:48:30Z,6.71,84.79
2026-08-17T18:49:30Z,6.7,84.73
2026-08-17T18:50:30Z,6.7,84.63
2026-08-17T18:51:30Z,6.7,84.6
2026-08-17T18:52:30Z,6.69,84.48
2026-08-17T18:53:30Z,6.7,84.65
2026-08-17T18:54:30Z,6.69,84.44
2026-08-17T18:55:30Z,6.69,84.55
2026-08-17T18:56:30Z,6.69,84.59
2026-08-17T18:57:30Z,6.7,84.64
2026-08-17T18:58:30Z,6.7,84.6
2026-08-17T18:59:30Z,6.68,84.38
2026-08-17T19:00:30Z,6.69,84.46
2026-08-17T19:01:30Z,6.69,84.48
2026-08-17T19:02:30Z,6.7,84.65
2026-08-17T19:03:30Z,6.7,84.71
2026-08-17T19:04:30Z,6.71,84.82
2026-08-17T19:05:30Z,6.7,84.61
2026-08-17T19:06:30Z,6.68,84.39
2026-08-17T19:07:30Z,6.69,84.48
2026-08-17T19:08:30Z,6.69,84.59
2026-08-17T19:09:30Z,6.69,84.57
2026-08-17T19:10:30Z,6.7,84.61
2026-08-17T19:11:30Z,6.7,84.69
2026-08-17T19:12:30Z,6.7,84.63
2026-08-17T19:13:30Z,6.7,84.73
2026-08-17T19:14:30Z,6.71,84.78
2026-08-17T19:15:30Z,6.71,84.77
2026-08-17T19:16:30Z,6.7,84.74
2026-08-17T19:17:30Z,6.71,84.84
2026-08-17T19:18:30Z,6.72,85.04
2026-08-17T19:19:30Z,6.72,84.96
2026-08-17T19:20:30Z,6.72,84.96
2026-08-17T19:21:30Z,6.71,84.92
2026-08-17T19:22:30Z,6.72,84.99
2026-08-17T19:23:30Z,6.72,85.05
2026-08-17T19:24:30Z,6.71,84.93
2026-08-17T19:25:30Z,6.73,85.14
2026-08-17T19:26:30Z,6.74,85.32
2026-08-17T19:27:30Z,6.76,85.64
2026-08-17T19:28:30Z,6.77,85.85
2026-08-17T19:29:30Z,6.79,86.11
2026-08-17T19:30:30Z,6.79,86.25
2026-08-17T19:31:30Z,6.82,86.72
2026-08-17T19:32:30Z,6.84,87.02
2026-08-17T19:33:30Z,6.83,86.88
2026-08-17T19:34:30Z,6.84,87.11
2026-08-17T19:35:30Z,6.85,87.27
2026-08-17T19:36:30Z,6.86,87.31
2026-08-17T19:37:30Z,6.87,87.49
2026-08-17T19:38:30Z,6.87,87.56
2026-08-17T19:39:30Z,6.88,87.67
2026-08-17T19:40:30Z,6.9,87.96
2026-08-17T19:41:30Z,6.9,88.05
2026-08-17T19:42:30Z,6.89,87.87
2026-08-17T19:43:30Z,6.9,88
2026-08-17T19:44:30Z,6.9,88.11
2026-08-17T19:45:30Z,6.91,88.14
2026-08-17T19:46:30Z,6.91,88.17
2026-08-17T19:47:30Z,6.91,88.25
2026-08-17T19:48:30Z,6.92,88.46
2026-08-17T19:49:30Z,6.92,88.41
2026-08-17T19:50:30Z,6.92,88.4
2026-08-17T19:51:30Z,6.93,88.56
2026-08-17T19:52:30Z,6.92,88.46
2026-08-17T19:53:30Z,6.93,88.5
2026-08-17T19:54:30Z,6.92,88.3
2026-08-17T19:55:30Z,6.92,88.34
2026-08-17T19:56:30Z,6.91,88.25
2026-08-17T19:57:30Z,6.9,88.11
2026-08-17T19:58:30Z,6.9,88.08
2026-08-17T19:59:30Z,6.88,87.78
2026-08-17T20:00:30Z,6.88,87.63
2026-08-17T20:01:30Z,6.88,87.63
2026-08-17T20:02:30Z,6.87,87.61
2026-08-17T20:03:30Z,6.87,87.47
2026-08-17T20:04:30Z,6.87,87.58
2026-08-17T20:05:30Z,6.88,87.79
2026-08-17T20:06:30Z,6.89,87.81
2026-08-17T20:07:30Z,6.9,87.98
2026-08-17T20:08:30Z,6.91,88.2
2026-08-17T20:09:30Z,6.92,88.35
2026-08-17T20:10:30Z,6.93,88.56
2026-08-17T20:11:30Z,6.94,88.69
2026-08-17T20:12:30Z,6.95,88.83
2026-08-17T20:13:30Z,6.95,88.92
2026-08-17T20:14:30Z,6.96,89.12
2026-08-17T20:15:30Z,6.96,89.11
2026-08-17T20:16:30Z,6.97,89.24
2026-08-17T20:17:30Z,6.98,89.43
2026-08-17T20:18:30Z,6.98,89.37
2026-08-17T20:19:30Z,6.99,89.56
2026-08-17T20:20:30Z,6.99,89.64
2026-08-17T20:21:30Z,6.99,89.63
2026-08-17T20:22:30Z,6.99,89.56
2026-08-17T20:23:30Z,6.99,89.53
2026-08-17T20:24:30Z,7,89.68
2026-08-17T20:25:30Z,7,89.71
2026-08-17T20:26:30Z,7.01,89.86
2026-08-17T20:27:30Z,7.01,89.84
2026-08-17T20:28:30Z,7,89.71
2026-08-17T20:29:30Z,7,89.66
2026-08-17T20:30:30Z,7,89.72
2026-08-17T20:31:30Z,7.01,89.84
2026-08-17T20:32:30Z,7,89.7
2026-08-17T20:33:30Z,7,89.71
2026-08-17T20:34:30Z,6.99,89.64
2026-08-17T20:35:30Z,7,89.78
2026-08-17T20:36:30Z,6.99,89.62
2026-08-17T20:37:30Z,6.99,89.54
2026-08-17T20:38:30Z,6.99,89.63
2026-08-17T20:39:30Z,7,89.78
2026-08-17T20:40:30Z,7,89.67
2026-08-17T20:41:30Z,7,89.69
2026-08-17T20:42:30Z,6.99,89.6
2026-08-17T20:43:30Z,6.99,89.55
2026-08-17T20:44:30Z,6.98,89.47
2026-08-17T20:45:30Z,6.99,89.48
2026-08-17T20:46:30Z,7,89.65
2026-08-17T20:47:30Z,7,89.67
2026-08-17T20:48:30Z,6.99,89.62
2026-08-17T20:49:30Z,7.01,89.87
2026-08-17T20:50:30Z,7,89.79
2026-08-17T20:51:30Z,7,89.73
2026-08-17T20:52:30Z,7,89.76
2026-08-17T20:53:30Z,7,89.77
2026-08-17T20:54:30Z,7.01,89.88
2026-08-17T20:55:30Z,7.01,89.91
2026-08-17T20:56:30Z,7,89.75
2026-08-17T20:57:30Z,7,89.76
2026-08-17T20:58:30Z,7.01,89.86
2026-08-17T20:59:30Z,7,89.77
2026-08-17T21:00:30Z,7,89.73
2026-08-17T21:01:30Z,7.01,89.86
2026-08-17T21:02:30Z,7.01,89.85
2026-08-17T21:03:30Z,7,89.76
2026-08-17T21:04:30Z,7,89.69
2026-08-17T21:05:30Z,7,89.76
2026-08-17T21:06:30Z,7,89.74
2026-08-17T21:07:30Z,7,89.69
2026-08-17T21:08:30Z,6.99,89.55
2026-08-17T21:09:30Z,6.98,89.46
2026-08-17T21:10:30Z,6.98,89.42
2026-08-17T21:11:30Z,6.99,89.58
2026-08-17T21:12:30Z,6.99,89.62
2026-08-17T21:13:30Z,6.98,89.47
2026-08-17T21:14:30Z,6.99,89.51
2026-08-17T21:15:30Z,7,89.68
2026-08-17T21:16:30Z,6.99,89.55
2026-08-17T21:17:30Z,6.99,89.6
2026-08-17T21:18:30Z,6.99,89.61
2026-08-17T21:19:30Z,6.99,89.57
2026-08-17T21:20:30Z,6.99,89.57
2026-08-17T21:21:30Z,6.99,89.52
2026-08-17T21:22:30Z,6.99,89.55
2026-08-17T21:23:30Z,6.99,89.58
2026-08-17T21:24:30Z,6.99,89.53
2026-08-17T21:25:30Z,6.99,89.63
2026-08-17T21:26:30Z,6.99,89.52
2026-08-17T21:27:30Z,6.99,89.56
2026-08-17T21:28:30Z,6.99,89.48
2026-08-17T21:29:30Z,6.99,89.49
2026-08-17T21:30:30Z,6.99,89.63
2026-08-17T21:31:30Z,6.99,89.59
2026-08-17T21:32:30Z,7,89.66
2026-08-17T21:33:30Z,7.01,89.86
2026-08-17T21:34:30Z,7,89.75
2026-08-17T21:35:30Z,7.01,89.89
2026-08-17T21:36:30Z,7.01,89.94
2026-08-17T21:37:30Z,7.02,90.05
2026-08-17T21:38:30Z,7.01,89.97
2026-08-17T21:39:30Z,7.02,89.99
2026-08-17T21:40:30Z,7.01,89.96
2026-08-17T21:41:30Z,7.02,90.05
2026-08-17T21:42:30Z,7.02,90.03
2026-08-17T21:43:30Z,7.02,89.98
2026-08-17T21:44:30Z,7.02,89.98
2026-08-17T21:45:30Z,7.02,90.01
2026-08-17T21:46:30Z,7.02,89.99
2026-08-17T21:47:30Z,7.01,89.95
2026-08-17T21:48:30Z,7.01,89.82
2026-08-17T21:49:30Z,7.01,89.81
2026-08-17T21:50:30Z,7.01,89.85
2026-08-17T21:51:30Z,7,89.79
2026-08-17T21:52:30Z,7,89.75
2026-08-17T21:53:30Z,6.99,89.58
2026-08-17T21:54:30Z,6.99,89.56
2026-08-17T21:55:30Z,6.99,89.63
2026-08-17T21:56:30Z,7,89.67
2026-08-17T21:57:30Z,7.02,89.99
2026-08-17T21:58:30Z,6.98,89.42
2026-08-17T21:59:30Z,7,89.68
2026-08-17T22:00:30Z,7.01,89.86
2026-08-17T22:01:30Z,7.01,89.93
2026-08-17T22:02:30Z,7.03,90.24
2026-08-17T22:03:30Z,7.02,90.07
2026-08-17T22:04:30Z,7.02,90
2026-08-17T22:05:30Z,7.03,90.19
2026-08-17T22:06:30Z,7.03,90.27
2026-08-17T22:07:30Z,7.03,90.28
2026-08-17T22:08:30Z,7.03,90.21
2026-08-17T22:09:30Z,7.03,90.28
2026-08-17T22:10:30Z,7.02,90.07
2026-08-17T22:11:30Z,7.03,90.18
2026-08-17T22:12:30Z,7.02,90.13
2026-08-17T22:13:30Z,7.01,89.84
2026-08-17T22:14:30Z,7.01,89.97
2026-08-17T22:15:30Z,7.03,90.17
2026-08-17T22:16:30Z,7.02,90.02
2026-08-17T22:17:30Z,7.01,89.81
2026-08-17T22:18:30Z,7.01,89.84
2026-08-17T22:19:30Z,6.98,89.4
2026-08-17T22:20:30Z,6.97,89.27
2026-08-17T22:21:30Z,6.97,89.23
2026-08-17T22:22:30Z,6.97,89.17
2026-08-17T22:23:30Z,6.96,89.07
2026-08-17T22:24:30Z,6.96,89.09
2026-08-17T22:25:30Z,6.94,88.72
2026-08-17T22:26:30Z,6.94,88.78
2026-08-17T22:27:30Z,6.96,89.01
2026-08-17T22:28:30Z,6.94,88.8
2026-08-17T22:29:30Z,6.95,88.85
2026-08-17T22:30:30Z,6.94,88.68
2026-08-17T22:31:30Z,6.93,88.5
2026-08-17T22:32:30Z,6.92,88.44
2026-08-17T22:33:30Z,6.93,88.47
2026-08-17T22:34:30Z,6.93,88.49
2026-08-17T22:35:30Z,6.93,88.49
2026-08-17T22:36:30Z,6.93,88.62
2026-08-17T22:37:30Z,6.92,88.32
2026-08-17T22:38:30Z,6.89,87.95
2026-08-17T22:39:30Z,6.91,88.23
2026-08-17T22:40:30Z,6.91,88.19
2026-08-17T22:41:30Z,6.9,88.06
2026-08-17T22:42:30Z,6.91,88.24
2026-08-17T22:43:30Z,6.91,88.26
2026-08-17T22:44:30Z,6.91,88.21
2026-08-17T22:45:30Z,6.9,88.09
2026-08-17T22:46:30Z,6.9,88.04
2026-08-17T22:47:30Z,6.91,88.14
2026-08-17T22:48:30Z,6.91,88.23
2026-08-17T22:49:30Z,6.91,88.29
2026-08-17T22:50:30Z,6.91,88.13
2026-08-17T22:51:30Z,6.91,88.17
2026-08-17T22:52:30Z,6.89,87.89
2026-08-17T22:53:30Z,6.89,87.93
2026-08-17T22:54:30Z,6.9,87.98
2026-08-17T22:55:30Z,6.88,87.72
2026-08-17T22:56:30Z,6.87,87.5
2026-08-17T22:57:30Z,6.87,87.5
2026-08-17T22:58:30Z,6.88,87.7
2026-08-17T22:59:30Z,6.87,87.5
2026-08-17T23:00:30Z,6.88,87.77
2026-08-17T23:01:30Z,6.88,87.78
2026-08-17T23:02:30Z,6.89,87.9
2026-08-17T23:03:30Z,6.88,87.76
2026-08-17T23:04:30Z,6.88,87.77
2026-08-17T23:05:30Z,6.87,87.6
2026-08-17T23:06:30Z,6.86,87.38
2026-08-17T23:07:30Z,6.87,87.52
2026-08-17T23:08:30Z,6.86,87.34
2026-08-17T23:09:30Z,6.83,86.88
2026-08-17T23:10:30Z,6.85,87.17
2026-08-17T23:11:30Z,6.8,86.34
2026-08-17T23:12:30Z,6.81,86.61
2026-08-17T23:13:30Z,6.81,86.58
2026-08-17T23:14:30Z,6.81,86.55
2026-08-17T23:15:30Z,6.81,86.57
2026-08-17T23:16:30Z,6.81,86.57
2026-08-17T23:17:30Z,6.8,86.43
2026-08-17T23:18:30Z,6.8,86.37
2026-08-17T23:19:30Z,6.79,86.2
2026-08-17T23:20:30Z,6.77,85.92
2026-08-17T23:21:30Z,6.78,86.08
2026-08-17T23:22:30Z,6.79,86.24
2026-08-17T23:23:30Z,6.79,86.17
2026-08-17T23:24:30Z,6.79,86.12
2026-08-17T23:25:30Z,6.78,85.98
2026-08-17T23:26:30Z,6.78,86.06
2026-08-17T23:27:30Z,6.77,85.89
2026-08-17T23:28:30Z,6.78,86
2026-08-17T23:29:30Z,6.77,85.82
2026-08-17T23:30:30Z,6.79,86.13
2026-08-17T23:31:30Z,6.78,86.1
2026-08-17T23:32:30Z,6.78,86.02
2026-08-17T23:33:30Z,6.78,86.08
2026-08-17T23:34:30Z,6.78,86
2026-08-17T23:35:30Z,6.76,85.7
2026-08-17T23:36:30Z,6.76,85.74
2026-08-17T23:37:30Z,6.75,85.49
2026-08-17T23:38:30Z,6.75,85.54
2026-08-17T23:39:30Z,6.77,85.92
2026-08-17T23:40:30Z,6.77,85.85
2026-08-17T23:41:30Z,6.76,85.67
2026-08-17T23:42:30Z,6.75,85.59
2026-08-17T23:43:30Z,6.76,85.62
2026-08-17T23:44:30Z,6.74,85.38
2026-08-17T23:45:30Z,6.73,85.24
2026-08-17T23:46:30Z,6.71,84.9
2026-08-17T23:47:30Z,6.72,85.02
2026-08-17T23:48:30Z,6.71,84.9
2026-08-17T23:49:30Z,6.7,84.63
2026-08-17T23:50:30Z,6.69,84.5
2026-08-17T23:51:30Z,6.69,84.47
2026-08-17T23:52:30Z,6.68,84.38
2026-08-17T23:53:30Z,6.67,84.15
2026-08-17T23:54:30Z,6.68,84.38
2026-08-17T23:55:30Z,6.69,84.48
2026-08-17T23:56:30Z,6.68,84.27
2026-08-17T23:57:30Z,6.66,83.93
2026-08-17T23:58:30Z,6.63,83.58
2026-08-17T23:59:30Z,6.63,83.42
2026-08-18T00:00:30Z,6.62,83.41
2026-08-18T00:01:30Z,6.62,83.38
2026-08-18T00:02:30Z,6.61,83.2
2026-08-18T00:03:30Z,6.61,83.17
2026-08-18T00:04:30Z,6.6,83.03
2026-08-18T00:05:30Z,6.61,83.1
2026-08-18T00:06:30Z,6.61,83.18
2026-08-18T00:07:30Z,6.6,83.08
2026-08-18T00:08:30Z,6.61,83.19
2026-08-18T00:09:30Z,6.58,82.71
2026-08-18T00:10:30Z,6.56,82.35
2026-08-18T00:11:30Z,6.56,82.29
2026-08-18T00:12:30Z,6.55,82.23
2026-08-18T00:13:30Z,6.57,82.53
2026-08-18T00:14:30Z,6.55,82.09
2026-08-18T00:15:30Z,6.58,82.66
2026-08-18T00:16:30Z,6.59,82.83
2026-08-18T00:17:30Z,6.59,82.9
2026-08-18T00:18:30Z,6.61,83.14
2026-08-18T00:19:30Z,6.64,83.7
2026-08-18T00:20:30Z,6.62,83.27
2026-08-18T00:21:30Z,6.63,83.56
2026-08-18T00:22:30Z,6.64,83.68
2026-08-18T00:23:30Z,6.63,83.42
2026-08-18T00:24:30Z,6.65,83.76
2026-08-18T00:25:30Z,6.68,84.35
2026-08-18T00:26:30Z,6.68,84.41
2026-08-18T00:27:30Z,6.71,84.78
2026-08-18T00:28:30Z,6.71,84.82
2026-08-18T00:29:30Z,6.72,84.94
2026-08-18T00:30:30Z,6.74,85.28
2026-08-18T00:31:30Z,6.75,85.57
2026-08-18T00:32:30Z,6.76,85.7
2026-08-18T00:33:30Z,6.72,84.96
2026-08-18T00:34:30Z,6.72,85
2026-08-18T00:35:30Z,6.7,84.67
2026-08-18T00:36:30Z,6.68,84.4
2026-08-18T00:37:30Z,6.67,84.14
2026-08-18T00:38:30Z,6.67,84.21
2026-08-18T00:39:30Z,6.68,84.33
2026-08-18T00:40:30Z,6.69,84.49
2026-08-18T00:41:30Z,6.67,84.12
2026-08-18T00:42:30Z,6.67,84.1
2026-08-18T00:43:30Z,6.69,84.55
2026-08-18T00:44:30Z,6.69,84.47
2026-08-18T00:45:30Z,6.7,84.62
2026-08-18T00:46:30Z,6.67,84.18
2026-08-18T00:47:30Z,6.63,83.54
2026-08-18T00:48:30Z,6.63,83.58
2026-08-18T00:49:30Z,6.63,83.49
2026-08-18T00:50:30Z,6.61,83.25
2026-08-18T00:51:30Z,6.58,82.72
2026-08-18T00:52:30Z,6.58,82.7
2026-08-18T00:53:30Z,6.6,82.98
2026-08-18T00:54:30Z,6.59,82.85
2026-08-18T00:55:30Z,6.58,82.64
2026-08-18T00:56:30Z,6.55,82.18
2026-08-18T00:57:30Z,6.48,81.03
2026-08-18T00:58:30Z,6.49,81.13
2026-08-18T00:59:30Z,6.48,81.04
2026-08-18T01:00:30Z,6.47,80.88
2026-08-18T01:01:30Z,6.46,80.65
2026-08-18T01:02:30Z,6.43,80.07
2026-08-18T01:03:30Z,6.39,79.47
2026-08-18T01:04:30Z,6.38,79.32
2026-08-18T01:05:30Z,6.35,78.83
2026-08-18T01:06:30Z,6.37,79.15
2026-08-18T01:07:30Z,6.4,79.57
2026-08-18T01:08:30Z,6.4,79.61
2026-08-18T01:09:30Z,6.33,78.52
2026-08-18T01:10:30Z,6.34,78.63
2026-08-18T01:11:30Z,6.33,78.53
2026-08-18T01:12:30Z,6.34,78.59
2026-08-18T01:13:30Z,6.33,78.42
2026-08-18T01:14:30Z,6.33,78.47
2026-08-18T01:15:30Z,6.28,77.56
2026-08-18T01:16:30Z,6.24,77.03
2026-08-18T01:17:30Z,6.26,77.25
2026-08-18T01:18:30Z,6.22,76.66
2026-08-18T01:19:30Z,6.21,76.5
2026-08-18T01:20:30Z,6.2,76.21
2026-08-18T01:21:30Z,6.13,75.04
2026-08-18T01:22:30Z,6.08,74.31
2026-08-18T01:23:30Z,6.11,74.76
2026-08-18T01:24:30Z,6.08,74.25
2026-08-18T01:25:30Z,6.05,73.69
2026-08-18T01:26:30Z,6.04,73.66
2026-08-18T01:27:30Z,6.02,73.3
2026-08-18T01:28:30Z,5.99,72.69
2026-08-18T01:29:30Z,6.01,73.09
2026-08-18T01:30:30Z,6.01,73.07
2026-08-18T01:31:30Z,6,72.98
2026-08-18T01:32:30Z,6.01,73.02
2026-08-18T01:33:30Z,6.03,73.4
2026-08-18T01:34:30Z,5.99,72.66
2026-08-18T01:35:30Z,5.98,72.54
2026-08-18T01:36:30Z,5.99,72.75
2026-08-18T01:37:30Z,5.97,72.49
2026-08-18T01:38:30Z,5.94,71.94
2026-08-18T01:39:30Z,5.95,72.04
2026-08-18T01:40:30Z,5.96,72.2
2026-08-18T01:41:30Z,5.88,70.87
2026-08-18T01:42:30Z,5.89,71.14
2026-08-18T01:43:30Z,5.89,71.12
2026-08-18T01:44:30Z,5.88,70.87
2026-08-18T01:45:30Z,5.9,71.2
2026-08-18T01:46:30Z,5.87,70.7
2026-08-18T01:47:30Z,5.9,71.23
2026-08-18T01:48:30Z,5.9,71.17
2026-08-18T01:49:30Z,5.9,71.21
2026-08-18T01:50:30Z,5.92,71.51
2026-08-18T01:51:30Z,5.9,71.16
2026-08-18T01:52:30Z,5.88,70.87
2026-08-18T01:53:30Z,5.8,69.61
2026-08-18T01:54:30Z,5.83,70.02
2026-08-18T01:55:30Z,5.82,69.82
2026-08-18T01:56:30Z,5.78,69.2
2026-08-18T01:57:30Z,5.72,68.18
2026-08-18T01:58:30Z,5.71,67.97
2026-08-18T01:59:30Z,5.7,67.83
2026-08-18T02:00:30Z,5.68,67.53
2026-08-18T02:01:30Z,5.64,66.9
2026-08-18T02:02:30Z,5.66,67.26
2026-08-18T02:03:30Z,5.64,66.92
2026-08-18T02:04:30Z,5.58,65.78
2026-08-18T02:05:30Z,5.62,66.5
2026-08-18T02:06:30Z,5.58,65.9
2026-08-18T02:07:30Z,5.52,64.76
2026-08-18T02:08:30Z,5.54,65.21
2026-08-18T02:09:30Z,5.44,63.49
2026-08-18T02:10:30Z,5.47,63.92
2026-08-18T02:11:30Z,5.42,63.15
2026-08-18T02:12:30Z,5.41,62.98
2026-08-18T02:13:30Z,5.44,63.45
2026-08-18T02:14:30Z,5.42,63.14
2026-08-18T02:15:30Z,5.42,63.13
2026-08-18T02:16:30Z,5.45,63.65
2026-08-18T02:17:30Z,5.43,63.36
2026-08-18T02:24:30Z,5.23,59.97
2026-08-18T02:25:30Z,5.25,60.25
2026-08-18T02:26:30Z,5.27,60.59
2026-08-18T02:27:30Z,5.27,60.69
2026-08-18T02:28:30Z,5.25,60.32
2026-08-18T02:29:30Z,5.26,60.4
2026-08-18T02:30:30Z,5.26,60.5
2026-08-18T02:31:30Z,5.24,60.07
2026-08-18T02:32:30Z,5.18,59.18
2026-08-18T02:33:30Z,5.2,59.52
2026-08-18T02:34:30Z,5.22,59.79
2026-08-18T02:35:30Z,5.2,59.42
2026-08-18T02:36:30Z,5.24,60.06
2026-08-18T02:37:30Z,5.19,59.25
2026-08-18T02:38:30Z,5.18,59.12
2026-08-18T02:39:30Z,5.17,58.92
2026-08-18T02:40:30Z,5.17,58.94
2026-08-18T02:41:30Z,5.2,59.52
2026-08-18T02:42:30Z,5.22,59.75
2026-08-18T02:43:30Z,5.27,60.58
2026-08-18T02:44:30Z,5.23,60.02
2026-08-18T02:45:30Z,5.19,59.27
2026-08-18T02:46:30Z,5.17,58.93
2026-08-18T02:47:30Z,5.16,58.82
2026-08-18T02:48:30Z,5.13,58.21
2026-08-18T02:49:30Z,5.1,57.75
2026-08-18T02:50:30Z,5.11,57.95
2026-08-18T02:51:30Z,5.08,57.39
2026-08-18T02:52:30Z,5.11,57.99
2026-08-18T02:53:30Z,5.05,56.99
2026-08-18T02:54:30Z,5.11,57.88
2026-08-18T02:55:30Z,5.06,57.11
2026-08-18T02:56:30Z,5.04,56.81
2026-08-18T02:57:30Z,5.07,57.19
2026-08-18T02:58:30Z,5.05,56.91
2026-08-18T02:59:30Z,5.02,56.43
2026-08-18T03:00:30Z,5.04,56.76
2026-08-18T03:01:30Z,5.04,56.7
2026-08-18T03:02:30Z,5.09,57.61
2026-08-18T03:03:30Z,5.07,57.3
2026-08-18T03:04:30Z,5.06,57.13
2026-08-18T03:05:30Z,5.06,57.07
2026-08-18T03:06:30Z,5.04,56.74
2026-08-18T03:07:30Z,5.03,56.62
2026-08-18T03:08:30Z,4.98,55.78
2026-08-18T03:09:30Z,5.04,56.72
2026-08-18T03:10:30Z,5.07,57.28
2026-08-18T03:11:30Z,5.04,56.85
2026-08-18T03:12:30Z,5.04,56.82
2026-08-18T03:13:30Z,5.04,56.79
2026-08-18T03:14:30Z,5.03,56.56
2026-08-18T03:15:30Z,5.05,56.96
2026-08-18T03:16:30Z,5.08,57.39
2026-08-18T03:17:30Z,5.07,57.32
2026-08-18T03:18:30Z,5.05,57.01
2026-08-18T03:19:30Z,5.1,57.73
2026-08-18T03:20:30Z,5.1,57.82
2026-08-18T03:21:30Z,5.06,57.03
2026-08-18T03:22:30Z,5.1,57.71
2026-08-18T03:23:30Z,5.12,58.18
2026-08-18T03:24:30Z,5.14,58.44
2026-08-18T03:25:30Z,5.07,57.35
2026-08-18T03:26:30Z,5.08,57.46
2026-08-18T03:27:30Z,5.1,57.82
2026-08-18T03:28:30Z,5.12,58.14
2026-08-18T03:29:30Z,5.12,58.16
2026-08-18T03:30:30Z,5.07,57.35
2026-08-18T03:31:30Z,5.04,56.8
2026-08-18T03:32:30Z,5.04,56.69
2026-08-18T03:33:30Z,5.08,57.44
2026-08-18T03:34:30Z,5.07,57.33
2026-08-18T03:35:30Z,5.08,57.47
2026-08-18T03:36:30Z,5.07,57.33
2026-08-18T03:37:30Z,5.07,57.31
2026-08-18T03:38:30Z,5.05,56.88
2026-08-18T03:39:30Z,5.07,57.24
2026-08-18T03:40:30Z,5.07,57.19
2026-08-18T03:41:30Z,5.06,57.07
2026-08-18T03:42:30Z,5.03,56.63
2026-08-18T03:43:30Z,5.04,56.85
2026-08-18T03:44:30Z,5.06,57.04
2026-08-18T03:45:30Z,5.07,57.25
2026-08-18T03:46:30Z,5.07,57.22
2026-08-18T03:47:30Z,5.08,57.36
2026-08-18T03:48:30Z,5.11,57.89
2026-08-18T03:49:30Z,5.09,57.68
2026-08-18T03:50:30Z,5.09,57.61
2026-08-18T03:51:30Z,5.06,57.08
2026-08-18T03:52:30Z,5.06,57.09
2026-08-18T03:53:30Z,5.07,57.27
2026-08-18T03:54:30Z,5.1,57.74
2026-08-18T03:55:30Z,5.08,57.37
2026-08-18T03:56:30Z,5.04,56.81
2026-08-18T03:57:30Z,5.02,56.46
2026-08-18T03:58:30Z,5.03,56.57
2026-08-18T03:59:30Z,5.05,56.88
2026-08-18T04:00:30Z,5.07,57.33
2026-08-18T04:01:30Z,5.06,57.06
2026-08-18T04:02:30Z,5.08,57.47
2026-08-18T04:03:30Z,5.1,57.8
2026-08-18T04:04:30Z,5.08,57.4
2026-08-18T04:05:30Z,5.08,57.46
2026-08-18T04:06:30Z,5.07,57.2
2026-08-18T04:07:30Z,5.12,58.13
2026-08-18T04:08:30Z,5.08,57.52
2026-08-18T04:09:30Z,5.11,58
2026-08-18T04:10:30Z,5.1,57.82
2026-08-18T04:11:30Z,5.07,57.34
2026-08-18T04:12:30Z,5.07,57.27
2026-08-18T04:13:30Z,5.06,57.17
2026-08-18T04:14:30Z,5.07,57.24
2026-08-18T04:15:30Z,5.06,57.11
2026-08-18T04:16:30Z,5.03,56.63
2026-08-18T04:17:30Z,5.05,56.89
2026-08-18T04:18:30Z,5.03,56.6
2026-08-18T04:19:30Z,5.01,56.32
2026-08-18T04:20:30Z,5.01,56.26
2026-08-18T04:21:30Z,5.02,56.43
2026-08-18T04:22:30Z,5,56.02
2026-08-18T04:23:30Z,4.99,55.91
2026-08-18T04:24:30Z,4.96,55.48
2026-08-18T04:25:30Z,4.97,55.52
2026-08-18T04:26:30Z,4.97,55.59
2026-08-18T04:27:30Z,4.96,55.36
2026-08-18T04:28:30Z,4.96,55.38
2026-08-18T04:29:30Z,4.95,55.29
2026-08-18T04:30:30Z,4.93,54.94
2026-08-18T04:31:30Z,4.92,54.74
2026-08-18T04:32:30Z,4.93,54.88
2026-08-18T04:33:30Z,4.89,54.32
2026-08-18T04:34:30Z,4.84,53.39
2026-08-18T04:35:30Z,4.88,54.1
2026-08-18T04:36:30Z,4.86,53.69
2026-08-18T04:37:30Z,4.86,53.66
2026-08-18T04:38:30Z,4.9,54.36
2026-08-18T04:39:30Z,4.89,54.28
2026-08-18T04:40:30Z,4.92,54.82
2026-08-18T04:41:30Z,4.91,54.56
2026-08-18T04:42:30Z,4.82,53.02
2026-08-18T04:43:30Z,4.8,52.74
2026-08-18T04:44:30Z,4.81,52.83
2026-08-18T04:45:30Z,4.84,53.42
2026-08-18T04:46:30Z,4.83,53.31
2026-08-18T04:47:30Z,4.82,53.12
2026-08-18T04:48:30Z,4.85,53.58
2026-08-18T04:49:30Z,4.87,53.99
2026-08-18T04:50:30Z,4.89,54.17
2026-08-18T04:51:30Z,4.9,54.34
2026-08-18T04:52:30Z,4.9,54.38
2026-08-18T04:53:30Z,4.9,54.47
2026-08-18T04:54:30Z,4.91,54.59
2026-08-18T04:55:30Z,4.87,53.9
2026-08-18T04:56:30Z,4.9,54.44
2026-08-18T04:57:30Z,4.87,53.9
2026-08-18T04:58:30Z,4.89,54.2
2026-08-18T04:59:30Z,4.87,53.94
2026-08-18T05:00:30Z,4.85,53.6
2026-08-18T05:01:30Z,4.86,53.75
2026-08-18T05:02:30Z,4.87,53.91
2026-08-18T05:03:30Z,4.87,53.91
2026-08-18T05:04:30Z,4.88,54.1
2026-08-18T05:05:30Z,4.88,54.16
2026-08-18T05:06:30Z,4.88,54.13
2026-08-18T05:07:30Z,4.87,53.98
2026-08-18T05:08:30Z,4.87,53.94
2026-08-18T05:09:30Z,4.87,53.88
2026-08-18T05:10:30Z,4.86,53.8
2026-08-18T05:11:30Z,4.81,52.95
2026-08-18T05:12:30Z,4.83,53.26
2026-08-18T05:13:30Z,4.78,52.44
2026-08-18T05:14:30Z,4.83,53.28
2026-08-18T05:15:30Z,4.84,53.33
2026-08-18T05:16:30Z,4.82,53.01
2026-08-18T05:17:30Z,4.8,52.78
2026-08-18T05:18:30Z,4.8,52.71
2026-08-18T05:19:30Z,4.82,53.04
2026-08-18T05:20:30Z,4.84,53.34
2026-08-18T05:21:30Z,4.85,53.58
2026-08-18T05:22:30Z,4.85,53.6
2026-08-18T05:23:30Z,4.83,53.32
2026-08-18T05:24:30Z,4.82,53.11
2026-08-18T05:25:30Z,4.84,53.33
2026-08-18T05:26:30Z,4.86,53.79
2026-08-18T05:27:30Z,4.86,53.68
2026-08-18T05:28:30Z,4.79,52.55
2026-08-18T05:29:30Z,4.77,52.21
2026-08-18T05:30:30Z,4.8,52.79
2026-08-18T05:31:30Z,4.76,52.09
2026-08-18T05:32:30Z,4.82,52.99
2026-08-18T05:33:30Z,4.79,52.5
2026-08-18T05:34:30Z,4.78,52.45
2026-08-18T05:35:30Z,4.8,52.7
2026-08-18T05:36:30Z,4.81,52.85
2026-08-18T05:37:30Z,4.78,52.36
2026-08-18T05:38:30Z,4.78,52.48
2026-08-18T05:39:30Z,4.78,52.44
2026-08-18T05:40:30Z,4.75,51.96
2026-08-18T05:41:30Z,4.75,51.93
2026-08-18T05:42:30Z,4.76,52.06
2026-08-18T05:43:30Z,4.74,51.7
2026-08-18T05:44:30Z,4.73,51.63
2026-08-18T05:45:30Z,4.73,51.55
2026-08-18T05:46:30Z,4.74,51.69
2026-08-18T05:47:30Z,4.67,50.55
2026-08-18T05:48:30Z,4.67,50.57
2026-08-18T05:49:30Z,4.73,51.53
2026-08-18T05:50:30Z,4.75,51.83
2026-08-18T05:51:30Z,4.76,52.02
2026-08-18T05:52:30Z,4.77,52.29
2026-08-18T05:53:30Z,4.75,51.94
2026-08-18T05:54:30Z,4.71,51.22
2026-08-18T05:55:30Z,4.74,51.7
2026-08-18T05:56:30Z,4.7,51.11
2026-08-18T05:57:30Z,4.73,51.5
2026-08-18T05:58:30Z,4.74,51.65
2026-08-18T05:59:30Z,4.73,51.55
2026-08-18T06:00:30Z,4.66,50.37
2026-08-18T06:01:30Z,4.67,50.61
2026-08-18T06:02:30Z,4.66,50.37
2026-08-18T06:03:30Z,4.66,50.42
2026-08-18T06:04:30Z,4.68,50.65
2026-08-18T06:05:30Z,4.69,50.88
2026-08-18T06:06:30Z,4.67,50.56
2026-08-18T06:07:30Z,4.69,50.95
2026-08-18T06:08:30Z,4.71,51.3
2026-08-18T06:09:30Z,4.69,50.96
2026-08-18T06:10:30Z,4.65,50.24
2026-08-18T06:11:30Z,4.66,50.43
2026-08-18T06:12:30Z,4.7,51
2026-08-18T06:13:30Z,4.69,50.82
2026-08-18T06:14:30Z,4.74,51.66
2026-08-18T06:15:30Z,4.75,51.92
2026-08-18T06:16:30Z,4.73,51.54
2026-08-18T06:17:30Z,4.73,51.52
2026-08-18T06:18:30Z,4.72,51.33
2026-08-18T06:19:30Z,4.66,50.37
2026-08-18T06:20:30Z,4.66,50.46
2026-08-18T06:21:30Z,4.69,50.8
2026-08-18T06:22:30Z,4.71,51.16
2026-08-18T06:23:30Z,4.71,51.19
2026-08-18T06:24:30Z,4.74,51.72
2026-08-18T06:25:30Z,4.78,52.47
2026-08-18T06:26:30Z,4.79,52.6
2026-08-18T06:27:30Z,4.81,52.87
2026-08-18T06:28:30Z,4.8,52.74
2026-08-18T06:29:30Z,4.82,53.07
2026-08-18T06:30:30Z,4.83,53.3
2026-08-18T06:31:30Z,4.83,53.18
2026-08-18T06:32:30Z,4.85,53.53
2026-08-18T06:33:30Z,4.86,53.77
2026-08-18T06:34:30Z,4.85,53.65
2026-08-18T06:35:30Z,4.82,53.15
2026-08-18T06:36:30Z,4.82,53.08
2026-08-18T06:37:30Z,4.82,53.08
2026-08-18T06:38:30Z,4.84,53.35
2026-08-18T06:39:30Z,4.84,53.4
2026-08-18T06:40:30Z,4.87,53.92
2026-08-18T06:41:30Z,4.87,53.95
2026-08-18T06:42:30Z,4.89,54.22
2026-08-18T06:43:30Z,4.91,54.55
2026-08-18T06:44:30Z,4.88,54.07
2026-08-18T06:45:30Z,4.87,53.89
2026-08-18T06:46:30Z,4.89,54.29
2026-08-18T06:47:30Z,4.9,54.49
2026-08-18T06:48:30Z,4.9,54.39
2026-08-18T06:49:30Z,4.95,55.26
2026-08-18T06:50:30Z,4.96,55.41
2026-08-18T06:51:30Z,4.93,54.96
2026-08-18T06:52:30Z,4.92,54.83
2026-08-18T06:53:30Z,4.89,54.31
2026-08-18T06:54:30Z,4.85,53.49
2026-08-18T06:55:30Z,4.85,53.54
2026-08-18T06:56:30Z,4.83,53.19
2026-08-18T06:57:30Z,4.89,54.31
2026-08-18T06:58:30Z,4.91,54.61
2026-08-18T06:59:30Z,4.93,54.86
2026-08-18T07:00:30Z,4.93,54.96
2026-08-18T07:01:30Z,4.91,54.57
2026-08-18T07:02:30Z,4.92,54.75
2026-08-18T07:03:30Z,4.92,54.69
2026-08-18T07:04:30Z,4.92,54.73
2026-08-18T07:05:30Z,4.92,54.71
2026-08-18T07:06:30Z,4.95,55.2
2026-08-18T07:07:30Z,4.96,55.49
2026-08-18T07:08:30Z,4.96,55.39
2026-08-18T07:09:30Z,4.97,55.6
2026-08-18T07:10:30Z,4.97,55.66
2026-08-18T07:11:30Z,4.98,55.72
2026-08-18T07:12:30Z,4.99,55.98
2026-08-18T07:13:30Z,5,56.17
2026-08-18T07:14:30Z,4.98,55.79
2026-08-18T07:15:30Z,5.03,56.55
2026-08-18T07:16:30Z,5.02,56.44
2026-08-18T07:17:30Z,5.06,57.1
2026-08-18T07:18:30Z,5.1,57.75
2026-08-18T07:19:30Z,5.11,57.9
2026-08-18T07:20:30Z,5.13,58.22
2026-08-18T07:21:30Z,5.13,58.31
2026-08-18T07:22:30Z,5.14,58.46
2026-08-18T07:23:30Z,5.15,58.57
2026-08-18T07:24:30Z,5.17,58.88
2026-08-18T07:25:30Z,5.16,58.8
2026-08-18T07:26:30Z,5.13,58.29
2026-08-18T07:27:30Z,5.17,58.88
2026-08-18T07:28:30Z,5.14,58.46
2026-08-18T07:29:30Z,5.13,58.34
2026-08-18T07:30:30Z,5.16,58.81
2026-08-18T07:31:30Z,5.15,58.63
2026-08-18T07:32:30Z,5.16,58.83
2026-08-18T07:33:30Z,5.18,59.16
2026-08-18T07:34:30Z,5.18,59.1
2026-08-18T07:35:30Z,5.18,59.11
2026-08-18T07:36:30Z,5.18,59.08
2026-08-18T07:37:30Z,5.2,59.44
2026-08-18T07:38:30Z,5.2,59.48
2026-08-18T07:39:30Z,5.21,59.7
2026-08-18T07:40:30Z,5.24,60.09
2026-08-18T07:41:30Z,5.27,60.69
2026-08-18T07:42:30Z,5.26,60.41
2026-08-18T07:43:30Z,5.26,60.55
2026-08-18T07:44:30Z,5.25,60.36
2026-08-18T07:45:30Z,5.26,60.49
2026-08-18T07:46:30Z,5.27,60.57
2026-08-18T07:47:30Z,5.26,60.54
2026-08-18T07:48:30Z,5.27,60.71
2026-08-18T07:49:30Z,5.31,61.3
2026-08-18T07:50:30Z,5.33,61.67
2026-08-18T07:51:30Z,5.32,61.41
2026-08-18T07:52:30Z,5.37,62.29
2026-08-18T07:53:30Z,5.48,64.1
2026-08-18T07:54:30Z,5.56,65.47
2026-08-18T07:55:30Z,5.59,65.97
2026-08-18T07:56:30Z,5.61,66.31
2026-08-18T07:57:30Z,5.62,66.54
2026-08-18T07:58:30Z,5.63,66.64
2026-08-18T07:59:30Z,5.65,66.97
2026-08-18T08:00:30Z,5.65,67.06
2026-08-18T08:01:30Z,5.68,67.48
2026-08-18T08:02:30Z,5.71,67.97
2026-08-18T08:03:30Z,5.7,67.81
2026-08-18T08:04:30Z,5.71,67.96
2026-08-18T08:05:30Z,5.7,67.95
2026-08-18T08:06:30Z,5.72,68.2
2026-08-18T08:07:30Z,5.72,68.28
2026-08-18T08:08:30Z,5.7,67.93
2026-08-18T08:09:30Z,5.71,67.99
2026-08-18T08:10:30Z,5.72,68.18
2026-08-18T08:11:30Z,5.72,68.21
2026-08-18T08:12:30Z,5.72,68.24
2026-08-18T08:13:30Z,5.72,68.21
2026-08-18T08:14:30Z,5.73,68.37
2026-08-18T08:15:30Z,5.75,68.74
2026-08-18T08:16:30Z,5.73,68.39
2026-08-18T08:17:30Z,5.74,68.59
2026-08-18T08:18:30Z,5.75,68.65
2026-08-18T08:19:30Z,5.75,68.69
2026-08-18T08:20:30Z,5.75,68.76
2026-08-18T08:21:30Z,5.77,69.04
2026-08-18T08:22:30Z,5.77,69
2026-08-18T08:23:30Z,5.78,69.24
2026-08-18T08:24:30Z,5.79,69.33
2026-08-18T08:25:30Z,5.79,69.32
2026-08-18T08:26:30Z,5.78,69.15
2026-08-18T08:27:30Z,5.78,69.15
2026-08-18T08:28:30Z,5.8,69.52
2026-08-18T08:29:30Z,5.81,69.68
2026-08-18T08:30:30Z,5.79,69.44
2026-08-18T08:31:30Z,5.8,69.52
2026-08-18T08:32:30Z,5.81,69.64
2026-08-18T08:33:30Z,5.8,69.54
2026-08-18T08:34:30Z,5.8,69.52
2026-08-18T08:35:30Z,5.82,69.82
2026-08-18T08:36:30Z,5.82,69.85
2026-08-18T08:37:30Z,5.82,69.95
2026-08-18T08:38:30Z,5.84,70.26
2026-08-18T08:39:30Z,5.85,70.33
2026-08-18T08:40:30Z,5.84,70.2
2026-08-18T08:41:30Z,5.83,70.05
2026-08-18T08:42:30Z,5.84,70.22
2026-08-18T08:43:30Z,5.84,70.17
2026-08-18T08:44:30Z,5.84,70.27
2026-08-18T08:45:30Z,5.84,70.23
2026-08-18T08:46:30Z,5.85,70.41
2026-08-18T08:47:30Z,5.86,70.62
2026-08-18T08:48:30Z,5.85,70.43
2026-08-18T08:49:30Z,5.85,70.4
2026-08-18T08:50:30Z,5.85,70.42
2026-08-18T08:51:30Z,5.85,70.43
2026-08-18T08:52:30Z,5.85,70.47
2026-08-18T08:53:30Z,5.85,70.43
2026-08-18T08:54:30Z,5.84,70.29
2026-08-18T08:55:30Z,5.84,70.27
2026-08-18T08:56:30Z,5.85,70.34
2026-08-18T08:57:30Z,5.84,70.28
2026-08-18T08:58:30Z,5.86,70.52
2026-08-18T08:59:30Z,5.84,70.23
2026-08-18T09:00:30Z,5.85,70.31
2026-08-18T09:01:30Z,5.83,70.03
2026-08-18T09:02:30Z,5.82,69.96
2026-08-18T09:03:30Z,5.83,70.11
2026-08-18T09:04:30Z,5.82,69.87
2026-08-18T09:05:30Z,5.83,70.01
2026-08-18T09:06:30Z,5.83,70.01
2026-08-18T09:07:30Z,5.81,69.65
2026-08-18T09:08:30Z,5.81,69.73
2026-08-18T09:09:30Z,5.83,70.04
2026-08-18T09:10:30Z,5.8,69.54
2026-08-18T09:11:30Z,5.82,69.88
2026-08-18T09:12:30Z,5.81,69.66
2026-08-18T09:13:30Z,5.8,69.52
2026-08-18T09:14:30Z,5.8,69.54
2026-08-18T09:15:30Z,5.81,69.67
2026-08-18T09:16:30Z,5.78,69.29
2026-08-18T09:17:30Z,5.8,69.53
2026-08-18T09:18:30Z,5.81,69.66
2026-08-18T09:19:30Z,5.81,69.78
2026-08-18T09:20:30Z,5.81,69.65
2026-08-18T09:21:30Z,5.82,69.87
2026-08-18T09:22:30Z,5.82,69.86
2026-08-18T09:23:30Z,5.84,70.16
2026-08-18T09:24:30Z,5.84,70.27
2026-08-18T09:25:30Z,5.84,70.26
2026-08-18T09:26:30Z,5.85,70.33
2026-08-18T09:27:30Z,5.85,70.33
2026-08-18T09:28:30Z,5.83,70.08
2026-08-18T09:29:30Z,5.84,70.16
2026-08-18T09:30:30Z,5.84,70.27
2026-08-18T09:31:30Z,5.84,70.29
2026-08-18T09:32:30Z,5.83,70.13
2026-08-18T09:33:30Z,5.84,70.18
2026-08-18T09:34:30Z,5.84,70.24
2026-08-18T09:35:30Z,5.84,70.23
2026-08-18T09:36:30Z,5.86,70.52
2026-08-18T09:37:30Z,5.87,70.7
2026-08-18T09:38:30Z,5.86,70.55
2026-08-18T09:39:30Z,5.88,70.91
2026-08-18T09:40:30Z,5.88,70.92
2026-08-18T09:41:30Z,5.88,70.96
2026-08-18T09:42:30Z,5.9,71.29
2026-08-18T09:43:30Z,5.91,71.34
2026-08-18T09:44:30Z,5.91,71.46
2026-08-18T09:45:30Z,5.89,71.14
2026-08-18T09:46:30Z,5.91,71.36
2026-08-18T09:47:30Z,5.92,71.5
2026-08-18T09:48:30Z,5.93,71.67
2026-08-18T09:49:30Z,5.92,71.6
2026-08-18T09:50:30Z,5.93,71.65
2026-08-18T09:51:30Z,5.92,71.51
2026-08-18T09:52:30Z,5.93,71.67
2026-08-18T09:53:30Z,5.93,71.69
2026-08-18T09:54:30Z,5.93,71.71
2026-08-18T09:55:30Z,5.93,71.81
2026-08-18T09:56:30Z,5.94,71.82
2026-08-18T09:57:30Z,5.93,71.76
2026-08-18T09:58:30Z,5.93,71.65
2026-08-18T09:59:30Z,5.93,71.8
2026-08-18T10:00:30Z,5.93,71.8
2026-08-18T10:01:30Z,5.93,71.74
2026-08-18T10:02:30Z,5.93,71.7
2026-08-18T10:03:30Z,5.94,71.84
2026-08-18T10:04:30Z,5.93,71.65
2026-08-18T10:05:30Z,5.93,71.79
2026-08-18T10:06:30Z,5.93,71.81
2026-08-18T10:07:30Z,5.93,71.75
2026-08-18T10:08:30Z,5.94,71.91
2026-08-18T10:09:30Z,5.95,72.15
2026-08-18T10:10:30Z,5.96,72.22
2026-08-18T10:11:30Z,5.96,72.27
2026-08-18T10:12:30Z,5.97,72.34
2026-08-18T10:13:30Z,5.97,72.47
2026-08-18T10:14:30Z,5.97,72.46
2026-08-18T10:15:30Z,5.97,72.4
2026-08-18T10:16:30Z,5.95,72.11
2026-08-18T10:17:30Z,5.97,72.39
2026-08-18T10:18:30Z,5.97,72.41
2026-08-18T10:19:30Z,5.96,72.29
2026-08-18T10:20:30Z,5.97,72.41
2026-08-18T10:21:30Z,5.97,72.42
2026-08-18T10:22:30Z,5.98,72.63
2026-08-18T10:23:30Z,5.98,72.6
2026-08-18T10:24:30Z,5.98,72.53
2026-08-18T10:25:30Z,5.98,72.57
2026-08-18T10:26:30Z,5.97,72.4
2026-08-18T10:27:30Z,5.98,72.53
2026-08-18T10:28:30Z,5.96,72.27
2026-08-18T10:29:30Z,5.96,72.32
2026-08-18T10:30:30Z,5.97,72.33
2026-08-18T10:31:30Z,5.94,71.98
2026-08-18T10:32:30Z,5.95,72.08
2026-08-18T10:33:30Z,5.95,72.1
2026-08-18T10:34:30Z,5.95,72.11
2026-08-18T10:35:30Z,5.96,72.21
2026-08-18T10:36:30Z,5.95,72.1
2026-08-18T10:37:30Z,5.95,72.03
2026-08-18T10:38:30Z,5.95,72.13
2026-08-18T10:39:30Z,5.95,72.11
2026-08-18T10:40:30Z,5.95,72.02
2026-08-18T10:41:30Z,5.94,71.84
2026-08-18T10:42:30Z,5.94,71.85
2026-08-18T10:43:30Z,5.93,71.73
2026-08-18T10:44:30Z,5.94,71.83
2026-08-18T10:45:30Z,5.93,71.69
2026-08-18T10:46:30Z,5.91,71.39
2026-08-18T10:47:30Z,5.91,71.41
2026-08-18T10:48:30Z,5.91,71.37
2026-08-18T10:49:30Z,5.91,71.41
2026-08-18T10:50:30Z,5.92,71.62
2026-08-18T10:51:30Z,5.89,70.99
2026-08-18T10:52:30Z,5.88,70.85
2026-08-18T10:53:30Z,5.9,71.26
2026-08-18T10:54:30Z,5.9,71.19
2026-08-18T10:55:30Z,5.88,70.84
2026-08-18T10:56:30Z,5.88,70.83
2026-08-18T10:57:30Z,5.87,70.79
2026-08-18T10:58:30Z,5.88,70.96
2026-08-18T10:59:30Z,5.87,70.75
2026-08-18T11:00:30Z,5.87,70.74
2026-08-18T11:01:30Z,5.85,70.35
2026-08-18T11:02:30Z,5.84,70.27
2026-08-18T11:03:30Z,5.84,70.19
2026-08-18T11:04:30Z,5.83,70.02
2026-08-18T11:05:30Z,5.84,70.19
2026-08-18T11:06:30Z,5.83,70.1
2026-08-18T11:07:30Z,5.84,70.14
2026-08-18T11:08:30Z,5.83,70.1
2026-08-18T11:09:30Z,5.83,70.04
2026-08-18T11:10:30Z,5.84,70.15
2026-08-18T11:11:30Z,5.86,70.48
2026-08-18T11:12:30Z,5.83,70.03
2026-08-18T11:13:30Z,5.83,70.04
2026-08-18T11:14:30Z,5.82,69.86
2026-08-18T11:15:30Z,5.82,69.9
2026-08-18T11:16:30Z,5.82,69.93
2026-08-18T11:17:30Z,5.82,69.9
2026-08-18T11:18:30Z,5.82,69.89
2026-08-18T11:19:30Z,5.81,69.78
2026-08-18T11:20:30Z,5.83,69.99
2026-08-18T11:21:30Z,5.84,70.15
2026-08-18T11:22:30Z,5.82,69.85
2026-08-18T11:23:30Z,5.83,69.98
2026-08-18T11:24:30Z,5.81,69.78
2026-08-18T11:25:30Z,5.82,69.86
2026-08-18T11:26:30Z,5.82,69.88
2026-08-18T11:27:30Z,5.82,69.84
2026-08-18T11:28:30Z,5.82,69.9
2026-08-18T11:29:30Z,5.82,69.94
2026-08-18T11:30:30Z,5.83,69.98
2026-08-18T11:31:30Z,5.82,69.93
2026-08-18T11:32:30Z,5.82,69.87
2026-08-18T11:33:30Z,5.82,69.82
2026-08-18T11:34:30Z,5.83,70.02
2026-08-18T11:35:30Z,5.82,69.96
2026-08-18T11:36:30Z,5.81,69.74
2026-08-18T11:37:30Z,5.83,70
2026-08-18T11:38:30Z,5.8,69.62
2026-08-18T11:39:30Z,5.82,69.82
2026-08-18T11:40:30Z,5.81,69.68
2026-08-18T11:41:30Z,5.82,69.83
2026-08-18T11:42:30Z,5.81,69.78
2026-08-18T11:43:30Z,5.8,69.5
2026-08-18T11:44:30Z,5.8,69.51
2026-08-18T11:45:30Z,5.8,69.59
2026-08-18T11:46:30Z,5.8,69.47
2026-08-18T11:47:30Z,5.8,69.59
2026-08-18T11:48:30Z,5.79,69.34
2026-08-18T11:49:30Z,5.79,69.36
2026-08-18T11:50:30Z,5.79,69.4
2026-08-18T11:51:30Z,5.8,69.47
2026-08-18T11:52:30Z,5.79,69.39
2026-08-18T11:53:30Z,5.79,69.32
2026-08-18T11:54:30Z,5.78,69.21
2026-08-18T11:55:30Z,5.78,69.2
2026-08-18T11:56:30Z,5.77,69.03
2026-08-18T11:57:30Z,5.77,69.02
2026-08-18T11:58:30Z,5.77,69.03
2026-08-18T11:59:30Z,5.76,68.9
2026-08-18T12:00:30Z,5.76,68.91
2026-08-18T12:01:30Z,5.7,67.82
2026-08-18T12:02:30Z,5.69,67.68
2026-08-18T12:03:30Z,5.65,67
2026-08-18T12:04:30Z,5.62,66.55
2026-08-18T12:05:30Z,5.63,66.73
2026-08-18T12:06:30Z,5.62,66.45
2026-08-18T12:07:30Z,5.59,66.01
2026-08-18T12:08:30Z,5.55,65.39
2026-08-18T12:09:30Z,5.54,65.13
2026-08-18T12:10:30Z,5.54,65.14
2026-08-18T12:11:30Z,5.55,65.3
2026-08-18T12:12:30Z,5.54,65.24
2026-08-18T12:13:30Z,5.54,65.17
2026-08-18T12:14:30Z,5.52,64.76
2026-08-18T12:15:30Z,5.52,64.9
2026-08-18T12:16:30Z,5.53,64.99
2026-08-18T12:17:30Z,5.51,64.64
2026-08-18T12:18:30Z,5.49,64.37
2026-08-18T12:19:30Z,5.5,64.47
2026-08-18T12:20:30Z,5.5,64.53
2026-08-18T12:21:30Z,5.51,64.72
2026-08-18T12:22:30Z,5.52,64.79
2026-08-18T12:23:30Z,5.53,64.95
2026-08-18T12:24:30Z,5.5,64.54
2026-08-18T12:25:30Z,5.5,64.55
2026-08-18T12:26:30Z,5.47,63.98
2026-08-18T12:27:30Z,5.48,64.09
2026-08-18T12:28:30Z,5.5,64.44
2026-08-18T12:29:30Z,5.51,64.68
2026-08-18T12:30:30Z,5.53,64.97
2026-08-18T12:31:30Z,5.51,64.61
2026-08-18T12:32:30Z,5.51,64.71
2026-08-18T12:33:30Z,5.51,64.74
2026-08-18T12:34:30Z,5.52,64.83
2026-08-18T12:35:30Z,5.52,64.85
2026-08-18T12:36:30Z,5.52,64.81
2026-08-18T12:37:30Z,5.53,64.99
2026-08-18T12:38:30Z,5.53,65.01
2026-08-18T12:39:30Z,5.53,65.03
2026-08-18T12:40:30Z,5.55,65.34
2026-08-18T12:41:30Z,5.53,64.94
2026-08-18T12:42:30Z,5.53,65.08
2026-08-18T12:43:30Z,5.55,65.31
2026-08-18T12:44:30Z,5.54,65.22
2026-08-18T12:45:30Z,5.55,65.36
2026-08-18T12:46:30Z,5.55,65.38
2026-08-18T12:47:30Z,5.57,65.62
2026-08-18T12:48:30Z,5.56,65.56
2026-08-18T12:49:30Z,5.57,65.66
2026-08-18T12:50:30Z,5.57,65.7
2026-08-18T12:51:30Z,5.58,65.87
2026-08-18T12:52:30Z,5.58,65.83
2026-08-18T12:53:30Z,5.59,65.94
2026-08-18T12:54:30Z,5.58,65.86
2026-08-18T12:55:30Z,5.6,66.2
2026-08-18T12:56:30Z,5.58,65.78
2026-08-18T12:57:30Z,5.57,65.72
2026-08-18T12:58:30Z,5.59,66.07
2026-08-18T12:59:30Z,5.59,66.04
2026-08-18T13:00:30Z,5.61,66.37
2026-08-18T13:01:30Z,5.62,66.44
2026-08-18T13:02:30Z,5.62,66.55
2026-08-18T13:03:30Z,5.63,66.7
2026-08-18T13:04:30Z,5.63,66.72
2026-08-18T13:05:30Z,5.64,66.9
2026-08-18T13:06:30Z,5.65,67.02
2026-08-18T13:07:30Z,5.65,67.06
2026-08-18T13:08:30Z,5.65,67.09
2026-08-18T13:09:30Z,5.64,66.9
2026-08-18T13:10:30Z,5.67,67.36
2026-08-18T13:11:30Z,5.68,67.48
2026-08-18T13:12:30Z,5.69,67.63
2026-08-18T13:13:30Z,5.7,67.89
2026-08-18T13:14:30Z,5.71,67.98
2026-08-18T13:15:30Z,5.71,68.07
2026-08-18T13:16:30Z,5.73,68.31
2026-08-18T13:17:30Z,5.71,68.09
2026-08-18T13:18:30Z,5.73,68.44
2026-08-18T13:19:30Z,5.74,68.52
2026-08-18T13:20:30Z,5.77,68.97
2026-08-18T13:21:30Z,5.75,68.77
2026-08-18T13:22:30Z,5.76,68.95
2026-08-18T13:23:30Z,5.77,69.03
2026-08-18T13:24:30Z,5.77,68.99
2026-08-18T13:25:30Z,5.77,69.11
2026-08-18T13:26:30Z,5.78,69.13
2026-08-18T13:27:30Z,5.78,69.23
2026-08-18T13:28:30Z,5.78,69.26
2026-08-18T13:29:30Z,5.79,69.3
2026-08-18T13:30:30Z,5.79,69.32
2026-08-18T13:31:30Z,5.79,69.45
2026-08-18T13:32:30Z,5.8,69.62
2026-08-18T13:33:30Z,5.81,69.68
2026-08-18T13:34:30Z,5.8,69.49
2026-08-18T13:35:30Z,5.79,69.42
2026-08-18T13:36:30Z,5.79,69.36
2026-08-18T13:37:30Z,5.8,69.58
2026-08-18T13:38:30Z,5.8,69.56
2026-08-18T13:39:30Z,5.79,69.45
2026-08-18T13:40:30Z,5.8,69.63
2026-08-18T13:41:30Z,5.81,69.71
2026-08-18T13:42:30Z,5.81,69.71
2026-08-18T13:43:30Z,5.8,69.53
2026-08-18T13:44:30Z,5.8,69.57
2026-08-18T13:45:30Z,5.81,69.71
2026-08-18T13:46:30Z,5.8,69.61
2026-08-18T13:47:30Z,5.81,69.76
2026-08-18T13:48:30Z,5.8,69.55
2026-08-18T13:49:30Z,5.81,69.64
2026-08-18T13:50:30Z,5.81,69.74
2026-08-18T13:51:30Z,5.82,69.86
2026-08-18T13:52:30Z,5.83,70
2026-08-18T13:53:30Z,5.83,69.98
2026-08-18T13:54:30Z,5.82,69.96
2026-08-18T13:55:30Z,5.83,70.01
2026-08-18T13:56:30Z,5.83,70.13
2026-08-18T13:57:30Z,5.84,70.23
2026-08-18T13:58:30Z,5.84,70.24
2026-08-18T13:59:30Z,5.85,70.34
2026-08-18T14:00:30Z,5.85,70.45
2026-08-18T14:01:30Z,5.86,70.52
2026-08-18T14:02:30Z,5.85,70.47
2026-08-18T14:03:30Z,5.86,70.62
2026-08-18T14:04:30Z,5.87,70.71
2026-08-18T14:05:30Z,5.88,70.91
2026-08-18T14:06:30Z,5.88,70.97
2026-08-18T14:07:30Z,5.88,70.87
2026-08-18T14:08:30Z,5.88,70.87
2026-08-18T14:09:30Z,5.88,70.91
2026-08-18T14:10:30Z,5.88,70.86
2026-08-18T14:11:30Z,5.88,70.96
2026-08-18T14:12:30Z,5.89,71.08
2026-08-18T14:13:30Z,5.89,71.08
2026-08-18T14:14:30Z,5.89,71.09
2026-08-18T14:15:30Z,5.9,71.15
2026-08-18T14:16:30Z,5.9,71.31
2026-08-18T14:17:30Z,5.91,71.38
2026-08-18T14:18:30Z,5.91,71.45
2026-08-18T14:19:30Z,5.91,71.33
2026-08-18T14:20:30Z,5.91,71.35
2026-08-18T14:21:30Z,5.91,71.34
2026-08-18T14:22:30Z,5.92,71.52
2026-08-18T14:23:30Z,5.91,71.42
2026-08-18T14:24:30Z,5.91,71.48
2026-08-18T14:25:30Z,5.92,71.62
2026-08-18T14:26:30Z,5.93,71.66
2026-08-18T14:27:30Z,5.93,71.78
2026-08-18T14:28:30Z,5.93,71.73
2026-08-18T14:29:30Z,5.93,71.78
2026-08-18T14:30:30Z,5.94,71.89
2026-08-18T14:31:30Z,5.94,71.89
2026-08-18T14:32:30Z,5.94,71.87
2026-08-18T14:33:30Z,5.94,71.9
2026-08-18T14:34:30Z,5.94,71.96
2026-08-18T14:35:30Z,5.95,71.99
2026-08-18T14:36:30Z,5.94,71.93
2026-08-18T14:37:30Z,5.94,71.9
2026-08-18T14:38:30Z,5.94,71.89
2026-08-18T14:39:30Z,5.94,71.93
2026-08-18T14:40:30Z,5.95,72.07
2026-08-18T14:41:30Z,5.94,71.97
2026-08-18T14:42:30Z,5.95,71.99
2026-08-18T14:43:30Z,5.95,72.09
2026-08-18T14:44:30Z,5.95,72.03
2026-08-18T14:45:30Z,5.95,72.12
2026-08-18T14:46:30Z,5.96,72.19
2026-08-18T14:47:30Z,5.95,72.15
2026-08-18T14:48:30Z,5.96,72.2
2026-08-18T14:49:30Z,5.96,72.2
2026-08-18T14:50:30Z,5.96,72.31
2026-08-18T14:51:30Z,5.96,72.23
2026-08-18T14:52:30Z,5.96,72.23
2026-08-18T14:53:30Z,5.96,72.24
2026-08-18T14:54:30Z,5.97,72.34
2026-08-18T14:55:30Z,5.96,72.26
2026-08-18T14:56:30Z,5.96,72.28
2026-08-18T14:57:30Z,5.97,72.33
2026-08-18T14:58:30Z,5.96,72.27
2026-08-18T14:59:30Z,5.97,72.38
2026-08-18T15:00:30Z,5.97,72.42
2026-08-18T15:01:30Z,5.97,72.36
2026-08-18T15:02:30Z,5.96,72.24
2026-08-18T15:03:30Z,5.95,72.07
2026-08-18T15:04:30Z,5.95,72.06
2026-08-18T15:05:30Z,5.95,71.99
2026-08-18T15:06:30Z,5.95,72.03
2026-08-18T15:07:30Z,5.95,72
2026-08-18T15:08:30Z,5.94,71.82
2026-08-18T15:09:30Z,5.94,71.91
2026-08-18T15:10:30Z,5.94,71.98
2026-08-18T15:11:30Z,5.94,71.96
2026-08-18T15:12:30Z,5.94,71.97
2026-08-18T15:13:30Z,5.95,72.03
2026-08-18T15:14:30Z,5.94,71.88
2026-08-18T15:15:30Z,5.94,71.91
2026-08-18T15:16:30Z,5.94,71.95
2026-08-18T15:17:30Z,5.93,71.77
2026-08-18T15:18:30Z,5.93,71.75
2026-08-18T15:19:30Z,5.93,71.76
2026-08-18T15:20:30Z,5.93,71.78
2026-08-18T15:21:30Z,5.93,71.79
2026-08-18T15:22:30Z,5.94,71.82
2026-08-18T15:23:30Z,5.93,71.71
2026-08-18T15:24:30Z,5.93,71.79
2026-08-18T15:25:30Z,5.94,71.93
2026-08-18T15:26:30Z,5.95,72.07
2026-08-18T15:27:30Z,5.96,72.2
2026-08-18T15:28:30Z,5.95,72.08
2026-08-18T15:29:30Z,5.95,72.14
2026-08-18T15:30:30Z,5.96,72.16
2026-08-18T15:31:30Z,5.95,72.12
2026-08-18T15:32:30Z,5.94,71.97
2026-08-18T15:33:30Z,5.95,72.04
2026-08-18T15:34:30Z,5.95,72.14
2026-08-18T15:35:30Z,5.95,72.06
2026-08-18T15:36:30Z,5.94,71.83
2026-08-18T15:37:30Z,5.95,72.07
2026-08-18T15:38:30Z,5.94,71.94
2026-08-18T15:39:30Z,5.94,71.86
2026-08-18T15:40:30Z,5.93,71.69
2026-08-18T15:41:30Z,5.93,71.7
2026-08-18T15:42:30Z,5.93,71.8
2026-08-18T15:43:30Z,5.92,71.57
2026-08-18T15:44:30Z,5.9,71.15
2026-08-18T15:45:30Z,5.89,71.07
2026-08-18T15:46:30Z,5.89,71.04
2026-08-18T15:47:30Z,5.88,70.9
2026-08-18T15:48:30Z,5.88,70.83
2026-08-18T15:49:30Z,5.87,70.73
2026-08-18T15:50:30Z,5.86,70.5
2026-08-18T15:51:30Z,5.86,70.48
2026-08-18T15:52:30Z,5.85,70.41
2026-08-18T15:53:30Z,5.85,70.35
2026-08-18T15:54:30Z,5.83,69.99
2026-08-18T15:55:30Z,5.83,70.07
2026-08-18T15:56:30Z,5.83,70.12
2026-08-18T15:57:30Z,5.82,69.88
2026-08-18T15:58:30Z,5.81,69.68
2026-08-18T15:59:30Z,5.81,69.64
2026-08-18T16:00:30Z,5.8,69.6
2026-08-18T16:01:30Z,5.79,69.45
2026-08-18T16:02:30Z,5.78,69.23
2026-08-18T16:03:30Z,5.76,68.9
2026-08-18T16:04:30Z,5.77,69.03
2026-08-18T16:05:30Z,5.76,68.92
2026-08-18T16:06:30Z,5.75,68.63
2026-08-18T16:07:30Z,5.75,68.72
2026-08-18T16:08:30Z,5.75,68.7
2026-08-18T16:09:30Z,5.75,68.75
2026-08-18T16:10:30Z,5.73,68.35
2026-08-18T16:11:30Z,5.71,68.05
2026-08-18T16:12:30Z,5.71,68.01
2026-08-18T16:13:30Z,5.7,67.92
2026-08-18T16:14:30Z,5.69,67.64
2026-08-18T16:15:30Z,5.67,67.39
2026-08-18T16:16:30Z,5.68,67.46
2026-08-18T16:17:30Z,5.67,67.36
2026-08-18T16:18:30Z,5.67,67.3
2026-08-18T16:19:30Z,5.67,67.28
2026-08-18T16:20:30Z,5.67,67.31
2026-08-18T16:21:30Z,5.67,67.3
2026-08-18T16:22:30Z,5.67,67.31
2026-08-18T16:23:30Z,5.66,67.19
2026-08-18T16:24:30Z,5.66,67.25
2026-08-18T16:25:30Z,5.66,67.26
2026-08-18T16:26:30Z,5.67,67.39
2026-08-18T16:27:30Z,5.67,67.34
2026-08-18T16:28:30Z,5.67,67.28
2026-08-18T16:29:30Z,5.67,67.3
2026-08-18T16:30:30Z,5.67,67.34
2026-08-18T16:31:30Z,5.67,67.36
2026-08-18T16:32:30Z,5.67,67.43
2026-08-18T16:33:30Z,5.67,67.44
2026-08-18T16:34:30Z,5.68,67.52
2026-08-18T16:35:30Z,5.68,67.59
2026-08-18T16:36:30Z,5.68,67.58
2026-08-18T16:37:30Z,5.69,67.65
2026-08-18T16:38:30Z,5.69,67.69
2026-08-18T16:39:30Z,5.69,67.74
2026-08-18T16:40:30Z,5.69,67.76
2026-08-18T16:41:30Z,5.7,67.94
2026-08-18T16:42:30Z,5.7,67.93
2026-08-18T16:43:30Z,5.71,68.05
2026-08-18T16:44:30Z,5.71,68.1
2026-08-18T16:45:30Z,5.72,68.15
2026-08-18T16:46:30Z,5.72,68.12
2026-08-18T16:47:30Z,5.72,68.24
2026-08-18T16:48:30Z,5.7,67.92
2026-08-18T16:49:30Z,5.71,68.02
2026-08-18T16:50:30Z,5.71,68.09
2026-08-18T16:51:30Z,5.73,68.29
2026-08-18T16:52:30Z,5.72,68.17
2026-08-18T16:53:30Z,5.72,68.19
2026-08-18T16:54:30Z,5.73,68.34
2026-08-18T16:55:30Z,5.72,68.24
2026-08-18T16:56:30Z,5.72,68.28
2026-08-18T16:57:30Z,5.72,68.22
2026-08-18T16:58:30Z,5.72,68.19
2026-08-18T16:59:30Z,5.72,68.16
2026-08-18T17:00:30Z,5.72,68.28
2026-08-18T17:01:30Z,5.72,68.23
2026-08-18T17:02:30Z,5.72,68.27
2026-08-18T17:03:30Z,5.73,68.32
2026-08-18T17:04:30Z,5.73,68.3
2026-08-18T17:05:30Z,5.73,68.39
2026-08-18T17:06:30Z,5.72,68.25
2026-08-18T17:07:30Z,5.72,68.27
2026-08-18T17:08:30Z,5.73,68.44
2026-08-18T17:09:30Z,5.74,68.47
2026-08-18T17:10:30Z,5.74,68.47
2026-08-18T17:11:30Z,5.74,68.51
2026-08-18T17:12:30Z,5.74,68.55
2026-08-18T17:13:30Z,5.75,68.78
2026-08-18T17:14:30Z,5.76,68.8
2026-08-18T17:15:30Z,5.76,68.81
2026-08-18T17:16:30Z,5.76,68.8
2026-08-18T17:17:30Z,5.76,68.83
2026-08-18T17:18:30Z,5.76,68.89
2026-08-18T17:19:30Z,5.76,68.91
2026-08-18T17:20:30Z,5.77,69.02
2026-08-18T17:21:30Z,5.77,68.96
2026-08-18T17:22:30Z,5.76,68.94
2026-08-18T17:23:30Z,5.77,69.06
2026-08-18T17:24:30Z,5.77,69.09
2026-08-18T17:25:30Z,5.76,68.9
2026-08-18T17:26:30Z,5.77,69.06
2026-08-18T17:27:30Z,5.77,69.03
2026-08-18T17:28:30Z,5.77,69.09
2026-08-18T17:29:30Z,5.78,69.14
2026-08-18T17:30:30Z,5.77,69.06
2026-08-18T17:31:30Z,5.77,69.05
2026-08-18T17:32:30Z,5.78,69.23
2026-08-18T17:33:30Z,5.78,69.2
2026-08-18T17:34:30Z,5.78,69.29
2026-08-18T17:35:30Z,5.78,69.14
2026-08-18T17:36:30Z,5.78,69.16
2026-08-18T17:37:30Z,5.78,69.18
2026-08-18T17:38:30Z,5.78,69.17
2026-08-18T17:39:30Z,5.78,69.19
2026-08-18T17:40:30Z,5.78,69.21
2026-08-18T17:41:30Z,5.78,69.24
2026-08-18T17:42:30Z,5.78,69.29
2026-08-18T17:43:30Z,5.79,69.41
2026-08-18T17:44:30Z,5.79,69.34
2026-08-18T17:45:30Z,5.79,69.44
2026-08-18T17:46:30Z,5.79,69.38
2026-08-18T17:47:30Z,5.78,69.22
2026-08-18T17:48:30Z,5.79,69.4
2026-08-18T17:49:30Z,5.79,69.32
2026-08-18T17:50:30Z,5.78,69.25
2026-08-18T17:51:30Z,5.78,69.23
2026-08-18T17:52:30Z,5.78,69.22
2026-08-18T17:53:30Z,5.79,69.3
2026-08-18T17:54:30Z,5.79,69.31
2026-08-18T17:55:30Z,5.79,69.33
2026-08-18T17:56:30Z,5.79,69.38
2026-08-18T17:57:30Z,5.79,69.31
2026-08-18T17:58:30Z,5.79,69.37
2026-08-18T17:59:30Z,5.79,69.42
2026-08-18T18:00:30Z,5.79,69.39
2026-08-18T18:01:30Z,5.79,69.33
2026-08-18T18:02:30Z,5.79,69.38
2026-08-18T18:03:30Z,5.79,69.34
2026-08-18T18:04:30Z,5.78,69.28
2026-08-18T18:05:30Z,5.79,69.35
2026-08-18T18:06:30Z,5.79,69.37
2026-08-18T18:07:30Z,5.77,69.12
2026-08-18T18:08:30Z,5.78,69.15
2026-08-18T18:09:30Z,5.78,69.2
2026-08-18T18:10:30Z,5.79,69.31
2026-08-18T18:11:30Z,5.8,69.51
2026-08-18T18:12:30Z,5.8,69.53
2026-08-18T18:13:30Z,5.8,69.52
2026-08-18T18:14:30Z,5.8,69.59
2026-08-18T18:15:30Z,5.8,69.6
2026-08-18T18:16:30Z,5.8,69.56
2026-08-18T18:17:30Z,5.8,69.62
2026-08-18T18:18:30Z,5.8,69.47
2026-08-18T18:19:30Z,5.79,69.34
2026-08-18T18:20:30Z,5.78,69.2
2026-08-18T18:21:30Z,5.78,69.19
2026-08-18T18:22:30Z,5.77,69.1
2026-08-18T18:23:30Z,5.78,69.23
2026-08-18T18:24:30Z,5.78,69.27
2026-08-18T18:25:30Z,5.79,69.33
2026-08-18T18:26:30Z,5.79,69.38
2026-08-18T18:27:30Z,5.79,69.43
2026-08-18T18:28:30Z,5.8,69.52
2026-08-18T18:29:30Z,5.8,69.57
2026-08-18T18:30:30Z,5.81,69.65
2026-08-18T18:31:30Z,5.8,69.6
2026-08-18T18:32:30Z,5.8,69.59
2026-08-18T18:33:30Z,5.81,69.64
2026-08-18T18:34:30Z,5.81,69.76
2026-08-18T18:35:30Z,5.81,69.77
2026-08-18T18:36:30Z,5.81,69.78
2026-08-18T18:37:30Z,5.82,69.87
2026-08-18T18:38:30Z,5.83,69.97
2026-08-18T18:39:30Z,5.83,70.09
2026-08-18T18:40:30Z,5.83,70.02
2026-08-18T18:41:30Z,5.83,70.12
2026-08-18T18:42:30Z,5.84,70.16
2026-08-18T18:43:30Z,5.84,70.23
2026-08-18T18:44:30Z,5.85,70.37
2026-08-18T18:45:30Z,5.85,70.43
2026-08-18T18:46:30Z,5.85,70.47
2026-08-18T18:47:30Z,5.86,70.63
2026-08-18T18:48:30Z,5.87,70.67
2026-08-18T18:49:30Z,5.87,70.67
2026-08-18T18:50:30Z,5.87,70.73
2026-08-18T18:51:30Z,5.88,70.84
2026-08-18T18:52:30Z,5.88,70.81
2026-08-18T18:53:30Z,5.87,70.78
2026-08-18T18:54:30Z,5.87,70.78
2026-08-18T18:55:30Z,5.87,70.73
2026-08-18T18:56:30Z,5.88,70.82
2026-08-18T18:57:30Z,5.88,70.89
2026-08-18T18:58:30Z,5.88,70.93
2026-08-18T18:59:30Z,5.89,70.99
2026-08-18T19:00:30Z,5.89,71.05
2026-08-18T19:01:30Z,5.89,71.06
2026-08-18T19:02:30Z,5.89,71
2026-08-18T19:03:30Z,5.89,71.04
2026-08-18T19:04:30Z,5.89,71.12
2026-08-18T19:05:30Z,5.9,71.28
2026-08-18T19:06:30Z,5.91,71.32
2026-08-18T19:07:30Z,5.91,71.42
2026-08-18T19:08:30Z,5.92,71.58
2026-08-18T19:09:30Z,5.93,71.77
2026-08-18T19:10:30Z,5.94,71.85
2026-08-18T19:11:30Z,5.94,71.98
2026-08-18T19:12:30Z,5.95,72.08
2026-08-18T19:13:30Z,5.96,72.23
2026-08-18T19:14:30Z,5.96,72.2
2026-08-18T19:15:30Z,5.96,72.2
2026-08-18T19:16:30Z,5.96,72.3
2026-08-18T19:17:30Z,5.96,72.32
2026-08-18T19:18:30Z,5.97,72.38
2026-08-18T19:19:30Z,5.98,72.54
2026-08-18T19:20:30Z,5.98,72.56
2026-08-18T19:21:30Z,5.98,72.65
2026-08-18T19:22:30Z,5.98,72.58
2026-08-18T19:23:30Z,5.99,72.68
2026-08-18T19:24:30Z,5.99,72.74
2026-08-18T19:25:30Z,6,72.94
2026-08-18T19:26:30Z,6.01,73.02
2026-08-18T19:27:30Z,6.01,73.02
2026-08-18T19:28:30Z,6.02,73.21
2026-08-18T19:29:30Z,6.03,73.38
2026-08-18T19:30:30Z,6.01,73.11
2026-08-18T19:31:30Z,6.01,73.12
2026-08-18T19:32:30Z,6.02,73.26
2026-08-18T19:33:30Z,6.03,73.48
2026-08-18T19:34:30Z,6.04,73.51
2026-08-18T19:35:30Z,6.05,73.7
2026-08-18T19:36:30Z,6.05,73.68
2026-08-18T19:37:30Z,6.05,73.74
2026-08-18T19:38:30Z,6.05,73.83
2026-08-18T19:39:30Z,6.06,73.91
2026-08-18T19:40:30Z,6.06,73.97
2026-08-18T19:41:30Z,6.06,73.87
2026-08-18T19:42:30Z,6.06,73.92
2026-08-18T19:43:30Z,6.06,73.86
2026-08-18T19:44:30Z,6.06,73.97
2026-08-18T19:45:30Z,6.06,74
2026-08-18T19:46:30Z,6.08,74.18
2026-08-18T19:47:30Z,6.07,74.17
2026-08-18T19:48:30Z,6.08,74.2
2026-08-18T19:49:30Z,6.08,74.26
2026-08-18T19:50:30Z,6.08,74.2
2026-08-18T19:51:30Z,6.08,74.32
2026-08-18T19:52:30Z,6.08,74.33
2026-08-18T19:53:30Z,6.09,74.41
2026-08-18T19:54:30Z,6.09,74.47
2026-08-18T19:55:30Z,6.09,74.44
2026-08-18T19:56:30Z,6.09,74.48
2026-08-18T19:57:30Z,6.09,74.38
2026-08-18T19:58:30Z,6.09,74.44
2026-08-18T19:59:30Z,6.09,74.42
2026-08-18T20:00:30Z,6.09,74.36
2026-08-18T20:01:30Z,6.09,74.35
2026-08-18T20:02:30Z,6.07,74.03
2026-08-18T20:03:30Z,6.06,73.89
2026-08-18T20:04:30Z,6.06,73.93
2026-08-18T20:05:30Z,6.07,74.01
2026-08-18T20:06:30Z,6.06,74
2026-08-18T20:07:30Z,6.06,73.96
2026-08-18T20:08:30Z,6.04,73.64
2026-08-18T20:09:30Z,6.04,73.61
2026-08-18T20:10:30Z,6.03,73.39
2026-08-18T20:11:30Z,6.02,73.33
2026-08-18T20:12:30Z,6.03,73.49
2026-08-18T20:13:30Z,6.01,73.13
2026-08-18T20:14:30Z,5.98,72.53
2026-08-18T20:15:30Z,6.01,73.01
2026-08-18T20:16:30Z,6.01,73.02
2026-08-18T20:17:30Z,6.01,73.12
2026-08-18T20:18:30Z,6.02,73.17
2026-08-18T20:19:30Z,6.02,73.23
2026-08-18T20:20:30Z,6.02,73.29
2026-08-18T20:21:30Z,6.02,73.29
2026-08-18T20:22:30Z,6.01,73.1
2026-08-18T20:23:30Z,6.02,73.24
2026-08-18T20:24:30Z,6.02,73.19
2026-08-18T20:25:30Z,6,72.96
2026-08-18T20:26:30Z,6.01,73.09
2026-08-18T20:27:30Z,6.01,73.12
2026-08-18T20:28:30Z,6.01,73.13
2026-08-18T20:29:30Z,6.02,73.22
2026-08-18T20:30:30Z,6.02,73.26
2026-08-18T20:31:30Z,6.02,73.25
2026-08-18T20:32:30Z,6.02,73.28
2026-08-18T20:33:30Z,6.02,73.21
2026-08-18T20:34:30Z,6.01,73.07
2026-08-18T20:35:30Z,6.01,73.02
2026-08-18T20:36:30Z,6,72.95
2026-08-18T20:37:30Z,6,72.91
2026-08-18T20:38:30Z,6,72.87
2026-08-18T20:39:30Z,5.99,72.78
2026-08-18T20:40:30Z,5.99,72.7
2026-08-18T20:41:30Z,5.99,72.79
2026-08-18T20:42:30Z,6,72.99
2026-08-18T20:43:30Z,6.01,73.09
2026-08-18T20:44:30Z,6.01,73
2026-08-18T20:45:30Z,6.01,73.1
2026-08-18T20:46:30Z,6.02,73.26
2026-08-18T20:47:30Z,6.02,73.26
2026-08-18T20:48:30Z,6.03,73.45
2026-08-18T20:49:30Z,6.04,73.6
2026-08-18T20:50:30Z,6.05,73.71
2026-08-18T20:51:30Z,6.05,73.74
2026-08-18T20:52:30Z,6.03,73.48
2026-08-18T20:53:30Z,6.04,73.55
2026-08-18T20:54:30Z,6.04,73.6
2026-08-18T20:55:30Z,6.04,73.61
2026-08-18T20:56:30Z,6.04,73.63
2026-08-18T20:57:30Z,6.04,73.52
2026-08-18T20:58:30Z,6.04,73.66
2026-08-18T20:59:30Z,6.05,73.73
2026-08-18T21:00:30Z,6.06,73.86
2026-08-18T21:01:30Z,6.06,73.86
2026-08-18T21:02:30Z,6.05,73.78
2026-08-18T21:03:30Z,6.05,73.81
2026-08-18T21:04:30Z,6.05,73.79
2026-08-18T21:05:30Z,6.05,73.71
2026-08-18T21:06:30Z,6.05,73.75
2026-08-18T21:07:30Z,6.05,73.7
2026-08-18T21:08:30Z,6.05,73.74
2026-08-18T21:09:30Z,6.05,73.83
2026-08-18T21:10:30Z,6.06,73.87
2026-08-18T21:11:30Z,6.06,73.86
2026-08-18T21:12:30Z,6.06,73.89
2026-08-18T21:13:30Z,6.04,73.65
2026-08-18T21:14:30Z,6.04,73.54
2026-08-18T21:15:30Z,6.04,73.66
2026-08-18T21:16:30Z,6.05,73.69
2026-08-18T21:17:30Z,6.05,73.77
2026-08-18T21:18:30Z,6.06,73.85
2026-08-18T21:19:30Z,6.06,73.91
2026-08-18T21:20:30Z,6.06,73.98
2026-08-18T21:21:30Z,6.07,74.07
2026-08-18T21:22:30Z,6.07,74.07
2026-08-18T21:23:30Z,6.06,73.94
2026-08-18T21:24:30Z,6.06,73.9
2026-08-18T21:25:30Z,6.07,74.01
2026-08-18T21:26:30Z,6.07,74.11
2026-08-18T21:27:30Z,6.1,74.58
2026-08-18T21:28:30Z,6.12,74.87
2026-08-18T21:29:30Z,6.11,74.79
2026-08-18T21:30:30Z,6.11,74.76
2026-08-18T21:31:30Z,6.11,74.75
2026-08-18T21:32:30Z,6.11,74.83
2026-08-18T21:33:30Z,6.14,75.27
2026-08-18T21:34:30Z,6.15,75.36
2026-08-18T21:35:30Z,6.16,75.52
2026-08-18T21:36:30Z,6.16,75.67
2026-08-18T21:37:30Z,6.17,75.82
2026-08-18T21:38:30Z,6.2,76.34
2026-08-18T21:39:30Z,6.21,76.48
2026-08-18T21:40:30Z,6.22,76.56
2026-08-18T21:41:30Z,6.21,76.5
2026-08-18T21:42:30Z,6.22,76.55
2026-08-18T21:43:30Z,6.23,76.71
2026-08-18T21:44:30Z,6.19,76.17
2026-08-18T21:45:30Z,6.2,76.26
2026-08-18T21:46:30Z,6.2,76.26
2026-08-18T21:47:30Z,6.2,76.21
2026-08-18T21:48:30Z,6.21,76.39
2026-08-18T21:49:30Z,6.21,76.45
2026-08-18T21:50:30Z,6.2,76.27
2026-08-18T21:51:30Z,6.18,76.02
2026-08-18T21:52:30Z,6.17,75.75
2026-08-18T21:53:30Z,6.16,75.57
2026-08-18T21:54:30Z,6.14,75.3
2026-08-18T21:55:30Z,6.13,75.13
2026-08-18T21:56:30Z,6.13,75.1
2026-08-18T21:57:30Z,6.12,75
2026-08-18T21:58:30Z,6.12,74.87
2026-08-18T21:59:30Z,6.12,74.94
2026-08-18T22:00:30Z,6.12,74.86
2026-08-18T22:01:30Z,6.12,74.95
2026-08-18T22:02:30Z,6.12,75.01
2026-08-18T22:03:30Z,6.13,75.04
2026-08-18T22:04:30Z,6.13,75.11
2026-08-18T22:05:30Z,6.13,75.11
2026-08-18T22:06:30Z,6.13,75.16
2026-08-18T22:07:30Z,6.14,75.2
2026-08-18T22:08:30Z,6.15,75.4
2026-08-18T22:09:30Z,6.15,75.48
2026-08-18T22:10:30Z,6.15,75.5
2026-08-18T22:11:30Z,6.16,75.58
2026-08-18T22:12:30Z,6.16,75.67
2026-08-18T22:13:30Z,6.16,75.6
2026-08-18T22:14:30Z,6.16,75.54
2026-08-18T22:15:30Z,6.16,75.67
2026-08-18T22:16:30Z,6.16,75.62
2026-08-18T22:17:30Z,6.17,75.74
2026-08-18T22:18:30Z,6.17,75.8
2026-08-18T22:19:30Z,6.17,75.78
2026-08-18T22:20:30Z,6.17,75.7
2026-08-18T22:21:30Z,6.18,75.86
2026-08-18T22:22:30Z,6.19,76.03
2026-08-18T22:23:30Z,6.2,76.24
2026-08-18T22:24:30Z,6.2,76.33
2026-08-18T22:25:30Z,6.21,76.46
2026-08-18T22:26:30Z,6.2,76.32
2026-08-18T22:27:30Z,6.2,76.24
2026-08-18T22:28:30Z,6.2,76.3
2026-08-18T22:29:30Z,6.21,76.4
2026-08-18T22:30:30Z,6.19,76.04
2026-08-18T22:31:30Z,6.16,75.6
2026-08-18T22:32:30Z,6.15,75.39
2026-08-18T22:33:30Z,6.14,75.3
2026-08-18T22:34:30Z,6.11,74.71
2026-08-18T22:35:30Z,6.08,74.32
2026-08-18T22:36:30Z,6.07,74.05
2026-08-18T22:37:30Z,6.05,73.71
2026-08-18T22:38:30Z,6,72.9
2026-08-18T22:39:30Z,6.01,73.05
2026-08-18T22:40:30Z,6,72.85
2026-08-18T22:41:30Z,5.99,72.82
2026-08-18T22:42:30Z,5.99,72.67
2026-08-18T22:43:30Z,5.97,72.46
2026-08-18T22:44:30Z,5.95,72.14
2026-08-18T22:45:30Z,5.96,72.21
2026-08-18T22:46:30Z,5.93,71.7
2026-08-18T22:47:30Z,5.91,71.43
2026-08-18T22:48:30Z,5.89,71.12
2026-08-18T22:49:30Z,5.88,70.83
2026-08-18T22:50:30Z,5.87,70.73
2026-08-18T22:51:30Z,5.87,70.72
2026-08-18T22:52:30Z,5.86,70.58
2026-08-18T22:53:30Z,5.87,70.66
2026-08-18T22:54:30Z,5.85,70.43
2026-08-18T22:55:30Z,5.85,70.36
2026-08-18T22:56:30Z,5.85,70.47
2026-08-18T22:57:30Z,5.85,70.36
2026-08-18T22:58:30Z,5.84,70.16
2026-08-18T22:59:30Z,5.83,70.02
2026-08-18T23:00:30Z,5.83,70.04
2026-08-18T23:01:30Z,5.83,69.97
2026-08-18T23:02:30Z,5.84,70.15
2026-08-18T23:03:30Z,5.85,70.44
2026-08-18T23:04:30Z,5.84,70.25
2026-08-18T23:05:30Z,5.84,70.23
2026-08-18T23:06:30Z,5.82,69.95
2026-08-18T23:07:30Z,5.84,70.15
2026-08-18T23:08:30Z,5.82,69.94
2026-08-18T23:09:30Z,5.83,70.01
2026-08-18T23:10:30Z,5.81,69.75
2026-08-18T23:11:30Z,5.79,69.45
2026-08-18T23:12:30Z,5.82,69.87
2026-08-18T23:13:30Z,5.82,69.82
2026-08-18T23:14:30Z,5.83,70.01
2026-08-18T23:15:30Z,5.82,69.82
2026-08-18T23:16:30Z,5.81,69.68
2026-08-18T23:17:30Z,5.79,69.3
2026-08-18T23:18:30Z,5.77,69.05
2026-08-18T23:19:30Z,5.75,68.75
2026-08-18T23:20:30Z,5.74,68.61
2026-08-18T23:21:30Z,5.76,68.87
2026-08-18T23:22:30Z,5.75,68.7
2026-08-18T23:23:30Z,5.75,68.67
2026-08-18T23:24:30Z,5.75,68.76
2026-08-18T23:25:30Z,5.72,68.24
2026-08-18T23:26:30Z,5.73,68.3
2026-08-18T23:27:30Z,5.73,68.4
2026-08-18T23:28:30Z,5.72,68.26
2026-08-18T23:29:30Z,5.72,68.26
2026-08-18T23:30:30Z,5.72,68.23
2026-08-18T23:31:30Z,5.71,68.08
2026-08-18T23:32:30Z,5.72,68.12
2026-08-18T23:33:30Z,5.73,68.33
2026-08-18T23:34:30Z,5.73,68.33
2026-08-18T23:35:30Z,5.73,68.45
2026-08-18T23:36:30Z,5.74,68.46
2026-08-18T23:37:30Z,5.71,68.03
2026-08-18T23:38:30Z,5.7,67.84
2026-08-18T23:39:30Z,5.7,67.9
2026-08-18T23:40:30Z,5.7,67.92
2026-08-18T23:41:30Z,5.7,67.89
2026-08-18T23:42:30Z,5.68,67.51
2026-08-18T23:43:30Z,5.65,67.01
2026-08-18T23:44:30Z,5.63,66.65
2026-08-18T23:45:30Z,5.62,66.56
2026-08-18T23:46:30Z,5.61,66.42
2026-08-18T23:47:30Z,5.62,66.5
2026-08-18T23:48:30Z,5.64,66.78
2026-08-18T23:49:30Z,5.64,66.82
2026-08-18T23:50:30Z,5.63,66.76
2026-08-18T23:51:30Z,5.61,66.34
2026-08-18T23:52:30Z,5.61,66.4
2026-08-18T23:53:30Z,5.61,66.3
2026-08-18T23:54:30Z,5.62,66.58
2026-08-18T23:55:30Z,5.64,66.83
2026-08-18T23:56:30Z,5.64,66.94
2026-08-18T23:57:30Z,5.63,66.65
2026-08-18T23:58:30Z,5.64,66.92
2026-08-18T23:59:30Z,5.63,66.65
2026-08-19T00:00:30Z,5.65,67.08
2026-08-19T00:01:30Z,5.66,67.22
2026-08-19T00:02:30Z,5.67,67.38
2026-08-19T00:03:30Z,5.7,67.86
2026-08-19T00:04:30Z,5.72,68.21
2026-08-19T00:05:30Z,5.72,68.24
2026-08-19T00:06:30Z,5.74,68.47
2026-08-19T00:07:30Z,5.74,68.56
2026-08-19T00:08:30Z,5.74,68.56
2026-08-19T00:09:30Z,5.73,68.41
2026-08-19T00:10:30Z,5.74,68.49
2026-08-19T00:11:30Z,5.76,68.8
2026-08-19T00:12:30Z,5.75,68.65
2026-08-19T00:13:30Z,5.73,68.45
2026-08-19T00:14:30Z,5.75,68.65
2026-08-19T00:15:30Z,5.77,69.04
2026-08-19T00:16:30Z,5.74,68.55
2026-08-19T00:17:30Z,5.75,68.79
2026-08-19T00:18:30Z,5.76,68.81
2026-08-19T00:19:30Z,5.75,68.65
2026-08-19T00:20:30Z,5.73,68.44
2026-08-19T00:21:30Z,5.74,68.56
2026-08-19T00:22:30Z,5.72,68.16
2026-08-19T00:23:30Z,5.73,68.41
2026-08-19T00:24:30Z,5.75,68.78
2026-08-19T00:25:30Z,5.76,68.85
2026-08-19T00:26:30Z,5.76,68.82
2026-08-19T00:27:30Z,5.78,69.18
2026-08-19T00:28:30Z,5.77,69.05
2026-08-19T00:29:30Z,5.74,68.52
2026-08-19T00:30:30Z,5.71,68.09
2026-08-19T00:31:30Z,5.73,68.3
2026-08-19T00:32:30Z,5.7,67.95
2026-08-19T00:33:30Z,5.71,68.03
2026-08-19T00:34:30Z,5.72,68.17
2026-08-19T00:35:30Z,5.7,67.8
2026-08-19T00:36:30Z,5.68,67.45
2026-08-19T00:37:30Z,5.67,67.28
2026-08-19T00:38:30Z,5.64,66.88
2026-08-19T00:39:30Z,5.66,67.13
2026-08-19T00:40:30Z,5.67,67.28
2026-08-19T00:41:30Z,5.61,66.39
2026-08-19T00:42:30Z,5.62,66.52
2026-08-19T00:43:30Z,5.64,66.87
2026-08-19T00:44:30Z,5.62,66.56
2026-08-19T00:45:30Z,5.6,66.23
2026-08-19T00:46:30Z,5.58,65.84
2026-08-19T00:47:30Z,5.54,65.25
2026-08-19T00:48:30Z,5.53,65.03
2026-08-19T00:49:30Z,5.51,64.63
2026-08-19T00:50:30Z,5.44,63.53
2026-08-19T00:51:30Z,5.44,63.47
2026-08-19T00:52:30Z,5.41,63.05
2026-08-19T00:53:30Z,5.4,62.84
2026-08-19T00:54:30Z,5.4,62.81
2026-08-19T00:55:30Z,5.34,61.79
2026-08-19T00:56:30Z,5.36,62.1
2026-08-19T00:57:30Z,5.38,62.48
2026-08-19T00:58:30Z,5.35,61.97
2026-08-19T00:59:30Z,5.32,61.42
2026-08-19T01:00:30Z,5.31,61.34
2026-08-19T01:01:30Z,5.32,61.48
2026-08-19T01:02:30Z,5.27,60.71
2026-08-19T01:03:30Z,5.31,61.3
2026-08-19T01:04:30Z,5.35,61.99
2026-08-19T01:05:30Z,5.36,62.2
2026-08-19T01:06:30Z,5.39,62.7
2026-08-19T01:07:30Z,5.38,62.48
2026-08-19T01:08:30Z,5.38,62.41
2026-08-19T01:09:30Z,5.35,62
2026-08-19T01:10:30Z,5.39,62.63
2026-08-19T01:11:30Z,5.41,63.06
2026-08-19T01:12:30Z,5.36,62.12
2026-08-19T01:13:30Z,5.38,62.55
2026-08-19T01:14:30Z,5.37,62.33
2026-08-19T01:15:30Z,5.34,61.88
2026-08-19T01:16:30Z,5.37,62.36
2026-08-19T01:17:30Z,5.38,62.43
2026-08-19T01:18:30Z,5.36,62.14
2026-08-19T01:19:30Z,5.36,62.09
2026-08-19T01:20:30Z,5.39,62.61
2026-08-19T01:21:30Z,5.42,63.2
2026-08-19T01:22:30Z,5.43,63.25
2026-08-19T01:23:30Z,5.41,62.93
2026-08-19T01:24:30Z,5.4,62.88
2026-08-19T01:25:30Z,5.39,62.57
2026-08-19T01:26:30Z,5.42,63.09
2026-08-19T01:27:30Z,5.44,63.45
2026-08-19T01:28:30Z,5.46,63.76
2026-08-19T01:29:30Z,5.45,63.63
2026-08-19T01:30:30Z,5.42,63.2
2026-08-19T01:31:30Z,5.42,63.1
2026-08-19T01:32:30Z,5.43,63.4
2026-08-19T01:33:30Z,5.43,63.31
2026-08-19T01:34:30Z,5.44,63.5
2026-08-19T01:35:30Z,5.46,63.84
2026-08-19T01:36:30Z,5.51,64.67
2026-08-19T01:37:30Z,5.51,64.65
2026-08-19T01:38:30Z,5.53,64.96
2026-08-19T01:39:30Z,5.58,65.92
2026-08-19T01:40:30Z,5.63,66.61
2026-08-19T01:41:30Z,5.62,66.47
2026-08-19T01:42:30Z,5.64,66.83
2026-08-19T01:43:30Z,5.66,67.21
2026-08-19T01:44:30Z,5.66,67.18
2026-08-19T01:45:30Z,5.66,67.27
2026-08-19T01:46:30Z,5.65,67.05
2026-08-19T01:47:30Z,5.68,67.49
2026-08-19T01:48:30Z,5.7,67.95
2026-08-19T01:49:30Z,5.79,69.32
2026-08-19T01:50:30Z,5.86,70.58
2026-08-19T01:51:30Z,5.84,70.26
2026-08-19T01:52:30Z,5.87,70.8
2026-08-19T01:53:30Z,5.96,72.2
2026-08-19T01:54:30Z,6.03,73.39
2026-08-19T01:55:30Z,6.1,74.6
2026-08-19T01:56:30Z,6.13,75.17
2026-08-19T01:57:30Z,6.19,76.09
2026-08-19T01:58:30Z,6.25,77.1
2026-08-19T01:59:30Z,6.33,78.51
2026-08-19T02:00:30Z,6.41,79.74
2026-08-19T02:01:30Z,6.39,79.43
2026-08-19T02:02:30Z,6.34,78.68
2026-08-19T02:03:30Z,6.41,79.74
2026-08-19T02:04:30Z,6.38,79.34
2026-08-19T02:05:30Z,6.36,78.98
2026-08-19T02:06:30Z,6.32,78.31
2026-08-19T02:07:30Z,6.34,78.71
2026-08-19T02:08:30Z,6.31,78.12
2026-08-19T02:09:30Z,6.24,76.98
2026-08-19T02:10:30Z,6.19,76.16
2026-08-19T02:11:30Z,6.21,76.51
2026-08-19T02:12:30Z,6.19,76.07
2026-08-19T02:13:30Z,6.16,75.57
2026-08-19T02:14:30Z,6.2,76.31
2026-08-19T02:15:30Z,6.17,75.78
2026-08-19T02:16:30Z,6.19,76.17
2026-08-19T02:17:30Z,6.2,76.3
2026-08-19T02:18:30Z,6.21,76.41
2026-08-19T02:19:30Z,6.1,74.63
2026-08-19T02:20:30Z,6.06,73.98
2026-08-19T02:21:30Z,6.01,73.08
2026-08-19T02:22:30Z,5.93,71.67
2026-08-19T02:23:30Z,5.91,71.34
2026-08-19T02:24:30Z,5.9,71.21
2026-08-19T02:25:30Z,5.92,71.6
2026-08-19T02:26:30Z,5.89,70.99
2026-08-19T02:27:30Z,5.85,70.33
2026-08-19T02:28:30Z,5.83,69.98
2026-08-19T02:29:30Z,5.78,69.24
2026-08-19T02:30:30Z,5.79,69.34
2026-08-19T02:31:30Z,5.78,69.21
2026-08-19T02:32:30Z,5.78,69.24
2026-08-19T02:33:30Z,5.79,69.32
2026-08-19T02:34:30Z,5.77,68.98
2026-08-19T02:35:30Z,5.78,69.28
2026-08-19T02:36:30Z,5.78,69.13
2026-08-19T02:37:30Z,5.79,69.41
2026-08-19T02:38:30Z,5.81,69.69
2026-08-19T02:39:30Z,5.85,70.31
2026-08-19T02:40:30Z,5.9,71.26
2026-08-19T02:41:30Z,5.94,71.86
2026-08-19T02:42:30Z,6.02,73.31
2026-08-19T02:43:30Z,6.09,74.45
2026-08-19T02:44:30Z,6.14,75.22
2026-08-19T02:45:30Z,6.3,78.02
2026-08-19T02:46:30Z,6.26,77.28
2026-08-19T02:47:30Z,6.26,77.31
2026-08-19T02:48:30Z,6.35,78.75
2026-08-19T02:49:30Z,6.33,78.51
2026-08-19T02:50:30Z,6.32,78.35
2026-08-19T02:51:30Z,6.27,77.5
2026-08-19T02:52:30Z,6.29,77.74
2026-08-19T02:53:30Z,6.2,76.28
2026-08-19T02:54:30Z,6.2,76.27
2026-08-19T02:55:30Z,6.2,76.23
2026-08-19T02:56:30Z,6.12,74.86
2026-08-19T02:57:30Z,6.15,75.37
2026-08-19T02:58:30Z,6.14,75.23
2026-08-19T02:59:30Z,6.08,74.27
2026-08-19T03:00:30Z,6.1,74.65
2026-08-19T03:01:38Z,6.04,73.58
2026-08-19T03:02:38Z,5.96,72.24
2026-08-19T03:03:38Z,5.94,71.96
2026-08-19T03:04:38Z,5.95,72.09
2026-08-19T03:05:38Z,5.87,70.67
2026-08-19T03:06:38Z,5.82,69.8
2026-08-19T03:07:38Z,5.74,68.59
2026-08-19T03:08:38Z,5.8,69.5
2026-08-19T03:09:38Z,5.68,67.57
2026-08-19T03:10:38Z,5.68,67.6
2026-08-19T03:11:38Z,5.61,66.35
2026-08-19T03:12:38Z,5.55,65.33
2026-08-19T03:13:38Z,5.54,65.22
2026-08-19T03:14:38Z,5.58,65.79
2026-08-19T03:15:38Z,5.58,65.84
2026-08-19T03:16:38Z,5.56,65.52
2026-08-19T03:17:38Z,5.55,65.3
2026-08-19T03:18:38Z,5.5,64.56
2026-08-19T03:19:38Z,5.51,64.75
2026-08-19T03:20:38Z,5.49,64.3
2026-08-19T03:21:38Z,5.51,64.75
2026-08-19T03:22:38Z,5.49,64.39
2026-08-19T03:23:38Z,5.51,64.67
2026-08-19T03:24:38Z,5.54,65.12
2026-08-19T03:25:38Z,5.58,65.91
2026-08-19T03:26:38Z,5.52,64.92
2026-08-19T03:27:38Z,5.51,64.65
2026-08-19T03:28:38Z,5.49,64.35
2026-08-19T03:29:38Z,5.52,64.79
2026-08-19T03:30:38Z,5.53,64.95
2026-08-19T03:31:38Z,5.52,64.91
2026-08-19T03:32:38Z,5.55,65.29
2026-08-19T03:33:38Z,5.59,66.01
2026-08-19T03:34:38Z,5.61,66.33
2026-08-19T03:35:38Z,5.64,66.91
2026-08-19T03:36:38Z,5.64,66.85
2026-08-19T03:37:38Z,5.74,68.56
2026-08-19T03:38:38Z,5.72,68.16
2026-08-19T03:39:38Z,5.75,68.64
2026-08-19T03:40:38Z,5.87,70.72
2026-08-19T03:41:38Z,5.99,72.76
2026-08-19T03:42:38Z,6.04,73.56
2026-08-19T03:43:38Z,6.2,76.24
2026-08-19T03:44:38Z,6.14,75.23
2026-08-19T03:45:38Z,6.19,76.13
2026-08-19T03:46:38Z,6.2,76.28
2026-08-19T03:47:38Z,6.22,76.6
2026-08-19T03:48:38Z,6.19,76.17
2026-08-19T03:49:38Z,6.21,76.46
2026-08-19T03:50:38Z,6.19,76.12
2026-08-19T03:51:38Z,6.19,76.03
2026-08-19T03:52:38Z,6.13,75.11
2026-08-19T03:53:38Z,6.09,74.39
2026-08-19T03:54:38Z,6.08,74.2
2026-08-19T03:55:38Z,6.06,74
2026-08-19T03:56:38Z,6.05,73.74
2026-08-19T03:57:38Z,6.05,73.74
2026-08-19T03:58:38Z,6.08,74.28
2026-08-19T03:59:38Z,6.09,74.42
2026-08-19T04:00:38Z,6.09,74.42
2026-08-19T04:01:38Z,6.11,74.83
2026-08-19T04:02:38Z,6.13,75.15
2026-08-19T04:03:38Z,6.19,76.06
2026-08-19T04:04:38Z,6.23,76.71
2026-08-19T04:05:38Z,6.25,77.08
2026-08-19T04:06:38Z,6.3,78.01
2026-08-19T04:07:38Z,6.32,78.31
2026-08-19T04:08:38Z,6.24,76.88
2026-08-19T04:09:38Z,6.18,75.96
2026-08-19T04:10:38Z,6.2,76.25
2026-08-19T04:11:38Z,6.24,76.89
2026-08-19T04:12:38Z,6.23,76.85
2026-08-19T04:13:38Z,6.2,76.24
2026-08-19T04:14:38Z,6.18,75.88
2026-08-19T04:15:38Z,6.13,75.02
2026-08-19T04:16:38Z,6.12,74.93
2026-08-19T04:17:38Z,6.21,76.38
2026-08-19T04:18:38Z,6.27,77.5
2026-08-19T04:19:38Z,6.34,78.67
2026-08-19T04:20:38Z,6.43,80.07
2026-08-19T04:21:38Z,6.51,81.49
2026-08-19T04:22:38Z,6.49,81.08
2026-08-19T04:23:38Z,6.55,82.09
2026-08-19T04:24:38Z,6.49,81.17
2026-08-19T04:25:38Z,6.58,82.66
2026-08-19T04:34:38Z,6.63,83.45
2026-08-19T04:35:38Z,6.61,83.18
2026-08-19T04:36:38Z,6.54,82
2026-08-19T04:37:38Z,6.6,82.95
2026-08-19T04:38:38Z,6.58,82.65
2026-08-19T04:39:38Z,6.55,82.19
2026-08-19T04:40:38Z,6.59,82.83
2026-08-19T04:41:38Z,6.6,82.98
2026-08-19T04:42:38Z,6.55,82.17
2026-08-19T04:43:38Z,6.6,83.05
2026-08-19T04:44:38Z,6.6,82.95
2026-08-19T04:45:38Z,6.66,84.02
2026-08-19T04:46:38Z,6.7,84.65
2026-08-19T04:47:38Z,6.71,84.83
2026-08-19T04:48:38Z,6.66,83.97
2026-08-19T04:49:38Z,6.67,84.13
2026-08-19T04:50:38Z,6.74,85.27
2026-08-19T04:51:38Z,6.71,84.84
2026-08-19T04:52:38Z,6.66,83.97
2026-08-19T04:53:38Z,6.7,84.61
2026-08-19T04:54:38Z,6.68,84.3
2026-08-19T04:55:38Z,6.66,83.95
2026-08-19T04:56:38Z,6.67,84.17
2026-08-19T04:57:38Z,6.65,83.88
2026-08-19T04:58:38Z,6.64,83.59
2026-08-19T04:59:38Z,6.53,81.86
2026-08-19T05:00:38Z,6.56,82.32
2026-08-19T05:01:38Z,6.51,81.5
2026-08-19T05:02:38Z,6.43,80.2
2026-08-19T05:03:38Z,6.52,81.62
2026-08-19T05:04:38Z,6.46,80.6
2026-08-19T05:05:38Z,6.48,80.93
2026-08-19T05:06:38Z,6.41,79.79
2026-08-19T05:07:38Z,6.42,79.97
2026-08-19T05:08:38Z,6.46,80.72
2026-08-19T05:09:38Z,6.45,80.4
2026-08-19T05:10:38Z,6.37,79.15
2026-08-19T05:11:38Z,6.35,78.77
2026-08-19T05:12:38Z,6.41,79.82
2026-08-19T05:13:38Z,6.33,78.47
2026-08-19T05:14:38Z,6.34,78.68
2026-08-19T05:15:38Z,6.29,77.8
2026-08-19T05:16:38Z,6.31,78.14
2026-08-19T05:17:38Z,6.31,78.19
2026-08-19T05:18:38Z,6.26,77.28
2026-08-19T05:19:38Z,6.25,77.1
2026-08-19T05:20:38Z,6.16,75.55
2026-08-19T05:21:38Z,6.13,75.11
2026-08-19T05:22:38Z,6.1,74.65
2026-08-19T05:23:38Z,6.1,74.53
2026-08-19T05:24:38Z,6.08,74.2
2026-08-19T05:25:38Z,6.14,75.25
2026-08-19T05:26:38Z,6.04,73.58
2026-08-19T05:27:38Z,6.06,73.88
2026-08-19T05:28:38Z,6.03,73.38
2026-08-19T05:29:38Z,6.03,73.41
2026-08-19T05:30:38Z,5.99,72.71
2026-08-19T05:31:38Z,5.99,72.76
2026-08-19T05:32:38Z,5.9,71.25
2026-08-19T05:33:38Z,5.9,71.23
2026-08-19T05:34:38Z,5.91,71.48
2026-08-19T05:35:38Z,5.86,70.6
2026-08-19T05:36:38Z,5.81,69.7
2026-08-19T05:37:38Z,5.8,69.58
2026-08-19T05:38:38Z,5.75,68.78
2026-08-19T05:39:38Z,5.7,67.92
2026-08-19T05:40:38Z,5.74,68.61
2026-08-19T05:41:38Z,5.75,68.74
2026-08-19T05:42:38Z,5.78,69.28
2026-08-19T05:43:38Z,5.81,69.77
2026-08-19T05:44:38Z,5.76,68.82
2026-08-19T05:45:38Z,5.78,69.15
2026-08-19T05:46:38Z,5.78,69.21
2026-08-19T05:47:38Z,5.82,69.95
2026-08-19T05:48:38Z,5.84,70.24
2026-08-19T05:49:38Z,5.85,70.43
2026-08-19T05:50:38Z,5.87,70.77
2026-08-19T05:51:38Z,5.9,71.22
2026-08-19T05:52:38Z,5.91,71.38
2026-08-19T05:53:38Z,5.94,71.92
2026-08-19T05:54:38Z,5.97,72.39
2026-08-19T05:55:38Z,5.99,72.69
2026-08-19T05:56:38Z,6.01,73.1
2026-08-19T05:57:38Z,6.04,73.57
2026-08-19T05:58:38Z,6.06,73.98
2026-08-19T05:59:38Z,6.05,73.76
2026-08-19T06:00:38Z,6.08,74.21
2026-08-19T06:01:38Z,6.09,74.37
2026-08-19T06:02:38Z,6.08,74.2
2026-08-19T06:03:38Z,6.08,74.18
2026-08-19T06:04:38Z,6.09,74.47
2026-08-19T06:05:38Z,6.1,74.58
2026-08-19T06:06:38Z,6.1,74.59
2026-08-19T06:07:38Z,6.12,74.98
2026-08-19T06:08:38Z,6.1,74.53
2026-08-19T06:09:38Z,6.12,74.94
2026-08-19T06:10:38Z,6.14,75.29
2026-08-19T06:11:38Z,6.15,75.38
2026-08-19T06:12:38Z,6.16,75.65
2026-08-19T06:13:38Z,6.15,75.46
2026-08-19T06:14:38Z,6.15,75.38
2026-08-19T06:15:38Z,6.17,75.83
2026-08-19T06:16:38Z,6.17,75.76
2026-08-19T06:17:38Z,6.18,75.99
2026-08-19T06:18:38Z,6.18,76.02
2026-08-19T06:19:38Z,6.19,76.15
2026-08-19T06:20:38Z,6.19,76.06
2026-08-19T06:21:38Z,6.21,76.36
2026-08-19T06:22:38Z,6.2,76.35
2026-08-19T06:23:38Z,6.2,76.25
2026-08-19T06:24:38Z,6.21,76.39
2026-08-19T06:25:38Z,6.22,76.55
2026-08-19T06:26:38Z,6.23,76.74
2026-08-19T06:27:38Z,6.23,76.86
2026-08-19T06:28:38Z,6.25,77.08
2026-08-19T06:29:38Z,6.23,76.83
2026-08-19T06:30:38Z,6.23,76.82
2026-08-19T06:31:38Z,6.26,77.27
2026-08-19T06:32:38Z,6.29,77.71
2026-08-19T06:33:38Z,6.27,77.39
2026-08-19T06:34:38Z,6.28,77.57
2026-08-19T06:35:38Z,6.29,77.85
2026-08-19T06:36:38Z,6.3,77.94
2026-08-19T06:37:38Z,6.31,78.12
2026-08-19T06:38:38Z,6.31,78.08
2026-08-19T06:39:38Z,6.33,78.47
2026-08-19T06:40:38Z,6.33,78.5
2026-08-19T06:41:38Z,6.33,78.46
2026-08-19T06:42:38Z,6.32,78.37
2026-08-19T06:43:38Z,6.33,78.47
2026-08-19T06:44:38Z,6.35,78.75
2026-08-19T06:45:38Z,6.34,78.56
2026-08-19T06:46:38Z,6.35,78.74
2026-08-19T06:47:38Z,6.35,78.84
2026-08-19T06:48:38Z,6.34,78.69
2026-08-19T06:49:38Z,6.35,78.86
2026-08-19T06:50:38Z,6.35,78.78
2026-08-19T06:51:38Z,6.34,78.67
2026-08-19T06:52:38Z,6.35,78.85
2026-08-19T06:53:38Z,6.35,78.85
2026-08-19T06:54:38Z,6.35,78.75
2026-08-19T06:55:38Z,6.37,79.12
2026-08-19T06:56:38Z,6.35,78.87
2026-08-19T06:57:38Z,6.36,78.91
2026-08-19T06:58:38Z,6.35,78.81
2026-08-19T06:59:38Z,6.35,78.83
2026-08-19T07:00:38Z,6.35,78.87
2026-08-19T07:01:38Z,6.36,79.03
2026-08-19T07:02:38Z,6.37,79.07
2026-08-19T07:03:38Z,6.36,79.03
2026-08-19T07:04:38Z,6.36,78.96
2026-08-19T07:05:38Z,6.37,79.17
2026-08-19T07:06:38Z,6.38,79.25
2026-08-19T07:07:38Z,6.39,79.4
2026-08-19T07:08:38Z,6.38,79.35
2026-08-19T07:09:38Z,6.37,79.14
2026-08-19T07:10:38Z,6.38,79.36
2026-08-19T07:11:38Z,6.37,79.21
2026-08-19T07:12:38Z,6.37,79.14
2026-08-19T07:13:38Z,6.38,79.22
2026-08-19T07:14:38Z,6.37,79.11
2026-08-19T07:15:38Z,6.38,79.31
2026-08-19T07:16:38Z,6.38,79.26
2026-08-19T07:17:38Z,6.38,79.32
2026-08-19T07:18:38Z,6.37,79.11
2026-08-19T07:19:38Z,6.36,79
2026-08-19T07:20:38Z,6.38,79.25
2026-08-19T07:21:38Z,6.36,79
2026-08-19T07:22:38Z,6.38,79.32
2026-08-19T07:23:38Z,6.4,79.57
2026-08-19T07:24:38Z,6.37,79.07
2026-08-19T07:25:38Z,6.34,78.69
2026-08-19T07:26:38Z,6.34,78.66
2026-08-19T07:27:38Z,6.35,78.83
2026-08-19T07:28:38Z,6.35,78.87
2026-08-19T07:29:38Z,6.35,78.87
2026-08-19T07:30:38Z,6.37,79.06
2026-08-19T07:31:38Z,6.36,79.01
2026-08-19T07:32:38Z,6.37,79.21
2026-08-19T07:33:38Z,6.37,79.09
2026-08-19T07:34:38Z,6.37,79.15
2026-08-19T07:35:38Z,6.37,79.16
2026-08-19T07:36:38Z,6.36,79
2026-08-19T07:37:38Z,6.34,78.67
2026-08-19T07:38:38Z,6.35,78.83
2026-08-19T07:39:38Z,6.34,78.61
2026-08-19T07:40:38Z,6.35,78.87
2026-08-19T07:41:38Z,6.34,78.69
2026-08-19T07:42:38Z,6.35,78.75
2026-08-19T07:43:38Z,6.35,78.78
2026-08-19T07:44:38Z,6.86,78.55
2026-08-19T07:45:38Z,6.35,78.83
2026-08-19T07:46:38Z,6.36,78.88
2026-08-19T07:47:38Z,6.35,78.81
2026-08-19T07:48:38Z,6.87,78.79
2026-08-19T07:49:38Z,6.35,78.86
2026-08-19T07:50:38Z,6.36,78.98
2026-08-19T07:51:38Z,6.36,78.99
2026-08-19T07:52:38Z,6.37,79.11
2026-08-19T07:53:38Z,6.37,79.15
2026-08-19T07:54:38Z,6.38,79.26
2026-08-19T07:55:38Z,6.37,79.1
2026-08-19T07:56:38Z,6.36,78.98
2026-08-19T07:57:38Z,6.37,79.07
2026-08-19T07:58:38Z,6.36,78.95
2026-08-19T07:59:38Z,6.36,79.02
2026-08-19T08:00:38Z,6.9,79.26
2026-08-19T08:01:38Z,6.38,79.26
2026-08-19T08:02:38Z,6.38,79.37
2026-08-19T08:03:38Z,6.39,79.49
2026-08-19T08:04:38Z,6.39,79.4
2026-08-19T08:05:38Z,6.4,79.6
2026-08-19T08:06:38Z,6.41,79.73
2026-08-19T08:07:38Z,6.38,79.36
2026-08-19T08:08:38Z,6.38,79.35
2026-08-19T08:09:38Z,6.37,79.2
2026-08-19T08:10:38Z,6.38,79.25
2026-08-19T08:11:38Z,6.37,79.21
2026-08-19T08:12:38Z,6.39,79.52
2026-08-19T08:13:38Z,6.38,79.38
2026-08-19T08:14:38Z,6.36,78.89
2026-08-19T08:15:38Z,6.34,78.6
2026-08-19T08:16:38Z,6.83,78.07
2026-08-19T08:17:38Z,6.32,78.37
2026-08-19T08:18:38Z,6.32,78.33
2026-08-19T08:19:38Z,6.33,78.43
2026-08-19T08:20:38Z,6.36,79.04
2026-08-19T08:21:38Z,6.4,79.59
2026-08-19T08:22:38Z,6.43,80.15
2026-08-19T08:23:38Z,6.47,80.89
2026-08-19T08:24:38Z,6.56,82.3
2026-08-19T08:25:38Z,6.61,83.19
2026-08-19T08:26:38Z,6.65,83.88
2026-08-19T08:27:38Z,6.69,84.56
2026-08-19T08:28:38Z,6.73,85.15
2026-08-19T08:29:38Z,6.75,85.54
2026-08-19T08:30:38Z,6.8,86.3
2026-08-19T08:31:38Z,6.81,86.58
2026-08-19T08:32:38Z,6.82,86.64
2026-08-19T08:33:38Z,6.82,86.78
2026-08-19T08:34:38Z,6.83,86.91
2026-08-19T08:35:38Z,6.84,87.1
2026-08-19T08:36:38Z,6.86,87.36
2026-08-19T08:37:38Z,6.86,87.35
2026-08-19T08:38:38Z,6.87,87.5
2026-08-19T08:39:38Z,6.89,87.89
2026-08-19T08:40:38Z,6.89,87.86
2026-08-19T08:41:38Z,6.88,87.73
2026-08-19T08:42:38Z,6.91,88.15
2026-08-19T08:43:38Z,6.89,87.94
2026-08-19T08:44:38Z,6.88,87.67
2026-08-19T08:45:38Z,6.86,87.45
2026-08-19T08:46:38Z,6.86,87.33
2026-08-19T08:47:38Z,6.86,87.38
2026-08-19T08:48:38Z,6.9,88.09
2026-08-19T08:49:38Z,6.87,87.56
2026-08-19T08:50:38Z,6.88,87.65
2026-08-19T08:51:38Z,6.88,87.75
2026-08-19T08:52:38Z,6.89,87.95
2026-08-19T08:53:38Z,6.91,88.2
2026-08-19T08:54:38Z,6.93,88.49
2026-08-19T08:55:38Z,6.95,88.85
2026-08-19T08:56:38Z,6.95,88.88
2026-08-19T08:57:38Z,6.95,88.95
2026-08-19T08:58:38Z,6.95,88.93
2026-08-19T08:59:38Z,6.96,89.13
2026-08-19T09:00:38Z,6.99,89.48
2026-08-19T09:01:38Z,6.96,89.06
2026-08-19T09:02:38Z,6.96,89.1
2026-08-19T09:03:38Z,6.97,89.22
2026-08-19T09:04:38Z,6.96,89.07
2026-08-19T09:05:38Z,6.97,89.22
2026-08-19T09:06:38Z,6.97,89.2
2026-08-19T09:07:38Z,6.93,88.59
2026-08-19T09:08:38Z,6.92,88.35
2026-08-19T09:09:38Z,6.91,88.28
2026-08-19T09:10:38Z,6.91,88.16
2026-08-19T09:11:38Z,6.9,88.1
2026-08-19T09:12:38Z,6.91,88.27
2026-08-19T09:13:38Z,6.93,88.49
2026-08-19T09:14:38Z,6.94,88.79
2026-08-19T09:15:38Z,6.95,88.95
2026-08-19T09:16:38Z,6.94,88.7
2026-08-19T09:17:38Z,6.88,87.67
2026-08-19T09:18:38Z,6.88,87.79
2026-08-19T09:19:38Z,6.88,87.69
2026-08-19T09:20:38Z,6.88,87.64
2026-08-19T09:21:38Z,6.9,88.12
2026-08-19T09:22:38Z,6.91,88.15
2026-08-19T09:23:38Z,6.89,87.93
2026-08-19T09:24:38Z,6.9,87.99
2026-08-19T09:25:38Z,6.9,88.1
2026-08-19T09:26:38Z,6.9,88.04
2026-08-19T09:27:38Z,6.92,88.41
2026-08-19T09:28:38Z,6.89,87.89
2026-08-19T09:29:38Z,6.88,87.71
2026-08-19T09:30:38Z,6.9,87.97
2026-08-19T09:31:38Z,6.89,87.8
2026-08-19T09:32:38Z,6.87,87.59
2026-08-19T09:33:38Z,6.9,88.06
2026-08-19T09:34:38Z,6.9,88.06
2026-08-19T09:35:38Z,6.89,87.92
2026-08-19T09:36:38Z,6.91,88.21
2026-08-19T09:37:38Z,6.93,88.55
2026-08-19T09:38:38Z,6.92,88.46
2026-08-19T09:39:38Z,6.91,88.14
2026-08-19T09:40:38Z,6.88,87.75
2026-08-19T09:41:38Z,6.87,87.51
2026-08-19T09:42:38Z,6.88,87.68
2026-08-19T09:43:38Z,6.88,87.71
2026-08-19T09:44:38Z,6.87,87.52
2026-08-19T09:45:38Z,6.87,87.59
2026-08-19T09:46:38Z,6.87,87.59
2026-08-19T09:47:38Z,6.87,87.55
2026-08-19T09:48:38Z,6.87,87.48
2026-08-19T09:49:38Z,6.86,87.34
2026-08-19T09:50:38Z,6.84,87.04
2026-08-19T09:51:38Z,6.84,87.09
2026-08-19T09:52:38Z,6.84,87.08
2026-08-19T09:53:38Z,6.85,87.25
2026-08-19T09:54:38Z,6.84,87.03
2026-08-19T09:55:38Z,6.84,87.1
2026-08-19T09:56:38Z,6.83,86.94
2026-08-19T09:57:38Z,6.81,86.5
2026-08-19T09:58:38Z,6.82,86.74
2026-08-19T09:59:38Z,6.81,86.45
2026-08-19T10:00:38Z,6.79,86.16
2026-08-19T10:01:38Z,6.76,85.76
2026-08-19T10:02:38Z,6.75,85.48
2026-08-19T10:03:38Z,6.76,85.68
2026-08-19T10:04:38Z,6.75,85.46
2026-08-19T10:05:38Z,6.75,85.55
2026-08-19T10:06:38Z,6.76,85.76
2026-08-19T10:07:38Z,6.76,85.73
2026-08-19T10:08:38Z,6.77,85.8
2026-08-19T10:09:38Z,6.78,85.96
2026-08-19T10:10:38Z,6.78,85.95
2026-08-19T10:11:38Z,6.77,85.79
2026-08-19T10:12:38Z,6.76,85.68
2026-08-19T10:13:38Z,6.75,85.47
2026-08-19T10:14:38Z,6.76,85.7
2026-08-19T10:15:38Z,6.77,85.82
2026-08-19T10:16:38Z,6.75,85.45
2026-08-19T10:17:38Z,6.73,85.24
2026-08-19T10:18:38Z,6.72,84.97
2026-08-19T10:19:38Z,6.71,84.78
2026-08-19T10:20:38Z,6.72,84.97
2026-08-19T10:21:38Z,6.71,84.82
2026-08-19T10:22:38Z,6.73,85.19
2026-08-19T10:23:38Z,6.72,85.1
2026-08-19T10:24:38Z,6.73,85.11
2026-08-19T10:25:38Z,6.7,84.73
2026-08-19T10:26:38Z,6.72,85.04
2026-08-19T10:27:38Z,6.71,84.79
2026-08-19T10:28:38Z,6.68,84.36
2026-08-19T10:29:38Z,6.7,84.65
2026-08-19T10:30:38Z,6.71,84.9
2026-08-19T10:31:38Z,6.7,84.61
2026-08-19T10:32:38Z,6.62,83.41
2026-08-19T10:33:38Z,6.6,83.05
2026-08-19T10:34:38Z,6.6,83.08
2026-08-19T10:35:38Z,6.61,83.25
2026-08-19T10:36:38Z,6.61,83.24
2026-08-19T10:37:38Z,6.62,83.31
2026-08-19T10:38:38Z,6.63,83.49
2026-08-19T10:39:38Z,6.64,83.65
2026-08-19T10:40:38Z,6.66,83.93
2026-08-19T10:41:38Z,6.67,84.13
2026-08-19T10:42:38Z,6.59,82.91
2026-08-19T10:43:38Z,6.59,82.86
2026-08-19T10:44:38Z,6.59,82.87
2026-08-19T10:45:38Z,6.63,83.43
2026-08-19T10:46:38Z,6.63,83.56
2026-08-19T10:47:38Z,6.64,83.6
2026-08-19T10:48:38Z,6.65,83.86
2026-08-19T10:49:38Z,6.67,84.12
2026-08-19T10:50:38Z,6.69,84.44
2026-08-19T10:51:38Z,6.74,85.3
2026-08-19T10:52:38Z,6.75,85.52
2026-08-19T10:53:38Z,6.74,85.31
2026-08-19T10:54:38Z,6.76,85.66
2026-08-19T10:55:38Z,6.77,85.83
2026-08-19T10:56:38Z,6.8,86.3
2026-08-19T10:57:38Z,6.82,86.62
2026-08-19T10:58:38Z,6.83,86.83
2026-08-19T10:59:38Z,6.85,87.2
2026-08-19T11:00:38Z,6.84,87.03
2026-08-19T11:01:38Z,6.85,87.18
2026-08-19T11:02:38Z,6.86,87.4
2026-08-19T11:03:38Z,6.84,87.1
2026-08-19T11:04:38Z,6.85,87.22
2026-08-19T11:05:38Z,6.86,87.39
2026-08-19T11:06:38Z,6.87,87.55
2026-08-19T11:07:38Z,6.88,87.68
2026-08-19T11:08:38Z,6.9,88.08
2026-08-19T11:09:38Z,6.91,88.17
2026-08-19T11:10:38Z,6.91,88.26
2026-08-19T11:11:38Z,6.92,88.41
2026-08-19T11:12:38Z,6.93,88.48
2026-08-19T11:13:38Z,6.92,88.44
2026-08-19T11:14:38Z,6.93,88.61
2026-08-19T11:15:38Z,6.95,88.86
2026-08-19T11:16:38Z,6.95,88.83
2026-08-19T11:17:38Z,6.96,89.11
2026-08-19T11:18:38Z,6.98,89.37
2026-08-19T11:19:38Z,6.96,89.13
2026-08-19T11:20:38Z,6.96,89
2026-08-19T11:21:38Z,6.95,88.9
2026-08-19T11:22:38Z,6.96,89.04
2026-08-19T11:23:38Z,6.97,89.14
2026-08-19T11:24:38Z,6.96,89.12
2026-08-19T11:25:38Z,6.96,89.09
2026-08-19T11:26:38Z,6.97,89.27
2026-08-19T11:27:38Z,6.98,89.46
2026-08-19T11:28:38Z,7.03,90.18
2026-08-19T11:29:38Z,6.98,89.44
2026-08-19T11:30:38Z,6.97,89.15
2026-08-19T11:31:38Z,6.98,89.39
2026-08-19T11:32:38Z,6.97,89.22
2026-08-19T11:33:38Z,6.97,89.2
2026-08-19T11:34:38Z,6.97,89.22
2026-08-19T11:35:38Z,6.98,89.34
2026-08-19T11:36:38Z,6.98,89.36
2026-08-19T11:37:38Z,6.98,89.4
2026-08-19T11:38:38Z,6.99,89.51
2026-08-19T11:39:38Z,6.97,89.14
2026-08-19T11:40:38Z,6.96,88.99
2026-08-19T11:41:38Z,6.95,88.81
2026-08-19T11:42:38Z,6.95,88.89
2026-08-19T11:43:38Z,6.96,89.13
2026-08-19T11:44:38Z,6.94,88.69
2026-08-19T11:45:38Z,6.95,88.82
2026-08-19T11:46:38Z,6.94,88.68
2026-08-19T11:47:38Z,6.94,88.76
2026-08-19T11:48:38Z,6.94,88.79
2026-08-19T11:49:38Z,6.94,88.68
2026-08-19T11:50:38Z,6.94,88.75
2026-08-19T11:51:38Z,6.94,88.64
2026-08-19T11:52:38Z,6.93,88.58
2026-08-19T11:53:38Z,6.93,88.5
2026-08-19T11:54:38Z,6.92,88.46
2026-08-19T11:55:38Z,6.93,88.52
2026-08-19T11:56:38Z,6.92,88.44
2026-08-19T11:57:38Z,6.93,88.55
2026-08-19T11:58:38Z,6.93,88.6
2026-08-19T11:59:38Z,6.92,88.43
2026-08-19T12:00:38Z,6.93,88.48
2026-08-19T12:01:38Z,6.92,88.33
2026-08-19T12:02:38Z,6.9,88.04
2026-08-19T12:03:38Z,6.9,88.07
2026-08-19T12:04:38Z,6.89,87.92
2026-08-19T12:05:38Z,6.9,88.03
2026-08-19T12:06:38Z,6.91,88.2
2026-08-19T12:07:38Z,6.89,87.91
2026-08-19T12:08:38Z,6.88,87.76
2026-08-19T12:09:38Z,6.87,87.58
2026-08-19T12:10:38Z,6.88,87.68
2026-08-19T12:11:38Z,6.87,87.56
2026-08-19T12:12:38Z,6.87,87.61
2026-08-19T12:13:38Z,6.88,87.7
2026-08-19T12:14:38Z,6.88,87.65
2026-08-19T12:15:38Z,6.86,87.44
2026-08-19T12:16:38Z,6.85,87.25
2026-08-19T12:17:38Z,6.86,87.39
2026-08-19T12:18:38Z,6.84,87.08
2026-08-19T12:19:38Z,6.83,86.91
2026-08-19T12:20:38Z,6.83,86.95
2026-08-19T12:21:38Z,6.83,86.88
2026-08-19T12:22:38Z,6.83,86.93
2026-08-19T12:23:38Z,6.82,86.78
2026-08-19T12:24:38Z,6.81,86.57
2026-08-19T12:25:38Z,6.83,86.88
2026-08-19T12:26:38Z,6.83,86.85
2026-08-19T12:27:38Z,6.82,86.71
2026-08-19T12:28:38Z,6.82,86.68
2026-08-19T12:29:38Z,6.83,86.87
2026-08-19T12:30:38Z,6.84,86.96
2026-08-19T12:31:38Z,6.83,86.88
2026-08-19T12:32:38Z,6.83,86.9
2026-08-19T12:33:38Z,6.84,87.02
2026-08-19T12:34:38Z,6.83,86.84
2026-08-19T12:35:38Z,6.83,86.93
2026-08-19T12:36:38Z,6.83,86.82
2026-08-19T12:37:38Z,6.83,86.81
2026-08-19T12:38:38Z,6.83,86.81
2026-08-19T12:39:38Z,6.83,86.86
2026-08-19T12:40:38Z,6.84,86.99
2026-08-19T12:41:38Z,6.84,87.11
2026-08-19T12:42:38Z,6.84,87.11
2026-08-19T12:43:38Z,6.85,87.16
2026-08-19T12:44:38Z,6.85,87.17
2026-08-19T12:45:38Z,6.85,87.12
2026-08-19T12:46:38Z,6.85,87.17
2026-08-19T12:47:38Z,6.85,87.13
2026-08-19T12:48:38Z,6.85,87.25
2026-08-19T12:49:38Z,6.86,87.39
2026-08-19T12:50:38Z,6.86,87.41
2026-08-19T12:51:38Z,6.86,87.44
2026-08-19T12:52:38Z,6.86,87.43
2026-08-19T12:53:38Z,6.86,87.45
2026-08-19T12:54:38Z,6.86,87.44
2026-08-19T12:55:38Z,6.88,87.69
2026-08-19T12:56:38Z,6.87,87.5
2026-08-19T12:57:38Z,6.87,87.61
2026-08-19T12:58:38Z,6.87,87.6
2026-08-19T12:59:38Z,6.87,87.6
2026-08-19T13:00:38Z,6.88,87.72
2026-08-19T13:01:38Z,6.88,87.71
2026-08-19T13:02:38Z,6.89,87.9
2026-08-19T13:03:38Z,6.89,87.81
2026-08-19T13:04:38Z,6.87,87.54
2026-08-19T13:05:38Z,6.86,87.45
2026-08-19T13:06:38Z,6.86,87.29
2026-08-19T13:07:38Z,6.86,87.33
2026-08-19T13:08:38Z,6.85,87.18
2026-08-19T13:09:38Z,6.83,86.91
2026-08-19T13:10:38Z,6.84,86.97
2026-08-19T13:11:38Z,6.82,86.78
2026-08-19T13:12:38Z,6.82,86.75
2026-08-19T13:13:38Z,6.83,86.82
2026-08-19T13:14:38Z,6.81,86.56
2026-08-19T13:15:38Z,6.8,86.33
2026-08-19T13:16:38Z,6.79,86.26
2026-08-19T13:17:38Z,6.79,86.27
2026-08-19T13:18:38Z,6.8,86.44
2026-08-19T13:19:38Z,6.8,86.43
2026-08-19T13:20:38Z,6.8,86.4
2026-08-19T13:21:38Z,6.8,86.38
2026-08-19T13:22:38Z,6.8,86.3
2026-08-19T13:23:38Z,6.81,86.47
2026-08-19T13:24:38Z,6.81,86.47
2026-08-19T13:25:38Z,6.81,86.47
2026-08-19T13:26:38Z,6.8,86.3
2026-08-19T13:27:38Z,6.8,86.34
2026-08-19T13:28:38Z,6.81,86.52
2026-08-19T13:29:38Z,6.8,86.39
2026-08-19T13:30:38Z,6.81,86.54
2026-08-19T13:31:38Z,6.81,86.58
2026-08-19T13:32:38Z,6.81,86.54
2026-08-19T13:33:38Z,6.81,86.52
2026-08-19T13:34:38Z,6.81,86.48
2026-08-19T13:35:38Z,6.81,86.51
2026-08-19T13:36:38Z,6.81,86.53
2026-08-19T13:37:38Z,6.83,86.88
2026-08-19T13:38:38Z,6.81,86.48
2026-08-19T13:39:38Z,6.81,86.46
2026-08-19T13:40:38Z,6.8,86.42
2026-08-19T13:41:38Z,6.79,86.17
2026-08-19T13:42:38Z,6.79,86.19
2026-08-19T13:43:38Z,6.8,86.44
2026-08-19T13:44:38Z,6.81,86.48
2026-08-19T13:45:38Z,6.81,86.5
2026-08-19T13:46:38Z,6.81,86.58
2026-08-19T13:47:38Z,6.81,86.46
2026-08-19T13:48:38Z,6.81,86.49
2026-08-19T13:49:38Z,6.81,86.47
2026-08-19T13:50:38Z,6.81,86.52
2026-08-19T13:51:38Z,6.81,86.48
2026-08-19T13:52:38Z,6.82,86.71
2026-08-19T13:53:38Z,6.82,86.71
2026-08-19T13:54:38Z,6.81,86.51
2026-08-19T13:55:38Z,6.8,86.43
2026-08-19T13:56:38Z,6.8,86.44
2026-08-19T13:57:38Z,6.8,86.34
2026-08-19T13:58:38Z,6.81,86.45
2026-08-19T13:59:38Z,6.81,86.48
2026-08-19T14:00:38Z,6.79,86.21
2026-08-19T14:01:38Z,6.79,86.15
2026-08-19T14:02:38Z,6.79,86.27
2026-08-19T14:03:38Z,6.8,86.28
2026-08-19T14:04:38Z,6.78,85.98
2026-08-19T14:05:38Z,6.78,86.04
2026-08-19T14:06:38Z,6.78,86
2026-08-19T14:07:38Z,6.77,85.84
2026-08-19T14:08:38Z,6.77,85.83
2026-08-19T14:09:38Z,6.77,85.84
2026-08-19T14:10:38Z,6.78,86.09
2026-08-19T14:11:38Z,6.79,86.14
2026-08-19T14:12:38Z,6.78,86.03
2026-08-19T14:13:38Z,6.78,86.06
2026-08-19T14:14:38Z,6.78,86.09
2026-08-19T14:15:38Z,6.77,85.94
2026-08-19T14:16:38Z,6.77,85.94
2026-08-19T14:17:38Z,6.78,86.01
2026-08-19T14:18:38Z,6.78,85.98
2026-08-19T14:19:38Z,6.78,86.06
2026-08-19T14:20:38Z,6.78,86.08
2026-08-19T14:21:38Z,6.78,85.96
2026-08-19T14:22:38Z,6.78,86.09
2026-08-19T14:23:38Z,6.79,86.17
2026-08-19T14:24:38Z,6.79,86.21
2026-08-19T14:25:38Z,6.81,86.53
2026-08-19T14:26:38Z,6.8,86.34
2026-08-19T14:27:38Z,6.8,86.3
2026-08-19T14:28:38Z,6.8,86.34
2026-08-19T14:29:38Z,6.79,86.2
2026-08-19T14:30:38Z,6.8,86.31
2026-08-19T14:31:38Z,6.8,86.32
2026-08-19T14:32:38Z,6.8,86.34
2026-08-19T14:33:38Z,6.8,86.35
2026-08-19T14:34:38Z,6.79,86.13
2026-08-19T14:35:38Z,6.78,86.06
2026-08-19T14:36:38Z,6.78,86.04
2026-08-19T14:37:38Z,6.77,85.9
2026-08-19T14:38:38Z,6.78,85.98
2026-08-19T14:39:38Z,6.78,85.98
2026-08-19T14:40:38Z,6.78,86.06
2026-08-19T14:41:38Z,6.78,85.96
2026-08-19T14:42:38Z,6.78,86.02
2026-08-19T14:43:38Z,6.77,85.87
2026-08-19T14:44:38Z,6.76,85.73
2026-08-19T14:45:38Z,6.77,85.85
2026-08-19T14:46:38Z,6.78,85.99
2026-08-19T14:47:38Z,6.79,86.18
2026-08-19T14:48:38Z,6.8,86.37
2026-08-19T14:49:38Z,6.8,86.4
2026-08-19T14:50:38Z,6.82,86.77
2026-08-19T14:51:38Z,6.84,87
2026-08-19T14:52:38Z,6.85,87.25
2026-08-19T14:53:38Z,6.87,87.48
2026-08-19T14:54:38Z,6.87,87.56
2026-08-19T14:55:38Z,6.88,87.71
2026-08-19T14:56:38Z,6.88,87.79
2026-08-19T14:57:38Z,6.89,87.85
2026-08-19T14:58:38Z,6.9,87.99
2026-08-19T14:59:38Z,6.9,88.12
2026-08-19T15:00:38Z,6.91,88.22
2026-08-19T15:01:38Z,6.91,88.22
2026-08-19T15:02:38Z,6.92,88.3
2026-08-19T15:03:38Z,6.93,88.49
2026-08-19T15:04:38Z,6.92,88.32
2026-08-19T15:05:38Z,6.93,88.52
2026-08-19T15:06:38Z,6.92,88.32
2026-08-19T15:07:38Z,6.94,88.66
2026-08-19T15:08:38Z,6.94,88.66
2026-08-19T15:09:38Z,6.94,88.74
2026-08-19T15:10:38Z,6.94,88.8
2026-08-19T15:11:38Z,6.95,88.85
2026-08-19T15:12:38Z,6.96,88.97
2026-08-19T15:13:38Z,6.96,89.12
2026-08-19T15:14:38Z,6.97,89.23
2026-08-19T15:15:38Z,6.97,89.21
2026-08-19T15:16:38Z,6.97,89.21
2026-08-19T15:17:38Z,6.97,89.14
2026-08-19T15:18:38Z,6.97,89.26
2026-08-19T15:19:38Z,6.97,89.28
2026-08-19T15:20:38Z,6.97,89.24
2026-08-19T15:21:38Z,6.98,89.46
2026-08-19T15:22:38Z,6.98,89.4
2026-08-19T15:23:38Z,6.99,89.53
2026-08-19T15:24:38Z,6.99,89.55
2026-08-19T15:25:38Z,6.99,89.61
2026-08-19T15:26:38Z,6.99,89.58
2026-08-19T15:27:38Z,6.99,89.56
2026-08-19T15:28:38Z,6.99,89.55
2026-08-19T15:29:38Z,6.99,89.52
2026-08-19T15:30:38Z,6.99,89.58
2026-08-19T15:31:38Z,7,89.71
2026-08-19T15:32:38Z,6.99,89.61
2026-08-19T15:33:38Z,6.99,89.58
2026-08-19T15:34:38Z,6.99,89.5
2026-08-19T15:35:38Z,6.98,89.32
2026-08-19T15:36:38Z,6.98,89.33
2026-08-19T15:37:38Z,6.98,89.41
2026-08-19T15:38:38Z,6.97,89.14
2026-08-19T15:39:38Z,6.96,89.06
2026-08-19T15:40:38Z,6.96,89.01
2026-08-19T15:41:38Z,6.95,88.92
2026-08-19T15:42:38Z,6.93,88.62
2026-08-19T15:43:38Z,6.94,88.67
2026-08-19T15:44:38Z,6.94,88.73
2026-08-19T15:45:38Z,6.93,88.6
2026-08-19T15:46:38Z,6.93,88.48
2026-08-19T15:47:38Z,6.92,88.43
2026-08-19T15:48:38Z,6.93,88.49
2026-08-19T15:49:38Z,6.92,88.36
2026-08-19T15:50:38Z,6.93,88.51
2026-08-19T15:51:38Z,6.94,88.76
2026-08-19T15:52:38Z,6.94,88.71
2026-08-19T15:53:38Z,6.95,88.82
2026-08-19T15:54:38Z,6.93,88.55
2026-08-19T15:55:38Z,6.93,88.53
2026-08-19T15:56:38Z,6.93,88.63
2026-08-19T15:57:38Z,6.94,88.66
2026-08-19T15:58:38Z,6.94,88.66
2026-08-19T15:59:38Z,6.94,88.73
2026-08-19T16:00:38Z,6.95,88.91
2026-08-19T16:01:38Z,6.94,88.74
2026-08-19T16:02:38Z,6.94,88.7
2026-08-19T16:03:38Z,6.93,88.58
2026-08-19T16:04:38Z,6.94,88.67
2026-08-19T16:05:38Z,6.93,88.62
2026-08-19T16:06:38Z,6.92,88.46
2026-08-19T16:07:38Z,6.92,88.4
2026-08-19T16:08:38Z,6.91,88.23
2026-08-19T16:09:38Z,6.91,88.22
2026-08-19T16:10:38Z,6.91,88.16
2026-08-19T16:11:38Z,6.91,88.14
2026-08-19T16:12:38Z,6.9,88.1
2026-08-19T16:13:38Z,6.91,88.22
2026-08-19T16:14:38Z,6.9,88.12
2026-08-19T16:15:38Z,6.91,88.2
2026-08-19T16:16:38Z,6.92,88.37
2026-08-19T16:17:38Z,6.92,88.39
2026-08-19T16:18:38Z,6.92,88.42
2026-08-19T16:19:38Z,6.93,88.51
2026-08-19T16:20:38Z,6.93,88.57
2026-08-19T16:21:38Z,6.93,88.58
2026-08-19T16:22:38Z,6.92,88.41
2026-08-19T16:23:38Z,6.93,88.58
2026-08-19T16:24:38Z,6.93,88.51
2026-08-19T16:25:38Z,6.94,88.74
2026-08-19T16:26:38Z,6.94,88.76
2026-08-19T16:27:38Z,6.95,88.95
2026-08-19T16:28:38Z,6.95,88.83
2026-08-19T16:29:38Z,6.95,88.88
2026-08-19T16:30:38Z,6.94,88.74
2026-08-19T16:31:38Z,6.94,88.79
2026-08-19T16:32:38Z,6.94,88.69
2026-08-19T16:33:38Z,6.93,88.55
2026-08-19T16:34:38Z,6.93,88.47
2026-08-19T16:35:38Z,6.93,88.48
2026-08-19T16:36:38Z,6.93,88.57
2026-08-19T16:37:38Z,6.94,88.7
2026-08-19T16:38:38Z,6.94,88.7
2026-08-19T16:39:38Z,6.95,88.95
2026-08-19T16:40:38Z,6.95,88.86
2026-08-19T16:41:38Z,6.96,89.03
2026-08-19T16:42:38Z,6.96,88.99
2026-08-19T16:43:38Z,6.96,89.05
2026-08-19T16:44:38Z,6.96,89.12
2026-08-19T16:45:38Z,6.95,88.96
2026-08-19T16:46:38Z,6.95,88.94
2026-08-19T16:47:38Z,6.95,88.95
2026-08-19T16:48:38Z,6.95,88.92
2026-08-19T16:49:38Z,6.95,88.89
2026-08-19T16:50:38Z,6.93,88.62
2026-08-19T16:51:38Z,6.91,88.26
2026-08-19T16:52:38Z,6.89,87.95
2026-08-19T16:53:38Z,6.89,87.95
2026-08-19T16:54:38Z,6.88,87.65
2026-08-19T16:55:38Z,6.87,87.48
2026-08-19T16:56:38Z,6.87,87.62
2026-08-19T16:57:38Z,6.89,87.88
2026-08-19T16:58:38Z,6.91,88.19
2026-08-19T16:59:38Z,6.92,88.42
2026-08-19T17:00:38Z,6.93,88.47
2026-08-19T17:01:38Z,6.92,88.45
2026-08-19T17:02:38Z,6.92,88.36
2026-08-19T17:03:38Z,6.92,88.44
2026-08-19T17:04:38Z,6.93,88.55
2026-08-19T17:05:38Z,6.92,88.38
2026-08-19T17:06:38Z,6.92,88.33
2026-08-19T17:07:38Z,6.91,88.28
2026-08-19T17:08:38Z,6.91,88.19
2026-08-19T17:09:38Z,6.91,88.24
2026-08-19T17:10:38Z,6.92,88.44
2026-08-19T17:11:38Z,6.93,88.6
2026-08-19T17:12:38Z,6.95,88.9
2026-08-19T17:13:38Z,6.97,89.16
2026-08-19T17:14:38Z,6.98,89.36
2026-08-19T17:15:38Z,6.99,89.57
2026-08-19T17:16:38Z,7,89.76
2026-08-19T17:17:38Z,7.01,89.83
2026-08-19T17:18:38Z,7,89.8
2026-08-19T17:19:38Z,7,89.68
2026-08-19T17:20:38Z,7,89.77
2026-08-19T17:21:38Z,7.01,89.89
2026-08-19T17:22:38Z,7.02,90.02
2026-08-19T17:23:38Z,7.02,90.09
2026-08-19T17:24:38Z,7.03,90.15
2026-08-19T17:25:38Z,7.04,90.32
2026-08-19T17:26:38Z,7.03,90.26
2026-08-19T17:27:38Z,7.03,90.31
2026-08-19T17:28:38Z,7.03,90.31
2026-08-19T17:29:38Z,7.04,90.37
2026-08-19T17:30:38Z,7.04,90.32
2026-08-19T17:31:38Z,7.04,90.44
2026-08-19T17:32:38Z,7.04,90.47
2026-08-19T17:33:38Z,7.05,90.49
2026-08-19T17:34:38Z,7.05,90.53
2026-08-19T17:35:38Z,7.05,90.59
2026-08-19T17:36:38Z,7.05,90.6
2026-08-19T17:37:38Z,7.06,90.7
2026-08-19T17:38:38Z,7.05,90.64
2026-08-19T17:39:38Z,7.06,90.7
2026-08-19T17:40:38Z,7.05,90.6
2026-08-19T17:41:38Z,7.06,90.65
2026-08-19T17:42:38Z,7.05,90.63
2026-08-19T17:43:38Z,7.06,90.7
2026-08-19T17:44:38Z,7.06,90.76
2026-08-19T17:45:38Z,7.07,90.82
2026-08-19T17:46:38Z,7.04,90.4
2026-08-19T17:47:38Z,7.03,90.23
2026-08-19T17:48:38Z,7.03,90.31
2026-08-19T17:49:38Z,7.03,90.23
2026-08-19T17:50:38Z,7.04,90.37
2026-08-19T17:51:38Z,7.03,90.3
2026-08-19T17:52:38Z,7.04,90.33
2026-08-19T17:53:38Z,7.03,90.27
2026-08-19T17:54:38Z,7.03,90.17
2026-08-19T17:55:38Z,7.02,90.11
2026-08-19T17:56:38Z,7.02,90.14
2026-08-19T17:57:38Z,7.03,90.19
2026-08-19T17:58:38Z,7.03,90.27
2026-08-19T17:59:38Z,7.03,90.29
2026-08-19T18:00:38Z,7.03,90.28
2026-08-19T18:01:38Z,7.04,90.38
2026-08-19T18:02:38Z,7.03,90.27
2026-08-19T18:03:38Z,7.03,90.21
2026-08-19T18:04:38Z,7.03,90.17
2026-08-19T18:05:38Z,7.04,90.33
2026-08-19T18:06:38Z,7.03,90.31
2026-08-19T18:07:38Z,7.03,90.15
2026-08-19T18:08:38Z,7.02,90.14
2026-08-19T18:09:38Z,7.03,90.21
2026-08-19T18:10:38Z,7.02,90.08
2026-08-19T18:11:38Z,7.02,90.03
2026-08-19T18:12:38Z,7.02,90.06
2026-08-19T18:13:38Z,7.02,90.04
2026-08-19T18:14:38Z,7.02,89.99
2026-08-19T18:15:38Z,7.02,90.08
2026-08-19T18:16:38Z,7.03,90.15
2026-08-19T18:17:38Z,7.01,89.95
2026-08-19T18:18:38Z,7.02,90.06
2026-08-19T18:19:38Z,7.01,89.81
2026-08-19T18:20:38Z,7.01,89.9
2026-08-19T18:21:38Z,7.01,89.91
2026-08-19T18:22:38Z,7.01,89.97
2026-08-19T18:23:38Z,7.01,89.9
2026-08-19T18:24:38Z,7,89.73
2026-08-19T18:25:38Z,7,89.79
2026-08-19T18:26:38Z,7,89.77
2026-08-19T18:27:38Z,7,89.77
2026-08-19T18:28:38Z,6.99,89.64
2026-08-19T18:29:38Z,7,89.72
2026-08-19T18:30:38Z,7,89.79
2026-08-19T18:31:38Z,7.01,89.85
2026-08-19T18:32:38Z,7.01,89.93
2026-08-19T18:33:38Z,7.01,89.83
2026-08-19T18:34:38Z,7,89.73
2026-08-19T18:35:38Z,7,89.8
2026-08-19T18:36:38Z,7,89.79
2026-08-19T18:37:38Z,7.01,89.86
2026-08-19T18:38:38Z,7.01,89.87
2026-08-19T18:39:38Z,7.01,89.85
2026-08-19T18:40:38Z,7.01,89.89
2026-08-19T18:41:38Z,7.01,89.89
2026-08-19T18:42:38Z,7.01,89.92
2026-08-19T18:43:38Z,7.02,90.03
2026-08-19T18:44:38Z,7.02,90.03
2026-08-19T18:45:38Z,7.02,89.98
2026-08-19T18:46:38Z,7.01,89.97
2026-08-19T18:47:38Z,7.01,89.86
2026-08-19T18:48:38Z,7,89.79
2026-08-19T18:49:38Z,7,89.78
2026-08-19T18:50:38Z,7.01,89.88
2026-08-19T18:51:38Z,7,89.76
2026-08-19T18:52:38Z,6.99,89.63
2026-08-19T18:53:38Z,7,89.71
2026-08-19T18:54:38Z,7,89.66
2026-08-19T18:55:38Z,6.99,89.59
2026-08-19T18:56:38Z,6.99,89.55
2026-08-19T18:57:38Z,6.99,89.62
2026-08-19T18:58:38Z,6.99,89.64
2026-08-19T18:59:38Z,7.01,89.85
2026-08-19T19:00:38Z,7.01,89.85
2026-08-19T19:01:38Z,7.01,89.88
2026-08-19T19:02:38Z,7.01,89.85
2026-08-19T19:03:38Z,7.02,90.01
2026-08-19T19:04:38Z,7,89.75
2026-08-19T19:05:38Z,7,89.73
2026-08-19T19:06:38Z,7,89.72
2026-08-19T19:07:38Z,7,89.68
2026-08-19T19:08:38Z,7.01,89.84
2026-08-19T19:09:38Z,7,89.79
2026-08-19T19:10:38Z,7,89.79
2026-08-19T19:11:38Z,7,89.78
2026-08-19T19:12:38Z,7,89.79
2026-08-19T19:13:38Z,7,89.8
2026-08-19T19:14:38Z,7,89.8
2026-08-19T19:15:38Z,7,89.77
2026-08-19T19:16:38Z,7,89.77
2026-08-19T19:17:38Z,7,89.79
2026-08-19T19:18:38Z,7,89.75
2026-08-19T19:19:38Z,6.99,89.63
2026-08-19T19:20:38Z,6.99,89.63
2026-08-19T19:21:38Z,7,89.73
2026-08-19T19:22:38Z,7,89.69
2026-08-19T19:23:38Z,7,89.65
2026-08-19T19:24:38Z,7,89.71
2026-08-19T19:25:38Z,6.99,89.62
2026-08-19T19:26:38Z,6.99,89.58
2026-08-19T19:27:38Z,6.99,89.49
2026-08-19T19:28:38Z,6.99,89.52
2026-08-19T19:29:38Z,6.99,89.5
2026-08-19T19:30:38Z,6.98,89.39
2026-08-19T19:31:38Z,6.98,89.4
2026-08-19T19:32:38Z,6.98,89.34
2026-08-19T19:33:38Z,6.97,89.25
2026-08-19T19:34:38Z,6.98,89.32
2026-08-19T19:35:38Z,6.98,89.39
2026-08-19T19:36:38Z,6.98,89.34
2026-08-19T19:37:38Z,6.99,89.52
2026-08-19T19:38:38Z,6.99,89.48
2026-08-19T19:39:38Z,6.99,89.49
2026-08-19T19:40:38Z,6.99,89.5
2026-08-19T19:41:38Z,6.99,89.53
2026-08-19T19:42:38Z,6.99,89.59
2026-08-19T19:43:38Z,6.98,89.46
2026-08-19T19:44:38Z,6.99,89.5
2026-08-19T19:45:38Z,6.98,89.45
2026-08-19T19:46:38Z,6.98,89.45
2026-08-19T19:47:38Z,6.97,89.25
2026-08-19T19:48:38Z,6.97,89.28
2026-08-19T19:49:38Z,6.97,89.23
2026-08-19T19:50:38Z,6.96,89.12
2026-08-19T19:51:38Z,6.96,89.07
2026-08-19T19:52:38Z,6.96,88.99
2026-08-19T19:53:38Z,6.97,89.25
2026-08-19T19:54:38Z,6.98,89.4
2026-08-19T19:55:38Z,6.96,89.04
2026-08-19T19:56:38Z,6.96,89.1
2026-08-19T19:57:38Z,6.97,89.17
2026-08-19T19:58:38Z,6.96,89.05
2026-08-19T19:59:38Z,6.96,89.01
2026-08-19T20:00:38Z,6.96,89.09
2026-08-19T20:01:38Z,6.96,89.07
2026-08-19T20:02:38Z,6.96,89.13
2026-08-19T20:03:38Z,6.96,89.05
2026-08-19T20:04:38Z,6.96,89.07
2026-08-19T20:05:38Z,6.96,89.09
2026-08-19T20:06:38Z,6.96,89.04
2026-08-19T20:07:38Z,6.97,89.14
2026-08-19T20:08:38Z,6.96,89.1
2026-08-19T20:09:38Z,6.96,89.11
2026-08-19T20:10:38Z,6.96,89.06
2026-08-19T20:11:38Z,6.96,89.04
2026-08-19T20:12:38Z,6.96,89.09
2026-08-19T20:13:38Z,6.96,89.08
2026-08-19T20:14:38Z,6.96,89.09
2026-08-19T20:15:38Z,6.97,89.23
2026-08-19T20:16:38Z,6.97,89.26
2026-08-19T20:17:38Z,6.98,89.41
2026-08-19T20:18:38Z,6.98,89.34
2026-08-19T20:19:38Z,6.98,89.37
2026-08-19T20:20:38Z,6.98,89.35
2026-08-19T20:21:38Z,6.98,89.32
2026-08-19T20:22:38Z,6.98,89.39
2026-08-19T20:23:38Z,6.97,89.27
2026-08-19T20:24:38Z,6.97,89.21
2026-08-19T20:25:38Z,6.98,89.31
2026-08-19T20:26:38Z,6.97,89.28
2026-08-19T20:27:38Z,6.97,89.18
2026-08-19T20:28:38Z,6.97,89.14
2026-08-19T20:29:38Z,6.96,89.13
2026-08-19T20:30:38Z,6.96,89.13
2026-08-19T20:31:38Z,6.97,89.18
2026-08-19T20:32:38Z,6.97,89.16
2026-08-19T20:33:38Z,6.97,89.19
2026-08-19T20:34:38Z,6.97,89.16
2026-08-19T20:35:38Z,6.96,89.12
2026-08-19T20:36:38Z,6.98,89.37
2026-08-19T20:37:38Z,6.98,89.34
2026-08-19T20:38:38Z,6.97,89.26
2026-08-19T20:39:38Z,6.99,89.48
2026-08-19T20:40:38Z,6.98,89.4
2026-08-19T20:41:38Z,6.98,89.32
2026-08-19T20:42:38Z,6.98,89.31
2026-08-19T20:43:38Z,6.98,89.31
2026-08-19T20:44:38Z,6.98,89.45
2026-08-19T20:45:38Z,6.99,89.51
2026-08-19T20:46:38Z,6.99,89.58
2026-08-19T20:47:38Z,7,89.65
2026-08-19T20:48:38Z,7,89.7
2026-08-19T20:49:38Z,7.01,89.82
2026-08-19T20:50:38Z,7.01,89.92
2026-08-19T20:51:38Z,7.01,89.84
2026-08-19T20:52:38Z,7.02,90.04
2026-08-19T20:53:38Z,7.01,89.96
2026-08-19T20:54:38Z,7.02,90.06
2026-08-19T20:55:38Z,7.02,90.14
2026-08-19T20:56:38Z,7.03,90.18
2026-08-19T20:57:38Z,7.03,90.31
2026-08-19T20:58:38Z,7.03,90.3
2026-08-19T20:59:38Z,7.04,90.33
2026-08-19T21:00:38Z,7.04,90.35
2026-08-19T21:01:38Z,7.03,90.2
2026-08-19T21:02:38Z,7.03,90.29
2026-08-19T21:03:38Z,7.03,90.19
2026-08-19T21:04:38Z,7.03,90.29
2026-08-19T21:05:38Z,7.04,90.32
2026-08-19T21:06:38Z,7.04,90.42
2026-08-19T21:07:38Z,7.04,90.41
2026-08-19T21:08:38Z,7.05,90.57
2026-08-19T21:09:38Z,7.05,90.57
2026-08-19T21:10:38Z,7.06,90.66
2026-08-19T21:11:38Z,7.06,90.71
2026-08-19T21:12:38Z,7.06,90.77
2026-08-19T21:13:38Z,7.07,90.83
2026-08-19T21:14:38Z,7.07,90.82
2026-08-19T21:15:38Z,7.07,90.85
2026-08-19T21:16:38Z,7.07,90.9
2026-08-19T21:17:38Z,7.07,90.97
2026-08-19T21:18:38Z,7.08,90.99
2026-08-19T21:19:38Z,7.08,91.08
2026-08-19T21:20:38Z,7.08,91.01
2026-08-19T21:21:38Z,7.08,91.07
2026-08-19T21:22:38Z,7.08,91.14
2026-08-19T21:23:38Z,7.09,91.16
2026-08-19T21:24:38Z,7.09,91.21
2026-08-19T21:25:38Z,7.09,91.22
2026-08-19T21:26:38Z,7.09,91.22
2026-08-19T21:27:38Z,7.08,91.05
2026-08-19T21:28:38Z,7.08,91.1
2026-08-19T21:29:38Z,7.08,91.09
2026-08-19T21:30:38Z,7.08,91.02
2026-08-19T21:31:38Z,7.08,91.02
2026-08-19T21:32:38Z,7.08,91.08
2026-08-19T21:33:38Z,7.07,90.98
2026-08-19T21:34:38Z,7.08,91.02
2026-08-19T21:35:38Z,7.08,91.1
2026-08-19T21:36:38Z,7.08,91.07
2026-08-19T21:37:38Z,7.08,91.09
2026-08-19T21:38:38Z,7.08,91.07
2026-08-19T21:39:38Z,7.08,91.11
2026-08-19T21:40:38Z,7.08,91.07
2026-08-19T21:41:38Z,7.08,91.05
2026-08-19T21:42:38Z,7.08,91.02
2026-08-19T21:43:38Z,7.09,91.17
2026-08-19T21:44:38Z,7.08,91.08
2026-08-19T21:45:38Z,7.09,91.17
2026-08-19T21:46:38Z,7.09,91.24
2026-08-19T21:47:38Z,7.1,91.36
2026-08-19T21:48:38Z,7.1,91.36
2026-08-19T21:49:38Z,7.09,91.31
2026-08-19T21:50:38Z,7.09,91.27
2026-08-19T21:51:38Z,7.09,91.19
2026-08-19T21:52:38Z,7.09,91.26
2026-08-19T21:53:38Z,7.09,91.29
2026-08-19T21:54:38Z,7.1,91.37
2026-08-19T21:55:38Z,7.1,91.43
2026-08-19T21:56:38Z,7.1,91.48
2026-08-19T21:57:38Z,7.11,91.5
2026-08-19T21:58:38Z,7.1,91.47
2026-08-19T21:59:38Z,7.11,91.54
2026-08-19T22:00:38Z,7.1,91.46
2026-08-19T22:01:38Z,7.11,91.51
2026-08-19T22:02:38Z,7.11,91.52
2026-08-19T22:03:38Z,7.11,91.54
2026-08-19T22:04:38Z,7.11,91.57
2026-08-19T22:05:38Z,7.11,91.5
2026-08-19T22:06:38Z,7.11,91.54
2026-08-19T22:07:38Z,7.11,91.61
2026-08-19T22:08:38Z,7.11,91.57
2026-08-19T22:09:38Z,7.11,91.5
2026-08-19T22:10:38Z,7.1,91.49
2026-08-19T22:11:38Z,7.11,91.53
2026-08-19T22:12:38Z,7.11,91.56
2026-08-19T22:13:38Z,7.1,91.49
2026-08-19T22:14:38Z,7.1,91.42
2026-08-19T22:15:38Z,7.1,91.42
2026-08-19T22:16:38Z,7.1,91.34
2026-08-19T22:17:38Z,7.09,91.27
2026-08-19T22:18:38Z,7.11,91.5
2026-08-19T22:19:38Z,7.1,91.45
2026-08-19T22:20:38Z,7.11,91.53
2026-08-19T22:21:38Z,7.11,91.5
2026-08-19T22:22:38Z,7.1,91.42
2026-08-19T22:23:38Z,7.1,91.41
2026-08-19T22:24:38Z,7.1,91.4
2026-08-19T22:25:38Z,7.1,91.35
2026-08-19T22:26:38Z,7.09,91.25
2026-08-19T22:27:38Z,7.09,91.19
2026-08-19T22:28:38Z,7.07,90.94
2026-08-19T22:29:38Z,7.06,90.81
2026-08-19T22:30:38Z,7.06,90.68
2026-08-19T22:31:38Z,7.04,90.37
2026-08-19T22:32:38Z,7.03,90.18
2026-08-19T22:33:38Z,7.03,90.18
2026-08-19T22:34:38Z,7.01,89.89
2026-08-19T22:35:38Z,6.99,89.62
2026-08-19T22:36:38Z,6.99,89.5
2026-08-19T22:37:38Z,6.97,89.23
2026-08-19T22:38:38Z,6.96,88.98
2026-08-19T22:39:38Z,6.95,88.88
2026-08-19T22:40:38Z,6.94,88.77
2026-08-19T22:41:38Z,6.93,88.52
2026-08-19T22:42:38Z,6.93,88.57
2026-08-19T22:43:38Z,6.92,88.46
2026-08-19T22:44:38Z,6.92,88.37
2026-08-19T22:45:38Z,6.9,88.11
2026-08-19T22:46:38Z,6.89,87.9
2026-08-19T22:47:38Z,6.89,87.8
2026-08-19T22:48:38Z,6.88,87.75
2026-08-19T22:49:38Z,6.87,87.49
2026-08-19T22:50:38Z,6.86,87.42
2026-08-19T22:51:38Z,6.85,87.27
2026-08-19T22:52:38Z,6.85,87.13
2026-08-19T22:53:38Z,6.84,87.1
2026-08-19T22:54:38Z,6.82,86.77
2026-08-19T22:55:38Z,6.82,86.68
2026-08-19T22:56:38Z,6.78,86.1
2026-08-19T22:57:38Z,6.79,86.16
2026-08-19T22:58:38Z,6.77,85.94
2026-08-19T22:59:38Z,6.77,85.83
2026-08-19T23:00:38Z,6.76,85.75
2026-08-19T23:01:38Z,6.76,85.71
2026-08-19T23:02:38Z,6.76,85.7
2026-08-19T23:03:38Z,6.77,85.9
2026-08-19T23:04:38Z,6.78,85.99
2026-08-19T23:05:38Z,6.79,86.16
2026-08-19T23:06:38Z,6.8,86.31
2026-08-19T23:07:38Z,6.79,86.2
2026-08-19T23:08:38Z,6.78,86.09
2026-08-19T23:09:38Z,6.79,86.2
2026-08-19T23:10:38Z,6.77,85.83
2026-08-19T23:11:38Z,6.77,85.79
2026-08-19T23:12:38Z,6.77,85.89
2026-08-19T23:13:38Z,6.76,85.67
2026-08-19T23:14:38Z,6.76,85.61
2026-08-19T23:15:38Z,6.76,85.76
2026-08-19T23:16:38Z,6.76,85.71
2026-08-19T23:17:38Z,6.74,85.34
2026-08-19T23:18:38Z,6.74,85.42
2026-08-19T23:19:38Z,6.73,85.23
2026-08-19T23:20:38Z,6.72,85.02
2026-08-19T23:21:38Z,6.71,84.91
2026-08-19T23:22:38Z,6.7,84.76
2026-08-19T23:23:38Z,6.7,84.72
2026-08-19T23:24:38Z,6.71,84.78
2026-08-19T23:25:38Z,6.7,84.6
2026-08-19T23:26:38Z,6.7,84.76
2026-08-19T23:27:38Z,6.71,84.91
2026-08-19T23:28:38Z,6.71,84.87
2026-08-19T23:29:38Z,6.71,84.78
2026-08-19T23:30:38Z,6.7,84.69
2026-08-19T23:31:38Z,6.69,84.47
2026-08-19T23:32:38Z,6.65,83.78
2026-08-19T23:33:38Z,6.64,83.75
2026-08-19T23:34:38Z,6.61,83.18
2026-08-19T23:35:38Z,6.61,83.09
2026-08-19T23:36:38Z,6.62,83.28
2026-08-19T23:37:38Z,6.61,83.15
2026-08-19T23:38:38Z,6.59,82.91
2026-08-19T23:39:38Z,6.6,83.04
2026-08-19T23:40:38Z,6.62,83.39
2026-08-19T23:41:38Z,6.6,83.07
2026-08-19T23:42:38Z,6.62,83.39
2026-08-19T23:43:38Z,6.63,83.56
2026-08-19T23:44:38Z,6.63,83.47
2026-08-19T23:45:38Z,6.64,83.6
2026-08-19T23:46:38Z,6.64,83.66
2026-08-19T23:47:38Z,6.63,83.53
2026-08-19T23:48:38Z,6.64,83.67
2026-08-19T23:49:38Z,6.62,83.36
2026-08-19T23:50:38Z,6.6,83.01
2026-08-19T23:51:38Z,6.6,83.08
2026-08-19T23:52:38Z,6.59,82.77
2026-08-19T23:53:38Z,6.57,82.54
2026-08-19T23:54:38Z,6.58,82.59
2026-08-19T23:55:38Z,6.54,81.92
2026-08-19T23:56:38Z,6.52,81.58
2026-08-19T23:57:38Z,6.51,81.47
2026-08-19T23:58:38Z,6.51,81.55
2026-08-19T23:59:38Z,6.5,81.26
2026-08-20T00:00:38Z,6.48,81.03
2026-08-20T00:01:38Z,6.47,80.86
2026-08-20T00:02:38Z,6.49,81.11
2026-08-20T00:03:38Z,6.49,81.18
2026-08-20T00:04:38Z,6.5,81.34
2026-08-20T00:05:38Z,6.48,80.94
2026-08-20T00:06:38Z,6.5,81.26
2026-08-20T00:07:38Z,6.5,81.32
2026-08-20T00:08:38Z,6.5,81.31
2026-08-20T00:09:38Z,6.5,81.33
2026-08-20T00:10:38Z,6.49,81.16
2026-08-20T00:11:38Z,6.51,81.51
2026-08-20T00:12:38Z,6.49,81.1
2026-08-20T00:13:38Z,6.49,81.21
2026-08-20T00:14:38Z,6.48,80.98
2026-08-20T00:15:38Z,6.48,81
2026-08-20T00:16:38Z,6.49,81.13
2026-08-20T00:17:38Z,6.48,80.94
2026-08-20T00:18:38Z,6.49,81.19
2026-08-20T00:19:38Z,6.47,80.87
2026-08-20T00:20:38Z,6.47,80.74
2026-08-20T00:21:38Z,6.46,80.67
2026-08-20T00:22:38Z,6.47,80.89
2026-08-20T00:23:38Z,6.47,80.81
2026-08-20T00:24:38Z,6.45,80.53
2026-08-20T00:25:38Z,6.44,80.31
2026-08-20T00:26:38Z,6.42,79.95
2026-08-20T00:27:38Z,6.42,80.05
2026-08-20T00:28:38Z,6.42,79.98
2026-08-20T00:29:38Z,6.41,79.79
2026-08-20T00:30:38Z,6.4,79.66
2026-08-20T00:31:38Z,6.34,78.63
2026-08-20T00:32:38Z,6.29,77.85
2026-08-20T00:33:38Z,6.29,77.82
2026-08-20T00:34:38Z,6.3,77.95
2026-08-20T00:35:38Z,6.29,77.81
2026-08-20T00:36:38Z,6.29,77.81
2026-08-20T00:37:38Z,6.29,77.72
2026-08-20T00:38:38Z,6.26,77.34
2026-08-20T00:39:38Z,6.27,77.5
2026-08-20T00:40:38Z,6.29,77.73
2026-08-20T00:41:38Z,6.28,77.69
2026-08-20T00:42:38Z,6.24,76.93
2026-08-20T00:43:38Z,6.24,76.92
2026-08-20T00:44:38Z,6.25,77.07
2026-08-20T00:45:38Z,6.23,76.7
2026-08-20T00:46:38Z,6.22,76.6
2026-08-20T00:47:38Z,6.21,76.45
2026-08-20T00:48:38Z,6.24,76.88
2026-08-20T00:49:38Z,6.21,76.47
2026-08-20T00:50:38Z,6.19,76.06
2026-08-20T00:51:38Z,6.21,76.41
2026-08-20T00:52:38Z,6.18,75.87
2026-08-20T00:53:38Z,6.17,75.78
2026-08-20T00:54:38Z,6.15,75.5
2026-08-20T00:55:38Z,6.14,75.26
2026-08-20T00:56:38Z,6.17,75.77
2026-08-20T00:57:38Z,6.18,75.99
2026-08-20T00:58:38Z,6.14,75.3
2026-08-20T00:59:38Z,6.14,75.29
2026-08-20T01:00:38Z,6.12,74.87
2026-08-20T01:01:38Z,6.08,74.33
2026-08-20T01:02:38Z,6.01,73.07
2026-08-20T01:03:38Z,5.96,72.26
2026-08-20T01:04:38Z,5.93,71.79
2026-08-20T01:05:38Z,5.93,71.79
2026-08-20T01:06:38Z,5.92,71.63
2026-08-20T01:07:38Z,5.86,70.54
2026-08-20T01:08:38Z,5.88,70.91
2026-08-20T01:09:38Z,5.84,70.18
2026-08-20T01:10:38Z,5.84,70.17
2026-08-20T01:11:38Z,5.82,69.82
2026-08-20T01:12:38Z,5.78,69.19
2026-08-20T01:13:38Z,5.8,69.54
2026-08-20T01:14:38Z,5.77,69
2026-08-20T01:15:38Z,5.73,68.44
2026-08-20T01:16:38Z,5.71,68.09
2026-08-20T01:17:38Z,5.71,68.08
2026-08-20T01:18:38Z,5.71,68.02
2026-08-20T01:19:38Z,5.68,67.53
2026-08-20T01:20:38Z,5.72,68.23
2026-08-20T01:21:38Z,5.73,68.36
2026-08-20T01:22:38Z,5.73,68.36
2026-08-20T01:23:38Z,5.69,67.64
2026-08-20T01:24:38Z,5.65,66.98
2026-08-20T01:25:38Z,5.66,67.23
2026-08-20T01:26:38Z,5.68,67.55
2026-08-20T01:27:38Z,5.66,67.16
2026-08-20T01:28:38Z,5.64,66.94
2026-08-20T01:29:38Z,5.66,67.14
2026-08-20T01:30:38Z,5.68,67.54
2026-08-20T01:31:38Z,5.72,68.2
2026-08-20T01:32:38Z,5.75,68.75
2026-08-20T01:33:38Z,5.64,66.85
2026-08-20T01:34:38Z,5.62,66.45
2026-08-20T01:35:38Z,5.63,66.62
2026-08-20T01:36:38Z,5.59,66.07
2026-08-20T01:37:38Z,5.59,65.96
2026-08-20T01:38:38Z,5.56,65.49
2026-08-20T01:39:38Z,5.59,66.06
2026-08-20T01:40:38Z,5.54,65.23
2026-08-20T01:41:38Z,5.5,64.58
2026-08-20T01:42:38Z,5.5,64.48
2026-08-20T01:43:38Z,5.51,64.65
2026-08-20T01:44:38Z,5.46,63.89
2026-08-20T01:45:38Z,5.45,63.63
2026-08-20T01:46:38Z,5.43,63.32
2026-08-20T01:47:38Z,5.41,63.05
2026-08-20T01:48:38Z,5.51,64.72
2026-08-20T01:49:38Z,5.44,63.46
2026-08-20T01:50:38Z,5.42,63.21
2026-08-20T01:51:38Z,5.92,62.79
2026-08-20T01:52:38Z,5.43,63.36
2026-08-20T01:53:38Z,5.45,63.7
2026-08-20T01:54:38Z,5.46,63.77
2026-08-20T01:55:38Z,5.47,64.07
2026-08-20T01:56:38Z,5.46,63.87
2026-08-20T01:57:38Z,5.47,63.94
2026-08-20T01:58:38Z,5.46,63.84
2026-08-20T01:59:38Z,5.45,63.61
2026-08-20T02:00:38Z,5.49,64.41
2026-08-20T02:01:38Z,5.43,63.35
2026-08-20T02:02:38Z,5.44,63.43
2026-08-20T02:03:38Z,5.43,63.39
2026-08-20T02:04:38Z,5.37,62.29
2026-08-20T02:05:38Z,5.37,62.35
2026-08-20T02:06:38Z,5.36,62.18
2026-08-20T02:07:38Z,5.4,62.84
2026-08-20T02:08:38Z,5.39,62.59
2026-08-20T02:09:38Z,5.39,62.64
2026-08-20T02:10:38Z,5.35,61.99
2026-08-20T02:11:38Z,5.33,61.66
2026-08-20T02:12:38Z,5.33,61.7
2026-08-20T02:13:38Z,5.32,61.4
2026-08-20T02:14:38Z,5.33,61.62
2026-08-20T02:15:38Z,5.24,60.13
2026-08-20T02:16:38Z,5.27,60.62
2026-08-20T02:17:38Z,5.27,60.67
2026-08-20T02:18:38Z,5.26,60.41
2026-08-20T02:19:38Z,5.28,60.88
2026-08-20T02:20:38Z,5.34,61.74
2026-08-20T02:21:38Z,5.34,61.76
2026-08-20T02:22:38Z,5.27,60.69
2026-08-20T02:23:38Z,5.27,60.56
2026-08-20T02:24:38Z,5.26,60.39
2026-08-20T02:25:38Z,5.21,59.56
2026-08-20T02:26:38Z,5.22,59.76
2026-08-20T02:27:38Z,5.19,59.23
2026-08-20T02:28:38Z,5.17,58.96
2026-08-20T02:29:38Z,5.24,60.16
2026-08-20T02:30:38Z,5.31,61.24
2026-08-20T02:31:38Z,5.28,60.85
2026-08-20T02:32:38Z,5.27,60.63
2026-08-20T02:33:38Z,5.32,61.48
2026-08-20T02:34:38Z,5.35,61.98
2026-08-20T02:35:38Z,5.35,61.98
2026-08-20T02:36:38Z,5.37,62.25
2026-08-20T02:37:38Z,5.34,61.87
2026-08-20T02:38:38Z,5.36,62.14
2026-08-20T02:39:38Z,5.34,61.82
2026-08-20T02:40:38Z,5.37,62.37
2026-08-20T02:41:38Z,5.34,61.78
2026-08-20T02:42:38Z,5.43,63.32
2026-08-20T02:43:38Z,5.43,63.39
2026-08-20T02:44:38Z,5.46,63.81
2026-08-20T02:45:38Z,5.5,64.5
2026-08-20T02:46:38Z,5.53,65.08
2026-08-20T02:47:38Z,5.57,65.7
2026-08-20T02:48:38Z,5.62,66.47
2026-08-20T02:49:38Z,5.63,66.74
2026-08-20T02:50:38Z,5.66,67.14
2026-08-20T02:51:38Z,5.67,67.31
2026-08-20T02:52:38Z,6.36,68.09
2026-08-20T02:53:38Z,5.78,69.19
2026-08-20T02:54:38Z,5.83,70.1
2026-08-20T02:55:38Z,5.91,71.38
2026-08-20T02:56:38Z,5.95,72.11
2026-08-20T02:57:38Z,6.62,72.47
2026-08-20T02:58:38Z,6.01,73.07
2026-08-20T02:59:38Z,6.05,73.73
2026-08-20T03:00:38Z,6.11,74.72
2026-08-20T03:01:38Z,6.79,75.31
2026-08-20T03:02:38Z,6.17,75.84
2026-08-20T03:03:38Z,6.23,76.77
2026-08-20T03:04:38Z,6.92,77.53
2026-08-20T03:05:38Z,6.96,78.08
2026-08-20T03:06:38Z,6.99,78.71
2026-08-20T03:07:38Z,7.65,78.86
2026-08-20T03:08:38Z,6.36,78.95
2026-08-20T03:09:38Z,7.02,79.12
2026-08-20T03:10:38Z,7.04,79.48
2026-08-20T03:11:38Z,7.03,79.35
2026-08-20T03:12:38Z,7.06,79.74
2026-08-20T03:13:38Z,6.4,79.69
2026-08-20T03:14:38Z,6.41,79.83
2026-08-20T03:15:38Z,6.42,80.03
2026-08-20T03:16:38Z,6.43,80.06
2026-08-20T03:17:38Z,6.44,80.34
2026-08-20T03:18:38Z,6.43,80.08
2026-08-20T03:19:38Z,6.42,79.99
2026-08-20T03:20:38Z,6.43,80.07
2026-08-20T03:21:38Z,6.42,80.01
2026-08-20T03:22:38Z,6.42,80.04
2026-08-20T03:23:38Z,6.39,79.5
2026-08-20T03:24:38Z,6.4,79.66
2026-08-20T03:25:38Z,6.42,80.02
2026-08-20T03:26:38Z,6.42,80.01
2026-08-20T03:27:38Z,6.44,80.26
2026-08-20T03:28:38Z,6.96,80.29
2026-08-20T03:29:38Z,6.45,80.49
2026-08-20T03:30:38Z,6.45,80.41
2026-08-20T03:31:38Z,6.43,80.07
2026-08-20T03:32:38Z,6.43,80.19
2026-08-20T03:33:38Z,6.42,79.93
2026-08-20T03:34:38Z,6.4,79.72
2026-08-20T03:35:38Z,6.39,79.55
2026-08-20T03:36:38Z,6.4,79.57
2026-08-20T03:37:38Z,6.91,79.43
2026-08-20T03:38:38Z,6.93,79.78
2026-08-20T03:39:38Z,6.38,79.28
2026-08-20T03:40:38Z,6.41,79.75
2026-08-20T03:41:38Z,6.41,79.74
2026-08-20T03:42:38Z,6.34,78.68
2026-08-20T03:43:38Z,6.34,78.59
2026-08-20T03:44:38Z,6.36,78.92
2026-08-20T03:45:38Z,6.33,78.47
2026-08-20T03:46:38Z,6.3,77.92
2026-08-20T03:47:38Z,6.79,77.46
2026-08-20T03:48:38Z,6.25,77.05
2026-08-20T03:49:38Z,6.21,76.5
2026-08-20T03:50:38Z,6.22,76.65
2026-08-20T03:51:38Z,6.2,76.31
2026-08-20T03:52:38Z,6.19,76.09
2026-08-20T03:53:38Z,6.16,75.66
2026-08-20T03:54:38Z,6.15,75.49
2026-08-20T03:55:38Z,6.15,75.45
2026-08-20T03:56:38Z,6.17,75.82
2026-08-20T03:57:38Z,6.15,75.4
2026-08-20T03:58:38Z,6.16,75.65
2026-08-20T03:59:38Z,6.18,75.95
2026-08-20T04:00:38Z,6.16,75.66
2026-08-20T04:01:38Z,6.12,75
2026-08-20T04:02:38Z,6.14,75.31
2026-08-20T04:03:38Z,6.15,75.44
2026-08-20T04:04:38Z,6.06,73.86
2026-08-20T04:05:38Z,6.08,74.32
2026-08-20T04:06:38Z,6.09,74.43
2026-08-20T04:07:38Z,6.04,73.61
2026-08-20T04:08:38Z,6.03,73.48
2026-08-20T04:09:38Z,6.02,73.3
2026-08-20T04:10:38Z,5.98,72.62
2026-08-20T04:11:38Z,6.01,73.02
2026-08-20T04:12:38Z,5.95,72.07
2026-08-20T04:13:38Z,5.92,71.64
2026-08-20T04:14:38Z,5.93,71.8
2026-08-20T04:15:38Z,5.91,71.4
2026-08-20T04:16:38Z,5.86,70.48
2026-08-20T04:17:38Z,5.89,71.04
2026-08-20T04:18:38Z,5.85,70.36
2026-08-20T04:19:38Z,5.82,69.84
2026-08-20T04:20:38Z,5.75,68.67
2026-08-20T04:21:38Z,5.66,67.19
2026-08-20T04:22:38Z,5.67,67.42
2026-08-20T04:23:38Z,5.66,67.15
2026-08-20T04:24:38Z,5.65,66.99
2026-08-20T04:25:38Z,5.65,67.04
2026-08-20T04:26:38Z,5.62,66.53
2026-08-20T04:27:38Z,5.59,66.07
2026-08-20T04:28:38Z,5.6,66.15
2026-08-20T04:29:38Z,5.58,65.86
2026-08-20T04:30:38Z,5.55,65.3
2026-08-20T04:31:38Z,5.49,64.33
2026-08-20T04:32:38Z,5.49,64.34
2026-08-20T04:33:38Z,5.51,64.63
2026-08-20T04:34:38Z,5.51,64.72
2026-08-20T04:35:38Z,6.17,64.8
2026-08-20T04:36:38Z,5.5,64.54
2026-08-20T04:37:38Z,5.48,64.13
2026-08-20T04:38:38Z,5.52,64.81
2026-08-20T04:39:38Z,5.47,64.08
2026-08-20T04:40:38Z,5.44,63.54
2026-08-20T04:41:38Z,5.38,62.47
2026-08-20T04:42:38Z,5.38,62.54
2026-08-20T04:43:38Z,5.4,62.74
2026-08-20T04:44:38Z,5.39,62.65
2026-08-20T04:45:38Z,5.41,62.92
2026-08-20T04:46:38Z,5.45,63.73
2026-08-20T04:47:38Z,5.45,63.66
2026-08-20T04:48:38Z,5.44,63.44
2026-08-20T04:49:38Z,5.4,62.84
2026-08-20T04:50:38Z,5.43,63.29
2026-08-20T04:51:38Z,5.42,63.24
2026-08-20T04:52:38Z,5.43,63.4
2026-08-20T04:53:38Z,5.44,63.56
2026-08-20T04:54:38Z,5.45,63.64
2026-08-20T04:55:38Z,5.45,63.64
2026-08-20T04:56:38Z,5.4,62.89
2026-08-20T04:57:38Z,5.42,63.14
2026-08-20T04:58:38Z,5.4,62.86
2026-08-20T04:59:38Z,5.41,62.98
2026-08-20T05:00:38Z,5.45,63.6
2026-08-20T05:01:38Z,5.46,63.79
2026-08-20T05:02:38Z,5.48,64.22
2026-08-20T05:03:38Z,5.53,65.07
2026-08-20T05:04:38Z,6.21,65.57
2026-08-20T05:05:38Z,5.57,65.71
2026-08-20T05:06:38Z,5.54,65.15
2026-08-20T05:07:38Z,6.18,65
2026-08-20T05:08:38Z,5.51,64.7
2026-08-20T05:09:38Z,5.46,63.85
2026-08-20T05:10:38Z,5.48,64.2
2026-08-20T05:11:38Z,5.48,64.12
2026-08-20T05:12:38Z,5.43,63.29
2026-08-20T05:13:38Z,5.43,63.38
2026-08-20T05:14:38Z,6.2,63.11
2026-08-20T05:15:38Z,5.38,62.54
2026-08-20T05:16:38Z,5.39,62.61
2026-08-20T05:17:38Z,5.38,62.41
2026-08-20T05:18:38Z,5.34,61.82
2026-08-20T05:19:38Z,6.15,62.26
2026-08-20T05:20:38Z,5.36,62.21
2026-08-20T05:21:38Z,5.35,62.03
2026-08-20T05:22:38Z,5.37,62.38
2026-08-20T05:23:38Z,5.44,63.45
2026-08-20T05:24:38Z,5.47,64.04
2026-08-20T05:25:38Z,5.53,64.94
2026-08-20T05:26:38Z,5.57,65.65
2026-08-20T05:27:38Z,5.52,64.88
2026-08-20T05:28:38Z,5.58,65.88
2026-08-20T05:29:38Z,5.58,65.8
2026-08-20T05:30:38Z,5.58,65.9
2026-08-20T05:31:38Z,5.57,65.65
2026-08-20T05:32:38Z,5.57,65.64
2026-08-20T05:33:38Z,5.6,66.12
2026-08-20T05:34:38Z,5.57,65.7
2026-08-20T05:35:38Z,5.55,65.37
2026-08-20T05:36:38Z,5.56,65.57
2026-08-20T05:37:38Z,5.6,66.25
2026-08-20T05:38:38Z,5.62,66.52
2026-08-20T05:39:38Z,5.62,66.49
2026-08-20T05:40:38Z,5.64,66.88
2026-08-20T05:41:38Z,5.68,67.45
2026-08-20T05:42:38Z,5.7,67.88
2026-08-20T05:43:38Z,5.69,67.62
2026-08-20T05:44:38Z,5.72,68.26
2026-08-20T05:45:38Z,5.7,67.95
2026-08-20T05:46:38Z,5.74,68.49
2026-08-20T05:47:38Z,5.72,68.28
2026-08-20T05:48:38Z,5.76,68.88
2026-08-20T05:49:38Z,5.74,68.46
2026-08-20T05:50:38Z,5.74,68.48
2026-08-20T05:51:38Z,5.73,68.35
2026-08-20T05:52:38Z,5.75,68.79
2026-08-20T05:53:38Z,5.76,68.94
2026-08-20T05:54:38Z,5.78,69.22
2026-08-20T05:55:38Z,5.78,69.16
2026-08-20T05:56:38Z,5.77,69.06
2026-08-20T05:57:38Z,5.77,69.03
2026-08-20T05:58:38Z,5.78,69.29
2026-08-20T05:59:38Z,5.78,69.24
2026-08-20T06:00:38Z,5.72,68.14
2026-08-20T06:01:38Z,5.72,68.19
2026-08-20T06:02:38Z,5.72,68.12
2026-08-20T06:03:38Z,5.72,68.28
2026-08-20T06:04:38Z,5.72,68.14
2026-08-20T06:05:38Z,5.71,68.03
2026-08-20T06:06:38Z,5.72,68.17
2026-08-20T06:07:38Z,5.69,67.64
2026-08-20T06:08:38Z,5.7,67.95
2026-08-20T06:09:38Z,5.7,67.8
2026-08-20T06:10:38Z,5.71,67.98
2026-08-20T06:11:38Z,5.72,68.19
2026-08-20T06:12:38Z,6.4,68.66
2026-08-20T06:13:38Z,5.74,68.61
2026-08-20T06:14:38Z,5.76,68.92
2026-08-20T06:15:38Z,5.75,68.7
2026-08-20T06:16:38Z,5.74,68.62
2026-08-20T06:17:38Z,5.75,68.78
2026-08-20T06:18:38Z,5.73,68.43
2026-08-20T06:19:38Z,5.75,68.66
2026-08-20T06:20:38Z,5.77,69.02
2026-08-20T06:21:38Z,5.76,68.81
2026-08-20T06:22:38Z,6.43,69.16
2026-08-20T06:23:38Z,5.77,69.11
2026-08-20T06:24:38Z,5.78,69.2
2026-08-20T06:25:38Z,5.78,69.18
2026-08-20T06:26:38Z,5.78,69.28
2026-08-20T06:27:38Z,5.77,69.06
2026-08-20T06:28:38Z,5.79,69.36
2026-08-20T06:29:38Z,6.45,69.58
2026-08-20T06:30:38Z,5.8,69.49
2026-08-20T06:31:38Z,5.8,69.63
2026-08-20T06:32:38Z,5.81,69.67
2026-08-20T06:33:38Z,5.8,69.6
2026-08-20T06:34:38Z,5.81,69.78
2026-08-20T06:35:38Z,6.49,70.2
2026-08-20T06:36:38Z,6.49,70.28
2026-08-20T06:37:38Z,5.87,70.65
2026-08-20T06:38:38Z,5.87,70.66
2026-08-20T06:39:38Z,5.88,70.81
2026-08-20T06:40:38Z,5.89,70.98
2026-08-20T06:41:38Z,5.9,71.27
2026-08-20T06:42:38Z,5.91,71.39
2026-08-20T06:43:38Z,6.56,71.37
2026-08-20T06:44:38Z,5.92,71.62
2026-08-20T06:45:38Z,5.93,71.69
2026-08-20T06:46:38Z,5.94,71.93
2026-08-20T06:47:38Z,5.96,72.16
2026-08-20T06:48:38Z,5.96,72.18
2026-08-20T06:49:38Z,6.63,72.54
2026-08-20T06:50:38Z,5.99,72.67
2026-08-20T06:51:38Z,6.02,73.19
2026-08-20T06:52:38Z,6.02,73.17
2026-08-20T06:53:38Z,6.02,73.17
2026-08-20T06:54:38Z,6.02,73.33
2026-08-20T06:55:38Z,6.04,73.54
2026-08-20T06:56:38Z,6.02,73.33
2026-08-20T06:57:38Z,6.06,73.87
2026-08-20T06:58:38Z,6.07,74.14
2026-08-20T06:59:38Z,6.06,73.99
2026-08-20T07:00:38Z,6.05,73.82
2026-08-20T07:01:38Z,6.07,74.01
2026-08-20T07:02:38Z,6.08,74.31
2026-08-20T07:03:38Z,6.07,74.03
2026-08-20T07:04:38Z,6.08,74.28
2026-08-20T07:05:38Z,6.1,74.61
2026-08-20T07:06:38Z,6.11,74.74
2026-08-20T07:07:38Z,6.11,74.73
2026-08-20T07:08:38Z,6.09,74.44
2026-08-20T07:09:38Z,6.07,74.13
2026-08-20T07:10:38Z,6.07,74.16
2026-08-20T07:11:38Z,6.07,74.12
2026-08-20T07:12:38Z,6.08,74.26
2026-08-20T07:13:38Z,6.09,74.4
2026-08-20T07:14:38Z,6.07,74.16
2026-08-20T07:15:38Z,6.06,73.84
2026-08-20T07:16:38Z,6.09,74.36
2026-08-20T07:17:38Z,6.11,74.71
2026-08-20T07:18:38Z,6.13,75.03
2026-08-20T07:19:38Z,6.15,75.43
2026-08-20T07:20:38Z,6.16,75.59
2026-08-20T07:21:38Z,6.15,75.46
2026-08-20T07:22:38Z,6.17,75.74
2026-08-20T07:23:38Z,6.19,76.15
2026-08-20T07:24:38Z,6.22,76.64
2026-08-20T07:25:38Z,6.26,77.26
2026-08-20T07:26:38Z,6.25,77.11
2026-08-20T07:27:38Z,6.25,77.04
2026-08-20T07:28:38Z,6.28,77.63
2026-08-20T07:29:38Z,6.31,78.14
2026-08-20T07:30:38Z,6.35,78.86
2026-08-20T07:31:38Z,6.37,79.16
2026-08-20T07:32:38Z,6.4,79.56
2026-08-20T07:33:38Z,6.42,79.93
2026-08-20T07:34:38Z,6.39,79.42
2026-08-20T07:35:38Z,7.04,79.48
2026-08-20T07:36:38Z,7.12,80.78
2026-08-20T07:37:38Z,7.11,80.65
2026-08-20T07:38:38Z,6.46,80.71
2026-08-20T07:39:38Z,6.48,80.99
2026-08-20T07:40:38Z,6.51,81.48
2026-08-20T07:41:38Z,6.56,82.3
2026-08-20T07:42:38Z,6.55,82.19
2026-08-20T07:43:38Z,7.23,82.69
2026-08-20T07:44:38Z,6.59,82.86
2026-08-20T07:45:38Z,6.65,83.92
2026-08-20T07:46:38Z,6.68,84.33
2026-08-20T07:47:38Z,6.68,84.41
2026-08-20T07:48:38Z,6.71,84.86
2026-08-20T07:49:38Z,6.72,85.06
2026-08-20T07:50:38Z,6.75,85.52
2026-08-20T07:51:38Z,6.77,85.81
2026-08-20T07:52:38Z,6.8,86.39
2026-08-20T07:53:38Z,6.79,86.15
2026-08-20T07:54:38Z,6.79,86.14
2026-08-20T07:55:38Z,6.82,86.67
2026-08-20T07:56:38Z,6.85,87.12
2026-08-20T07:57:38Z,6.86,87.39
2026-08-20T07:58:38Z,6.86,87.44
2026-08-20T07:59:38Z,6.87,87.59
2026-08-20T08:00:38Z,6.89,87.87
2026-08-20T08:01:38Z,6.91,88.23
2026-08-20T08:02:38Z,6.94,88.64
2026-08-20T08:03:38Z,6.96,89.05
2026-08-20T08:04:38Z,6.96,89.08
2026-08-20T08:05:38Z,6.95,88.88
2026-08-20T08:06:38Z,6.95,88.9
2026-08-20T08:07:38Z,6.96,89.11
2026-08-20T08:08:38Z,6.96,89.05
2026-08-20T08:09:38Z,6.98,89.38
2026-08-20T08:10:38Z,7,89.7
2026-08-20T08:11:38Z,7,89.8
2026-08-20T08:12:38Z,7.01,89.91
2026-08-20T08:13:38Z,7.01,89.95
2026-08-20T08:14:38Z,6.99,89.53
2026-08-20T08:15:38Z,6.99,89.55
2026-08-20T08:16:38Z,7.01,89.88
2026-08-20T08:17:38Z,7.03,90.18
2026-08-20T08:18:38Z,7.05,90.61
2026-08-20T08:19:38Z,7.06,90.81
2026-08-20T08:20:38Z,7.08,91
2026-08-20T08:21:38Z,7.1,91.41
2026-08-20T08:22:38Z,7.09,91.25
2026-08-20T08:23:38Z,7.1,91.44
2026-08-20T08:24:38Z,7.13,91.86
2026-08-20T08:25:38Z,7.12,91.78
2026-08-20T08:26:38Z,7.15,92.31
2026-08-20T08:27:38Z,7.15,92.33
2026-08-20T08:28:38Z,7.15,92.19
2026-08-20T08:29:38Z,7.14,92.11
2026-08-20T08:30:38Z,7.13,91.98
2026-08-20T08:31:38Z,7.15,92.23
2026-08-20T08:32:38Z,7.16,92.39
2026-08-20T08:33:38Z,7.17,92.51
2026-08-20T08:34:38Z,7.18,92.68
2026-08-20T08:35:38Z,7.18,92.83
2026-08-20T08:36:38Z,7.2,93.05
2026-08-20T08:37:38Z,7.2,93.08
2026-08-20T08:38:38Z,7.21,93.18
2026-08-20T08:39:38Z,7.2,93.08
2026-08-20T08:40:38Z,7.2,93.03
2026-08-20T08:41:38Z,7.19,92.84
2026-08-20T08:42:38Z,7.2,93.02
2026-08-20T08:43:38Z,7.19,92.92
2026-08-20T08:44:38Z,7.19,92.97
2026-08-20T08:45:38Z,7.2,93.11
2026-08-20T08:46:38Z,7.21,93.28
2026-08-20T08:47:38Z,7.21,93.34
2026-08-20T08:48:38Z,7.22,93.5
2026-08-20T08:49:38Z,7.22,93.48
2026-08-20T08:50:38Z,7.2,93.14
2026-08-20T08:51:38Z,7.21,93.34
2026-08-20T08:52:38Z,7.21,93.32
2026-08-20T08:53:38Z,7.21,93.31
2026-08-20T08:54:38Z,7.2,93.1
2026-08-20T08:55:38Z,7.2,93.11
2026-08-20T08:56:38Z,7.22,93.41
2026-08-20T08:57:38Z,7.22,93.39
2026-08-20T08:58:38Z,7.23,93.54
2026-08-20T08:59:38Z,7.21,93.33
2026-08-20T09:00:38Z,7.22,93.43
2026-08-20T09:01:38Z,7.23,93.66
2026-08-20T09:02:38Z,7.22,93.48
2026-08-20T09:03:38Z,7.23,93.62
2026-08-20T09:04:38Z,7.24,93.8
2026-08-20T09:05:38Z,7.23,93.58
2026-08-20T09:06:38Z,7.2,93.13
2026-08-20T09:07:38Z,7.2,93.07
2026-08-20T09:08:38Z,7.2,93.14
2026-08-20T09:09:38Z,7.22,93.49
2026-08-20T09:10:38Z,7.22,93.46
2026-08-20T09:11:38Z,7.22,93.4
2026-08-20T09:12:38Z,7.25,93.86
2026-08-20T09:13:38Z,7.22,93.43
2026-08-20T09:14:38Z,7.21,93.18
2026-08-20T09:15:38Z,7.21,93.33
2026-08-20T09:16:38Z,7.23,93.65
2026-08-20T09:17:38Z,7.22,93.37
2026-08-20T09:18:38Z,7.22,93.38
2026-08-20T09:19:38Z,7.22,93.45
2026-08-20T09:20:38Z,7.24,93.78
2026-08-20T09:21:38Z,7.24,93.69
2026-08-20T09:22:38Z,7.25,93.89
2026-08-20T09:23:38Z,7.24,93.83
2026-08-20T09:24:38Z,7.24,93.73
2026-08-20T09:25:38Z,7.21,93.29
2026-08-20T09:26:38Z,7.21,93.19
2026-08-20T09:27:38Z,7.22,93.48
2026-08-20T09:28:38Z,7.23,93.51
2026-08-20T09:29:38Z,7.22,93.47
2026-08-20T09:30:38Z,7.23,93.55
2026-08-20T09:31:38Z,7.22,93.37
2026-08-20T09:32:38Z,7.2,93.1
2026-08-20T09:33:38Z,7.18,92.74
2026-08-20T09:34:38Z,7.14,92.1
2026-08-20T09:35:38Z,7.12,91.73
2026-08-20T09:36:38Z,7.14,92.16
2026-08-20T09:37:38Z,7.15,92.31
2026-08-20T09:38:38Z,7.17,92.55
2026-08-20T09:39:38Z,7.17,92.62
2026-08-20T09:40:38Z,7.17,92.59
2026-08-20T09:41:38Z,7.17,92.55
2026-08-20T09:42:38Z,7.15,92.33
2026-08-20T09:43:38Z,7.14,92.15
2026-08-20T09:44:38Z,7.14,92.11
2026-08-20T09:45:38Z,7.14,92.02
2026-08-20T09:46:38Z,7.13,91.95
2026-08-20T09:47:38Z,7.12,91.78
2026-08-20T09:48:38Z,7.12,91.7
2026-08-20T09:49:38Z,7.11,91.51
2026-08-20T09:50:38Z,7.1,91.48
2026-08-20T09:51:38Z,7.11,91.59
2026-08-20T09:52:38Z,7.13,91.96
2026-08-20T09:53:38Z,7.14,92.03
2026-08-20T09:54:38Z,7.12,91.8
2026-08-20T09:55:38Z,7.08,91.15
2026-08-20T09:56:38Z,7.09,91.3
2026-08-20T09:57:38Z,7.1,91.35
2026-08-20T09:58:38Z,7.1,91.38
2026-08-20T09:59:38Z,7.1,91.46
2026-08-20T10:00:38Z,7.11,91.59
2026-08-20T10:01:38Z,7.11,91.56
2026-08-20T10:02:38Z,7.11,91.64
2026-08-20T10:03:38Z,7.11,91.58
2026-08-20T10:04:38Z,7.11,91.65
2026-08-20T10:05:38Z,7.11,91.59
2026-08-20T10:06:38Z,7.13,91.86
2026-08-20T10:07:38Z,7.14,92.06
2026-08-20T10:08:38Z,7.12,91.79
2026-08-20T10:09:38Z,7.13,91.9
2026-08-20T10:10:38Z,7.13,91.98
2026-08-20T10:11:38Z,7.13,91.89
2026-08-20T10:12:38Z,7.14,92.09
2026-08-20T10:13:38Z,7.14,92.07
2026-08-20T10:14:38Z,7.15,92.3
2026-08-20T10:15:38Z,7.15,92.25
2026-08-20T10:16:38Z,7.15,92.19
2026-08-20T10:17:38Z,7.12,91.75
2026-08-20T10:18:38Z,7.12,91.7
2026-08-20T10:19:38Z,7.11,91.63
2026-08-20T10:20:38Z,7.11,91.58
2026-08-20T10:21:38Z,7.11,91.58
2026-08-20T10:22:38Z,7.12,91.76
2026-08-20T10:23:38Z,7.12,91.82
2026-08-20T10:24:38Z,7.13,91.92
2026-08-20T10:25:38Z,7.13,91.92
2026-08-20T10:26:38Z,7.13,91.86
2026-08-20T10:27:38Z,7.14,92.02
2026-08-20T10:28:38Z,7.13,91.92
2026-08-20T10:29:38Z,7.12,91.73
2026-08-20T10:30:38Z,7.12,91.72
2026-08-20T10:31:38Z,7.11,91.51
2026-08-20T10:32:38Z,7.1,91.38
2026-08-20T10:33:38Z,7.09,91.17
2026-08-20T10:34:38Z,7.09,91.21
2026-08-20T10:35:38Z,7.09,91.18
2026-08-20T10:36:38Z,7.09,91.22
2026-08-20T10:37:38Z,7.09,91.21
2026-08-20T10:38:38Z,7.09,91.2
2026-08-20T10:39:38Z,7.08,91.15
2026-08-20T10:40:38Z,7.08,91.15
2026-08-20T10:41:38Z,7.1,91.4
2026-08-20T10:42:38Z,7.1,91.48
2026-08-20T10:43:38Z,7.1,91.4
2026-08-20T10:44:38Z,7.09,91.24
2026-08-20T10:45:38Z,7.09,91.16
2026-08-20T10:46:38Z,7.07,90.95
2026-08-20T10:47:38Z,7.08,91
2026-08-20T10:48:38Z,7.08,90.99
2026-08-20T10:49:38Z,7.07,90.96
2026-08-20T10:50:38Z,7.06,90.81
2026-08-20T10:51:38Z,7.05,90.63
2026-08-20T10:52:38Z,7.04,90.4
2026-08-20T10:53:38Z,7.05,90.59
2026-08-20T10:54:38Z,7.05,90.49
2026-08-20T10:55:38Z,7.04,90.4
2026-08-20T10:56:38Z,7.04,90.32
2026-08-20T10:57:38Z,7.03,90.3
2026-08-20T10:58:38Z,7.03,90.22
2026-08-20T10:59:38Z,7.02,90.11
2026-08-20T11:00:38Z,7.02,90.09
2026-08-20T11:01:38Z,7.02,90.09
2026-08-20T11:02:38Z,7.02,90.09
2026-08-20T11:03:38Z,7.02,90.07
2026-08-20T11:04:38Z,7.02,90.07
2026-08-20T11:05:38Z,7.02,90.08
2026-08-20T11:06:38Z,7.01,89.85
2026-08-20T11:07:38Z,7.01,89.92
2026-08-20T11:08:38Z,6.99,89.63
2026-08-20T11:09:38Z,7,89.7
2026-08-20T11:10:38Z,7,89.72
2026-08-20T11:11:38Z,7,89.7
2026-08-20T11:12:38Z,6.99,89.55
2026-08-20T11:13:38Z,6.99,89.51
2026-08-20T11:14:38Z,6.98,89.38
2026-08-20T11:15:38Z,6.97,89.2
2026-08-20T11:16:38Z,6.97,89.23
2026-08-20T11:17:38Z,6.97,89.24
2026-08-20T11:18:38Z,6.98,89.32
2026-08-20T11:19:38Z,6.96,89.12
2026-08-20T11:20:38Z,6.97,89.24
2026-08-20T11:21:38Z,6.97,89.14
2026-08-20T11:22:38Z,6.96,89.09
2026-08-20T11:23:38Z,6.96,88.99
2026-08-20T11:24:38Z,6.95,88.85
2026-08-20T11:25:38Z,6.94,88.76
2026-08-20T11:26:38Z,6.94,88.68
2026-08-20T11:27:38Z,6.94,88.68
2026-08-20T11:28:38Z,6.92,88.45
2026-08-20T11:29:38Z,6.92,88.45
2026-08-20T11:30:38Z,6.95,88.93
2026-08-20T11:31:38Z,6.93,88.57
2026-08-20T11:32:38Z,6.91,88.16
2026-08-20T11:33:38Z,6.9,88.02
2026-08-20T11:34:38Z,6.89,87.82
2026-08-20T11:35:38Z,6.88,87.67
2026-08-20T11:36:38Z,6.87,87.5
2026-08-20T11:37:38Z,6.86,87.42
2026-08-20T11:38:38Z,6.85,87.22
2026-08-20T11:39:38Z,6.84,87.07
2026-08-20T11:40:38Z,6.84,86.96
2026-08-20T11:41:38Z,6.84,87
2026-08-20T11:42:38Z,6.82,86.73
2026-08-20T11:43:38Z,6.81,86.61
2026-08-20T11:44:38Z,6.79,86.26
2026-08-20T11:45:38Z,6.81,86.45
2026-08-20T11:46:38Z,6.81,86.51
2026-08-20T11:47:38Z,6.8,86.32
2026-08-20T11:48:38Z,6.8,86.37
2026-08-20T11:49:38Z,6.78,86.06
2026-08-20T11:50:38Z,6.78,86.03
2026-08-20T11:51:38Z,6.78,86.02
2026-08-20T11:52:38Z,6.77,85.9
2026-08-20T11:53:38Z,6.77,85.88
2026-08-20T11:54:38Z,6.76,85.77
2026-08-20T11:55:38Z,6.78,85.97
2026-08-20T11:56:38Z,6.76,85.68
2026-08-20T11:57:38Z,6.75,85.49
2026-08-20T11:58:38Z,6.74,85.4
2026-08-20T11:59:38Z,6.75,85.48
2026-08-20T12:00:38Z,6.75,85.6
2026-08-20T12:01:38Z,6.75,85.47
2026-08-20T12:02:38Z,6.75,85.56
2026-08-20T12:03:38Z,6.75,85.47
2026-08-20T12:04:38Z,6.74,85.32
2026-08-20T12:05:38Z,6.77,85.78
2026-08-20T12:06:38Z,6.77,85.92
2026-08-20T12:07:38Z,6.76,85.67
2026-08-20T12:08:38Z,6.75,85.55
2026-08-20T12:09:38Z,6.75,85.58
2026-08-20T12:10:38Z,6.76,85.76
2026-08-20T12:11:38Z,6.76,85.77
2026-08-20T12:12:38Z,6.77,85.81
2026-08-20T12:13:38Z,6.77,85.94
2026-08-20T12:14:38Z,6.77,85.89
2026-08-20T12:15:38Z,6.77,85.94
2026-08-20T12:16:38Z,6.78,85.96
2026-08-20T12:17:38Z,6.78,85.95
2026-08-20T12:18:38Z,6.78,85.99
2026-08-20T12:19:38Z,6.78,86
2026-08-20T12:20:38Z,6.79,86.24
2026-08-20T12:21:38Z,6.79,86.14
2026-08-20T12:22:38Z,6.79,86.22
2026-08-20T12:23:38Z,6.8,86.37
2026-08-20T12:24:38Z,6.79,86.25
2026-08-20T12:25:38Z,6.8,86.36
2026-08-20T12:26:38Z,6.79,86.22
2026-08-20T12:27:38Z,6.8,86.29
2026-08-20T12:28:38Z,6.81,86.53
2026-08-20T12:29:38Z,6.81,86.53
2026-08-20T12:30:38Z,6.82,86.66
2026-08-20T12:31:38Z,6.82,86.71
2026-08-20T12:32:38Z,6.83,86.82
2026-08-20T12:33:38Z,6.83,86.94
2026-08-20T12:34:38Z,6.84,86.96
2026-08-20T12:35:38Z,6.84,87.03
2026-08-20T12:36:38Z,6.83,86.82
2026-08-20T12:37:38Z,6.83,86.86
2026-08-20T12:38:38Z,6.83,86.95
2026-08-20T12:39:38Z,6.83,86.95
2026-08-20T12:40:38Z,6.83,86.9
2026-08-20T12:41:38Z,6.83,86.87
2026-08-20T12:42:38Z,6.83,86.85
2026-08-20T12:43:38Z,6.83,86.81
2026-08-20T12:44:38Z,6.83,86.8
2026-08-20T12:45:38Z,6.83,86.95
2026-08-20T12:46:38Z,6.83,86.92
2026-08-20T12:47:38Z,6.83,86.79
2026-08-20T12:48:38Z,6.82,86.78
2026-08-20T12:49:38Z,6.82,86.71
2026-08-20T12:50:38Z,6.83,86.86
2026-08-20T12:51:38Z,6.83,86.79
2026-08-20T12:52:38Z,6.83,86.82
2026-08-20T12:53:38Z,6.83,86.8
2026-08-20T12:54:38Z,6.83,86.79
2026-08-20T12:55:38Z,6.84,86.96
2026-08-20T12:56:38Z,6.83,86.79
2026-08-20T12:57:38Z,6.82,86.65
2026-08-20T12:58:38Z,6.82,86.76
2026-08-20T12:59:38Z,6.81,86.57
2026-08-20T13:00:38Z,6.81,86.6
2026-08-20T13:01:38Z,6.81,86.5
2026-08-20T13:02:38Z,6.81,86.51
2026-08-20T13:03:38Z,6.8,86.37
2026-08-20T13:04:38Z,6.8,86.38
2026-08-20T13:05:38Z,6.81,86.6
2026-08-20T13:06:38Z,6.8,86.41
2026-08-20T13:07:38Z,6.8,86.44
2026-08-20T13:08:38Z,6.81,86.55
2026-08-20T13:09:38Z,6.82,86.62
2026-08-20T13:10:38Z,6.82,86.65
2026-08-20T13:11:38Z,6.81,86.55
2026-08-20T13:12:38Z,6.81,86.52
2026-08-20T13:13:38Z,6.82,86.74
2026-08-20T13:14:38Z,6.81,86.55
2026-08-20T13:15:38Z,6.81,86.48
2026-08-20T13:16:38Z,6.82,86.73
2026-08-20T13:17:38Z,6.82,86.62
2026-08-20T13:18:38Z,6.81,86.52
2026-08-20T13:19:38Z,6.81,86.52
2026-08-20T13:20:38Z,6.81,86.46
2026-08-20T13:21:38Z,6.81,86.48
2026-08-20T13:22:38Z,6.81,86.48
2026-08-20T13:23:38Z,6.81,86.45
2026-08-20T13:24:38Z,6.8,86.38
2026-08-20T13:25:38Z,6.81,86.53
2026-08-20T13:26:38Z,6.82,86.65
2026-08-20T13:27:38Z,6.81,86.5
2026-08-20T13:28:38Z,6.8,86.36
2026-08-20T13:29:38Z,6.79,86.23
2026-08-20T13:30:38Z,6.79,86.24
2026-08-20T13:31:38Z,6.79,86.19
2026-08-20T13:32:38Z,6.79,86.17
2026-08-20T13:33:38Z,6.79,86.23
2026-08-20T13:34:38Z,6.8,86.33
2026-08-20T13:35:38Z,6.8,86.41
2026-08-20T13:36:38Z,6.79,86.17
2026-08-20T13:37:38Z,6.79,86.26
2026-08-20T13:38:38Z,6.8,86.28
2026-08-20T13:39:38Z,6.8,86.39
2026-08-20T13:40:38Z,6.8,86.39
2026-08-20T13:41:38Z,6.8,86.32
2026-08-20T13:42:38Z,6.79,86.27
2026-08-20T13:43:38Z,6.8,86.43
2026-08-20T13:44:38Z,6.8,86.42
2026-08-20T13:45:38Z,6.81,86.56
2026-08-20T13:46:38Z,6.82,86.76
2026-08-20T13:47:38Z,6.83,86.89
2026-08-20T13:48:38Z,6.82,86.77
2026-08-20T13:49:38Z,6.83,86.85
2026-08-20T13:50:38Z,6.84,87.04
2026-08-20T13:51:38Z,6.84,87.04
2026-08-20T13:52:38Z,6.84,87.07
2026-08-20T13:53:38Z,6.84,87.05
2026-08-20T13:54:38Z,6.85,87.12
2026-08-20T13:55:38Z,6.85,87.24
2026-08-20T13:56:38Z,6.86,87.34
2026-08-20T13:57:38Z,6.86,87.42
2026-08-20T13:58:38Z,6.87,87.57
2026-08-20T13:59:38Z,6.87,87.53
2026-08-20T14:00:38Z,6.87,87.54
2026-08-20T14:01:38Z,6.88,87.71
2026-08-20T14:02:38Z,6.89,87.89
2026-08-20T14:03:38Z,6.89,87.92
2026-08-20T14:04:38Z,6.88,87.77
2026-08-20T14:05:38Z,6.89,87.82
2026-08-20T14:06:38Z,6.88,87.77
2026-08-20T14:07:38Z,6.88,87.65
2026-08-20T14:08:38Z,6.88,87.76
2026-08-20T14:09:38Z,6.87,87.56
2026-08-20T14:10:38Z,6.89,87.81
2026-08-20T14:11:38Z,6.89,87.9
2026-08-20T14:12:38Z,6.9,87.96
2026-08-20T14:13:38Z,6.9,88.05
2026-08-20T14:14:38Z,6.9,87.99
2026-08-20T14:15:38Z,6.9,88
2026-08-20T14:16:38Z,6.9,88.08
2026-08-20T14:17:38Z,6.91,88.13
2026-08-20T14:18:38Z,6.91,88.16
2026-08-20T14:19:38Z,6.91,88.24
2026-08-20T14:20:38Z,6.9,87.97
2026-08-20T14:21:38Z,6.89,87.91
2026-08-20T14:22:38Z,6.89,87.87
2026-08-20T14:23:38Z,6.89,87.94
2026-08-20T14:24:38Z,6.9,88.06
2026-08-20T14:25:38Z,6.9,88.01
2026-08-20T14:26:38Z,6.9,88.03
2026-08-20T14:27:38Z,6.9,88.01
2026-08-20T14:28:38Z,6.91,88.21
2026-08-20T14:29:38Z,6.91,88.2
2026-08-20T14:30:38Z,6.92,88.31
2026-08-20T14:31:38Z,6.91,88.24
2026-08-20T14:32:38Z,6.92,88.37
2026-08-20T14:33:38Z,6.92,88.43
2026-08-20T14:34:38Z,6.93,88.5
2026-08-20T14:35:38Z,6.92,88.45
2026-08-20T14:36:38Z,6.93,88.58
2026-08-20T14:37:38Z,6.93,88.53
2026-08-20T14:38:38Z,6.93,88.6
2026-08-20T14:39:38Z,6.93,88.59
2026-08-20T14:40:38Z,6.92,88.38
2026-08-20T14:41:38Z,6.92,88.42
2026-08-20T14:42:38Z,6.91,88.15
2026-08-20T14:43:38Z,6.91,88.14
2026-08-20T14:44:38Z,6.9,88.11
2026-08-20T14:45:38Z,6.9,88.09
2026-08-20T14:46:38Z,6.9,88.04
2026-08-20T14:47:38Z,6.9,87.97
2026-08-20T14:48:38Z,6.9,88.02
2026-08-20T14:49:38Z,6.89,87.92
2026-08-20T14:50:38Z,6.9,88.08
2026-08-20T14:51:38Z,6.91,88.15
2026-08-20T14:52:38Z,6.9,88.08
2026-08-20T14:53:38Z,6.91,88.23
2026-08-20T14:54:38Z,6.92,88.34
2026-08-20T14:55:38Z,6.92,88.4
2026-08-20T14:56:38Z,6.92,88.42
2026-08-20T14:57:38Z,6.92,88.38
2026-08-20T14:58:38Z,6.92,88.38
2026-08-20T14:59:38Z,6.92,88.42
2026-08-20T15:00:38Z,6.93,88.49
2026-08-20T15:01:38Z,6.93,88.51
2026-08-20T15:02:38Z,6.93,88.53
2026-08-20T15:03:38Z,6.92,88.44
2026-08-20T15:04:38Z,6.92,88.44
2026-08-20T15:05:38Z,6.94,88.73
2026-08-20T15:06:38Z,6.93,88.61
2026-08-20T15:07:38Z,6.94,88.64
2026-08-20T15:08:38Z,6.93,88.47
2026-08-20T15:09:38Z,6.92,88.42
2026-08-20T15:10:38Z,6.91,88.23
2026-08-20T15:11:38Z,6.9,88.11
2026-08-20T15:12:38Z,6.91,88.14
2026-08-20T15:13:38Z,6.91,88.21
2026-08-20T15:14:38Z,6.9,88.09
2026-08-20T15:15:38Z,6.9,88.07
2026-08-20T15:16:38Z,6.9,88.06
2026-08-20T15:17:38Z,6.9,88.08
2026-08-20T15:18:38Z,6.91,88.13
2026-08-20T15:19:38Z,6.92,88.31
2026-08-20T15:20:38Z,6.91,88.29
2026-08-20T15:21:38Z,6.91,88.25
2026-08-20T15:22:38Z,6.92,88.32
2026-08-20T15:23:38Z,6.91,88.22
2026-08-20T15:24:38Z,6.91,88.16
2026-08-20T15:25:38Z,6.91,88.19
2026-08-20T15:26:38Z,6.9,88.12
2026-08-20T15:27:38Z,6.91,88.26
2026-08-20T15:28:38Z,6.91,88.27
2026-08-20T15:29:38Z,6.92,88.35
2026-08-20T15:30:38Z,6.92,88.32
2026-08-20T15:31:38Z,6.92,88.38
2026-08-20T15:32:38Z,6.92,88.45
2026-08-20T15:33:38Z,6.92,88.46
2026-08-20T15:34:38Z,6.93,88.57
2026-08-20T15:35:38Z,6.94,88.72
2026-08-20T15:36:38Z,6.93,88.61
2026-08-20T15:37:38Z,6.94,88.7
2026-08-20T15:38:38Z,6.93,88.62
2026-08-20T15:39:38Z,6.94,88.71
2026-08-20T15:40:38Z,6.94,88.76
2026-08-20T15:41:38Z,6.95,88.81
2026-08-20T15:42:38Z,6.95,88.82
2026-08-20T15:43:38Z,6.94,88.66
2026-08-20T15:44:38Z,6.94,88.71
2026-08-20T15:45:38Z,6.94,88.7
2026-08-20T15:46:38Z,6.93,88.5
2026-08-20T15:47:38Z,6.92,88.42
2026-08-20T15:48:38Z,6.92,88.45
2026-08-20T15:49:38Z,6.92,88.43
2026-08-20T15:50:38Z,6.92,88.44
2026-08-20T15:51:38Z,6.92,88.43
2026-08-20T15:52:38Z,6.93,88.52
2026-08-20T15:53:38Z,6.93,88.51
2026-08-20T15:54:38Z,6.93,88.52
2026-08-20T15:55:38Z,6.93,88.61
2026-08-20T15:56:38Z,6.93,88.54
2026-08-20T15:57:38Z,6.93,88.61
2026-08-20T15:58:38Z,6.93,88.47
2026-08-20T15:59:38Z,6.92,88.38
2026-08-20T16:00:38Z,6.92,88.39
2026-08-20T16:01:38Z,6.92,88.34
2026-08-20T16:02:38Z,6.92,88.42
2026-08-20T16:03:38Z,6.93,88.55
2026-08-20T16:04:38Z,6.93,88.58
2026-08-20T16:05:38Z,6.93,88.57
2026-08-20T16:06:38Z,6.92,88.39
2026-08-20T16:07:38Z,6.93,88.56
2026-08-20T16:08:38Z,6.93,88.53
2026-08-20T16:09:38Z,6.93,88.6
2026-08-20T16:10:38Z,6.93,88.5
2026-08-20T16:11:38Z,6.93,88.5
2026-08-20T16:12:38Z,6.93,88.51
2026-08-20T16:13:38Z,6.93,88.56
2026-08-20T16:14:38Z,6.93,88.56
2026-08-20T16:15:38Z,6.93,88.53
2026-08-20T16:16:38Z,6.93,88.57
2026-08-20T16:17:38Z,6.93,88.49
2026-08-20T16:18:38Z,6.92,88.44
2026-08-20T16:19:38Z,6.93,88.47
2026-08-20T16:20:38Z,6.92,88.44
2026-08-20T16:21:38Z,6.93,88.53
2026-08-20T16:22:38Z,6.93,88.47
2026-08-20T16:23:38Z,6.92,88.31
2026-08-20T16:24:38Z,6.92,88.37
2026-08-20T16:25:38Z,6.92,88.44
2026-08-20T16:26:38Z,6.92,88.35
2026-08-20T16:27:38Z,6.91,88.29
2026-08-20T16:28:38Z,6.91,88.22
2026-08-20T16:29:38Z,6.9,88.12
2026-08-20T16:30:38Z,6.9,88.1
2026-08-20T16:31:38Z,6.9,88.03
2026-08-20T16:32:38Z,6.89,87.95
2026-08-20T16:33:38Z,6.9,88.06
2026-08-20T16:34:38Z,6.9,87.98
2026-08-20T16:35:38Z,6.91,88.14
2026-08-20T16:36:38Z,6.9,88.06
2026-08-20T16:37:38Z,6.9,88.06
2026-08-20T16:38:38Z,6.89,87.85
2026-08-20T16:39:38Z,6.88,87.72
2026-08-20T16:40:38Z,6.88,87.72
2026-08-20T16:41:38Z,6.88,87.79
2026-08-20T16:42:38Z,6.88,87.76
2026-08-20T16:43:38Z,6.88,87.71
2026-08-20T16:44:38Z,6.87,87.46
2026-08-20T16:45:38Z,6.86,87.45
2026-08-20T16:46:38Z,6.87,87.46
2026-08-20T16:47:38Z,6.88,87.74
2026-08-20T16:48:38Z,6.88,87.74
2026-08-20T16:49:38Z,6.87,87.6
2026-08-20T16:50:38Z,6.88,87.7
2026-08-20T16:51:38Z,6.88,87.76
2026-08-20T16:52:38Z,6.89,87.8
2026-08-20T16:53:38Z,6.89,87.84
2026-08-20T16:54:38Z,6.88,87.77
2026-08-20T16:55:38Z,6.88,87.71
2026-08-20T16:56:38Z,6.87,87.55
2026-08-20T16:57:38Z,6.87,87.53
2026-08-20T16:58:38Z,6.87,87.54
2026-08-20T16:59:38Z,6.86,87.43
2026-08-20T17:00:38Z,6.87,87.47
2026-08-20T17:01:38Z,6.86,87.29
2026-08-20T17:02:38Z,6.85,87.24
2026-08-20T17:03:38Z,6.85,87.28
2026-08-20T17:04:38Z,6.86,87.29
2026-08-20T17:05:38Z,6.85,87.24
2026-08-20T17:06:38Z,6.86,87.35
2026-08-20T17:07:38Z,6.86,87.34
2026-08-20T17:08:38Z,6.86,87.35
2026-08-20T17:09:38Z,6.86,87.33
2026-08-20T17:10:38Z,6.86,87.3
2026-08-20T17:11:38Z,6.86,87.3
2026-08-20T17:12:38Z,6.86,87.33
2026-08-20T17:13:38Z,6.86,87.43
2026-08-20T17:14:38Z,6.87,87.53
2026-08-20T17:15:38Z,6.88,87.71
2026-08-20T17:16:38Z,6.88,87.74
2026-08-20T17:17:38Z,6.89,87.85
2026-08-20T17:18:38Z,6.9,87.97
2026-08-20T17:19:38Z,6.9,88.04
2026-08-20T17:20:38Z,6.9,88.04
2026-08-20T17:21:38Z,6.91,88.17
2026-08-20T17:22:38Z,6.91,88.19
2026-08-20T17:23:38Z,6.91,88.24
2026-08-20T17:24:38Z,6.91,88.26
2026-08-20T17:25:38Z,6.92,88.45
2026-08-20T17:26:38Z,6.94,88.66
2026-08-20T17:27:38Z,6.95,88.88
2026-08-20T17:28:38Z,6.95,88.87
2026-08-20T17:29:38Z,6.95,88.83
2026-08-20T17:30:38Z,6.94,88.8
2026-08-20T17:31:38Z,6.95,88.83
2026-08-20T17:32:38Z,6.94,88.76
2026-08-20T17:33:38Z,6.94,88.71
2026-08-20T17:34:38Z,6.93,88.6
2026-08-20T17:35:38Z,6.93,88.58
2026-08-20T17:36:38Z,6.93,88.57
2026-08-20T17:37:38Z,6.93,88.5
2026-08-20T17:38:38Z,6.93,88.61
2026-08-20T17:39:38Z,6.92,88.46
2026-08-20T17:40:38Z,6.93,88.5
2026-08-20T17:41:38Z,6.93,88.47
2026-08-20T17:42:38Z,6.93,88.48
2026-08-20T17:43:38Z,6.93,88.51
2026-08-20T17:44:38Z,6.92,88.42
2026-08-20T17:45:38Z,6.92,88.41
2026-08-20T17:46:38Z,6.91,88.27
2026-08-20T17:47:38Z,6.9,88
2026-08-20T17:48:38Z,6.9,87.98
2026-08-20T17:49:38Z,6.89,87.94
2026-08-20T17:50:38Z,6.89,87.9
2026-08-20T17:51:38Z,6.89,87.95
2026-08-20T17:52:38Z,6.88,87.74
2026-08-20T17:53:38Z,6.88,87.69
2026-08-20T17:54:38Z,6.88,87.67
2026-08-20T17:55:38Z,6.89,87.81
2026-08-20T17:56:38Z,6.89,87.83
2026-08-20T17:57:38Z,6.89,87.85
2026-08-20T17:58:38Z,6.89,87.9
2026-08-20T17:59:38Z,6.88,87.79
2026-08-20T18:00:38Z,6.89,87.91
2026-08-20T18:01:38Z,6.9,88.04
2026-08-20T18:02:38Z,6.9,88.07
2026-08-20T18:03:38Z,6.9,87.98
2026-08-20T18:04:38Z,6.9,88.06
2026-08-20T18:05:38Z,6.9,88.04
2026-08-20T18:06:38Z,6.9,88.09
2026-08-20T18:07:38Z,6.9,87.96
2026-08-20T18:08:38Z,6.89,87.93
2026-08-20T18:09:38Z,6.89,87.93
2026-08-20T18:10:38Z,6.9,87.97
2026-08-20T18:11:38Z,6.89,87.9
2026-08-20T18:12:38Z,6.9,87.98
2026-08-20T18:13:38Z,6.9,87.97
2026-08-20T18:14:38Z,6.9,87.97
2026-08-20T18:15:38Z,6.89,87.91
2026-08-20T18:16:38Z,6.9,88
2026-08-20T18:17:38Z,6.9,88.07
2026-08-20T18:18:38Z,6.9,88
2026-08-20T18:19:38Z,6.89,87.91
2026-08-20T18:20:38Z,6.89,87.89
2026-08-20T18:21:38Z,6.9,88.02
2026-08-20T18:22:38Z,6.9,87.97
2026-08-20T18:23:38Z,6.89,87.94
2026-08-20T18:24:38Z,6.9,87.99
2026-08-20T18:25:38Z,6.9,88.11
2026-08-20T18:26:38Z,6.91,88.19
2026-08-20T18:27:38Z,6.91,88.29
2026-08-20T18:28:38Z,6.91,88.2
2026-08-20T18:29:38Z,6.91,88.29
2026-08-20T18:30:38Z,6.91,88.25
2026-08-20T18:31:38Z,6.91,88.25
2026-08-20T18:32:38Z,6.91,88.23
2026-08-20T18:33:38Z,6.91,88.25
2026-08-20T18:34:38Z,6.92,88.33
2026-08-20T18:35:38Z,6.92,88.3
2026-08-20T18:36:38Z,6.91,88.19
2026-08-20T18:37:38Z,6.91,88.24
2026-08-20T18:38:38Z,6.91,88.15
2026-08-20T18:39:38Z,6.9,88.05
2026-08-20T18:40:38Z,6.9,88.06
2026-08-20T18:41:38Z,6.9,88.09
2026-08-20T18:42:38Z,6.91,88.13
2026-08-20T18:43:38Z,6.9,88.07
2026-08-20T18:44:38Z,6.9,88.02
2026-08-20T18:45:38Z,6.9,87.99
2026-08-20T18:46:38Z,6.89,87.89
2026-08-20T18:47:38Z,6.89,87.87
2026-08-20T18:48:38Z,6.89,87.85
2026-08-20T18:49:38Z,6.9,87.96
2026-08-20T18:50:38Z,6.9,87.96
2026-08-20T18:51:38Z,6.89,87.9
2026-08-20T18:52:38Z,6.9,88.03
2026-08-20T18:53:38Z,6.89,87.95
2026-08-20T18:54:38Z,6.89,87.92
2026-08-20T18:55:38Z,6.89,87.86
2026-08-20T18:56:38Z,6.89,87.88
2026-08-20T18:57:38Z,6.88,87.75
2026-08-20T18:58:38Z,6.88,87.74
2026-08-20T18:59:38Z,6.88,87.71
2026-08-20T19:00:38Z,6.88,87.72
2026-08-20T19:01:38Z,6.89,87.81
2026-08-20T19:02:38Z,6.89,87.87
2026-08-20T19:03:38Z,6.89,87.91
2026-08-20T19:04:38Z,6.9,87.98
2026-08-20T19:05:38Z,6.89,87.9
2026-08-20T19:06:38Z,6.9,87.97
2026-08-20T19:07:38Z,6.9,88.03
2026-08-20T19:08:38Z,6.9,88.12
2026-08-20T19:09:38Z,6.91,88.19
2026-08-20T19:10:38Z,6.91,88.21
2026-08-20T19:11:38Z,6.91,88.14
2026-08-20T19:12:38Z,6.91,88.25
2026-08-20T19:13:38Z,6.91,88.28
2026-08-20T19:14:38Z,6.91,88.26
2026-08-20T19:15:38Z,6.91,88.23
2026-08-20T19:16:38Z,6.92,88.33
2026-08-20T19:17:38Z,6.92,88.33
2026-08-20T19:18:38Z,6.92,88.42
2026-08-20T19:19:38Z,6.92,88.43
2026-08-20T19:20:38Z,6.93,88.57
2026-08-20T19:21:38Z,6.92,88.44
2026-08-20T19:22:38Z,6.93,88.49
2026-08-20T19:23:38Z,6.93,88.49
2026-08-20T19:24:38Z,6.93,88.51
2026-08-20T19:25:38Z,6.93,88.54
2026-08-20T19:26:38Z,6.93,88.51
2026-08-20T19:27:38Z,6.93,88.56
2026-08-20T19:28:38Z,6.93,88.56
2026-08-20T19:29:38Z,6.93,88.55
2026-08-20T19:30:38Z,6.93,88.59
2026-08-20T19:31:38Z,6.93,88.58
2026-08-20T19:32:38Z,6.93,88.61
2026-08-20T19:33:38Z,6.93,88.6
2026-08-20T19:34:38Z,6.94,88.7
2026-08-20T19:35:38Z,6.94,88.69
2026-08-20T19:36:38Z,6.94,88.78
2026-08-20T19:37:38Z,6.94,88.78
2026-08-20T19:38:38Z,6.94,88.8
2026-08-20T19:39:38Z,6.95,88.89
2026-08-20T19:40:38Z,6.95,88.87
2026-08-20T19:41:38Z,6.96,88.98
2026-08-20T19:42:38Z,6.96,88.98
2026-08-20T19:43:38Z,6.96,88.99
2026-08-20T19:44:38Z,6.96,89.03
2026-08-20T19:45:38Z,6.96,89
2026-08-20T19:46:38Z,6.96,89.08
2026-08-20T19:47:38Z,6.96,89.07
2026-08-20T19:48:38Z,6.96,88.97
2026-08-20T19:49:38Z,6.96,89.04
2026-08-20T19:50:38Z,6.96,89
2026-08-20T19:51:38Z,6.96,89.1
2026-08-20T19:52:38Z,6.97,89.14
2026-08-20T19:53:38Z,6.97,89.28
2026-08-20T19:54:38Z,6.98,89.33
2026-08-20T19:55:38Z,6.97,89.28
2026-08-20T19:56:38Z,6.97,89.26
2026-08-20T19:57:38Z,6.97,89.26
2026-08-20T19:58:38Z,6.97,89.3
2026-08-20T19:59:38Z,6.97,89.3
2026-08-20T20:00:38Z,6.98,89.33
2026-08-20T20:01:38Z,6.98,89.31
2026-08-20T20:02:38Z,6.98,89.34
2026-08-20T20:03:38Z,6.98,89.4
2026-08-20T20:04:38Z,6.98,89.39
2026-08-20T20:05:38Z,6.98,89.32
2026-08-20T20:06:38Z,6.97,89.24
2026-08-20T20:07:38Z,6.96,89.12
2026-08-20T20:08:38Z,6.97,89.17
2026-08-20T20:09:38Z,6.97,89.3
2026-08-20T20:10:38Z,6.97,89.23
2026-08-20T20:11:38Z,6.97,89.24
2026-08-20T20:12:38Z,6.97,89.19
2026-08-20T20:13:38Z,6.97,89.21
2026-08-20T20:14:38Z,6.97,89.17
2026-08-20T20:15:38Z,6.96,89.05
2026-08-20T20:16:38Z,6.96,89.02
2026-08-20T20:17:38Z,6.95,88.88
2026-08-20T20:18:38Z,6.94,88.79
2026-08-20T20:19:38Z,6.94,88.67
2026-08-20T20:20:38Z,6.93,88.55
2026-08-20T20:21:38Z,6.92,88.4
2026-08-20T20:22:38Z,6.92,88.44
2026-08-20T20:23:38Z,6.92,88.4
2026-08-20T20:24:38Z,6.92,88.36
2026-08-20T20:25:38Z,6.92,88.35
2026-08-20T20:26:38Z,6.92,88.37
2026-08-20T20:27:38Z,6.92,88.34
2026-08-20T20:28:38Z,6.91,88.27
2026-08-20T20:29:38Z,6.91,88.23
2026-08-20T20:30:38Z,6.91,88.24
2026-08-20T20:31:38Z,6.9,88.1
2026-08-20T20:32:38Z,6.91,88.2
2026-08-20T20:33:38Z,6.91,88.13
2026-08-20T20:34:38Z,6.9,88.08
2026-08-20T20:35:38Z,6.9,88.09
2026-08-20T20:36:38Z,6.91,88.17
2026-08-20T20:37:38Z,6.91,88.24
2026-08-20T20:38:38Z,6.92,88.33
2026-08-20T20:39:38Z,6.92,88.3
2026-08-20T20:40:38Z,6.92,88.35
2026-08-20T20:41:38Z,6.92,88.34
2026-08-20T20:42:38Z,6.92,88.45
2026-08-20T20:43:38Z,6.92,88.44
2026-08-20T20:44:38Z,6.92,88.37
2026-08-20T20:45:38Z,6.93,88.52
2026-08-20T20:46:38Z,6.92,88.46
2026-08-20T20:47:38Z,6.92,88.45
2026-08-20T20:48:38Z,6.92,88.43
2026-08-20T20:49:38Z,6.93,88.51
2026-08-20T20:50:38Z,6.93,88.51
2026-08-20T20:51:38Z,6.92,88.37
2026-08-20T20:52:38Z,6.93,88.47
2026-08-20T20:53:38Z,6.93,88.58
2026-08-20T20:54:38Z,6.93,88.62
2026-08-20T20:55:38Z,6.94,88.67
2026-08-20T20:56:38Z,6.94,88.74
2026-08-20T20:57:38Z,6.95,88.85
2026-08-20T20:58:38Z,6.95,88.88
2026-08-20T20:59:38Z,6.95,88.83
2026-08-20T21:00:38Z,6.94,88.73
2026-08-20T21:01:38Z,6.94,88.72
2026-08-20T21:02:38Z,6.95,88.82
2026-08-20T21:03:38Z,6.95,88.92
2026-08-20T21:04:38Z,6.96,89.01
2026-08-20T21:05:38Z,6.96,89.1
2026-08-20T21:06:38Z,6.97,89.15
2026-08-20T21:07:38Z,6.96,89.12
2026-08-20T21:08:38Z,6.97,89.16
2026-08-20T21:09:38Z,6.97,89.2
2026-08-20T21:10:38Z,6.96,89.06
2026-08-20T21:11:38Z,6.96,89.06
2026-08-20T21:12:38Z,6.97,89.14
2026-08-20T21:13:38Z,6.97,89.16
2026-08-20T21:14:38Z,6.97,89.17
2026-08-20T21:15:38Z,6.96,89.05
2026-08-20T21:16:38Z,6.96,88.97
2026-08-20T21:17:38Z,6.96,89
2026-08-20T21:18:38Z,6.96,89.02
2026-08-20T21:19:38Z,6.96,89.03
2026-08-20T21:20:38Z,6.96,89
2026-08-20T21:21:38Z,6.95,88.95
2026-08-20T21:22:38Z,6.96,89.01
2026-08-20T21:23:38Z,6.96,88.99
2026-08-20T21:24:38Z,6.96,88.97
2026-08-20T21:25:38Z,6.95,88.86
2026-08-20T21:26:38Z,6.95,88.9
2026-08-20T21:27:38Z,6.95,88.95
2026-08-20T21:28:38Z,6.95,88.84
2026-08-20T21:29:38Z,6.95,88.84
2026-08-20T21:30:38Z,6.94,88.69
2026-08-20T21:31:38Z,6.94,88.75
2026-08-20T21:32:38Z,6.95,88.81
2026-08-20T21:33:38Z,6.94,88.76
2026-08-20T21:34:38Z,6.94,88.77
2026-08-20T21:35:38Z,6.94,88.77
2026-08-20T21:36:38Z,6.93,88.63
2026-08-20T21:37:38Z,6.93,88.56
2026-08-20T21:38:38Z,6.94,88.66
2026-08-20T21:39:38Z,6.94,88.65
2026-08-20T21:40:38Z,6.93,88.55
2026-08-20T21:41:38Z,6.93,88.51
2026-08-20T21:42:38Z,6.93,88.49
2026-08-20T21:43:38Z,6.92,88.41
2026-08-20T21:44:38Z,6.92,88.42
2026-08-20T21:45:38Z,6.93,88.47
2026-08-20T21:46:38Z,6.92,88.45
2026-08-20T21:47:38Z,6.93,88.54
2026-08-20T21:48:38Z,6.92,88.39
2026-08-20T21:49:38Z,6.92,88.41
2026-08-20T21:50:38Z,6.92,88.45
2026-08-20T21:51:38Z,6.92,88.39
2026-08-20T21:52:38Z,6.92,88.32
2026-08-20T21:53:38Z,6.91,88.18
2026-08-20T21:54:38Z,6.91,88.18
2026-08-20T21:55:38Z,6.9,88.11
2026-08-20T21:56:38Z,6.9,88.09
2026-08-20T21:57:38Z,6.9,88
2026-08-20T21:58:38Z,6.89,87.89
2026-08-20T21:59:38Z,6.9,87.97
2026-08-20T22:00:38Z,6.9,87.96
2026-08-20T22:01:38Z,6.89,87.83
2026-08-20T22:02:38Z,6.88,87.75
2026-08-20T22:03:38Z,6.88,87.77
2026-08-20T22:04:38Z,6.88,87.73
2026-08-20T22:05:38Z,6.88,87.71
2026-08-20T22:06:38Z,6.88,87.66
2026-08-20T22:07:38Z,6.88,87.68
2026-08-20T22:08:38Z,6.87,87.62
2026-08-20T22:09:38Z,6.87,87.54
2026-08-20T22:10:38Z,6.86,87.44
2026-08-20T22:11:38Z,6.85,87.23
2026-08-20T22:12:38Z,6.85,87.23
2026-08-20T22:13:38Z,6.84,87.02
2026-08-20T22:14:38Z,6.83,86.91
2026-08-20T22:15:38Z,6.83,86.86
2026-08-20T22:16:38Z,6.82,86.71
2026-08-20T22:17:38Z,6.82,86.63
2026-08-20T22:18:38Z,6.82,86.76
2026-08-20T22:19:38Z,6.82,86.69
2026-08-20T22:20:38Z,6.8,86.39
2026-08-20T22:21:38Z,6.8,86.39
2026-08-20T22:22:38Z,6.78,86.05
2026-08-20T22:23:38Z,6.78,86
2026-08-20T22:24:38Z,6.78,86.04
2026-08-20T22:25:38Z,6.77,85.83
2026-08-20T22:26:38Z,6.76,85.77
2026-08-20T22:27:38Z,6.75,85.5
2026-08-20T22:28:38Z,6.74,85.39
2026-08-20T22:29:38Z,6.74,85.34
2026-08-20T22:30:38Z,6.73,85.16
2026-08-20T22:31:38Z,6.71,84.83
2026-08-20T22:32:38Z,6.71,84.78
2026-08-20T22:33:38Z,6.7,84.76
2026-08-20T22:34:38Z,6.68,84.37
2026-08-20T22:35:38Z,6.65,83.79
2026-08-20T22:36:38Z,6.66,84.09
2026-08-20T22:37:38Z,6.66,84.04
2026-08-20T22:38:38Z,6.67,84.2
2026-08-20T22:39:38Z,6.66,84.02
2026-08-20T22:40:38Z,6.65,83.76
2026-08-20T22:41:38Z,6.64,83.64
2026-08-20T22:42:38Z,6.63,83.44
2026-08-20T22:43:38Z,6.6,83.05
2026-08-20T22:44:38Z,6.58,82.73
2026-08-20T22:45:38Z,6.59,82.75
2026-08-20T22:46:38Z,6.55,82.12
2026-08-20T22:47:38Z,6.54,82.07
2026-08-20T22:48:38Z,6.55,82.23
2026-08-20T22:49:38Z,6.55,82.21
2026-08-20T22:50:38Z,6.56,82.26
2026-08-20T22:51:38Z,6.56,82.32
2026-08-20T22:52:38Z,6.55,82.12
2026-08-20T22:53:38Z,6.53,81.76
2026-08-20T22:54:38Z,6.53,81.9
2026-08-20T22:55:38Z,6.53,81.82
2026-08-20T22:56:38Z,6.52,81.63
2026-08-20T22:57:38Z,6.53,81.8
2026-08-20T22:58:38Z,6.54,82.02
2026-08-20T22:59:38Z,6.53,81.86
2026-08-20T23:00:38Z,6.53,81.78
2026-08-20T23:01:38Z,6.51,81.42
2026-08-20T23:02:38Z,6.48,81.05
2026-08-20T23:03:38Z,6.49,81.12
2026-08-20T23:04:38Z,6.49,81.09
2026-08-20T23:05:38Z,6.49,81.14
2026-08-20T23:06:38Z,6.44,80.3
2026-08-20T23:07:38Z,6.43,80.17
2026-08-20T23:08:38Z,6.39,79.48
2026-08-20T23:09:38Z,6.39,79.49
2026-08-20T23:10:38Z,6.39,79.4
2026-08-20T23:11:38Z,6.36,78.89
2026-08-20T23:12:38Z,6.33,78.51
2026-08-20T23:13:38Z,6.34,78.69
2026-08-20T23:14:38Z,6.34,78.71
2026-08-20T23:15:38Z,6.34,78.58
2026-08-20T23:16:38Z,6.34,78.55
2026-08-20T23:17:38Z,6.31,78.12
2026-08-20T23:18:38Z,6.32,78.3
2026-08-20T23:19:38Z,6.31,78.16
2026-08-20T23:20:38Z,6.31,78.08
2026-08-20T23:21:38Z,6.29,77.79
2026-08-20T23:22:38Z,6.26,77.25
2026-08-20T23:23:38Z,6.24,76.94
2026-08-20T23:24:38Z,6.24,76.9
2026-08-20T23:25:38Z,6.26,77.21
2026-08-20T23:26:38Z,6.21,76.45
2026-08-20T23:27:38Z,6.22,76.53
2026-08-20T23:28:38Z,6.24,76.99
2026-08-20T23:29:38Z,6.24,76.95
2026-08-20T23:30:38Z,6.24,76.88
2026-08-20T23:31:38Z,6.23,76.77
2026-08-20T23:32:38Z,6.23,76.78
2026-08-20T23:33:38Z,6.24,76.92
2026-08-20T23:34:38Z,6.24,76.97
2026-08-20T23:35:38Z,6.23,76.77
2026-08-20T23:36:38Z,6.22,76.6
2026-08-20T23:37:38Z,6.22,76.64
2026-08-20T23:38:38Z,6.2,76.19
2026-08-20T23:39:38Z,6.2,76.24
2026-08-20T23:40:38Z,6.18,75.99
2026-08-20T23:41:38Z,6.15,75.41
2026-08-20T23:42:38Z,6.15,75.39
2026-08-20T23:43:38Z,6.16,75.62
2026-08-20T23:44:38Z,6.16,75.53
2026-08-20T23:45:38Z,6.14,75.28
2026-08-20T23:46:38Z,6.13,75.16
2026-08-20T23:47:38Z,6.14,75.24
2026-08-20T23:48:38Z,6.13,75.06
2026-08-20T23:49:38Z,6.11,74.7
2026-08-20T23:50:38Z,6.1,74.56
2026-08-20T23:51:38Z,6.11,74.74
2026-08-20T23:52:38Z,6.13,75.05
2026-08-20T23:53:38Z,6.13,75.11
2026-08-20T23:54:38Z,6.15,75.44
2026-08-20T23:55:38Z,6.12,74.99
2026-08-20T23:56:38Z,6.07,74.01
2026-08-20T23:57:38Z,6.04,73.59
2026-08-20T23:58:38Z,6.06,73.84
2026-08-20T23:59:38Z,6.02,73.32
2026-08-21T00:00:38Z,6.03,73.35
2026-08-21T00:01:38Z,5.98,72.61
2026-08-21T00:02:38Z,5.98,72.6
2026-08-21T00:03:38Z,6.01,73.04
2026-08-21T00:04:38Z,5.99,72.71
2026-08-21T00:05:38Z,5.96,72.29
2026-08-21T00:06:38Z,5.93,71.73
2026-08-21T00:07:38Z,5.94,71.93
2026-08-21T00:08:38Z,5.94,71.96
2026-08-21T00:09:38Z,5.94,71.91
2026-08-21T00:10:38Z,5.92,71.49
2026-08-21T00:11:38Z,5.93,71.79
2026-08-21T00:12:38Z,5.94,71.94
2026-08-21T00:13:38Z,5.89,71.11
2026-08-21T00:14:38Z,5.88,70.84
2026-08-21T00:15:38Z,5.89,71.11
2026-08-21T00:16:38Z,5.88,70.97
2026-08-21T00:17:38Z,5.88,70.97
2026-08-21T00:18:38Z,5.9,71.15
2026-08-21T00:19:38Z,5.89,71.12
2026-08-21T00:20:38Z,5.87,70.8
2026-08-21T00:21:38Z,5.86,70.64
2026-08-21T00:22:38Z,5.87,70.73
2026-08-21T00:23:38Z,5.82,69.86
2026-08-21T00:24:38Z,5.82,69.86
2026-08-21T00:25:38Z,5.83,70.03
2026-08-21T00:26:38Z,5.83,70.02
2026-08-21T00:27:38Z,5.83,69.98
2026-08-21T00:28:38Z,5.79,69.34
2026-08-21T00:29:38Z,5.77,69.05
2026-08-21T00:30:38Z,5.72,68.17
2026-08-21T00:31:38Z,5.69,67.75
2026-08-21T00:32:38Z,5.65,67.05
2026-08-21T00:33:38Z,5.67,67.37
2026-08-21T00:34:38Z,5.66,67.22
2026-08-21T00:35:38Z,5.67,67.28
2026-08-21T00:36:38Z,5.66,67.26
2026-08-21T00:37:38Z,5.61,66.31
2026-08-21T00:38:38Z,5.56,65.56
2026-08-21T00:39:38Z,5.57,65.71
2026-08-21T00:40:38Z,5.55,65.36
2026-08-21T00:41:38Z,5.55,65.33
2026-08-21T00:42:38Z,5.51,64.73
2026-08-21T00:43:38Z,5.46,63.91
2026-08-21T00:44:38Z,5.47,63.94
2026-08-21T00:45:38Z,5.51,64.66
2026-08-21T00:46:38Z,5.48,64.21
2026-08-21T00:47:38Z,5.48,64.19
2026-08-21T00:48:38Z,5.46,63.81
2026-08-21T00:49:38Z,5.43,63.26
2026-08-21T00:50:38Z,5.4,62.89
2026-08-21T00:51:38Z,5.38,62.43
2026-08-21T00:52:38Z,5.36,62.07
2026-08-21T00:53:38Z,5.34,61.84
2026-08-21T00:54:38Z,5.29,60.97
2026-08-21T00:55:38Z,5.26,60.4
2026-08-21T00:56:38Z,5.21,59.58
2026-08-21T00:57:38Z,5.13,58.2
2026-08-21T00:58:38Z,5.18,59.04
2026-08-21T00:59:38Z,5.25,60.28
2026-08-21T01:00:38Z,5.26,60.55
2026-08-21T01:01:38Z,5.25,60.27
2026-08-21T01:02:38Z,5.2,59.46
2026-08-21T01:03:38Z,5.19,59.35
2026-08-21T01:04:38Z,5.14,58.5
2026-08-21T01:05:38Z,5.13,58.27
2026-08-21T01:06:38Z,5.1,57.83
2026-08-21T01:07:38Z,5.14,58.41
2026-08-21T01:08:38Z,5.12,58.1
2026-08-21T01:09:38Z,5.1,57.78
2026-08-21T01:10:38Z,5.13,58.26
2026-08-21T01:11:38Z,5.16,58.85
2026-08-21T01:12:38Z,5.14,58.5
2026-08-21T01:13:38Z,5.18,59.14
2026-08-21T01:14:38Z,5.21,59.56
2026-08-21T01:15:38Z,5.2,59.4
2026-08-21T01:16:38Z,5.15,58.58
2026-08-21T01:17:38Z,5.05,56.93
2026-08-21T01:18:38Z,5.06,57.09
2026-08-21T01:19:38Z,5.07,57.21
2026-08-21T01:20:38Z,5.03,56.65
2026-08-21T01:21:38Z,5.02,56.41
2026-08-21T01:22:38Z,5,56.13
2026-08-21T01:23:38Z,5,56.04
2026-08-21T01:24:38Z,4.93,54.93
2026-08-21T01:25:38Z,4.99,55.87
2026-08-21T01:26:38Z,5.01,56.22
2026-08-21T01:27:38Z,4.97,55.54
2026-08-21T01:28:38Z,5.08,57.43
2026-08-21T01:29:38Z,5.02,56.51
2026-08-21T01:30:38Z,5.14,58.5
2026-08-21T01:31:38Z,5.07,57.25
2026-08-21T01:32:38Z,5.09,57.68
2026-08-21T01:33:38Z,5.11,58.02
2026-08-21T01:34:38Z,5.12,58.06
2026-08-21T01:35:38Z,5.12,58.05
2026-08-21T01:36:38Z,5.13,58.35
2026-08-21T01:37:38Z,5.15,58.67
2026-08-21T01:38:38Z,5.15,58.66
2026-08-21T01:39:38Z,5.14,58.43
2026-08-21T01:40:38Z,5.17,58.94
2026-08-21T01:41:38Z,5.19,59.23
2026-08-21T01:42:38Z,5.23,60.01
2026-08-21T01:43:38Z,5.25,60.38
2026-08-21T01:44:38Z,5.23,60.04
2026-08-21T01:45:38Z,5.26,60.55
2026-08-21T01:46:38Z,5.3,61.15
2026-08-21T01:47:38Z,5.3,61.17
2026-08-21T01:48:38Z,5.34,61.8
2026-08-21T01:49:38Z,5.29,60.93
2026-08-21T01:50:38Z,5.32,61.53
2026-08-21T01:51:38Z,5.33,61.58
2026-08-21T01:52:38Z,5.36,62.22
2026-08-21T01:53:38Z,5.38,62.51
2026-08-21T01:54:38Z,5.38,62.42
2026-08-21T01:55:38Z,5.39,62.65
2026-08-21T01:56:38Z,5.42,63.2
2026-08-21T01:57:38Z,5.45,63.68
2026-08-21T01:58:38Z,5.39,62.69
2026-08-21T01:59:38Z,5.31,61.39
2026-08-21T02:00:38Z,5.29,60.96
2026-08-21T02:01:38Z,5.25,60.3
2026-08-21T02:02:38Z,5.23,59.98
2026-08-21T02:03:38Z,5.21,59.65
2026-08-21T02:04:38Z,5.13,58.26
2026-08-21T02:05:38Z,5.15,58.57
2026-08-21T02:06:38Z,5.07,57.31
2026-08-21T02:07:38Z,5.05,56.88
2026-08-21T02:08:38Z,4.98,55.68
2026-08-21T02:09:38Z,4.98,55.84
2026-08-21T02:10:38Z,4.96,55.35
2026-08-21T02:11:38Z,4.98,55.78
2026-08-21T02:12:38Z,4.96,55.48
2026-08-21T02:13:38Z,4.92,54.82
2026-08-21T02:14:38Z,4.92,54.73
2026-08-21T02:15:38Z,4.92,54.71
2026-08-21T02:16:38Z,4.93,54.9
2026-08-21T02:17:38Z,4.87,53.92
2026-08-21T02:18:38Z,4.88,54.15
2026-08-21T02:19:38Z,4.88,54.11
2026-08-21T02:20:38Z,4.95,55.23
2026-08-21T02:21:38Z,4.93,54.89
2026-08-21T02:22:38Z,4.91,54.53
2026-08-21T02:23:38Z,4.88,54.01
2026-08-21T02:24:38Z,4.93,54.98
2026-08-21T02:25:38Z,4.92,54.82
2026-08-21T02:26:38Z,4.95,55.23
2026-08-21T02:27:38Z,4.95,55.18
2026-08-21T02:28:38Z,5,56.02
2026-08-21T02:29:38Z,4.93,54.99
2026-08-21T02:30:38Z,4.93,54.9
2026-08-21T02:31:38Z,4.92,54.75
2026-08-21T02:32:38Z,4.89,54.31
2026-08-21T02:33:38Z,4.87,53.97
2026-08-21T02:34:38Z,4.89,54.29
2026-08-21T02:35:38Z,4.87,53.84
2026-08-21T02:36:38Z,4.82,53.05
2026-08-21T02:37:38Z,4.83,53.26
2026-08-21T02:38:38Z,4.82,53
2026-08-21T02:39:38Z,4.78,52.37
2026-08-21T02:40:38Z,4.78,52.45
2026-08-21T02:41:38Z,4.75,51.88
2026-08-21T02:42:38Z,4.78,52.36
2026-08-21T02:43:38Z,4.85,53.61
2026-08-21T02:44:38Z,4.86,53.71
2026-08-21T02:45:38Z,4.85,53.54
2026-08-21T02:46:38Z,4.8,52.65
2026-08-21T02:47:38Z,4.85,53.51
2026-08-21T02:48:38Z,4.81,52.92
2026-08-21T02:49:38Z,4.75,51.81
2026-08-21T02:50:38Z,4.78,52.34
2026-08-21T02:51:38Z,4.81,52.92
2026-08-21T02:52:38Z,4.82,53.11
2026-08-21T02:53:38Z,4.84,53.38
2026-08-21T02:54:38Z,4.84,53.34
2026-08-21T02:55:38Z,4.8,52.73
2026-08-21T02:56:38Z,4.78,52.38
2026-08-21T02:57:38Z,4.75,51.96
2026-08-21T02:58:38Z,4.77,52.16
2026-08-21T02:59:38Z,4.86,53.72
2026-08-21T03:00:38Z,4.87,53.98
2026-08-21T03:01:38Z,4.87,53.97
2026-08-21T03:02:38Z,4.87,53.88
2026-08-21T03:03:38Z,4.84,53.41
2026-08-21T03:04:38Z,4.81,52.89
2026-08-21T03:05:38Z,4.78,52.35
2026-08-21T03:06:38Z,4.7,51.05
2026-08-21T03:07:38Z,4.74,51.65
2026-08-21T03:08:38Z,4.69,50.8
2026-08-21T03:09:38Z,4.64,50.09
2026-08-21T03:10:38Z,4.67,50.49
2026-08-21T03:11:38Z,4.65,50.18
2026-08-21T03:12:38Z,4.62,49.79
2026-08-21T03:13:38Z,4.63,49.87
2026-08-21T03:14:38Z,4.59,49.25
2026-08-21T03:15:38Z,4.59,49.12
2026-08-21T03:16:38Z,4.55,48.48
2026-08-21T03:17:38Z,4.58,48.96
2026-08-21T03:18:38Z,4.59,49.21
2026-08-21T03:19:38Z,4.51,47.79
2026-08-21T03:20:38Z,4.49,47.46
2026-08-21T03:21:38Z,4.48,47.35
2026-08-21T03:22:38Z,4.46,47.1
2026-08-21T03:23:38Z,4.48,47.31
2026-08-21T03:24:38Z,4.49,47.55
2026-08-21T03:25:38Z,4.48,47.3
2026-08-21T03:26:38Z,4.52,47.98
2026-08-21T03:27:38Z,4.52,48.07
2026-08-21T03:28:38Z,4.58,49.02
2026-08-21T03:29:38Z,4.57,48.81
2026-08-21T03:30:38Z,4.53,48.19
2026-08-21T03:31:38Z,4.54,48.44
2026-08-21T03:32:38Z,4.56,48.72
2026-08-21T03:33:38Z,4.6,49.34
2026-08-21T03:34:38Z,4.64,50.01
2026-08-21T03:35:38Z,4.69,50.94
2026-08-21T03:36:38Z,4.79,52.58
2026-08-21T03:37:38Z,4.83,53.2
2026-08-21T03:38:38Z,4.87,53.91
2026-08-21T03:39:38Z,4.89,54.31
2026-08-21T03:40:38Z,4.95,55.23
2026-08-21T03:41:38Z,4.94,55.07
2026-08-21T03:42:38Z,5.01,56.29
2026-08-21T03:43:38Z,5.03,56.56
2026-08-21T03:44:38Z,5.02,56.47
2026-08-21T03:45:38Z,5.06,57.14
2026-08-21T03:46:38Z,5.07,57.21
2026-08-21T03:47:38Z,5.04,56.72
2026-08-21T03:48:38Z,5.06,57.18
2026-08-21T03:49:38Z,5.07,57.27
2026-08-21T03:50:38Z,5.07,57.26
2026-08-21T03:51:38Z,5.1,57.73
2026-08-21T03:52:38Z,5.15,58.67
2026-08-21T03:53:38Z,5.13,58.27
2026-08-21T03:54:38Z,5.1,57.81
2026-08-21T03:55:38Z,5.13,58.28
2026-08-21T03:56:38Z,5.12,58.13
2026-08-21T03:57:38Z,5.08,57.46
2026-08-21T03:58:38Z,5.09,57.68
2026-08-21T03:59:38Z,5.11,57.89
2026-08-21T04:00:38Z,5.07,57.23
2026-08-21T04:01:38Z,5.11,57.89
2026-08-21T04:02:38Z,5.15,58.54
2026-08-21T04:03:38Z,5.1,57.76
2026-08-21T04:04:38Z,4.99,55.88
2026-08-21T04:05:38Z,4.94,55.08
2026-08-21T04:06:38Z,5,56.17
2026-08-21T04:07:38Z,5.05,56.98
2026-08-21T04:08:38Z,5.06,57.14
2026-08-21T04:09:38Z,5.06,57.17
2026-08-21T04:10:38Z,5.07,57.26
2026-08-21T04:11:38Z,5.06,57.07
2026-08-21T04:12:38Z,5.09,57.64
2026-08-21T04:13:38Z,5.11,57.95
2026-08-21T04:14:38Z,5.07,57.3
2026-08-21T04:15:38Z,5.06,57.13
2026-08-21T04:16:38Z,5.1,57.83
2026-08-21T04:17:38Z,5.13,58.3
2026-08-21T04:18:38Z,5.12,58.17
2026-08-21T04:19:38Z,5.17,58.94
2026-08-21T04:20:38Z,5.86,57.48
2026-08-21T04:21:38Z,5.86,57.37
2026-08-21T04:22:38Z,5.08,57.42
2026-08-21T04:23:38Z,5.04,56.75
2026-08-21T04:24:38Z,5.03,56.64
2026-08-21T04:25:38Z,5.02,56.48
2026-08-21T04:26:38Z,5.05,56.9
2026-08-21T04:27:38Z,5.09,57.66
2026-08-21T04:28:38Z,5.1,57.84
2026-08-21T04:29:38Z,5.1,57.79
2026-08-21T04:30:38Z,5.11,57.94
2026-08-21T04:31:38Z,5.06,57.13
2026-08-21T04:32:38Z,5.08,57.42
2026-08-21T04:33:38Z,5.11,57.91
2026-08-21T04:34:38Z,5.12,58.04
2026-08-21T04:35:38Z,5.13,58.3
2026-08-21T04:36:38Z,5.17,59.01
2026-08-21T04:37:38Z,5.23,59.98
2026-08-21T04:38:38Z,5.29,60.97
2026-08-21T04:39:38Z,5.35,61.94
2026-08-21T04:40:38Z,5.37,62.25
2026-08-21T04:41:38Z,5.42,63.08
2026-08-21T04:42:38Z,5.45,63.65
2026-08-21T04:43:38Z,5.43,63.38
2026-08-21T04:44:38Z,5.48,64.12
2026-08-21T04:45:38Z,5.5,64.55
2026-08-21T04:46:38Z,5.51,64.64
2026-08-21T04:47:38Z,5.53,65.02
2026-08-21T04:48:38Z,5.54,65.1
2026-08-21T04:49:38Z,5.55,65.37
2026-08-21T04:50:38Z,5.58,65.87
2026-08-21T04:51:38Z,5.58,65.8
2026-08-21T04:52:38Z,5.57,65.67
2026-08-21T04:53:38Z,6.39,66.31
2026-08-21T04:54:38Z,6.42,66.83
2026-08-21T04:55:38Z,5.67,67.44
2026-08-21T04:56:38Z,5.69,67.73
2026-08-21T04:57:38Z,5.69,67.64
2026-08-21T04:58:38Z,5.71,67.96
2026-08-21T04:59:38Z,5.72,68.18
2026-08-21T05:00:38Z,5.73,68.4
2026-08-21T05:01:38Z,5.72,68.25
2026-08-21T05:02:38Z,5.73,68.3
2026-08-21T05:03:38Z,5.71,67.99
2026-08-21T05:04:38Z,5.72,68.14
2026-08-21T05:05:38Z,5.68,67.47
2026-08-21T05:06:38Z,6.46,67.48
2026-08-21T05:07:38Z,5.69,67.67
2026-08-21T05:08:38Z,5.66,67.18
2026-08-21T05:09:38Z,5.67,67.36
2026-08-21T05:10:38Z,5.67,67.35
2026-08-21T05:11:38Z,5.66,67.26
2026-08-21T05:12:38Z,5.66,67.21
2026-08-21T05:13:38Z,5.64,66.92
2026-08-21T05:14:38Z,5.66,67.13
2026-08-21T05:15:38Z,5.64,66.88
2026-08-21T05:16:38Z,5.61,66.41
2026-08-21T05:17:38Z,5.65,67.06
2026-08-21T05:18:38Z,5.62,66.51
2026-08-21T05:19:38Z,5.59,66.03
2026-08-21T05:20:38Z,5.59,66.06
2026-08-21T05:21:38Z,5.57,65.68
2026-08-21T05:22:38Z,5.56,65.51
2026-08-21T05:23:38Z,5.56,65.44
2026-08-21T05:24:38Z,5.55,65.28
2026-08-21T05:25:38Z,5.54,65.22
2026-08-21T05:26:38Z,5.54,65.1
2026-08-21T05:27:38Z,5.54,65.25
2026-08-21T05:28:38Z,5.49,64.36
2026-08-21T05:29:38Z,5.51,64.63
2026-08-21T05:30:38Z,5.45,63.66
2026-08-21T05:31:38Z,5.44,63.55
2026-08-21T05:32:38Z,5.42,63.09
2026-08-21T05:33:38Z,5.38,62.52
2026-08-21T05:34:38Z,5.38,62.46
2026-08-21T05:35:38Z,5.38,62.46
2026-08-21T05:36:38Z,5.39,62.68
2026-08-21T05:37:38Z,5.35,61.98
2026-08-21T05:38:38Z,5.4,62.79
2026-08-21T05:39:38Z,5.4,62.84
2026-08-21T05:40:38Z,5.41,62.96
2026-08-21T05:41:38Z,5.37,62.32
2026-08-21T05:42:38Z,5.34,61.89
2026-08-21T05:43:38Z,5.39,62.67
2026-08-21T05:44:38Z,5.36,62.23
2026-08-21T05:45:38Z,5.4,62.74
2026-08-21T05:46:38Z,5.43,63.31
2026-08-21T05:47:38Z,5.43,63.36
2026-08-21T05:48:38Z,5.47,63.99
2026-08-21T05:49:38Z,5.49,64.26
2026-08-21T05:50:38Z,5.5,64.46
2026-08-21T05:51:38Z,5.5,64.53
2026-08-21T05:52:38Z,5.49,64.41
2026-08-21T05:53:38Z,5.53,65.02
2026-08-21T05:54:38Z,5.54,65.2
2026-08-21T05:55:38Z,5.51,64.6
2026-08-21T05:56:38Z,5.47,63.95
2026-08-21T05:57:38Z,5.44,63.55
2026-08-21T05:58:38Z,5.44,63.5
2026-08-21T05:59:38Z,5.49,64.3
2026-08-21T06:00:38Z,5.51,64.64
2026-08-21T06:01:38Z,5.51,64.68
2026-08-21T06:02:38Z,5.47,63.96
2026-08-21T06:03:38Z,5.5,64.46
2026-08-21T06:04:38Z,5.54,65.1
2026-08-21T06:05:38Z,5.55,65.29
2026-08-21T06:06:38Z,5.56,65.52
2026-08-21T06:07:38Z,5.57,65.62
2026-08-21T06:08:38Z,5.59,66.02
2026-08-21T06:09:38Z,5.61,66.3
2026-08-21T06:10:38Z,5.59,66.03
2026-08-21T06:11:38Z,5.6,66.26
2026-08-21T06:12:38Z,5.61,66.39
2026-08-21T06:13:38Z,5.64,66.8
2026-08-21T06:14:38Z,5.65,67.05
2026-08-21T06:15:38Z,5.66,67.11
2026-08-21T06:16:38Z,5.67,67.35
2026-08-21T06:17:38Z,5.69,67.69
2026-08-21T06:18:38Z,5.69,67.62
2026-08-21T06:19:38Z,5.7,67.87
2026-08-21T06:20:38Z,5.69,67.65
2026-08-21T06:21:38Z,5.73,68.37
2026-08-21T06:22:38Z,5.73,68.42
2026-08-21T06:23:38Z,5.72,68.19
2026-08-21T06:24:38Z,5.73,68.4
2026-08-21T06:25:38Z,5.73,68.38
2026-08-21T06:26:38Z,5.72,68.21
2026-08-21T06:27:38Z,5.72,68.17
2026-08-21T06:28:38Z,5.74,68.6
2026-08-21T06:29:38Z,5.74,68.6
2026-08-21T06:30:38Z,5.76,68.86
2026-08-21T06:31:38Z,5.78,69.27
2026-08-21T06:32:38Z,5.79,69.45
2026-08-21T06:33:38Z,5.79,69.36
2026-08-21T06:34:38Z,5.8,69.54
2026-08-21T06:35:38Z,5.8,69.61
2026-08-21T06:36:38Z,5.84,70.17
2026-08-21T06:37:38Z,5.88,70.85
2026-08-21T06:38:38Z,5.88,70.92
2026-08-21T06:39:38Z,5.9,71.21
2026-08-21T06:40:38Z,5.92,71.57
2026-08-21T06:41:38Z,5.92,71.53
2026-08-21T06:42:38Z,5.92,71.62
2026-08-21T06:43:38Z,5.96,72.18
2026-08-21T06:44:38Z,5.96,72.2
2026-08-21T06:45:38Z,5.94,71.83
2026-08-21T06:46:38Z,5.94,71.85
2026-08-21T06:47:38Z,5.95,71.99
2026-08-21T06:48:38Z,5.93,71.78
2026-08-21T06:49:38Z,5.94,71.94
2026-08-21T06:50:38Z,5.94,71.85
2026-08-21T06:51:38Z,5.94,71.86
2026-08-21T06:52:38Z,5.94,71.85
2026-08-21T06:53:38Z,5.95,72.01
2026-08-21T06:54:38Z,5.94,71.89
2026-08-21T06:55:38Z,5.94,71.97
2026-08-21T06:56:38Z,5.95,72.1
2026-08-21T06:57:38Z,5.95,72.14
2026-08-21T06:58:38Z,5.95,72.15
2026-08-21T06:59:38Z,5.95,71.99
2026-08-21T07:00:38Z,5.96,72.24
2026-08-21T07:01:38Z,5.97,72.36
2026-08-21T07:02:38Z,5.97,72.46
2026-08-21T07:03:38Z,6,72.84
2026-08-21T07:04:38Z,5.99,72.66
2026-08-21T07:05:38Z,5.98,72.65
2026-08-21T07:06:38Z,6,72.96
2026-08-21T07:07:38Z,6.01,73.01
2026-08-21T07:08:38Z,6.04,73.61
2026-08-21T07:09:38Z,6.11,74.72
2026-08-21T07:10:38Z,6.19,76.16
2026-08-21T07:11:38Z,6.28,77.57
2026-08-21T07:12:38Z,6.24,76.93
2026-08-21T07:13:38Z,6.37,79.16
2026-08-21T07:14:38Z,6.38,79.26
2026-08-21T07:15:38Z,6.39,79.4
2026-08-21T07:16:38Z,6.41,79.87
2026-08-21T07:17:38Z,6.5,81.29
2026-08-21T07:18:38Z,6.59,82.83
2026-08-21T07:19:38Z,6.64,83.68
2026-08-21T07:20:38Z,6.69,84.47
2026-08-21T07:21:38Z,6.72,85.09
2026-08-21T07:22:38Z,6.76,85.69
2026-08-21T07:23:38Z,6.77,85.87
2026-08-21T07:24:38Z,6.76,85.75
2026-08-21T07:25:38Z,6.81,86.5
2026-08-21T07:26:38Z,6.79,86.23
2026-08-21T07:27:38Z,6.79,86.11
2026-08-21T07:28:38Z,6.81,86.5
2026-08-21T07:29:38Z,6.8,86.38
2026-08-21T07:30:38Z,6.82,86.62
2026-08-21T07:31:38Z,6.83,86.95
2026-08-21T07:32:38Z,6.83,86.95
2026-08-21T07:33:38Z,6.83,86.86
2026-08-21T07:34:38Z,6.85,87.22
2026-08-21T07:35:38Z,6.87,87.55
2026-08-21T07:36:38Z,6.87,87.57
2026-08-21T07:37:38Z,6.87,87.46
2026-08-21T07:38:38Z,6.88,87.72
2026-08-21T07:39:38Z,6.86,87.3
2026-08-21T07:40:38Z,6.83,86.9
2026-08-21T07:41:38Z,6.85,87.17
2026-08-21T07:42:38Z,6.86,87.33
2026-08-21T07:43:38Z,7.52,87.59
2026-08-21T07:44:38Z,7.51,87.39
2026-08-21T07:45:38Z,6.88,87.65
2026-08-21T07:46:38Z,6.91,88.15
2026-08-21T07:47:38Z,6.92,88.38
2026-08-21T07:48:38Z,6.97,89.28
2026-08-21T07:49:38Z,6.93,88.54
2026-08-21T07:50:38Z,6.93,88.62
2026-08-21T07:51:38Z,6.95,88.87
2026-08-21T07:52:38Z,6.97,89.3
2026-08-21T07:53:38Z,6.98,89.37
2026-08-21T07:54:38Z,7.51,89.49
2026-08-21T07:55:38Z,7.53,89.96
2026-08-21T07:56:38Z,7.54,90.05
2026-08-21T07:57:38Z,7.57,90.54
2026-08-21T07:58:38Z,7.06,90.77
2026-08-21T07:59:38Z,7.07,90.95
2026-08-21T08:00:38Z,7.09,91.19
2026-08-21T08:01:38Z,7.09,91.31
2026-08-21T08:02:38Z,7.5,91.54
2026-08-21T08:03:38Z,7.53,92.08
2026-08-21T08:04:38Z,7.55,92.36
2026-08-21T08:05:38Z,7.18,92.67
2026-08-21T08:06:38Z,7.17,92.63
2026-08-21T08:07:38Z,7.18,92.75
2026-08-21T08:08:38Z,7.19,92.84
2026-08-21T08:09:38Z,7.19,92.99
2026-08-21T08:10:38Z,7.19,92.98
2026-08-21T08:11:38Z,7.2,93.03
2026-08-21T08:12:38Z,7.21,93.2
2026-08-21T08:13:38Z,7.21,93.22
2026-08-21T08:14:38Z,7.21,93.21
2026-08-21T08:15:38Z,7.21,93.21
2026-08-21T08:16:38Z,7.21,93.29
2026-08-21T08:17:38Z,7.21,93.28
2026-08-21T08:18:38Z,7.22,93.49
2026-08-21T08:19:38Z,7.23,93.52
2026-08-21T08:20:38Z,7.22,93.48
2026-08-21T08:21:38Z,7.24,93.68
2026-08-21T08:22:38Z,7.22,93.38
2026-08-21T08:23:38Z,7.21,93.28
2026-08-21T08:24:38Z,7.22,93.5
2026-08-21T08:25:38Z,7.22,93.38
2026-08-21T08:26:38Z,7.22,93.38
2026-08-21T08:27:38Z,7.23,93.54
2026-08-21T08:28:38Z,7.24,93.8
2026-08-21T08:29:38Z,7.26,94.03
2026-08-21T08:30:38Z,7.25,93.98
2026-08-21T08:31:38Z,7.25,94.01
2026-08-21T08:32:38Z,7.24,93.75
2026-08-21T08:33:38Z,7.23,93.61
2026-08-21T08:34:38Z,7.22,93.36
2026-08-21T08:35:38Z,7.23,93.51
2026-08-21T08:36:38Z,7.24,93.74
2026-08-21T08:37:38Z,7.25,93.85
2026-08-21T08:38:38Z,7.25,93.86
2026-08-21T08:39:38Z,7.25,93.97
2026-08-21T08:40:38Z,7.26,94.14
2026-08-21T08:41:38Z,7.26,94.12
2026-08-21T08:42:38Z,7.26,94.07
2026-08-21T08:43:38Z,7.64,93.98
2026-08-21T08:44:38Z,7.26,94.04
2026-08-21T08:45:38Z,7.27,94.26
2026-08-21T08:46:38Z,7.26,94.07
2026-08-21T08:47:38Z,7.26,94.18
2026-08-21T08:48:38Z,7.26,94.15
2026-08-21T08:49:38Z,7.27,94.22
2026-08-21T08:50:38Z,7.27,94.19
2026-08-21T08:51:38Z,7.27,94.28
2026-08-21T08:52:38Z,7.27,94.21
2026-08-21T08:53:38Z,7.26,94.17
2026-08-21T08:54:38Z,7.27,94.22
2026-08-21T08:55:38Z,7.27,94.22
2026-08-21T08:56:38Z,7.26,94.11
2026-08-21T08:57:38Z,7.26,94.08
2026-08-21T08:58:38Z,7.27,94.28
2026-08-21T08:59:38Z,7.28,94.42
2026-08-21T09:00:38Z,7.27,94.31
2026-08-21T09:01:38Z,7.27,94.24
2026-08-21T09:02:38Z,7.25,93.94
2026-08-21T09:03:38Z,7.26,94.15
2026-08-21T09:04:38Z,7.26,94.07
2026-08-21T09:05:38Z,7.26,94.17
2026-08-21T09:06:38Z,7.27,94.25
2026-08-21T09:07:38Z,7.26,94.17
2026-08-21T09:08:38Z,7.27,94.21
2026-08-21T09:09:38Z,7.28,94.4
2026-08-21T09:10:38Z,7.29,94.56
2026-08-21T09:11:38Z,7.29,94.52
2026-08-21T09:12:38Z,7.29,94.57
2026-08-21T09:13:38Z,7.29,94.55
2026-08-21T09:14:38Z,7.28,94.45
2026-08-21T09:15:38Z,7.29,94.59
2026-08-21T09:16:38Z,7.3,94.74
2026-08-21T09:17:38Z,7.3,94.71
2026-08-21T09:18:38Z,7.29,94.64
2026-08-21T09:19:38Z,7.29,94.55
2026-08-21T09:20:38Z,7.29,94.57
2026-08-21T09:21:38Z,7.29,94.63
2026-08-21T09:22:38Z,7.29,94.67
2026-08-21T09:23:38Z,7.29,94.67
2026-08-21T09:24:38Z,7.29,94.62
2026-08-21T09:25:38Z,7.3,94.69
2026-08-21T09:26:38Z,7.29,94.66
2026-08-21T09:27:38Z,7.29,94.56
2026-08-21T09:28:38Z,7.3,94.7
2026-08-21T09:29:38Z,7.29,94.64
2026-08-21T09:30:38Z,7.29,94.59
2026-08-21T09:31:38Z,7.29,94.68
2026-08-21T09:32:38Z,7.28,94.43
2026-08-21T09:33:38Z,7.29,94.58
2026-08-21T09:34:38Z,7.29,94.65
2026-08-21T09:35:38Z,7.3,94.69
2026-08-21T09:36:38Z,7.3,94.85
2026-08-21T09:37:38Z,7.31,94.86
2026-08-21T09:38:38Z,7.31,94.91
2026-08-21T09:39:38Z,7.31,94.88
2026-08-21T09:40:38Z,7.3,94.81
2026-08-21T09:41:38Z,7.29,94.64
2026-08-21T09:42:38Z,7.3,94.73
2026-08-21T09:43:38Z,7.3,94.84
2026-08-21T09:44:38Z,7.31,94.95
2026-08-21T09:45:38Z,7.31,95.01
2026-08-21T09:46:38Z,7.31,95.01
2026-08-21T09:47:38Z,7.32,95.09
2026-08-21T09:48:38Z,7.33,95.21
2026-08-21T09:49:38Z,7.33,95.29
2026-08-21T09:50:38Z,7.32,95.17
2026-08-21T09:51:38Z,7.31,94.97
2026-08-21T09:52:38Z,7.31,94.86
2026-08-21T09:53:38Z,7.29,94.66
2026-08-21T09:54:38Z,7.3,94.71
2026-08-21T09:55:38Z,7.3,94.74
2026-08-21T09:56:38Z,7.29,94.55
2026-08-21T09:57:38Z,7.29,94.57
2026-08-21T09:58:38Z,7.28,94.44
2026-08-21T09:59:38Z,7.28,94.47
2026-08-21T10:00:38Z,7.29,94.65
2026-08-21T10:01:38Z,7.28,94.5
2026-08-21T10:02:38Z,7.29,94.52
2026-08-21T10:03:38Z,7.29,94.63
2026-08-21T10:04:38Z,7.3,94.75
2026-08-21T10:05:38Z,7.3,94.79
2026-08-21T10:06:38Z,7.3,94.75
2026-08-21T10:07:38Z,7.29,94.63
2026-08-21T10:08:38Z,7.28,94.46
2026-08-21T10:09:38Z,7.29,94.52
2026-08-21T10:10:38Z,7.29,94.61
2026-08-21T10:11:38Z,7.29,94.53
2026-08-21T10:12:38Z,7.29,94.55
2026-08-21T10:13:38Z,7.29,94.53
2026-08-21T10:14:38Z,7.29,94.58
2026-08-21T10:15:38Z,7.29,94.61
2026-08-21T10:16:38Z,7.3,94.74
2026-08-21T10:17:38Z,7.31,94.94
2026-08-21T10:18:38Z,7.33,95.25
2026-08-21T10:19:38Z,7.32,95.11
2026-08-21T10:20:38Z,7.3,94.83
2026-08-21T10:21:38Z,7.29,94.59
2026-08-21T10:22:38Z,7.28,94.38
2026-08-21T10:23:38Z,7.27,94.2
2026-08-21T10:24:38Z,7.26,94.15
2026-08-21T10:25:38Z,7.26,94.11
2026-08-21T10:26:38Z,7.25,93.93
2026-08-21T10:27:38Z,7.25,93.87
2026-08-21T10:28:38Z,7.25,93.93
2026-08-21T10:29:38Z,7.26,94.09
2026-08-21T10:30:38Z,7.25,93.87
2026-08-21T10:31:38Z,7.24,93.82
2026-08-21T10:32:38Z,7.25,93.88
2026-08-21T10:33:38Z,7.24,93.74
2026-08-21T10:34:38Z,7.24,93.72
2026-08-21T10:35:38Z,7.23,93.57
2026-08-21T10:36:38Z,7.23,93.67
2026-08-21T10:37:38Z,7.24,93.72
2026-08-21T10:38:38Z,7.23,93.63
2026-08-21T10:39:38Z,7.26,94.03
2026-08-21T10:40:38Z,7.26,94.1
2026-08-21T10:41:38Z,7.25,93.93
2026-08-21T10:42:38Z,7.24,93.73
2026-08-21T10:43:38Z,7.24,93.81
2026-08-21T10:44:38Z,7.25,93.88
2026-08-21T10:45:38Z,7.24,93.77
2026-08-21T10:46:38Z,7.24,93.71
2026-08-21T10:47:38Z,7.24,93.7
2026-08-21T10:48:38Z,7.24,93.69
2026-08-21T10:49:38Z,7.24,93.83
2026-08-21T10:50:38Z,7.24,93.74
2026-08-21T10:51:38Z,7.24,93.69
2026-08-21T10:52:38Z,7.25,93.94
2026-08-21T10:53:38Z,7.24,93.73
2026-08-21T10:54:38Z,7.24,93.77
2026-08-21T10:55:38Z,7.24,93.82
2026-08-21T10:56:38Z,7.24,93.73
2026-08-21T10:57:38Z,7.23,93.58
2026-08-21T10:58:38Z,7.24,93.72
2026-08-21T10:59:38Z,7.23,93.52
2026-08-21T11:00:38Z,7.23,93.63
2026-08-21T11:01:38Z,7.22,93.36
2026-08-21T11:02:38Z,7.21,93.29
2026-08-21T11:03:38Z,7.23,93.65
2026-08-21T11:04:38Z,7.24,93.79
2026-08-21T11:05:38Z,7.23,93.6
2026-08-21T11:06:38Z,7.24,93.74
2026-08-21T11:07:38Z,7.22,93.42
2026-08-21T11:08:38Z,7.21,93.33
2026-08-21T11:09:38Z,7.2,93.09
2026-08-21T11:10:38Z,7.2,93.09
2026-08-21T11:11:38Z,7.2,93.11
2026-08-21T11:12:38Z,7.2,93.11
2026-08-21T11:13:38Z,7.2,93.05
2026-08-21T11:14:38Z,7.21,93.19
2026-08-21T11:15:38Z,7.21,93.31
2026-08-21T11:16:38Z,7.22,93.35
2026-08-21T11:17:38Z,7.21,93.23
2026-08-21T11:18:38Z,7.21,93.21
2026-08-21T11:19:38Z,7.21,93.22
2026-08-21T11:20:38Z,7.22,93.38
2026-08-21T11:21:38Z,7.22,93.44
2026-08-21T11:22:38Z,7.23,93.54
2026-08-21T11:23:38Z,7.23,93.57
2026-08-21T11:24:38Z,7.23,93.52
2026-08-21T11:25:38Z,7.22,93.37
2026-08-21T11:26:38Z,7.22,93.41
2026-08-21T11:27:38Z,7.21,93.32
2026-08-21T11:28:38Z,7.21,93.31
2026-08-21T11:29:38Z,7.21,93.23
2026-08-21T11:30:38Z,7.22,93.36
2026-08-21T11:31:38Z,7.22,93.38
2026-08-21T11:32:38Z,7.22,93.42
2026-08-21T11:33:38Z,7.22,93.37
2026-08-21T11:34:38Z,7.21,93.25
2026-08-21T11:35:38Z,7.23,93.54
2026-08-21T11:36:38Z,7.24,93.7
2026-08-21T11:37:38Z,7.23,93.53
2026-08-21T11:38:38Z,7.23,93.56
2026-08-21T11:39:38Z,7.21,93.34
2026-08-21T11:40:38Z,7.21,93.2
2026-08-21T11:41:38Z,7.21,93.28
2026-08-21T11:42:38Z,7.19,92.84
2026-08-21T11:43:38Z,7.19,92.84
2026-08-21T11:44:38Z,7.19,92.94
2026-08-21T11:45:38Z,7.19,92.92
2026-08-21T11:46:38Z,7.2,93.03
2026-08-21T11:47:38Z,7.19,92.97
2026-08-21T11:48:38Z,7.19,92.97
2026-08-21T11:49:38Z,7.2,93.01
2026-08-21T11:50:38Z,7.2,93.07
2026-08-21T11:51:38Z,7.2,93.01
2026-08-21T11:52:38Z,7.2,93.01
2026-08-21T11:53:38Z,7.18,92.81
2026-08-21T11:54:38Z,7.19,92.84
2026-08-21T11:55:38Z,7.19,92.93
2026-08-21T11:56:38Z,7.19,92.98
2026-08-21T11:57:38Z,7.18,92.68
2026-08-21T11:58:38Z,7.19,92.88
2026-08-21T11:59:38Z,7.18,92.76
2026-08-21T12:00:38Z,7.17,92.66
2026-08-21T12:01:38Z,7.18,92.76
2026-08-21T12:02:38Z,7.18,92.74
2026-08-21T12:03:38Z,7.19,92.91
2026-08-21T12:04:38Z,7.19,92.86
2026-08-21T12:05:38Z,7.19,92.9
2026-08-21T12:06:38Z,7.19,92.99
2026-08-21T12:07:38Z,7.19,92.95
2026-08-21T12:08:38Z,7.19,92.89
2026-08-21T12:09:38Z,7.2,93.01
2026-08-21T12:10:38Z,7.2,93.04
2026-08-21T12:11:38Z,7.2,93.12
2026-08-21T12:12:38Z,7.2,93.05
2026-08-21T12:13:38Z,7.2,93.03
2026-08-21T12:14:38Z,7.18,92.81
2026-08-21T12:15:38Z,7.19,92.85
2026-08-21T12:16:38Z,7.19,92.88
2026-08-21T12:17:38Z,7.19,92.94
2026-08-21T12:18:38Z,7.2,93.07
2026-08-21T12:19:38Z,7.19,92.98
2026-08-21T12:20:38Z,7.19,92.94
2026-08-21T12:21:38Z,7.18,92.72
2026-08-21T12:22:38Z,7.18,92.82
2026-08-21T12:23:38Z,7.19,93
2026-08-21T12:24:38Z,7.18,92.83
2026-08-21T12:25:38Z,7.19,92.92
2026-08-21T12:26:38Z,7.2,93.05
2026-08-21T12:27:38Z,7.19,92.84
2026-08-21T12:28:38Z,7.19,92.97
2026-08-21T12:29:38Z,7.2,93.04
2026-08-21T12:30:38Z,7.2,93.15
2026-08-21T12:31:38Z,7.2,93.04
2026-08-21T12:32:38Z,7.19,92.99
2026-08-21T12:33:38Z,7.2,93.01
2026-08-21T12:34:38Z,7.18,92.8
2026-08-21T12:35:38Z,7.19,92.85
2026-08-21T12:36:38Z,7.19,92.85
2026-08-21T12:37:38Z,7.19,92.87
2026-08-21T12:38:38Z,7.19,92.89
2026-08-21T12:39:38Z,7.19,92.85
2026-08-21T12:40:38Z,7.18,92.83
2026-08-21T12:41:38Z,7.18,92.78
2026-08-21T12:42:38Z,7.17,92.54
2026-08-21T12:43:38Z,7.18,92.78
2026-08-21T12:44:38Z,7.18,92.81
2026-08-21T12:45:38Z,7.2,93.11
2026-08-21T12:46:38Z,7.19,92.98
2026-08-21T12:47:38Z,7.19,92.99
2026-08-21T12:48:38Z,7.2,93.05
2026-08-21T12:49:38Z,7.2,93.15
2026-08-21T12:50:38Z,7.2,93.03
2026-08-21T12:51:38Z,7.2,93.04
2026-08-21T12:52:38Z,7.2,93.04
2026-08-21T12:53:38Z,7.2,93.11
2026-08-21T12:54:38Z,7.19,92.98
2026-08-21T12:55:38Z,7.18,92.81
2026-08-21T12:56:38Z,7.18,92.76
2026-08-21T12:57:38Z,7.17,92.65
2026-08-21T12:58:38Z,7.19,92.96
2026-08-21T12:59:38Z,7.17,92.66
2026-08-21T13:00:38Z,7.17,92.5
2026-08-21T13:01:38Z,7.16,92.45
2026-08-21T13:02:38Z,7.16,92.38
2026-08-21T13:03:38Z,7.16,92.47
2026-08-21T13:04:38Z,7.16,92.48
2026-08-21T13:05:38Z,7.17,92.65
2026-08-21T13:06:38Z,7.18,92.67
2026-08-21T13:07:38Z,7.16,92.44
2026-08-21T13:08:38Z,7.17,92.53
2026-08-21T13:09:38Z,7.17,92.55
2026-08-21T13:10:38Z,7.16,92.4
2026-08-21T13:11:38Z,7.17,92.51
2026-08-21T13:12:38Z,7.16,92.43
2026-08-21T13:13:38Z,7.16,92.43
2026-08-21T13:14:38Z,7.15,92.26
2026-08-21T13:15:38Z,7.16,92.36
2026-08-21T13:16:38Z,7.16,92.4
2026-08-21T13:17:38Z,7.15,92.18
2026-08-21T13:18:38Z,7.15,92.26
2026-08-21T13:19:38Z,7.15,92.31
2026-08-21T13:20:38Z,7.16,92.41
2026-08-21T13:21:38Z,7.16,92.44
2026-08-21T13:22:38Z,7.16,92.38
2026-08-21T13:23:38Z,7.15,92.3
2026-08-21T13:24:38Z,7.15,92.28
2026-08-21T13:25:38Z,7.16,92.36
2026-08-21T13:26:38Z,7.16,92.37
2026-08-21T13:27:38Z,7.16,92.44
2026-08-21T13:28:38Z,7.17,92.56
2026-08-21T13:29:38Z,7.17,92.58
2026-08-21T13:30:38Z,7.17,92.64
2026-08-21T13:31:38Z,7.18,92.67
2026-08-21T13:32:38Z,7.18,92.69
2026-08-21T13:33:38Z,7.18,92.77
2026-08-21T13:34:38Z,7.17,92.66
2026-08-21T13:35:38Z,7.17,92.61
2026-08-21T13:36:38Z,7.17,92.61
2026-08-21T13:37:38Z,7.17,92.62
2026-08-21T13:38:38Z,7.18,92.69
2026-08-21T13:39:38Z,7.18,92.74
2026-08-21T13:40:38Z,7.18,92.76
2026-08-21T13:41:38Z,7.18,92.73
2026-08-21T13:42:38Z,7.17,92.62
2026-08-21T13:43:38Z,7.18,92.74
2026-08-21T13:44:38Z,7.18,92.75
2026-08-21T13:45:38Z,7.18,92.75
2026-08-21T13:46:38Z,7.17,92.62
2026-08-21T13:47:38Z,7.17,92.61
2026-08-21T13:48:38Z,7.16,92.49
2026-08-21T13:49:38Z,7.16,92.45
2026-08-21T13:50:38Z,7.16,92.45
2026-08-21T13:51:38Z,7.16,92.34
2026-08-21T13:52:38Z,7.15,92.27
2026-08-21T13:53:38Z,7.16,92.38
2026-08-21T13:54:38Z,7.15,92.32
2026-08-21T13:55:38Z,7.14,92.12
2026-08-21T13:56:38Z,7.14,92.1
2026-08-21T13:57:38Z,7.14,92.04
2026-08-21T13:58:38Z,7.14,92.14
2026-08-21T13:59:38Z,7.13,91.92
2026-08-21T14:00:38Z,7.14,92.04
2026-08-21T14:01:38Z,7.14,92.07
2026-08-21T14:02:38Z,7.14,92.16
2026-08-21T14:03:38Z,7.14,92.06
2026-08-21T14:04:38Z,7.13,91.92
2026-08-21T14:05:38Z,7.13,91.84
2026-08-21T14:06:38Z,7.13,91.94
2026-08-21T14:07:38Z,7.13,91.93
2026-08-21T14:08:38Z,7.14,92.03
2026-08-21T14:09:38Z,7.12,91.8
2026-08-21T14:10:38Z,7.13,91.86
2026-08-21T14:11:38Z,7.13,91.88
2026-08-21T14:12:38Z,7.13,91.88
2026-08-21T14:13:38Z,7.14,92.1
2026-08-21T14:14:38Z,7.13,91.96
2026-08-21T14:15:38Z,7.14,92.08
2026-08-21T14:16:38Z,7.14,92.16
2026-08-21T14:17:38Z,7.15,92.22
2026-08-21T14:18:38Z,7.15,92.22
2026-08-21T14:19:38Z,7.15,92.22
2026-08-21T14:20:38Z,7.16,92.34
2026-08-21T14:21:38Z,7.16,92.4
2026-08-21T14:22:38Z,7.16,92.35
2026-08-21T14:23:38Z,7.16,92.34
2026-08-21T14:24:38Z,7.15,92.3
2026-08-21T14:25:38Z,7.16,92.36
2026-08-21T14:26:38Z,7.16,92.39
2026-08-21T14:27:38Z,7.16,92.41
2026-08-21T14:28:38Z,7.17,92.58
2026-08-21T14:29:38Z,7.17,92.52
2026-08-21T14:30:38Z,7.17,92.66
2026-08-21T14:31:38Z,7.17,92.65
2026-08-21T14:32:38Z,7.16,92.48
2026-08-21T14:33:38Z,7.16,92.36
2026-08-21T14:34:38Z,7.16,92.42
2026-08-21T14:35:38Z,7.16,92.4
2026-08-21T14:36:38Z,7.16,92.4
2026-08-21T14:37:38Z,7.16,92.43
2026-08-21T14:38:38Z,7.16,92.46
2026-08-21T14:39:38Z,7.15,92.32
2026-08-21T14:40:38Z,7.15,92.24
2026-08-21T14:41:38Z,7.15,92.17
2026-08-21T14:42:38Z,7.14,92.14
2026-08-21T14:43:38Z,7.16,92.36
2026-08-21T14:44:38Z,7.15,92.3
2026-08-21T14:45:38Z,7.15,92.24
2026-08-21T14:46:38Z,7.15,92.24
2026-08-21T14:47:38Z,7.15,92.23
2026-08-21T14:48:38Z,7.15,92.33
2026-08-21T14:49:38Z,7.15,92.31
2026-08-21T14:50:38Z,7.15,92.28
2026-08-21T14:51:38Z,7.16,92.41
2026-08-21T14:52:38Z,7.16,92.45
2026-08-21T14:53:38Z,7.16,92.43
2026-08-21T14:54:38Z,7.16,92.37
2026-08-21T14:55:38Z,7.15,92.32
2026-08-21T14:56:38Z,7.14,92
2026-08-21T14:57:38Z,7.14,92.03
2026-08-21T14:58:38Z,7.14,92.01
2026-08-21T14:59:38Z,7.13,91.97
2026-08-21T15:00:38Z,7.13,91.95
2026-08-21T15:01:38Z,7.13,91.95
2026-08-21T15:02:38Z,7.13,91.93
2026-08-21T15:03:38Z,7.14,92.01
2026-08-21T15:04:38Z,7.14,92.12
2026-08-21T15:05:38Z,7.15,92.17
2026-08-21T15:06:38Z,7.14,92.1
2026-08-21T15:07:38Z,7.14,92.11
2026-08-21T15:08:38Z,7.14,92.09
2026-08-21T15:09:38Z,7.14,92.08
2026-08-21T15:10:38Z,7.14,92.02
2026-08-21T15:11:38Z,7.13,91.95
2026-08-21T15:12:38Z,7.13,91.99
2026-08-21T15:13:38Z,7.13,91.89
2026-08-21T15:14:38Z,7.13,91.92
2026-08-21T15:15:38Z,7.13,91.98
2026-08-21T15:16:38Z,7.14,92.07
2026-08-21T15:17:38Z,7.15,92.27
2026-08-21T15:18:38Z,7.15,92.17
2026-08-21T15:19:38Z,7.14,92.05
2026-08-21T15:20:38Z,7.13,91.91
2026-08-21T15:21:38Z,7.12,91.78
2026-08-21T15:22:38Z,7.13,91.89
2026-08-21T15:23:38Z,7.13,91.88
2026-08-21T15:24:38Z,7.13,91.88
2026-08-21T15:25:38Z,7.13,91.97
2026-08-21T15:26:38Z,7.14,92.01
2026-08-21T15:27:38Z,7.14,92.01
2026-08-21T15:28:38Z,7.13,91.98
2026-08-21T15:29:38Z,7.13,91.89
2026-08-21T15:30:38Z,7.13,91.93
2026-08-21T15:31:38Z,7.13,91.88
2026-08-21T15:32:38Z,7.13,91.87
2026-08-21T15:33:38Z,7.13,91.96
2026-08-21T15:34:38Z,7.13,91.94
2026-08-21T15:35:38Z,7.13,91.95
2026-08-21T15:36:38Z,7.13,91.98
2026-08-21T15:37:38Z,7.13,91.99
2026-08-21T15:38:38Z,7.13,91.95
2026-08-21T15:39:38Z,7.12,91.8
2026-08-21T15:40:38Z,7.11,91.64
2026-08-21T15:41:38Z,7.11,91.65
2026-08-21T15:42:38Z,7.11,91.64
2026-08-21T15:43:38Z,7.11,91.64
2026-08-21T15:44:38Z,7.12,91.67
2026-08-21T15:45:38Z,7.12,91.81
2026-08-21T15:46:38Z,7.12,91.75
2026-08-21T15:47:38Z,7.12,91.79
2026-08-21T15:48:38Z,7.12,91.72
2026-08-21T15:49:38Z,7.12,91.78
2026-08-21T15:50:38Z,7.12,91.79
2026-08-21T15:51:38Z,7.12,91.71
2026-08-21T15:52:38Z,7.12,91.8
2026-08-21T15:53:38Z,7.12,91.73
2026-08-21T15:54:38Z,7.12,91.7
2026-08-21T15:55:38Z,7.12,91.68
2026-08-21T15:56:38Z,7.12,91.68
2026-08-21T15:57:38Z,7.12,91.71
2026-08-21T15:58:38Z,7.12,91.73
2026-08-21T15:59:38Z,7.11,91.59
2026-08-21T16:00:38Z,7.11,91.57
2026-08-21T16:01:38Z,7.11,91.53
2026-08-21T16:02:38Z,7.11,91.65
2026-08-21T16:03:38Z,7.12,91.67
2026-08-21T16:04:38Z,7.11,91.63
2026-08-21T16:05:38Z,7.12,91.67
2026-08-21T16:06:38Z,7.12,91.68
2026-08-21T16:07:38Z,7.11,91.59
2026-08-21T16:08:38Z,7.11,91.53
2026-08-21T16:09:38Z,7.1,91.47
2026-08-21T16:10:38Z,7.1,91.43
2026-08-21T16:11:38Z,7.11,91.53
2026-08-21T16:12:38Z,7.11,91.52
2026-08-21T16:13:38Z,7.11,91.58
2026-08-21T16:14:38Z,7.11,91.61
2026-08-21T16:15:38Z,7.11,91.63
2026-08-21T16:16:38Z,7.12,91.66
2026-08-21T16:17:38Z,7.11,91.59
2026-08-21T16:18:38Z,7.11,91.57
2026-08-21T16:19:38Z,7.11,91.5
2026-08-21T16:20:38Z,7.1,91.45
2026-08-21T16:21:38Z,7.11,91.62
2026-08-21T16:22:38Z,7.11,91.58
2026-08-21T16:23:38Z,7.11,91.6
2026-08-21T16:24:38Z,7.11,91.52
2026-08-21T16:25:38Z,7.11,91.51
2026-08-21T16:26:38Z,7.11,91.54
2026-08-21T16:27:38Z,7.11,91.54
2026-08-21T16:28:38Z,7.11,91.55
2026-08-21T16:29:38Z,7.1,91.34
2026-08-21T16:30:38Z,7.09,91.26
2026-08-21T16:31:38Z,7.08,91.05
2026-08-21T16:32:38Z,7.07,90.97
2026-08-21T16:33:38Z,7.07,90.95
2026-08-21T16:34:38Z,7.08,91.05
2026-08-21T16:35:38Z,7.08,91.1
2026-08-21T16:36:38Z,7.08,91.08
2026-08-21T16:37:38Z,7.07,90.94
2026-08-21T16:38:38Z,7.07,90.89
2026-08-21T16:39:38Z,7.07,90.94
2026-08-21T16:40:38Z,7.07,90.96
2026-08-21T16:41:38Z,7.07,90.97
2026-08-21T16:42:38Z,7.08,91.01
2026-08-21T16:43:38Z,7.08,91.09
2026-08-21T16:44:38Z,7.08,91.07
2026-08-21T16:45:38Z,7.08,91.05
2026-08-21T16:46:38Z,7.08,91.08
2026-08-21T16:47:38Z,7.08,91.04
2026-08-21T16:48:38Z,7.08,91.05
2026-08-21T16:49:38Z,7.08,91.09
2026-08-21T16:50:38Z,7.08,91.13
2026-08-21T16:51:38Z,7.08,91.13
2026-08-21T16:52:38Z,7.08,91.13
2026-08-21T16:53:38Z,7.09,91.2
2026-08-21T16:54:38Z,7.09,91.18
2026-08-21T16:55:38Z,7.09,91.22
2026-08-21T16:56:38Z,7.09,91.18
2026-08-21T16:57:38Z,7.09,91.18
2026-08-21T16:58:38Z,7.09,91.22
2026-08-21T16:59:38Z,7.09,91.17
2026-08-21T17:00:38Z,7.09,91.23
2026-08-21T17:01:38Z,7.08,91.12
2026-08-21T17:02:38Z,7.09,91.24
2026-08-21T17:03:38Z,7.09,91.29
2026-08-21T17:04:38Z,7.09,91.29
2026-08-21T17:05:38Z,7.09,91.28
2026-08-21T17:06:38Z,7.09,91.27
2026-08-21T17:07:38Z,7.09,91.25
2026-08-21T17:08:38Z,7.09,91.24
2026-08-21T17:09:38Z,7.1,91.36
2026-08-21T17:10:38Z,7.09,91.3
2026-08-21T17:11:38Z,7.1,91.36
2026-08-21T17:12:38Z,7.1,91.4
2026-08-21T17:13:38Z,7.1,91.35
2026-08-21T17:14:38Z,7.09,91.29
2026-08-21T17:15:38Z,7.09,91.25
2026-08-21T17:16:38Z,7.1,91.34
2026-08-21T17:17:38Z,7.1,91.37
2026-08-21T17:18:38Z,7.1,91.37
2026-08-21T17:19:38Z,7.1,91.41
2026-08-21T17:20:38Z,7.1,91.4
2026-08-21T17:21:38Z,7.1,91.33
2026-08-21T17:22:38Z,7.09,91.32
2026-08-21T17:23:38Z,7.1,91.37
2026-08-21T17:24:38Z,7.1,91.38
2026-08-21T17:25:38Z,7.1,91.36
2026-08-21T17:26:38Z,7.1,91.42
2026-08-21T17:27:38Z,7.1,91.34
2026-08-21T17:28:38Z,7.1,91.37
2026-08-21T17:29:38Z,7.09,91.3
2026-08-21T17:30:38Z,7.09,91.31
2026-08-21T17:31:38Z,7.1,91.43
2026-08-21T17:32:38Z,7.1,91.41
2026-08-21T17:33:38Z,7.1,91.42
2026-08-21T17:34:38Z,7.1,91.33
2026-08-21T17:35:38Z,7.1,91.33
2026-08-21T17:36:38Z,7.09,91.23
2026-08-21T17:37:38Z,7.09,91.27
2026-08-21T17:38:38Z,7.09,91.2
2026-08-21T17:39:38Z,7.09,91.18
2026-08-21T17:40:38Z,7.08,91.1
2026-08-21T17:41:38Z,7.08,91.04
2026-08-21T17:42:38Z,7.09,91.19
2026-08-21T17:43:38Z,7.09,91.16
2026-08-21T17:44:38Z,7.09,91.19
2026-08-21T17:45:38Z,7.09,91.18
2026-08-21T17:46:38Z,7.09,91.22
2026-08-21T17:47:38Z,7.09,91.23
2026-08-21T17:48:38Z,7.09,91.22
2026-08-21T17:49:38Z,7.09,91.18
2026-08-21T17:50:38Z,7.09,91.16
2026-08-21T17:51:38Z,7.09,91.2
2026-08-21T17:52:38Z,7.08,91.11
2026-08-21T17:53:38Z,7.09,91.17
2026-08-21T17:54:38Z,7.08,91.13
2026-08-21T17:55:38Z,7.08,91.06
2026-08-21T17:56:38Z,7.08,91.13
2026-08-21T17:57:38Z,7.08,91.06
2026-08-21T17:58:38Z,7.08,91.07
2026-08-21T17:59:38Z,7.08,91.14
2026-08-21T18:00:38Z,7.08,91.1
2026-08-21T18:01:38Z,7.08,91.14
2026-08-21T18:02:38Z,7.08,91.1
2026-08-21T18:03:38Z,7.08,91.12
2026-08-21T18:04:38Z,7.08,91.13
2026-08-21T18:05:38Z,7.09,91.16
2026-08-21T18:06:38Z,7.08,91.1
2026-08-21T18:07:38Z,7.08,91
2026-08-21T18:08:38Z,7.07,90.85
2026-08-21T18:09:38Z,7.06,90.81
2026-08-21T18:10:38Z,7.07,90.88
2026-08-21T18:11:38Z,7.06,90.71
2026-08-21T18:12:38Z,7.06,90.66
2026-08-21T18:13:38Z,7.06,90.73
2026-08-21T18:14:38Z,7.05,90.61
2026-08-21T18:15:38Z,7.05,90.58
2026-08-21T18:16:38Z,7.05,90.64
2026-08-21T18:17:38Z,7.06,90.76
2026-08-21T18:18:38Z,7.06,90.71
2026-08-21T18:19:38Z,7.05,90.61
2026-08-21T18:20:38Z,7.05,90.54
2026-08-21T18:21:38Z,7.05,90.64
2026-08-21T18:22:38Z,7.06,90.67
2026-08-21T18:23:38Z,7.05,90.6
2026-08-21T18:24:38Z,7.04,90.42
2026-08-21T18:25:38Z,7.04,90.44
2026-08-21T18:26:38Z,7.03,90.26
2026-08-21T18:27:38Z,7.03,90.16
2026-08-21T18:28:38Z,7.03,90.19
2026-08-21T18:29:38Z,7.03,90.18
2026-08-21T18:30:38Z,7.03,90.23
2026-08-21T18:31:38Z,7.03,90.26
2026-08-21T18:32:38Z,7.04,90.34
2026-08-21T18:33:38Z,7.04,90.32
2026-08-21T18:34:38Z,7.04,90.35
2026-08-21T18:35:38Z,7.04,90.33
2026-08-21T18:36:38Z,7.03,90.26
2026-08-21T18:37:38Z,7.03,90.23
2026-08-21T18:38:38Z,7.03,90.16
2026-08-21T18:39:38Z,7.03,90.21
2026-08-21T18:40:38Z,7.02,90.02
2026-08-21T18:41:38Z,7.02,90.14
2026-08-21T18:42:38Z,7.02,90.13
2026-08-21T18:43:38Z,7.03,90.26
2026-08-21T18:44:38Z,7.03,90.26
2026-08-21T18:45:38Z,7.03,90.29
2026-08-21T18:46:38Z,7.04,90.41
2026-08-21T18:47:38Z,7.05,90.52
2026-08-21T18:48:38Z,7.04,90.48
2026-08-21T18:49:38Z,7.03,90.19
2026-08-21T18:50:38Z,7.01,89.96
2026-08-21T18:51:38Z,7,89.77
2026-08-21T18:52:38Z,7,89.71
2026-08-21T18:53:38Z,7,89.71
2026-08-21T18:54:38Z,7,89.68
2026-08-21T18:55:38Z,6.99,89.64
2026-08-21T18:56:38Z,6.98,89.43
2026-08-21T18:57:38Z,6.98,89.31
2026-08-21T18:58:38Z,6.97,89.25
2026-08-21T18:59:38Z,6.97,89.27
2026-08-21T19:00:38Z,6.98,89.32
2026-08-21T19:01:38Z,6.97,89.24
2026-08-21T19:02:38Z,6.97,89.21
2026-08-21T19:03:38Z,6.97,89.24
2026-08-21T19:04:38Z,6.97,89.2
2026-08-21T19:05:38Z,6.96,89.13
2026-08-21T19:06:38Z,6.97,89.22
2026-08-21T19:07:38Z,6.97,89.18
2026-08-21T19:08:38Z,6.97,89.16
2026-08-21T19:09:38Z,6.97,89.16
2026-08-21T19:10:38Z,6.97,89.14
2026-08-21T19:11:38Z,6.96,89.12
2026-08-21T19:12:38Z,6.96,89.08
2026-08-21T19:13:38Z,6.96,89.09
2026-08-21T19:14:38Z,6.96,89.03
2026-08-21T19:15:38Z,6.96,89.05
2026-08-21T19:16:38Z,6.96,89.06
2026-08-21T19:17:38Z,6.97,89.16
2026-08-21T19:18:38Z,6.96,89.11
2026-08-21T19:19:38Z,6.97,89.15
2026-08-21T19:20:38Z,6.97,89.15
2026-08-21T19:21:38Z,6.97,89.14
2026-08-21T19:22:38Z,6.97,89.21
2026-08-21T19:23:38Z,6.97,89.16
2026-08-21T19:24:38Z,6.97,89.16
2026-08-21T19:25:38Z,6.97,89.22
2026-08-21T19:26:38Z,6.97,89.14
2026-08-21T19:27:38Z,6.97,89.22
2026-08-21T19:28:38Z,6.96,89.13
2026-08-21T19:29:38Z,6.97,89.17
2026-08-21T19:30:38Z,6.97,89.21
2026-08-21T19:31:38Z,6.97,89.25
2026-08-21T19:32:38Z,6.98,89.33
2026-08-21T19:33:38Z,6.98,89.31
2026-08-21T19:34:38Z,6.97,89.3
2026-08-21T19:35:38Z,6.98,89.4
2026-08-21T19:36:38Z,6.98,89.45
2026-08-21T19:37:38Z,6.99,89.54
2026-08-21T19:38:38Z,6.99,89.63
2026-08-21T19:39:38Z,7,89.78
2026-08-21T19:40:38Z,7,89.67
2026-08-21T19:41:38Z,7,89.71
2026-08-21T19:42:38Z,7,89.75
2026-08-21T19:43:38Z,7.01,89.83
2026-08-21T19:44:38Z,7.01,89.84
2026-08-21T19:45:38Z,7.01,89.84
2026-08-21T19:46:38Z,6.99,89.58
2026-08-21T19:47:38Z,6.99,89.6
2026-08-21T19:48:38Z,7,89.69
2026-08-21T19:49:38Z,7,89.73
2026-08-21T19:50:38Z,6.99,89.53
2026-08-21T19:51:38Z,7,89.66
2026-08-21T19:52:38Z,6.99,89.62
2026-08-21T19:53:38Z,6.99,89.56
2026-08-21T19:54:38Z,6.99,89.52
2026-08-21T19:55:38Z,6.98,89.39
2026-08-21T19:56:38Z,6.97,89.25
2026-08-21T19:57:38Z,6.97,89.26
2026-08-21T19:58:38Z,6.97,89.21
2026-08-21T19:59:38Z,6.97,89.17
2026-08-21T20:00:38Z,6.96,89.01
2026-08-21T20:01:38Z,6.95,88.91
2026-08-21T20:02:38Z,6.95,88.83
2026-08-21T20:03:38Z,6.94,88.66
2026-08-21T20:04:38Z,6.93,88.57
2026-08-21T20:05:38Z,6.93,88.49
2026-08-21T20:06:38Z,6.92,88.41
2026-08-21T20:07:38Z,6.92,88.45
2026-08-21T20:08:38Z,6.92,88.44
2026-08-21T20:09:38Z,6.92,88.32
2026-08-21T20:10:38Z,6.91,88.24
2026-08-21T20:11:38Z,6.91,88.2
2026-08-21T20:12:38Z,6.9,88.12
2026-08-21T20:13:38Z,6.9,88.08
2026-08-21T20:14:38Z,6.91,88.13
2026-08-21T20:15:38Z,6.9,88.08
2026-08-21T20:16:38Z,6.9,88.1
2026-08-21T20:17:38Z,6.9,87.96
2026-08-21T20:18:38Z,6.9,88.07
2026-08-21T20:19:38Z,6.9,87.98
2026-08-21T20:20:38Z,6.9,88.02
2026-08-21T20:21:38Z,6.9,88.03
2026-08-21T20:22:38Z,6.9,88.03
2026-08-21T20:23:38Z,6.89,87.92
2026-08-21T20:24:38Z,6.9,87.97
2026-08-21T20:25:38Z,6.88,87.78
2026-08-21T20:26:38Z,6.89,87.81
2026-08-21T20:27:38Z,6.88,87.78
2026-08-21T20:28:38Z,6.88,87.72
2026-08-21T20:29:38Z,6.89,87.83
2026-08-21T20:30:38Z,6.88,87.79
2026-08-21T20:31:38Z,6.89,87.88
2026-08-21T20:32:38Z,6.89,87.82
2026-08-21T20:33:38Z,6.89,87.92
2026-08-21T20:34:38Z,6.9,87.98
2026-08-21T20:35:38Z,6.89,87.9
2026-08-21T20:36:38Z,6.89,87.93
2026-08-21T20:37:38Z,6.89,87.84
2026-08-21T20:38:38Z,6.89,87.88
2026-08-21T20:39:38Z,6.9,88
2026-08-21T20:40:38Z,6.91,88.15
2026-08-21T20:41:38Z,6.9,88.11
2026-08-21T20:42:38Z,6.9,88
2026-08-21T20:43:38Z,6.9,87.99
2026-08-21T20:44:38Z,6.9,88.05
2026-08-21T20:45:38Z,6.91,88.15
2026-08-21T20:46:38Z,6.91,88.22
2026-08-21T20:47:38Z,6.9,88.05
2026-08-21T20:48:38Z,6.9,88.05
2026-08-21T20:49:38Z,6.9,88.05
2026-08-21T20:50:38Z,6.89,87.91
2026-08-21T20:51:38Z,6.89,87.89
2026-08-21T20:52:38Z,6.89,87.86
2026-08-21T20:53:38Z,6.9,87.99
2026-08-21T20:54:38Z,6.91,88.17
2026-08-21T20:55:38Z,6.92,88.37
2026-08-21T20:56:38Z,6.92,88.43
2026-08-21T20:57:38Z,6.92,88.3
2026-08-21T20:58:38Z,6.91,88.24
2026-08-21T20:59:38Z,6.91,88.15
2026-08-21T21:00:38Z,6.91,88.2
2026-08-21T21:01:38Z,6.9,88.04
2026-08-21T21:02:38Z,6.9,88.06
2026-08-21T21:03:38Z,6.9,88.12
2026-08-21T21:04:38Z,6.9,87.97
2026-08-21T21:05:38Z,6.89,87.92
2026-08-21T21:06:38Z,6.9,87.97
2026-08-21T21:07:38Z,6.89,87.85
2026-08-21T21:08:38Z,6.9,87.97
2026-08-21T21:09:38Z,6.89,87.93
2026-08-21T21:10:38Z,6.89,87.8
2026-08-21T21:11:38Z,6.88,87.64
2026-08-21T21:12:38Z,6.87,87.57
2026-08-21T21:13:38Z,6.87,87.5
2026-08-21T21:14:38Z,6.85,87.24
2026-08-21T21:15:38Z,6.84,87.1
2026-08-21T21:16:38Z,6.83,86.95
2026-08-21T21:17:38Z,6.83,86.85
2026-08-21T21:18:38Z,6.82,86.77
2026-08-21T21:19:38Z,6.82,86.7
2026-08-21T21:20:38Z,6.81,86.45
2026-08-21T21:21:38Z,6.78,86.06
2026-08-21T21:22:38Z,6.77,85.88
2026-08-21T21:23:38Z,6.77,85.79
2026-08-21T21:24:38Z,6.76,85.76
2026-08-21T21:25:38Z,6.77,85.78
2026-08-21T21:26:38Z,6.77,85.87
2026-08-21T21:27:38Z,6.77,85.91
2026-08-21T21:28:38Z,6.78,85.98
2026-08-21T21:29:38Z,6.78,86.07
2026-08-21T21:30:38Z,6.78,86.05
2026-08-21T21:31:38Z,6.79,86.12
2026-08-21T21:32:38Z,6.79,86.24
2026-08-21T21:33:38Z,6.79,86.19
2026-08-21T21:34:38Z,6.8,86.36
2026-08-21T21:35:38Z,6.8,86.41
2026-08-21T21:36:38Z,6.81,86.52
2026-08-21T21:37:38Z,6.81,86.51
2026-08-21T21:38:38Z,6.81,86.58
2026-08-21T21:39:38Z,6.82,86.69
2026-08-21T21:40:38Z,6.83,86.81
2026-08-21T21:41:38Z,6.82,86.77
2026-08-21T21:42:38Z,6.82,86.73
2026-08-21T21:43:38Z,6.82,86.78
2026-08-21T21:44:38Z,6.81,86.53
2026-08-21T21:45:38Z,6.81,86.51
2026-08-21T21:46:38Z,6.81,86.46
2026-08-21T21:47:38Z,6.8,86.35
2026-08-21T21:48:38Z,6.8,86.41
2026-08-21T21:49:38Z,6.8,86.32
2026-08-21T21:50:38Z,6.8,86.35
2026-08-21T21:51:38Z,6.8,86.41
2026-08-21T21:52:38Z,6.8,86.44
2026-08-21T21:53:38Z,6.81,86.48
2026-08-21T21:54:38Z,6.8,86.38
2026-08-21T21:55:38Z,6.8,86.42
2026-08-21T21:56:38Z,6.8,86.36
2026-08-21T21:57:38Z,6.8,86.31
2026-08-21T21:58:38Z,6.79,86.25
2026-08-21T21:59:38Z,6.79,86.11
2026-08-21T22:00:38Z,6.79,86.11
2026-08-21T22:01:38Z,6.79,86.25
2026-08-21T22:02:38Z,6.8,86.32
2026-08-21T22:03:38Z,6.8,86.4
2026-08-21T22:04:38Z,6.79,86.13
2026-08-21T22:05:38Z,6.78,85.96
2026-08-21T22:06:38Z,6.8,86.33
2026-08-21T22:07:38Z,6.79,86.23
2026-08-21T22:08:38Z,6.79,86.23
2026-08-21T22:09:38Z,6.8,86.41
2026-08-21T22:10:38Z,6.81,86.45
2026-08-21T22:11:38Z,6.8,86.4
2026-08-21T22:12:38Z,6.81,86.61
2026-08-21T22:13:38Z,6.81,86.6
2026-08-21T22:14:38Z,6.82,86.64
2026-08-21T22:15:38Z,6.82,86.72
2026-08-21T22:16:38Z,6.81,86.52
2026-08-21T22:17:38Z,6.8,86.32
2026-08-21T22:18:38Z,6.81,86.45
2026-08-21T22:19:38Z,6.79,86.14
2026-08-21T22:20:38Z,6.78,85.97
2026-08-21T22:21:38Z,6.78,86.06
2026-08-21T22:22:38Z,6.78,86.01
2026-08-21T22:23:38Z,6.77,85.8
2026-08-21T22:24:38Z,6.76,85.77
2026-08-21T22:25:38Z,6.76,85.69
2026-08-21T22:26:38Z,6.77,85.86
2026-08-21T22:27:38Z,6.78,86.06
2026-08-21T22:28:38Z,6.77,85.93
2026-08-21T22:29:38Z,6.76,85.61
2026-08-21T22:30:38Z,6.75,85.57
2026-08-21T22:31:38Z,6.74,85.33
2026-08-21T22:32:38Z,6.73,85.25
2026-08-21T22:33:38Z,6.74,85.31
2026-08-21T22:34:38Z,6.72,85.07
2026-08-21T22:35:38Z,6.71,84.79
2026-08-21T22:36:38Z,6.71,84.82
2026-08-21T22:37:38Z,6.7,84.75
2026-08-21T22:38:38Z,6.71,84.85
2026-08-21T22:39:38Z,6.7,84.66
2026-08-21T22:40:38Z,6.69,84.59
2026-08-21T22:41:38Z,6.69,84.52
2026-08-21T22:42:38Z,6.69,84.45
2026-08-21T22:43:38Z,6.67,84.25
2026-08-21T22:44:38Z,6.67,84.24
2026-08-21T22:45:38Z,6.67,84.18
2026-08-21T22:46:38Z,6.67,84.2
2026-08-21T22:47:38Z,6.66,83.97
2026-08-21T22:48:38Z,6.65,83.8
2026-08-21T22:49:38Z,6.66,83.97
2026-08-21T22:50:38Z,6.67,84.12
2026-08-21T22:51:38Z,6.67,84.18
2026-08-21T22:52:38Z,6.66,84.05
2026-08-21T22:53:38Z,6.66,84
2026-08-21T22:54:38Z,6.67,84.13
2026-08-21T22:55:38Z,6.67,84.17
2026-08-21T22:56:38Z,6.66,83.98
2026-08-21T22:57:38Z,6.64,83.64
2026-08-21T22:58:38Z,6.63,83.48
2026-08-21T22:59:38Z,6.63,83.43
2026-08-21T23:00:38Z,6.63,83.49
2026-08-21T23:01:38Z,6.64,83.64
2026-08-21T23:02:38Z,6.64,83.67
2026-08-21T23:03:38Z,6.62,83.32
2026-08-21T23:04:38Z,6.62,83.31
2026-08-21T23:05:38Z,6.62,83.33
2026-08-21T23:06:38Z,6.63,83.49
2026-08-21T23:07:38Z,6.64,83.63
2026-08-21T23:08:38Z,6.64,83.72
2026-08-21T23:09:38Z,6.62,83.31
2026-08-21T23:10:38Z,6.63,83.51
2026-08-21T23:11:38Z,6.61,83.1
2026-08-21T23:12:38Z,6.6,82.98
2026-08-21T23:13:38Z,6.58,82.6
2026-08-21T23:14:38Z,6.57,82.53
2026-08-21T23:15:38Z,6.58,82.72
2026-08-21T23:16:38Z,6.58,82.67
2026-08-21T23:17:38Z,6.57,82.54
2026-08-21T23:18:38Z,6.59,82.76
2026-08-21T23:19:38Z,6.6,83.05
2026-08-21T23:20:38Z,6.6,83
2026-08-21T23:21:38Z,6.59,82.8
2026-08-21T23:22:38Z,6.58,82.61
2026-08-21T23:23:38Z,6.56,82.27
2026-08-21T23:24:38Z,6.55,82.09
2026-08-21T23:25:38Z,6.52,81.72
2026-08-21T23:26:38Z,6.52,81.66
2026-08-21T23:27:38Z,6.55,82.16
2026-08-21T23:28:38Z,6.57,82.42
2026-08-21T23:29:38Z,6.57,82.52
2026-08-21T23:30:38Z,6.59,82.75
2026-08-21T23:31:38Z,6.57,82.52
2026-08-21T23:32:38Z,6.57,82.45
2026-08-21T23:33:38Z,6.54,82.05
2026-08-21T23:34:38Z,6.53,81.79
2026-08-21T23:35:38Z,6.47,80.82
2026-08-21T23:36:38Z,6.45,80.53
2026-08-21T23:37:38Z,6.44,80.31
2026-08-21T23:38:38Z,6.44,80.37
2026-08-21T23:39:38Z,6.43,80.09
2026-08-21T23:40:38Z,6.4,79.65
2026-08-21T23:41:38Z,6.41,79.81
2026-08-21T23:42:38Z,6.42,79.89
2026-08-21T23:43:38Z,6.39,79.55
2026-08-21T23:44:38Z,6.37,79.07
2026-08-21T23:45:38Z,6.38,79.31
2026-08-21T23:46:38Z,6.37,79.06
2026-08-21T23:47:38Z,6.37,79.06
2026-08-21T23:48:38Z,6.35,78.77
2026-08-21T23:49:38Z,6.37,79.07
2026-08-21T23:50:38Z,6.35,78.77
2026-08-21T23:51:38Z,6.33,78.49
2026-08-21T23:52:38Z,6.36,78.95
2026-08-21T23:53:38Z,6.38,79.22
2026-08-21T23:54:38Z,6.37,79.17
2026-08-21T23:55:38Z,6.33,78.45
2026-08-21T23:56:38Z,6.34,78.65
2026-08-21T23:57:38Z,6.34,78.68
2026-08-21T23:58:38Z,6.33,78.54
2026-08-21T23:59:38Z,6.33,78.49
2026-08-22T00:00:38Z,6.3,77.96
2026-08-22T00:01:38Z,6.32,78.26
2026-08-22T00:02:38Z,6.31,78.16
2026-08-22T00:03:38Z,6.28,77.68
2026-08-22T00:04:38Z,6.29,77.75
2026-08-22T00:05:38Z,6.27,77.5
2026-08-22T00:06:38Z,6.29,77.71
2026-08-22T00:07:38Z,6.28,77.56
2026-08-22T00:08:38Z,6.27,77.41
2026-08-22T00:09:38Z,6.26,77.23
2026-08-22T00:10:38Z,6.22,76.59
2026-08-22T00:11:38Z,6.16,75.62
2026-08-22T00:12:38Z,6.17,75.73
2026-08-22T00:13:38Z,6.2,76.19
2026-08-22T00:14:38Z,6.14,75.32
2026-08-22T00:15:38Z,6.16,75.53
2026-08-22T00:16:38Z,6.18,75.86
2026-08-22T00:17:38Z,6.17,75.79
2026-08-22T00:18:38Z,6.12,74.97
2026-08-22T00:19:38Z,6.09,74.42
2026-08-22T00:20:38Z,6.08,74.32
2026-08-22T00:21:38Z,6.11,74.83
2026-08-22T00:22:38Z,6.09,74.44
2026-08-22T00:23:38Z,6.05,73.76
2026-08-22T00:24:38Z,6.06,73.88
2026-08-22T00:25:38Z,6.04,73.56
2026-08-22T00:26:38Z,6.03,73.44
2026-08-22T00:27:38Z,6.01,73.1
2026-08-22T00:28:38Z,5.93,71.8
2026-08-22T00:29:38Z,5.94,71.98
2026-08-22T00:30:38Z,5.94,71.91
2026-08-22T00:31:38Z,5.91,71.45
2026-08-22T00:32:38Z,5.91,71.41
2026-08-22T00:33:38Z,5.94,71.83
2026-08-22T00:34:38Z,5.98,72.54
2026-08-22T00:35:38Z,5.87,70.74
2026-08-22T00:36:38Z,5.85,70.44
2026-08-22T00:37:38Z,5.8,69.52
2026-08-22T00:38:38Z,5.76,68.82
2026-08-22T00:39:38Z,5.69,67.7
2026-08-22T00:40:38Z,5.62,66.46
2026-08-22T00:41:38Z,5.56,65.51
2026-08-22T00:42:38Z,5.55,65.42
2026-08-22T00:43:38Z,5.52,64.84
2026-08-22T00:44:38Z,5.55,65.28
2026-08-22T00:45:38Z,5.51,64.72
2026-08-22T00:46:38Z,5.52,64.89
2026-08-22T00:47:38Z,5.5,64.46
2026-08-22T00:48:38Z,5.48,64.09
2026-08-22T00:49:38Z,5.42,63.12
2026-08-22T00:50:38Z,5.42,63.1
2026-08-22T00:51:38Z,5.43,63.25
2026-08-22T00:52:38Z,5.48,64.18
2026-08-22T00:53:38Z,5.54,65.12
2026-08-22T00:54:38Z,5.5,64.5
2026-08-22T00:55:38Z,5.44,63.53
2026-08-22T00:56:38Z,5.47,63.97
2026-08-22T00:57:38Z,5.52,64.86
2026-08-22T00:58:38Z,5.54,65.25
2026-08-22T00:59:38Z,5.53,64.93
2026-08-22T01:00:38Z,5.52,64.87
2026-08-22T01:01:38Z,5.5,64.42
2026-08-22T01:02:38Z,5.45,63.7
2026-08-22T01:03:38Z,5.49,64.32
2026-08-22T01:04:38Z,5.48,64.16
2026-08-22T01:05:38Z,5.5,64.48
2026-08-22T01:06:38Z,5.53,64.96
2026-08-22T01:07:38Z,5.48,64.19
2026-08-22T01:08:38Z,5.48,64.18
2026-08-22T01:09:38Z,5.42,63.16
2026-08-22T01:10:38Z,5.41,63.05
2026-08-22T01:11:38Z,5.42,63.21
2026-08-22T01:12:38Z,5.42,63.09
2026-08-22T01:13:38Z,5.41,62.96
2026-08-22T01:14:38Z,5.38,62.49
2026-08-22T01:15:38Z,5.38,62.5
2026-08-22T01:16:38Z,5.38,62.5
2026-08-22T01:17:38Z,5.35,62.03
2026-08-22T01:18:38Z,5.37,62.24
2026-08-22T01:19:38Z,5.36,62.15
2026-08-22T01:20:38Z,5.36,62.1
2026-08-22T01:21:38Z,5.34,61.89
2026-08-22T01:22:38Z,5.37,62.36
2026-08-22T01:23:38Z,5.43,63.31
2026-08-22T01:24:38Z,5.36,62.18
2026-08-22T01:25:38Z,5.39,62.72
2026-08-22T01:27:38Z,5.33,61.62
2026-08-22T01:28:38Z,5.32,61.53
2026-08-22T01:29:38Z,5.3,61.14
2026-08-22T01:30:38Z,5.25,60.38
2026-08-22T01:31:38Z,5.21,59.69
2026-08-22T01:32:38Z,5.23,59.88
2026-08-22T01:33:38Z,5.27,60.56
2026-08-22T01:34:38Z,5.23,60.03
2026-08-22T01:35:38Z,5.23,59.92
2026-08-22T01:36:38Z,5.23,60.02
2026-08-22T01:37:38Z,5.25,60.22
2026-08-22T01:38:38Z,5.26,60.46
2026-08-22T01:39:38Z,5.24,60.07
2026-08-22T01:40:38Z,5.26,60.44
2026-08-22T01:41:38Z,5.25,60.29
2026-08-22T01:42:38Z,5.26,60.47
2026-08-22T01:43:38Z,5.26,60.55
2026-08-22T01:44:38Z,5.15,58.61
2026-08-22T01:45:38Z,5.2,59.43
2026-08-22T01:46:38Z,5.12,58.14
2026-08-22T01:47:38Z,5.17,58.88
2026-08-22T01:48:38Z,5.17,58.9
2026-08-22T01:49:38Z,5.14,58.51
2026-08-22T01:50:38Z,5.14,58.44
2026-08-22T01:51:38Z,5.13,58.27
2026-08-22T01:52:38Z,5.09,57.57
2026-08-22T01:53:38Z,5.13,58.21
2026-08-22T01:54:38Z,5.1,57.86
2026-08-22T01:55:38Z,5.08,57.37
2026-08-22T01:56:38Z,5.06,57.03
2026-08-22T01:57:38Z,5.09,57.66
2026-08-22T01:58:38Z,5.13,58.23
2026-08-22T01:59:38Z,5.16,58.86
2026-08-22T02:00:38Z,5.18,59.14
2026-08-22T02:01:38Z,5.17,58.92
2026-08-22T02:02:38Z,5.11,57.97
2026-08-22T02:03:38Z,5.13,58.23
2026-08-22T02:04:38Z,5.14,58.53
2026-08-22T02:05:38Z,5.13,58.27
2026-08-22T02:06:38Z,5.07,57.32
2026-08-22T02:07:38Z,5.03,56.57
2026-08-22T02:08:38Z,5.05,56.97
2026-08-22T02:09:38Z,4.98,55.74
2026-08-22T02:10:38Z,4.99,55.95
2026-08-22T02:11:38Z,4.98,55.75
2026-08-22T02:12:38Z,4.96,55.41
2026-08-22T02:13:38Z,4.98,55.71
2026-08-22T02:14:38Z,4.92,54.76
2026-08-22T02:15:38Z,4.92,54.67
2026-08-22T02:16:38Z,4.94,55.05
2026-08-22T02:17:38Z,4.93,54.99
2026-08-22T02:18:38Z,4.93,54.88
2026-08-22T02:19:38Z,4.9,54.42
2026-08-22T02:20:38Z,4.89,54.19
2026-08-22T02:21:38Z,4.86,53.81
2026-08-22T02:22:38Z,4.84,53.37
2026-08-22T02:23:38Z,4.82,53.03
2026-08-22T02:24:38Z,4.85,53.5
2026-08-22T02:25:38Z,4.86,53.7
2026-08-22T02:26:38Z,4.91,54.53
2026-08-22T02:27:38Z,4.91,54.58
2026-08-22T02:28:38Z,4.91,54.53
2026-08-22T02:29:38Z,4.95,55.23
2026-08-22T02:30:38Z,4.94,55.05
2026-08-22T02:31:38Z,4.94,55.11
2026-08-22T02:32:38Z,4.9,54.49
2026-08-22T02:33:38Z,4.93,54.98
2026-08-22T02:34:38Z,4.89,54.21
2026-08-22T02:35:38Z,4.81,52.86
2026-08-22T02:36:38Z,4.79,52.62
2026-08-22T02:37:38Z,4.8,52.7
2026-08-22T02:38:38Z,4.78,52.4
2026-08-22T02:39:38Z,4.75,51.87
2026-08-22T02:40:38Z,4.72,51.45
2026-08-22T02:41:38Z,4.77,52.19
2026-08-22T02:42:38Z,4.82,53.04
2026-08-22T02:43:38Z,4.8,52.69
2026-08-22T02:44:38Z,4.76,52.07
2026-08-22T02:45:38Z,4.79,52.63
2026-08-22T02:46:38Z,4.81,52.93
2026-08-22T02:47:38Z,4.79,52.56
2026-08-22T02:48:38Z,4.81,52.88
2026-08-22T02:49:38Z,4.83,53.22
2026-08-22T02:50:38Z,4.85,53.51
2026-08-22T02:51:38Z,4.82,53.15
2026-08-22T02:52:38Z,4.86,53.76
2026-08-22T02:53:38Z,4.87,53.85
2026-08-22T02:54:38Z,4.84,53.35
2026-08-22T02:55:38Z,4.85,53.62
2026-08-22T02:56:38Z,4.84,53.47
2026-08-22T02:57:38Z,4.85,53.55
2026-08-22T02:58:38Z,4.85,53.55
2026-08-22T02:59:38Z,4.88,54.05
2026-08-22T03:00:38Z,4.89,54.18
2026-08-22T03:01:38Z,4.88,54.07
2026-08-22T03:02:38Z,4.76,52.01
2026-08-22T03:03:38Z,4.78,52.35
2026-08-22T03:04:38Z,4.74,51.73
2026-08-22T03:05:38Z,4.79,52.51
2026-08-22T03:06:38Z,4.79,52.52
2026-08-22T03:07:38Z,4.79,52.55
2026-08-22T03:08:38Z,4.86,53.67
2026-08-22T03:09:38Z,4.87,53.98
2026-08-22T03:10:38Z,4.88,54.14
2026-08-22T03:11:38Z,4.83,53.17
2026-08-22T03:12:38Z,4.81,52.97
2026-08-22T03:13:38Z,4.83,53.16
2026-08-22T03:14:38Z,4.84,53.45
2026-08-22T03:15:38Z,4.88,54.16
2026-08-22T03:16:38Z,4.88,54.13
2026-08-22T03:17:38Z,4.92,54.71
2026-08-22T03:18:38Z,4.88,54.1
2026-08-22T03:19:38Z,4.88,54.05
2026-08-22T03:20:38Z,4.77,52.15
2026-08-22T03:21:38Z,4.75,51.96
2026-08-22T03:22:38Z,4.78,52.48
2026-08-22T03:23:38Z,4.77,52.31
2026-08-22T03:24:38Z,4.81,52.88
2026-08-22T03:25:38Z,4.8,52.65
2026-08-22T03:26:38Z,4.75,51.91
2026-08-22T03:27:38Z,4.77,52.16
2026-08-22T03:28:38Z,4.72,51.47
2026-08-22T03:29:38Z,4.69,50.94
2026-08-22T03:30:38Z,4.7,51.06
2026-08-22T03:31:38Z,4.72,51.33
2026-08-22T03:32:38Z,4.7,51.02
2026-08-22T03:33:38Z,4.72,51.41
2026-08-22T03:34:38Z,4.7,51.06
2026-08-22T03:35:38Z,4.74,51.73
2026-08-22T03:36:38Z,4.8,52.74
2026-08-22T03:37:38Z,4.76,52.07
2026-08-22T03:38:38Z,4.8,52.75
2026-08-22T03:39:38Z,4.74,51.76
2026-08-22T03:40:38Z,4.79,52.59
2026-08-22T03:41:38Z,4.82,53.11
2026-08-22T03:42:38Z,4.71,51.17
2026-08-22T03:43:38Z,4.73,51.6
2026-08-22T03:44:38Z,4.76,52.1
2026-08-22T03:45:38Z,4.77,52.28
2026-08-22T03:46:38Z,4.75,51.93
2026-08-22T03:47:38Z,4.82,53.03
2026-08-22T03:48:38Z,4.78,52.41
2026-08-22T03:49:38Z,4.86,53.67
2026-08-22T03:50:38Z,4.88,54.01
2026-08-22T03:51:38Z,4.85,53.6
2026-08-22T03:52:38Z,4.88,54.03
2026-08-22T03:53:38Z,4.88,54.05
2026-08-22T03:54:38Z,4.92,54.75
2026-08-22T03:55:38Z,4.96,55.36
2026-08-22T03:56:38Z,4.95,55.25
2026-08-22T03:57:38Z,4.94,55.03
2026-08-22T03:58:38Z,4.82,53.03
2026-08-22T03:59:38Z,4.8,52.76
2026-08-22T04:00:38Z,4.75,51.91
2026-08-22T04:01:38Z,4.77,52.3
2026-08-22T04:02:38Z,4.71,51.21
2026-08-22T04:03:38Z,4.71,51.3
2026-08-22T04:04:38Z,4.71,51.15
2026-08-22T04:05:38Z,4.66,50.42
2026-08-22T04:06:38Z,4.69,50.88
2026-08-22T04:07:38Z,4.69,50.89
2026-08-22T04:08:38Z,4.67,50.6
2026-08-22T04:09:38Z,4.67,50.63
2026-08-22T04:10:38Z,4.63,49.91
2026-08-22T04:11:38Z,4.64,50.12
2026-08-22T04:12:38Z,4.66,50.43
2026-08-22T04:13:38Z,4.66,50.42
2026-08-22T04:14:38Z,4.76,52.1
2026-08-22T04:15:38Z,4.73,51.49
2026-08-22T04:16:38Z,4.76,52.05
2026-08-22T04:17:38Z,5.61,51.1
2026-08-22T04:18:38Z,5.6,50.88
2026-08-22T04:19:38Z,4.72,51.32
2026-08-22T04:20:38Z,4.65,50.28
2026-08-22T04:21:38Z,4.66,50.33
2026-08-22T04:22:38Z,4.64,50.04
2026-08-22T04:23:38Z,4.66,50.34
2026-08-22T04:24:38Z,4.64,50.12
2026-08-22T04:25:38Z,4.64,50.03
2026-08-22T04:26:38Z,4.58,48.97
2026-08-22T04:27:38Z,4.62,49.67
2026-08-22T04:28:38Z,4.65,50.13
2026-08-22T04:29:38Z,4.65,50.27
2026-08-22T04:30:38Z,4.63,49.94
2026-08-22T04:31:38Z,4.67,50.56
2026-08-22T04:32:38Z,4.65,50.25
2026-08-22T04:33:38Z,4.66,50.4
2026-08-22T04:34:38Z,4.69,50.84
2026-08-22T04:35:38Z,4.7,51
2026-08-22T04:36:38Z,4.69,50.91
2026-08-22T04:37:38Z,4.68,50.73
2026-08-22T04:38:38Z,4.67,50.63
2026-08-22T04:39:38Z,4.67,50.63
2026-08-22T04:40:38Z,4.7,51.09
2026-08-22T04:41:38Z,4.68,50.64
2026-08-22T04:42:38Z,4.64,50.07
2026-08-22T04:43:38Z,4.66,50.43
2026-08-22T04:44:38Z,4.69,50.86
2026-08-22T04:45:38Z,4.74,51.71
2026-08-22T04:46:38Z,4.75,51.87
2026-08-22T04:47:38Z,4.82,53.08
2026-08-22T04:48:38Z,4.81,52.92
2026-08-22T04:49:38Z,4.87,53.88
2026-08-22T04:50:38Z,4.88,54.02
2026-08-22T04:51:38Z,4.94,55.13
2026-08-22T04:52:38Z,5.91,56.06
2026-08-22T04:53:38Z,5.06,57.03
2026-08-22T04:54:38Z,5.14,58.43
2026-08-22T04:55:38Z,6.17,60.53
2026-08-22T04:56:38Z,5.33,61.71
2026-08-22T04:57:38Z,6.33,63.13
2026-08-22T04:58:38Z,6.35,63.43
2026-08-22T04:59:38Z,5.49,64.28
2026-08-22T05:00:38Z,5.47,64.04
2026-08-22T05:01:38Z,5.49,64.28
2026-08-22T05:02:38Z,5.5,64.55
2026-08-22T05:03:38Z,5.5,64.43
2026-08-22T05:04:38Z,5.53,64.94
2026-08-22T05:05:38Z,5.54,65.14
2026-08-22T05:06:38Z,5.55,65.42
2026-08-22T05:07:38Z,5.57,65.63
2026-08-22T05:08:38Z,5.6,66.13
2026-08-22T05:09:38Z,5.62,66.44
2026-08-22T05:10:38Z,5.61,66.35
2026-08-22T05:11:38Z,5.63,66.74
2026-08-22T05:12:38Z,5.64,66.8
2026-08-22T05:13:38Z,5.65,66.95
2026-08-22T05:14:38Z,5.64,66.93
2026-08-22T05:15:38Z,5.65,67
2026-08-22T05:16:38Z,5.65,67.05
2026-08-22T05:17:38Z,5.63,66.73
2026-08-22T05:18:38Z,5.65,67.05
2026-08-22T05:19:38Z,5.65,67.06
2026-08-22T05:20:38Z,5.6,66.22
2026-08-22T05:21:38Z,5.6,66.18
2026-08-22T05:22:38Z,5.63,66.71
2026-08-22T05:23:38Z,5.66,67.19
2026-08-22T05:24:38Z,5.68,67.52
2026-08-22T05:25:38Z,5.68,67.47
2026-08-22T05:26:38Z,5.66,67.23
2026-08-22T05:27:38Z,5.68,67.57
2026-08-22T05:28:38Z,5.73,68.32
2026-08-22T05:29:38Z,5.72,68.15
2026-08-22T05:30:38Z,5.73,68.4
2026-08-22T05:31:38Z,6.48,67.86
2026-08-22T05:32:38Z,5.73,68.29
2026-08-22T05:33:38Z,6.53,68.68
2026-08-22T05:34:38Z,6.55,69.02
2026-08-22T05:35:38Z,6.56,69.28
2026-08-22T05:36:38Z,5.79,69.42
2026-08-22T05:37:38Z,6.58,69.54
2026-08-22T05:38:38Z,6.59,69.66
2026-08-22T05:39:38Z,5.8,69.61
2026-08-22T05:40:38Z,5.81,69.78
2026-08-22T05:41:38Z,5.82,69.94
2026-08-22T05:42:38Z,5.83,70
2026-08-22T05:43:38Z,5.81,69.64
2026-08-22T05:44:38Z,5.84,70.21
2026-08-22T05:45:38Z,5.84,70.25
2026-08-22T05:46:38Z,5.85,70.45
2026-08-22T05:47:38Z,5.85,70.31
2026-08-22T05:48:38Z,5.83,70.05
2026-08-22T05:49:38Z,6.6,69.95
2026-08-22T05:50:38Z,6.64,70.48
2026-08-22T05:51:38Z,5.87,70.71
2026-08-22T05:52:38Z,5.84,70.24
2026-08-22T05:53:38Z,6.64,70.62
2026-08-22T05:54:38Z,5.87,70.8
2026-08-22T05:55:38Z,5.86,70.61
2026-08-22T05:56:38Z,5.88,70.85
2026-08-22T05:57:38Z,5.89,71.13
2026-08-22T05:58:38Z,5.89,71.07
2026-08-22T05:59:38Z,5.89,71.07
2026-08-22T06:00:38Z,5.91,71.39
2026-08-22T06:01:38Z,5.93,71.76
2026-08-22T06:02:38Z,6.72,71.97
2026-08-22T06:03:38Z,5.96,72.17
2026-08-22T06:04:38Z,5.94,71.84
2026-08-22T06:05:38Z,5.95,72.07
2026-08-22T06:06:38Z,5.95,72.04
2026-08-22T06:07:38Z,5.94,71.95
2026-08-22T06:08:38Z,5.93,71.67
2026-08-22T06:09:38Z,5.96,72.19
2026-08-22T06:10:38Z,5.96,72.19
2026-08-22T06:11:38Z,5.95,72.13
2026-08-22T06:12:38Z,6,72.91
2026-08-22T06:13:38Z,5.97,72.42
2026-08-22T06:14:38Z,6,72.91
2026-08-22T06:15:38Z,6.06,73.95
2026-08-22T06:16:38Z,6.08,74.26
2026-08-22T06:17:38Z,6.94,75.59
2026-08-22T06:19:38Z,6.16,75.52
2026-08-22T06:20:38Z,6.25,77.18
2026-08-22T06:21:38Z,6.26,77.35
2026-08-22T06:22:38Z,6.32,78.33
2026-08-22T06:23:38Z,6.4,79.65
2026-08-22T06:24:38Z,6.27,77.4
2026-08-22T06:25:38Z,6.35,78.79
2026-08-22T06:26:38Z,6.4,79.56
2026-08-22T06:28:38Z,6.27,77.46
2026-08-22T06:29:38Z,6.24,76.98
2026-08-22T06:30:38Z,6.24,76.92
2026-08-22T06:31:38Z,6.25,77.1
2026-08-22T06:32:38Z,6.32,78.34
2026-08-22T06:34:38Z,6.24,76.9
2026-08-22T06:35:38Z,6.28,77.55
2026-08-22T06:36:38Z,6.23,76.73
2026-08-22T06:37:38Z,6.27,77.38
2026-08-22T06:38:38Z,6.33,78.53
2026-08-22T06:39:38Z,6.33,78.49
2026-08-22T06:42:38Z,6.31,78.15
2026-08-22T06:43:38Z,6.29,77.72
2026-08-22T06:44:38Z,6.28,77.66
2026-08-22T06:45:38Z,6.37,79.1
2026-08-22T06:46:38Z,6.44,80.36
2026-08-22T06:47:38Z,6.39,79.51
2026-08-22T06:48:38Z,6.45,80.45
2026-08-22T06:49:38Z,6.4,79.69
2026-08-22T06:50:38Z,6.43,80.13
2026-08-22T06:51:38Z,6.45,80.53
2026-08-22T06:52:38Z,6.41,79.77
2026-08-22T06:53:38Z,6.42,79.99
2026-08-22T06:54:38Z,6.41,79.79
2026-08-22T06:55:38Z,6.47,80.81
2026-08-22T06:56:38Z,6.42,80
2026-08-22T06:57:38Z,6.45,80.45
2026-08-22T06:58:38Z,6.48,80.99
2026-08-22T06:59:38Z,6.48,80.97
2026-08-22T07:00:38Z,6.51,81.41
2026-08-22T07:01:38Z,6.52,81.65
2026-08-22T07:02:38Z,6.47,80.84
2026-08-22T07:03:38Z,6.5,81.32
2026-08-22T07:04:38Z,6.52,81.63
2026-08-22T07:05:38Z,6.56,82.34
2026-08-22T07:06:38Z,6.58,82.66
2026-08-22T07:07:38Z,6.6,82.96
2026-08-22T07:08:38Z,6.65,83.76
2026-08-22T07:09:38Z,6.65,83.83
2026-08-22T07:10:38Z,6.71,84.84
2026-08-22T07:11:38Z,6.69,84.57
2026-08-22T07:12:38Z,6.7,84.67
2026-08-22T07:13:38Z,6.71,84.88
2026-08-22T07:14:38Z,6.72,85.01
2026-08-22T07:15:38Z,6.79,86.16
2026-08-22T07:16:38Z,6.82,86.65
2026-08-22T07:17:38Z,6.84,87.06
2026-08-22T07:18:38Z,6.87,87.52
2026-08-22T07:19:38Z,6.85,87.13
2026-08-22T07:20:38Z,6.86,87.32
2026-08-22T07:21:38Z,6.88,87.76
2026-08-22T07:22:38Z,6.91,88.22
2026-08-22T07:23:38Z,6.93,88.5
2026-08-22T07:24:38Z,6.94,88.71
2026-08-22T07:25:38Z,6.96,89.06
2026-08-22T07:26:38Z,6.95,88.93
2026-08-22T07:27:38Z,6.96,89.01
2026-08-22T07:28:38Z,6.96,89.03
2026-08-22T07:29:38Z,6.95,88.83
2026-08-22T07:30:38Z,6.96,89.08
2026-08-22T07:31:38Z,7.01,89.87
2026-08-22T07:32:38Z,6.99,89.57
2026-08-22T07:33:38Z,6.98,89.35
2026-08-22T07:34:38Z,6.98,89.47
2026-08-22T07:35:38Z,6.99,89.58
2026-08-22T07:36:38Z,7.01,89.84
2026-08-22T07:37:38Z,7.01,89.87
2026-08-22T07:38:38Z,7.02,90.11
2026-08-22T07:39:38Z,7.04,90.42
2026-08-22T07:40:38Z,7.05,90.51
2026-08-22T07:41:38Z,7.04,90.4
2026-08-22T07:42:38Z,7.03,90.26
2026-08-22T07:43:38Z,7.05,90.55
2026-08-22T07:44:38Z,7.03,90.17
2026-08-22T07:45:38Z,7.03,90.17
2026-08-22T07:46:38Z,7.03,90.22
2026-08-22T07:47:38Z,7.06,90.67
2026-08-22T07:48:38Z,7.06,90.68
2026-08-22T07:49:38Z,7.07,90.95
2026-08-22T07:50:38Z,7.09,91.31
2026-08-22T07:51:38Z,7.1,91.39
2026-08-22T07:52:38Z,7.11,91.53
2026-08-22T07:53:38Z,7.11,91.54
2026-08-22T07:54:38Z,7.11,91.58
2026-08-22T07:55:38Z,7.11,91.58
2026-08-22T07:56:38Z,7.12,91.66
2026-08-22T07:57:38Z,7.1,91.42
2026-08-22T07:58:38Z,7.1,91.43
2026-08-22T07:59:38Z,7.11,91.57
2026-08-22T08:00:38Z,7.1,91.45
2026-08-22T08:01:38Z,7.07,90.98
2026-08-22T08:02:38Z,7.07,90.84
2026-08-22T08:03:38Z,7.08,91.03
2026-08-22T08:04:38Z,7.09,91.16
2026-08-22T08:05:38Z,7.08,91.04
2026-08-22T08:06:38Z,7.08,91.02
2026-08-22T08:07:38Z,7.08,91.1
2026-08-22T08:08:38Z,7.08,91.06
2026-08-22T08:09:38Z,7.08,91.06
2026-08-22T08:10:38Z,7.09,91.22
2026-08-22T08:11:38Z,7.08,90.99
2026-08-22T08:12:38Z,7.1,91.38
2026-08-22T08:13:38Z,7.1,91.33
2026-08-22T08:14:38Z,7.09,91.22
2026-08-22T08:15:38Z,7.11,91.61
2026-08-22T08:16:38Z,7.11,91.63
2026-08-22T08:17:38Z,7.12,91.81
2026-08-22T08:18:38Z,7.14,92.02
2026-08-22T08:19:38Z,7.13,91.83
2026-08-22T08:20:38Z,7.13,91.93
2026-08-22T08:21:38Z,7.14,92.06
2026-08-22T08:22:38Z,7.14,92.06
2026-08-22T08:23:38Z,7.15,92.18
2026-08-22T08:24:38Z,7.15,92.2
2026-08-22T08:25:38Z,7.13,91.93
2026-08-22T08:26:38Z,7.13,91.86
2026-08-22T08:27:38Z,7.14,92.13
2026-08-22T08:28:38Z,7.14,92.14
2026-08-22T08:29:38Z,7.14,92.1
2026-08-22T08:30:38Z,7.15,92.27
2026-08-22T08:31:38Z,7.16,92.46
2026-08-22T08:32:38Z,7.16,92.46
2026-08-22T08:33:38Z,7.16,92.4
2026-08-22T08:34:38Z,7.14,92.07
2026-08-22T08:35:38Z,7.15,92.3
2026-08-22T08:36:38Z,7.18,92.73
2026-08-22T08:37:38Z,7.15,92.2
2026-08-22T08:38:38Z,7.15,92.24
2026-08-22T08:39:38Z,7.17,92.51
2026-08-22T08:40:38Z,7.18,92.76
2026-08-22T08:41:38Z,7.18,92.71
2026-08-22T08:42:38Z,7.18,92.73
2026-08-22T08:43:38Z,7.18,92.8
2026-08-22T08:44:38Z,7.18,92.72
2026-08-22T08:45:38Z,7.18,92.74
2026-08-22T08:46:38Z,7.19,92.9
2026-08-22T08:47:38Z,7.18,92.81
2026-08-22T08:48:38Z,7.18,92.79
2026-08-22T08:49:38Z,7.18,92.81
2026-08-22T08:50:38Z,7.18,92.74
2026-08-22T08:51:38Z,7.19,92.85
2026-08-22T08:52:38Z,7.18,92.8
2026-08-22T08:53:38Z,7.19,92.92
2026-08-22T08:54:38Z,7.18,92.82
2026-08-22T08:55:38Z,7.18,92.72
2026-08-22T08:56:38Z,7.17,92.64
2026-08-22T08:57:38Z,7.17,92.57
2026-08-22T08:58:38Z,7.17,92.65
2026-08-22T08:59:38Z,7.18,92.75
2026-08-22T09:00:38Z,7.58,92.86
2026-08-22T09:01:38Z,7.18,92.7
2026-08-22T09:02:38Z,7.16,92.49
2026-08-22T09:03:38Z,7.17,92.61
2026-08-22T09:04:38Z,7.17,92.52
2026-08-22T09:05:38Z,7.17,92.59
2026-08-22T09:06:38Z,7.17,92.59
2026-08-22T09:07:38Z,7.17,92.63
2026-08-22T09:08:38Z,7.17,92.57
2026-08-22T09:09:38Z,7.19,92.87
2026-08-22T09:10:38Z,7.15,92.31
2026-08-22T09:11:38Z,7.13,91.98
2026-08-22T09:12:38Z,7.52,91.98
2026-08-22T09:13:38Z,7.14,92.08
2026-08-22T09:14:38Z,7.14,92.05
2026-08-22T09:15:38Z,7.14,92.07
2026-08-22T09:16:38Z,7.14,92.16
2026-08-22T09:17:38Z,7.13,91.99
2026-08-22T09:18:38Z,7.13,91.87
2026-08-22T09:19:38Z,7.12,91.66
2026-08-22T09:20:38Z,7.13,91.88
2026-08-22T09:21:38Z,7.14,92.06
2026-08-22T09:22:38Z,7.11,91.6
2026-08-22T09:23:38Z,7.09,91.32
2026-08-22T09:24:38Z,7.09,91.3
2026-08-22T09:25:38Z,7.11,91.63
2026-08-22T09:26:38Z,7.1,91.47
2026-08-22T09:27:38Z,7.1,91.37
2026-08-22T09:28:38Z,7.09,91.28
2026-08-22T09:29:38Z,7.09,91.31
2026-08-22T09:30:38Z,7.11,91.63
2026-08-22T09:31:38Z,7.1,91.48
2026-08-22T09:32:38Z,7.1,91.38
2026-08-22T09:33:38Z,7.13,91.84
2026-08-22T09:34:38Z,7.11,91.51
2026-08-22T09:35:38Z,7.1,91.37
2026-08-22T09:36:38Z,7.11,91.58
2026-08-22T09:37:38Z,7.11,91.55
2026-08-22T09:38:38Z,7.08,91.09
2026-08-22T09:39:38Z,7.09,91.2
2026-08-22T09:40:38Z,7.09,91.27
2026-08-22T09:41:38Z,7.09,91.16
2026-08-22T09:42:38Z,7.08,91.08
2026-08-22T09:43:38Z,7.09,91.24
2026-08-22T09:44:38Z,7.09,91.31
2026-08-22T09:45:38Z,7.1,91.38
2026-08-22T09:46:38Z,7.09,91.27
2026-08-22T09:47:38Z,7.08,91.15
2026-08-22T09:48:38Z,7.08,91
2026-08-22T09:49:38Z,7.09,91.22
2026-08-22T09:50:38Z,7.05,90.6
2026-08-22T09:51:38Z,7.04,90.37
2026-08-22T09:52:38Z,7.03,90.21
2026-08-22T09:53:38Z,7.03,90.28
2026-08-22T09:54:38Z,7.04,90.47
2026-08-22T09:55:38Z,7.05,90.64
2026-08-22T09:56:38Z,7.05,90.5
2026-08-22T09:57:38Z,7.07,90.86
2026-08-22T09:58:38Z,7.05,90.64
2026-08-22T09:59:38Z,7.05,90.51
2026-08-22T10:00:38Z,7.07,90.83
2026-08-22T10:01:38Z,7.07,90.92
2026-08-22T10:02:38Z,7.07,90.91
2026-08-22T10:03:38Z,7.07,90.86
2026-08-22T10:04:38Z,7.06,90.8
2026-08-22T10:05:38Z,7.07,90.85
2026-08-22T10:06:38Z,7.1,91.47
2026-08-22T10:07:38Z,7.09,91.2
2026-08-22T10:08:38Z,7.08,91.01
2026-08-22T10:09:38Z,7.08,91.1
2026-08-22T10:10:38Z,7.1,91.44
2026-08-22T10:11:38Z,7.09,91.29
2026-08-22T10:12:38Z,7.09,91.27
2026-08-22T10:13:38Z,7.1,91.33
2026-08-22T10:14:38Z,7.08,91.15
2026-08-22T10:15:38Z,7.1,91.45
2026-08-22T10:16:38Z,7.1,91.44
2026-08-22T10:17:38Z,7.11,91.51
2026-08-22T10:18:38Z,7.1,91.39
2026-08-22T10:19:38Z,7.1,91.43
2026-08-22T10:20:38Z,7.1,91.36
2026-08-22T10:21:38Z,7.1,91.43
2026-08-22T10:22:38Z,7.12,91.67
2026-08-22T10:23:38Z,7.11,91.52
2026-08-22T10:24:38Z,7.1,91.41
2026-08-22T10:25:38Z,7.09,91.24
2026-08-22T10:26:38Z,7.08,91.03
2026-08-22T10:27:38Z,7.07,90.94
2026-08-22T10:28:38Z,7.08,91.04
2026-08-22T10:29:38Z,7.08,91.11
2026-08-22T10:30:38Z,7.06,90.73
2026-08-22T10:31:38Z,7.06,90.76
2026-08-22T10:32:38Z,7.05,90.57
2026-08-22T10:33:38Z,7.05,90.62
2026-08-22T10:34:38Z,7.06,90.76
2026-08-22T10:35:38Z,7.06,90.65
2026-08-22T10:36:38Z,7.04,90.46
2026-08-22T10:37:38Z,7.05,90.62
2026-08-22T10:38:38Z,7.05,90.53
2026-08-22T10:39:38Z,7.03,90.26
2026-08-22T10:40:38Z,7.03,90.24
2026-08-22T10:41:38Z,7.02,90.11
2026-08-22T10:42:38Z,7.03,90.24
2026-08-22T10:43:38Z,7.01,89.94
2026-08-22T10:44:38Z,7.02,90.03
2026-08-22T10:45:38Z,7.03,90.26
2026-08-22T10:46:38Z,7.02,90.05
2026-08-22T10:47:38Z,7.01,89.96
2026-08-22T10:48:38Z,7.03,90.19
2026-08-22T10:49:38Z,7.03,90.24
2026-08-22T10:50:38Z,7.03,90.21
2026-08-22T10:51:38Z,7.03,90.31
2026-08-22T10:52:38Z,7.03,90.26
2026-08-22T10:53:38Z,7.03,90.19
2026-08-22T10:54:38Z,7.03,90.29
2026-08-22T10:55:38Z,7.04,90.36
2026-08-22T10:56:38Z,7.03,90.27
2026-08-22T10:57:38Z,7.04,90.47
2026-08-22T10:58:38Z,7.04,90.42
2026-08-22T10:59:38Z,7.04,90.42
2026-08-22T11:00:38Z,7.03,90.2
2026-08-22T11:01:38Z,7.03,90.25
2026-08-22T11:02:38Z,7.02,90.1
2026-08-22T11:03:38Z,7.03,90.23
2026-08-22T11:04:38Z,7.03,90.23
2026-08-22T11:05:38Z,7.03,90.2
2026-08-22T11:06:38Z,7.02,90.12
2026-08-22T11:07:38Z,7.01,89.84
2026-08-22T11:08:38Z,7.01,89.94
2026-08-22T11:09:38Z,7.01,89.9
2026-08-22T11:10:38Z,7.01,89.9
2026-08-22T11:11:38Z,7,89.78
2026-08-22T11:12:38Z,7.01,89.83
2026-08-22T11:13:38Z,7.01,89.82
2026-08-22T11:14:38Z,7,89.68
2026-08-22T11:15:38Z,7,89.74
2026-08-22T11:16:38Z,7,89.65
2026-08-22T11:17:38Z,7,89.68
2026-08-22T11:18:38Z,7,89.71
2026-08-22T11:19:38Z,7,89.65
2026-08-22T11:20:38Z,6.99,89.64
2026-08-22T11:21:38Z,7,89.72
2026-08-22T11:22:38Z,7,89.68
2026-08-22T11:23:38Z,7.01,89.84
2026-08-22T11:24:38Z,7,89.77
2026-08-22T11:25:38Z,7.01,89.85
2026-08-22T11:26:38Z,7.01,89.93
2026-08-22T11:27:38Z,7.01,89.94
2026-08-22T11:28:38Z,7.02,89.99
2026-08-22T11:29:38Z,7.01,89.9
2026-08-22T11:30:38Z,7.01,89.97
2026-08-22T11:31:38Z,7.02,89.98
2026-08-22T11:32:38Z,7,89.71
2026-08-22T11:33:38Z,6.99,89.64
2026-08-22T11:34:38Z,6.99,89.64
2026-08-22T11:35:38Z,7,89.67
2026-08-22T11:36:38Z,6.99,89.56
2026-08-22T11:37:38Z,6.98,89.38
2026-08-22T11:38:38Z,6.96,89.02
2026-08-22T11:39:38Z,6.96,89.06
2026-08-22T11:40:38Z,6.96,89
2026-08-22T11:41:38Z,6.97,89.18
2026-08-22T11:42:38Z,6.97,89.23
2026-08-22T11:43:38Z,6.97,89.18
2026-08-22T11:44:38Z,6.97,89.27
2026-08-22T11:45:38Z,6.97,89.25
2026-08-22T11:46:38Z,6.96,89.01
2026-08-22T11:47:38Z,6.96,89.01
2026-08-22T11:48:38Z,6.96,89.02
2026-08-22T11:49:38Z,6.96,89.02
2026-08-22T11:50:38Z,6.96,89.03
2026-08-22T11:51:38Z,6.94,88.77
2026-08-22T11:52:38Z,6.94,88.76
2026-08-22T11:53:38Z,6.95,88.93
2026-08-22T11:54:38Z,6.95,88.95
2026-08-22T11:55:38Z,6.95,88.89
2026-08-22T11:56:38Z,6.94,88.8
2026-08-22T11:57:38Z,6.93,88.58
2026-08-22T11:58:38Z,6.93,88.58
2026-08-22T11:59:38Z,6.94,88.74
2026-08-22T12:00:38Z,6.94,88.75
2026-08-22T12:01:38Z,6.94,88.75
2026-08-22T12:02:38Z,6.93,88.62
2026-08-22T12:03:38Z,6.93,88.62
2026-08-22T12:04:38Z,6.93,88.48
2026-08-22T12:05:38Z,6.92,88.42
2026-08-22T12:06:38Z,6.92,88.45
2026-08-22T12:07:38Z,6.92,88.37
2026-08-22T12:08:38Z,6.91,88.19
2026-08-22T12:09:38Z,6.89,87.91
2026-08-22T12:10:38Z,6.89,87.91
2026-08-22T12:11:38Z,6.9,88.02
2026-08-22T12:12:38Z,6.9,88.09
2026-08-22T12:13:38Z,6.9,88.11
2026-08-22T12:14:38Z,6.9,88.02
2026-08-22T12:15:38Z,6.9,87.96
2026-08-22T12:16:38Z,6.89,87.93
2026-08-22T12:17:38Z,6.9,87.97
2026-08-22T12:18:38Z,6.9,88.06
2026-08-22T12:19:38Z,6.9,87.99
2026-08-22T12:20:38Z,6.9,88.01
2026-08-22T12:21:38Z,6.89,87.95
2026-08-22T12:22:38Z,6.9,88.12
2026-08-22T12:23:38Z,6.9,88
2026-08-22T12:24:38Z,6.9,88.02
2026-08-22T12:25:38Z,6.9,88.05
2026-08-22T12:26:38Z,6.88,87.78
2026-08-22T12:27:38Z,6.88,87.74
2026-08-22T12:28:38Z,6.9,88.07
2026-08-22T12:29:38Z,6.9,87.98
2026-08-22T12:30:38Z,6.9,88.06
2026-08-22T12:31:38Z,6.9,88
2026-08-22T12:32:38Z,6.89,87.85
2026-08-22T12:33:38Z,6.89,87.88
2026-08-22T12:34:38Z,6.89,87.85
2026-08-22T12:35:38Z,6.88,87.66
2026-08-22T12:36:38Z,6.87,87.57
2026-08-22T12:37:38Z,6.87,87.47
2026-08-22T12:38:38Z,6.86,87.3
2026-08-22T12:39:38Z,6.85,87.21
2026-08-22T12:40:38Z,6.85,87.2
2026-08-22T12:41:38Z,6.86,87.29
2026-08-22T12:42:38Z,6.86,87.3
2026-08-22T12:43:38Z,6.86,87.39
2026-08-22T12:44:38Z,6.86,87.38
2026-08-22T12:45:38Z,6.87,87.52
2026-08-22T12:46:38Z,6.88,87.68
2026-08-22T12:47:38Z,6.88,87.73
2026-08-22T12:48:38Z,6.88,87.78
2026-08-22T12:53:38Z,6.89,87.84
2026-08-22T12:54:38Z,6.88,87.71
2026-08-22T12:55:38Z,6.88,87.79
2026-08-22T12:56:38Z,6.89,87.93
2026-08-22T12:57:38Z,6.9,87.98
2026-08-22T12:58:38Z,6.9,88.1
2026-08-22T12:59:38Z,6.9,87.99
2026-08-22T13:00:38Z,6.91,88.29
2026-08-22T13:01:38Z,6.91,88.16
2026-08-22T13:02:38Z,6.89,87.94
2026-08-22T13:03:38Z,6.9,88.12
2026-08-22T13:04:38Z,6.91,88.17
2026-08-22T13:05:38Z,6.92,88.32
2026-08-22T13:06:38Z,6.91,88.25
2026-08-22T13:07:38Z,6.92,88.38
2026-08-22T13:08:38Z,6.93,88.58
2026-08-22T13:09:38Z,6.93,88.62
2026-08-22T13:10:38Z,6.94,88.77
2026-08-22T13:11:38Z,6.95,88.83
2026-08-22T13:12:38Z,6.93,88.56
2026-08-22T13:13:38Z,6.93,88.52
2026-08-22T13:14:38Z,6.94,88.64
2026-08-22T13:15:38Z,6.94,88.75
2026-08-22T13:16:38Z,6.93,88.61
2026-08-22T13:17:38Z,6.93,88.5
2026-08-22T13:18:38Z,6.94,88.7
2026-08-22T13:19:38Z,6.93,88.5
2026-08-22T13:20:38Z,6.91,88.17
2026-08-22T13:21:38Z,6.9,88.1
2026-08-22T13:22:38Z,6.9,88.06
2026-08-22T13:23:38Z,6.9,88.12
2026-08-22T13:24:38Z,6.89,87.8
2026-08-22T13:25:38Z,6.89,87.84
2026-08-22T13:26:38Z,6.88,87.73
2026-08-22T13:27:38Z,6.87,87.6
2026-08-22T13:28:38Z,6.88,87.78
2026-08-22T13:29:38Z,6.87,87.57
2026-08-22T13:30:38Z,6.87,87.53
2026-08-22T13:31:38Z,6.87,87.57
2026-08-22T13:32:38Z,6.86,87.29
2026-08-22T13:33:38Z,6.86,87.29
2026-08-22T13:34:38Z,6.85,87.18
2026-08-22T13:35:38Z,6.85,87.27
2026-08-22T13:36:38Z,6.85,87.27
2026-08-22T13:37:38Z,6.85,87.15
2026-08-22T13:38:38Z,6.85,87.22
2026-08-22T13:39:38Z,6.84,86.96
2026-08-22T13:40:38Z,6.86,87.37
2026-08-22T13:41:38Z,6.85,87.27
2026-08-22T13:42:38Z,6.84,87.1
2026-08-22T13:43:38Z,6.86,87.31
2026-08-22T13:44:38Z,6.85,87.14
2026-08-22T13:45:38Z,6.85,87.26
2026-08-22T13:46:38Z,6.85,87.16
2026-08-22T13:47:38Z,6.83,86.93
2026-08-22T13:48:38Z,6.83,86.84
2026-08-22T13:49:38Z,6.82,86.72
2026-08-22T13:50:38Z,6.82,86.72
2026-08-22T13:51:38Z,6.81,86.5
2026-08-22T13:52:38Z,6.8,86.44
2026-08-22T13:53:38Z,6.81,86.52
2026-08-22T13:54:38Z,6.8,86.42
2026-08-22T13:55:38Z,6.81,86.56
2026-08-22T13:56:38Z,6.81,86.6
2026-08-22T13:57:38Z,6.81,86.5
2026-08-22T13:58:38Z,6.81,86.56
2026-08-22T13:59:38Z,6.82,86.64
2026-08-22T14:00:38Z,6.82,86.78
2026-08-22T14:01:38Z,6.82,86.63
2026-08-22T14:02:38Z,6.81,86.61
2026-08-22T14:03:38Z,6.8,86.44
2026-08-22T14:04:38Z,6.77,85.85
2026-08-22T14:05:38Z,6.77,85.79
2026-08-22T14:06:38Z,6.76,85.66
2026-08-22T14:07:38Z,6.76,85.75
2026-08-22T14:08:38Z,6.76,85.75
2026-08-22T14:09:38Z,6.77,85.79
2026-08-22T14:10:38Z,6.78,85.96
2026-08-22T14:11:38Z,6.78,85.97
2026-08-22T14:12:38Z,6.77,85.82
2026-08-22T14:13:38Z,6.79,86.13
2026-08-22T14:14:38Z,6.8,86.35
2026-08-22T14:15:38Z,6.81,86.5
2026-08-22T14:16:38Z,6.81,86.57
2026-08-22T14:17:38Z,6.82,86.74
2026-08-22T14:18:38Z,6.82,86.68
2026-08-22T14:19:38Z,6.81,86.61
2026-08-22T14:20:38Z,6.81,86.57
2026-08-22T14:21:38Z,6.81,86.57
2026-08-22T14:22:38Z,6.81,86.61
2026-08-22T14:23:38Z,6.82,86.7
2026-08-22T14:24:38Z,6.81,86.55
2026-08-22T14:25:38Z,6.82,86.62
2026-08-22T14:26:38Z,6.8,86.29
2026-08-22T14:27:38Z,6.79,86.14
2026-08-22T14:28:38Z,6.78,86.01
2026-08-22T14:29:38Z,6.77,85.81
2026-08-22T14:30:38Z,6.76,85.69
2026-08-22T14:31:38Z,6.77,85.9
2026-08-22T14:32:38Z,6.77,85.84
2026-08-22T14:33:38Z,6.77,85.8
2026-08-22T14:34:38Z,6.75,85.48
2026-08-22T14:35:38Z,6.76,85.72
2026-08-22T14:36:38Z,6.75,85.51
2026-08-22T14:37:38Z,6.75,85.49
2026-08-22T14:38:38Z,6.75,85.51
2026-08-22T14:39:38Z,6.75,85.6
2026-08-22T14:40:38Z,6.76,85.71
2026-08-22T14:41:38Z,6.74,85.33
2026-08-22T14:42:38Z,6.74,85.35
2026-08-22T14:43:38Z,6.74,85.35
2026-08-22T14:44:38Z,6.74,85.36
2026-08-22T14:45:38Z,6.76,85.65
2026-08-22T14:46:38Z,6.76,85.61
2026-08-22T14:47:38Z,6.76,85.66
2026-08-22T14:48:38Z,6.78,85.96
2026-08-22T14:49:38Z,6.8,86.28
2026-08-22T14:50:38Z,6.8,86.35
2026-08-22T14:51:38Z,6.79,86.17
2026-08-22T14:52:38Z,6.78,86.1
2026-08-22T14:53:38Z,6.77,85.81
2026-08-22T14:54:38Z,6.76,85.61
2026-08-22T14:55:38Z,6.74,85.43
2026-08-22T14:56:38Z,6.73,85.23
2026-08-22T14:57:38Z,6.73,85.18
2026-08-22T14:58:38Z,6.73,85.24
2026-08-22T14:59:38Z,6.72,85.09
2026-08-22T15:00:38Z,6.71,84.87
2026-08-22T15:01:38Z,6.7,84.62
2026-08-22T15:02:38Z,6.69,84.58
2026-08-22T15:03:38Z,6.7,84.72
2026-08-22T15:04:38Z,6.69,84.59
2026-08-22T15:05:38Z,6.72,84.96
2026-08-22T15:06:38Z,6.69,84.51
2026-08-22T15:07:38Z,6.7,84.6
2026-08-22T15:08:38Z,6.69,84.57
2026-08-22T15:09:38Z,6.69,84.52
2026-08-22T15:10:38Z,6.68,84.34
2026-08-22T15:11:38Z,6.69,84.54
2026-08-22T15:12:38Z,6.7,84.68
2026-08-22T15:13:38Z,6.69,84.56
2026-08-22T15:14:38Z,6.69,84.54
2026-08-22T15:15:38Z,6.7,84.74
2026-08-22T15:16:38Z,6.7,84.72
2026-08-22T15:17:38Z,6.7,84.74
2026-08-22T15:18:38Z,6.72,85.05
2026-08-22T15:19:38Z,6.72,84.94
2026-08-22T15:20:38Z,6.72,84.98
2026-08-22T15:21:38Z,6.72,84.94
2026-08-22T15:22:38Z,6.71,84.9
2026-08-22T15:23:38Z,6.74,85.28
2026-08-22T15:24:38Z,6.74,85.4
2026-08-22T15:25:38Z,6.75,85.57
2026-08-22T15:26:38Z,6.75,85.55
2026-08-22T15:27:38Z,6.75,85.51
2026-08-22T15:28:38Z,6.76,85.72
2026-08-22T15:29:38Z,6.77,85.88
2026-08-22T15:30:38Z,6.78,86.01
2026-08-22T15:31:38Z,6.8,86.37
2026-08-22T15:32:38Z,6.81,86.46
2026-08-22T15:33:38Z,6.81,86.47
2026-08-22T15:34:38Z,6.8,86.4
2026-08-22T15:35:38Z,6.8,86.35
2026-08-22T15:36:38Z,6.8,86.36
2026-08-22T15:37:38Z,6.81,86.52
2026-08-22T15:38:38Z,6.81,86.56
2026-08-22T15:39:38Z,6.82,86.64
2026-08-22T15:40:38Z,6.82,86.77
2026-08-22T15:41:38Z,6.84,87.02
2026-08-22T15:42:38Z,6.84,87.06
2026-08-22T15:43:38Z,6.85,87.13
2026-08-22T15:44:38Z,6.85,87.28
2026-08-22T15:45:38Z,6.86,87.33
2026-08-22T15:46:38Z,6.85,87.27
2026-08-22T15:47:38Z,6.86,87.31
2026-08-22T15:48:38Z,6.86,87.39
2026-08-22T15:49:38Z,6.87,87.51
2026-08-22T15:50:38Z,6.87,87.6
2026-08-22T15:51:38Z,6.88,87.69
2026-08-22T15:52:38Z,6.88,87.7
2026-08-22T15:53:38Z,6.88,87.79
2026-08-22T15:54:38Z,6.88,87.69
2026-08-22T15:55:38Z,6.89,87.82
2026-08-22T15:56:38Z,6.89,87.82
2026-08-22T15:57:38Z,6.9,88.01
2026-08-22T15:58:38Z,6.9,88.05
2026-08-22T15:59:38Z,6.9,88.11
2026-08-23T15:00:38Z,6.13,75.18
2026-08-23T15:01:38Z,6.13,75.14
2026-08-23T15:02:38Z,6.11,74.79
2026-08-23T15:03:38Z,6.09,74.48
2026-08-23T15:04:38Z,6.09,74.35
2026-08-23T15:05:38Z,6.09,74.38
2026-08-23T15:06:38Z,6.08,74.24
2026-08-23T15:07:38Z,6.08,74.18
2026-08-23T15:08:38Z,6.08,74.24
2026-08-23T15:09:38Z,6.08,74.2
2026-08-23T15:10:38Z,6.08,74.31
2026-08-23T15:11:38Z,6.08,74.31
2026-08-23T15:12:38Z,6.08,74.29
2026-08-23T15:13:38Z,6.08,74.19
2026-08-23T15:14:38Z,6.09,74.35
2026-08-23T15:15:38Z,6.08,74.31
2026-08-23T15:16:38Z,6.08,74.25
2026-08-23T15:17:38Z,6.09,74.38
2026-08-23T15:18:38Z,6.09,74.44
2026-08-23T15:19:38Z,6.1,74.53
2026-08-23T15:20:38Z,6.1,74.54
2026-08-23T15:21:38Z,6.09,74.42
2026-08-23T15:22:38Z,6.1,74.55
2026-08-23T15:23:38Z,6.1,74.51
2026-08-23T15:24:38Z,6.1,74.59
2026-08-23T15:25:38Z,6.1,74.57
2026-08-23T15:26:38Z,6.1,74.64
2026-08-23T15:27:38Z,6.11,74.71
2026-08-23T15:28:38Z,6.11,74.75
2026-08-23T15:29:38Z,6.1,74.54
2026-08-23T15:30:38Z,6.1,74.59
2026-08-23T15:31:38Z,6.1,74.66
2026-08-23T15:32:38Z,6.09,74.4
2026-08-23T15:33:38Z,6.09,74.41
2026-08-23T15:34:38Z,6.09,74.44
2026-08-23T15:35:38Z,6.09,74.43
2026-08-23T15:36:38Z,6.09,74.47
2026-08-23T15:37:38Z,6.09,74.49
2026-08-23T15:38:38Z,6.09,74.47
2026-08-23T15:39:38Z,6.08,74.27
2026-08-23T15:40:38Z,6.07,74.13
2026-08-23T15:41:38Z,6.07,74.17
2026-08-23T15:42:38Z,6.08,74.18
2026-08-23T15:43:38Z,6.09,74.43
2026-08-23T15:44:38Z,6.09,74.4
2026-08-23T15:45:38Z,6.1,74.54
2026-08-23T15:46:38Z,6.1,74.64
2026-08-23T15:47:38Z,6.1,74.67
2026-08-23T15:48:38Z,6.11,74.72
2026-08-23T15:49:38Z,6.12,74.89
2026-08-23T15:50:38Z,6.14,75.31
2026-08-23T15:51:38Z,6.15,75.42
2026-08-23T15:52:38Z,6.19,76.08
2026-08-23T15:53:38Z,6.2,76.22
2026-08-23T15:54:38Z,6.18,75.93
2026-08-23T15:55:38Z,6.17,75.8
2026-08-23T15:56:38Z,6.23,76.73
2026-08-23T15:57:38Z,6.26,77.22
2026-08-23T15:58:38Z,6.27,77.39
2026-08-23T15:59:38Z,6.26,77.23
2026-08-23T16:00:38Z,6.28,77.64
2026-08-23T16:01:38Z,6.3,77.91
2026-08-23T16:02:38Z,6.31,78.1
2026-08-23T16:03:38Z,6.32,78.27
2026-08-23T16:04:38Z,6.32,78.29
2026-08-23T16:05:38Z,6.32,78.21
2026-08-23T16:06:38Z,6.33,78.49
2026-08-23T16:07:38Z,6.33,78.51
2026-08-23T16:08:38Z,6.34,78.59
2026-08-23T16:09:38Z,6.35,78.8
2026-08-23T16:10:38Z,6.36,78.95
2026-08-23T16:11:38Z,6.37,79.07
2026-08-23T16:12:38Z,6.37,79.09
2026-08-23T16:13:38Z,6.37,79.07
2026-08-23T16:14:38Z,6.37,79.15
2026-08-23T16:15:38Z,6.38,79.23
2026-08-23T16:16:38Z,6.37,79.12
2026-08-23T16:17:38Z,6.37,79.08
2026-08-23T16:18:38Z,6.39,79.49
2026-08-23T16:19:38Z,6.42,79.89
2026-08-23T16:20:38Z,6.42,79.99
2026-08-23T16:21:38Z,6.43,80.13
2026-08-23T16:22:38Z,6.43,80.08
2026-08-23T16:23:38Z,6.43,80.15
2026-08-23T16:24:38Z,6.43,80.1
2026-08-23T16:25:38Z,6.44,80.23
2026-08-23T16:26:38Z,6.44,80.27
2026-08-23T16:27:38Z,6.43,80.18
2026-08-23T16:28:38Z,6.43,80.2
2026-08-23T16:29:38Z,6.44,80.29
2026-08-23T16:30:38Z,6.44,80.29
2026-08-23T16:31:38Z,6.45,80.46
2026-08-23T16:32:38Z,6.46,80.65
2026-08-23T16:33:38Z,6.46,80.63
2026-08-23T16:34:38Z,6.43,80.13
2026-08-23T16:35:38Z,6.4,79.59
2026-08-23T16:36:38Z,6.38,79.22
2026-08-23T16:37:38Z,6.35,78.72
2026-08-23T16:38:38Z,6.34,78.69
2026-08-23T16:39:38Z,6.28,77.7
2026-08-23T16:40:38Z,6.32,78.32
2026-08-23T16:41:38Z,6.42,79.9
2026-08-23T16:42:38Z,6.43,80.13
2026-08-23T16:43:38Z,6.43,80.09
2026-08-23T16:44:38Z,6.44,80.31
2026-08-23T16:45:38Z,6.46,80.6
2026-08-23T16:46:38Z,6.47,80.8
2026-08-23T16:47:38Z,6.49,81.11
2026-08-23T16:48:38Z,6.49,81.1
2026-08-23T16:49:38Z,6.49,81.12
2026-08-23T16:50:38Z,6.5,81.34
2026-08-23T16:51:38Z,6.51,81.55
2026-08-23T16:52:38Z,6.54,81.94
2026-08-23T16:53:38Z,6.56,82.39
2026-08-23T16:54:38Z,6.57,82.48
2026-08-23T16:55:38Z,6.57,82.55
2026-08-23T16:56:38Z,6.6,82.98
2026-08-23T16:57:38Z,6.63,83.49
2026-08-23T16:58:38Z,6.62,83.33
2026-08-23T16:59:38Z,6.63,83.44
2026-08-23T17:00:38Z,6.64,83.65
2026-08-23T17:01:38Z,6.65,83.87
2026-08-23T17:02:38Z,6.68,84.31
2026-08-23T17:03:38Z,6.69,84.53
2026-08-23T17:04:38Z,6.7,84.73
2026-08-23T17:05:38Z,6.7,84.64
2026-08-23T17:06:38Z,6.7,84.68
2026-08-23T17:07:38Z,6.72,84.98
2026-08-23T17:08:38Z,6.72,85.06
2026-08-23T17:09:38Z,6.74,85.29
2026-08-23T17:10:38Z,6.75,85.46
2026-08-23T17:11:38Z,6.76,85.72
2026-08-23T17:12:38Z,6.76,85.69
2026-08-23T17:13:38Z,6.77,85.91
2026-08-23T17:14:38Z,6.79,86.18
2026-08-23T17:15:38Z,6.8,86.44
2026-08-23T17:16:38Z,6.82,86.62
2026-08-23T17:17:38Z,6.82,86.71
2026-08-23T17:18:38Z,6.83,86.84
2026-08-23T17:19:38Z,6.84,87.01
2026-08-23T17:20:38Z,6.84,87.11
2026-08-23T17:21:38Z,6.85,87.28
2026-08-23T17:22:38Z,6.86,87.29
2026-08-23T17:23:38Z,6.86,87.4
2026-08-23T17:24:38Z,6.88,87.68
2026-08-23T17:25:38Z,6.89,87.88
2026-08-23T17:26:38Z,6.9,88.05
2026-08-23T17:27:38Z,6.9,88.07
2026-08-23T17:28:38Z,6.9,88.06
2026-08-23T17:29:38Z,6.91,88.2
2026-08-23T17:30:38Z,6.9,88.08
2026-08-23T17:31:38Z,6.9,88.03
2026-08-23T17:32:38Z,6.9,88.01
2026-08-23T17:33:38Z,6.89,87.95
2026-08-23T17:34:38Z,6.9,87.96
2026-08-23T17:35:38Z,6.91,88.19
2026-08-23T17:36:38Z,6.92,88.41
2026-08-23T17:37:38Z,6.93,88.52
2026-08-23T17:38:38Z,6.92,88.43
2026-08-23T17:39:38Z,6.93,88.52
2026-08-23T17:40:38Z,6.94,88.68
2026-08-23T17:41:38Z,6.94,88.72
2026-08-23T17:42:38Z,6.95,88.82
2026-08-23T17:43:38Z,6.95,88.84
2026-08-23T17:44:38Z,6.95,88.91
2026-08-23T17:45:38Z,6.94,88.8
2026-08-23T17:46:38Z,6.94,88.68
2026-08-23T17:47:38Z,6.94,88.67
2026-08-23T17:48:38Z,6.94,88.65
2026-08-23T17:49:38Z,6.94,88.77
2026-08-23T17:50:38Z,6.94,88.68
2026-08-23T17:51:38Z,6.94,88.74
2026-08-23T17:52:38Z,6.94,88.65
2026-08-23T17:53:38Z,6.93,88.59
2026-08-23T17:54:38Z,6.93,88.61
2026-08-23T17:55:38Z,6.94,88.64
2026-08-23T17:56:38Z,6.93,88.6
2026-08-23T17:57:38Z,6.93,88.54
2026-08-23T17:58:38Z,6.93,88.47
2026-08-23T17:59:38Z,6.92,88.36
2026-08-23T18:00:38Z,6.92,88.36
2026-08-23T18:01:38Z,6.92,88.44
2026-08-23T18:02:38Z,6.92,88.45
2026-08-23T18:03:38Z,6.93,88.49
2026-08-23T18:04:38Z,6.93,88.5
2026-08-23T18:05:38Z,6.92,88.32
2026-08-23T18:06:38Z,6.91,88.22
2026-08-23T18:07:38Z,6.91,88.29
2026-08-23T18:08:38Z,6.9,88.1
2026-08-23T18:09:38Z,6.91,88.16
2026-08-23T18:10:38Z,6.9,88.12
2026-08-23T18:11:38Z,6.91,88.14
2026-08-23T18:12:38Z,6.9,88.12
2026-08-23T18:13:38Z,6.9,88.12
2026-08-23T18:14:38Z,6.89,87.92
2026-08-23T18:15:38Z,6.89,87.82
2026-08-23T18:16:38Z,6.88,87.79
2026-08-23T18:17:38Z,6.88,87.66
2026-08-23T18:18:38Z,6.88,87.73
2026-08-23T18:19:38Z,6.86,87.34
2026-08-23T18:20:38Z,6.87,87.55
2026-08-23T18:21:38Z,6.86,87.44
2026-08-23T18:22:38Z,6.87,87.55
2026-08-23T18:23:38Z,6.88,87.73
2026-08-23T18:24:38Z,6.87,87.59
2026-08-23T18:25:38Z,6.88,87.72
2026-08-23T18:26:38Z,6.88,87.78
2026-08-23T18:27:38Z,6.87,87.53
2026-08-23T18:28:38Z,6.85,87.18
2026-08-23T18:29:38Z,6.84,86.98
2026-08-23T18:30:38Z,6.83,86.89
2026-08-23T18:31:38Z,6.84,86.98
2026-08-23T18:32:38Z,6.83,86.86
2026-08-23T18:33:38Z,6.82,86.75
2026-08-23T18:34:38Z,6.84,86.98
2026-08-23T18:35:38Z,6.84,87.1
2026-08-23T18:36:38Z,6.84,87.04
2026-08-23T18:37:38Z,6.85,87.13
2026-08-23T18:38:38Z,6.84,87.05
2026-08-23T18:39:38Z,6.85,87.14
2026-08-23T18:40:38Z,6.84,87.11
2026-08-23T18:41:38Z,6.85,87.19
2026-08-23T18:42:38Z,6.85,87.16
2026-08-23T18:43:38Z,6.84,87
2026-08-23T18:44:38Z,6.84,87.11
2026-08-23T18:45:38Z,6.84,87.07
2026-08-23T18:46:38Z,6.84,87.06
2026-08-23T18:47:38Z,6.85,87.13
2026-08-23T18:48:38Z,6.85,87.14
2026-08-23T18:49:38Z,6.86,87.31
2026-08-23T18:50:38Z,6.86,87.4
2026-08-23T18:51:38Z,6.87,87.48
2026-08-23T18:52:38Z,6.86,87.45
2026-08-23T18:53:38Z,6.87,87.46
2026-08-23T18:54:38Z,6.87,87.52
2026-08-23T18:55:38Z,6.87,87.61
2026-08-23T18:56:38Z,6.88,87.74
2026-08-23T18:57:38Z,6.89,87.8
2026-08-23T18:58:38Z,6.89,87.85
2026-08-23T18:59:38Z,6.89,87.95
2026-08-23T19:00:38Z,6.9,88.09
2026-08-23T19:01:38Z,6.9,88.12
2026-08-23T19:02:38Z,6.91,88.23
2026-08-23T19:03:38Z,6.91,88.28
2026-08-23T19:04:38Z,6.92,88.36
2026-08-23T19:05:38Z,6.92,88.46
2026-08-23T19:06:38Z,6.93,88.49
2026-08-23T19:07:38Z,6.92,88.41
2026-08-23T19:08:38Z,6.93,88.48
2026-08-23T19:09:38Z,6.93,88.57
2026-08-23T19:10:38Z,6.92,88.42
2026-08-23T19:11:38Z,6.93,88.57
2026-08-23T19:12:38Z,6.93,88.48
2026-08-23T19:13:38Z,6.93,88.55
2026-08-23T19:14:38Z,6.93,88.62
2026-08-23T19:15:38Z,6.94,88.69
2026-08-23T19:16:38Z,6.94,88.72
2026-08-23T19:17:38Z,6.95,88.81
2026-08-23T19:18:38Z,6.94,88.79
2026-08-23T19:19:38Z,6.94,88.66
2026-08-23T19:20:38Z,6.94,88.69
2026-08-23T19:21:38Z,6.94,88.73
2026-08-23T19:22:38Z,6.93,88.6
2026-08-23T19:23:38Z,6.93,88.61
2026-08-23T19:24:38Z,6.93,88.62
2026-08-23T19:25:38Z,6.93,88.62
2026-08-23T19:26:38Z,6.93,88.6
2026-08-23T19:27:38Z,6.93,88.63
2026-08-23T19:28:38Z,6.94,88.72
2026-08-23T19:29:38Z,6.93,88.62
2026-08-23T19:30:38Z,6.93,88.53
2026-08-23T19:31:38Z,6.93,88.53
2026-08-23T19:32:38Z,6.93,88.61
2026-08-23T19:33:38Z,6.94,88.72
2026-08-23T19:34:38Z,6.94,88.72
2026-08-23T19:35:38Z,6.94,88.72
2026-08-23T19:36:38Z,6.93,88.59
2026-08-23T19:37:38Z,6.92,88.45
2026-08-23T19:38:38Z,6.92,88.46
2026-08-23T19:39:38Z,6.93,88.56
2026-08-23T19:40:38Z,6.94,88.7
2026-08-23T19:41:38Z,6.94,88.7
2026-08-23T19:42:38Z,6.94,88.76
2026-08-23T19:43:38Z,6.93,88.62
2026-08-23T19:44:38Z,6.93,88.63
2026-08-23T19:45:38Z,6.94,88.67
2026-08-23T19:46:38Z,6.94,88.71
2026-08-23T19:47:38Z,6.94,88.75
2026-08-23T19:48:38Z,6.93,88.62
2026-08-23T19:49:38Z,6.93,88.59
2026-08-23T19:50:38Z,6.93,88.58
2026-08-23T19:51:38Z,6.93,88.55
2026-08-23T19:52:38Z,6.93,88.57
2026-08-23T19:53:38Z,6.94,88.66
2026-08-23T19:54:38Z,6.94,88.72
2026-08-23T19:55:38Z,6.94,88.71
2026-08-23T19:56:38Z,6.94,88.64
2026-08-23T19:57:38Z,6.93,88.51
2026-08-23T19:58:38Z,6.93,88.52
2026-08-23T19:59:38Z,6.93,88.59
2026-08-23T20:00:38Z,6.92,88.44
2026-08-23T20:01:38Z,6.92,88.32
2026-08-23T20:02:38Z,6.92,88.36
2026-08-23T20:03:38Z,6.92,88.39
2026-08-23T20:04:38Z,6.91,88.24
2026-08-23T20:05:38Z,6.91,88.22
2026-08-23T20:06:38Z,6.91,88.13
2026-08-23T20:07:38Z,6.9,88.1
2026-08-23T20:08:38Z,6.9,88.09
2026-08-23T20:09:38Z,6.89,87.8
2026-08-23T20:10:38Z,6.88,87.75
2026-08-23T20:11:38Z,6.88,87.67
2026-08-23T20:12:38Z,6.89,87.82
2026-08-23T20:13:38Z,6.88,87.79
2026-08-23T20:14:38Z,6.88,87.75
2026-08-23T20:15:38Z,6.89,87.85
2026-08-23T20:16:38Z,6.89,87.8
2026-08-23T20:17:38Z,6.88,87.77
2026-08-23T20:18:38Z,6.89,87.89
2026-08-23T20:19:38Z,6.9,87.99
2026-08-23T20:20:38Z,6.9,88.01
