time_utc,PM2.5,Relative humidity
2026-09-01T00:00:38Z,5.91,71.39
2026-09-01T00:01:38Z,5.9,71.3
2026-09-01T00:02:38Z,5.89,71.12
2026-09-01T00:03:38Z,5.87,70.8
2026-09-01T00:04:38Z,5.83,70.03
2026-09-01T00:05:38Z,5.83,70.13
2026-09-01T00:06:38Z,5.86,70.54
2026-09-01T00:07:38Z,5.85,70.32
2026-09-01T00:08:38Z,5.85,70.41
2026-09-01T00:09:38Z,5.86,70.57
2026-09-01T00:10:38Z,5.83,69.97
2026-09-01T00:11:38Z,5.84,70.24
2026-09-01T00:12:38Z,5.85,70.36
2026-09-01T00:13:38Z,5.84,70.23
2026-09-01T00:14:38Z,5.82,69.86
2026-09-01T00:15:38Z,5.84,70.28
2026-09-01T00:16:38Z,5.79,69.36
2026-09-01T00:17:38Z,5.81,69.79
2026-09-01T00:18:38Z,5.84,70.27
2026-09-01T00:19:38Z,5.8,69.6
2026-09-01T00:20:38Z,5.79,69.44
2026-09-01T00:21:38Z,5.76,68.95
2026-09-01T00:22:38Z,5.73,68.36
2026-09-01T00:23:38Z,5.73,68.29
2026-09-01T00:24:38Z,5.72,68.26
2026-09-01T00:25:38Z,5.71,68.04
2026-09-01T00:26:38Z,5.71,68.1
2026-09-01T00:27:38Z,5.68,67.56
2026-09-01T00:28:38Z,5.71,68.06
2026-09-01T00:29:38Z,5.71,67.96
2026-09-01T00:30:38Z,5.68,67.59
2026-09-01T00:31:38Z,5.66,67.15
2026-09-01T00:32:38Z,5.67,67.37
2026-09-01T00:33:38Z,5.67,67.29
2026-09-01T00:34:38Z,5.64,66.86
2026-09-01T00:35:38Z,5.55,65.41
2026-09-01T00:36:38Z,5.48,64.22
2026-09-01T00:37:38Z,5.46,63.8
2026-09-01T00:38:38Z,5.45,63.64
2026-09-01T00:39:38Z,5.42,63.09
2026-09-01T00:40:38Z,5.33,61.67
2026-09-01T00:41:38Z,5.32,61.43
2026-09-01T00:42:38Z,5.33,61.72
2026-09-01T00:43:38Z,5.33,61.57
2026-09-01T00:44:38Z,5.31,61.38
2026-09-01T00:45:38Z,5.35,61.91
2026-09-01T00:46:38Z,5.32,61.5
2026-09-01T00:47:38Z,5.29,61.02
2026-09-01T00:48:38Z,5.28,60.78
2026-09-01T00:49:38Z,5.27,60.64
2026-09-01T00:50:38Z,5.29,61.01
2026-09-01T00:51:38Z,5.32,61.55
2026-09-01T00:52:38Z,5.34,61.81
2026-09-01T00:53:38Z,5.33,61.72
2026-09-01T00:54:38Z,5.31,61.36
2026-09-01T00:55:38Z,5.29,60.89
2026-09-01T00:56:38Z,5.3,61.06
2026-09-01T00:57:38Z,5.25,60.28
2026-09-01T00:58:38Z,5.25,60.37
2026-09-01T00:59:38Z,5.26,60.4
2026-09-01T01:00:38Z,5.24,60.19
2026-09-01T01:01:38Z,5.18,59.17
2026-09-01T01:02:38Z,5.18,59.06
2026-09-01T01:03:38Z,5.2,59.47
2026-09-01T01:04:38Z,5.24,60.09
2026-09-01T01:05:38Z,5.26,60.52
2026-09-01T01:06:38Z,5.26,
2026-09-01T03:00:38Z,5.3,61.11
2026-09-01T03:01:38Z,5.27,60.71
2026-09-01T03:02:38Z,5.27,60.57
2026-09-01T03:03:38Z,5.25,60.37
2026-09-01T03:04:38Z,5.26,60.41
2026-09-01T03:05:38Z,5.24,60.14
2026-09-01T03:06:38Z,5.22,59.8
2026-09-01T03:07:38Z,5.24,60.13
2026-09-01T03:08:38Z,5.23,60.04
2026-09-01T03:09:38Z,5.23,60.04
2026-09-01T03:10:38Z,5.25,60.23
2026-09-01T03:11:38Z,5.29,60.92
2026-09-01T03:12:38Z,5.29,60.99
2026-09-01T03:13:38Z,5.3,61.09
2026-09-01T03:14:38Z,5.3,61.21
2026-09-01T03:15:38Z,5.33,61.64
2026-09-01T03:16:38Z,5.26,60.49
2026-09-01T03:17:38Z,5.28,60.8
2026-09-01T03:18:38Z,5.24,60.2
2026-09-01T03:19:38Z,5.28,60.88
2026-09-01T03:20:38Z,5.26,60.49
2026-09-01T03:21:38Z,5.29,60.91
2026-09-01T03:22:38Z,5.32,61.45
2026-09-01T03:23:38Z,5.37,62.35
2026-09-01T03:24:38Z,5.38,62.44
2026-09-01T03:25:38Z,5.4,62.78
2026-09-01T03:26:38Z,5.42,63.09
2026-09-01T03:27:38Z,5.45,63.69
2026-09-01T03:28:38Z,5.48,64.21
2026-09-01T03:29:38Z,5.51,64.69
2026-09-01T03:30:38Z,5.5,64.55
2026-09-01T03:31:38Z,5.49,64.27
2026-09-01T03:32:38Z,5.44,63.56
2026-09-01T03:33:38Z,5.44,63.57
2026-09-01T03:34:38Z,5.42,63.24
2026-09-01T03:35:38Z,5.36,62.1
2026-09-01T03:36:38Z,5.31,61.34
2026-09-01T03:37:38Z,5.32,61.42
2026-09-01T03:38:38Z,5.3,61.22
2026-09-01T03:39:38Z,5.26,60.46
2026-09-01T03:40:38Z,5.25,60.29
2026-09-01T03:41:38Z,5.22,59.72
2026-09-01T03:42:38Z,5.18,59.19
2026-09-01T03:43:38Z,5.19,59.36
2026-09-01T03:44:38Z,5.2,59.44
2026-09-01T03:45:38Z,5.21,59.55
2026-09-01T03:46:38Z,5.23,59.93
2026-09-01T03:47:38Z,5.28,60.75
2026-09-01T03:48:38Z,5.29,60.99
2026-09-01T03:49:38Z,5.3,61.1
2026-09-01T03:50:38Z,5.32,61.41
2026-09-01T03:51:38Z,5.31,61.3
2026-09-01T03:52:38Z,5.36,62.17
2026-09-01T03:53:38Z,5.34,61.8
2026-09-01T03:54:38Z,5.3,61.14
2026-09-01T03:55:38Z,5.32,61.47
2026-09-01T03:56:38Z,5.31,61.33
2026-09-01T03:57:38Z,5.32,61.54
2026-09-01T03:58:38Z,5.31,61.3
2026-09-01T03:59:38Z,5.29,60.95
2026-09-01T04:00:38Z,5.3,61.12
2026-09-01T04:01:38Z,5.32,61.42
2026-09-01T04:02:38Z,5.3,61.2
2026-09-01T04:03:38Z,5.33,61.69
2026-09-01T04:04:38Z,5.34,61.74
2026-09-01T04:05:38Z,5.32,61.51
2026-09-01T04:06:38Z,5.33,61.64
2026-09-01T04:07:38Z,5.36,62.18
2026-09-01T04:08:38Z,5.36,62.09
2026-09-01T04:09:38Z,5.38,62.47
2026-09-01T04:10:38Z,5.39,62.7
2026-09-01T04:11:38Z,5.42,63.1
2026-09-01T04:12:38Z,5.42,63.11
2026-09-01T04:13:38Z,5.42,63.13
2026-09-01T04:14:38Z,5.41,62.98
2026-09-01T04:15:38Z,5.41,63.03
2026-09-01T04:16:38Z,5.39,62.68
2026-09-01T04:17:38Z,5.4,62.75
2026-09-01T04:18:38Z,5.43,63.29
2026-09-01T04:19:38Z,5.41,62.98
2026-09-01T04:20:38Z,5.41,63
2026-09-01T04:21:38Z,5.42,63.22
2026-09-01T04:22:38Z,5.45,63.65
2026-09-01T04:23:38Z,5.46,63.87
2026-09-01T04:24:38Z,5.49,64.27
2026-09-01T04:25:38Z,5.49,64.26
2026-09-01T04:26:38Z,5.44,63.49
2026-09-01T04:27:38Z,5.45,63.59
2026-09-01T04:28:38Z,5.45,63.61
2026-09-01T04:29:38Z,5.46,63.78
2026-09-01T04:30:38Z,5.49,64.39
2026-09-01T04:31:38Z,5.51,64.62
2026-09-01T04:32:38Z,5.5,64.51
2026-09-01T04:33:38Z,5.49,64.29
2026-09-01T04:34:38Z,5.49,64.39
2026-09-01T04:35:38Z,5.47,63.96
2026-09-01T04:36:38Z,5.46,63.88
2026-09-01T04:37:38Z,5.47,63.94
2026-09-01T04:38:38Z,5.47,63.93
2026-09-01T04:39:38Z,5.44,63.48
2026-09-01T04:40:38Z,5.45,63.61
2026-09-01T04:41:38Z,5.48,64.2
2026-09-01T04:42:38Z,5.48,64.24
2026-09-01T04:43:38Z,5.49,64.27
2026-09-01T04:44:38Z,5.49,64.34
2026-09-01T04:45:38Z,5.5,64.5
2026-09-01T04:46:38Z,5.53,65.07
2026-09-01T04:47:38Z,5.56,65.51
2026-09-01T04:48:38Z,5.56,65.53
2026-09-01T04:49:38Z,5.57,65.63
2026-09-01T04:50:38Z,5.59,65.95
2026-09-01T04:51:38Z,5.59,65.99
2026-09-01T04:52:38Z,5.61,66.35
2026-09-01T04:53:38Z,5.63,66.7
2026-09-01T04:54:38Z,5.61,66.42
2026-09-01T04:55:38Z,5.66,67.22
2026-09-01T04:56:38Z,5.69,67.67
2026-09-01T04:57:38Z,5.79,69.34
2026-09-01T04:58:38Z,,69.65
2026-09-01T04:59:38Z,5.77,69.02
2026-09-01T05:00:38Z,5.77,69.11
2026-09-01T05:01:38Z,5.8,69.54
2026-09-01T05:02:38Z,5.84,70.29
2026-09-01T05:03:38Z,5.88,70.95
2026-09-01T05:04:38Z,5.9,71.2
2026-09-01T05:05:38Z,6.02,73.33
2026-09-01T05:06:38Z,6.12,74.92
2026-09-01T05:07:38Z,6.1,74.66
2026-09-01T05:08:38Z,6.04,73.58
2026-09-01T05:09:38Z,6.07,74.08
2026-09-01T05:10:38Z,6.16,75.6
2026-09-01T05:11:38Z,6.16,75.55
2026-09-01T05:12:38Z,6.24,76.9
2026-09-01T05:13:38Z,6.26,77.35
2026-09-01T05:14:38Z,6.26,77.3
2026-09-01T05:15:38Z,6.3,77.99
2026-09-01T05:16:38Z,6.39,79.52
2026-09-01T05:17:38Z,6.38,79.32
2026-09-01T05:18:38Z,6.41,79.82
2026-09-01T05:19:38Z,6.5,81.25
2026-09-01T05:20:38Z,6.53,81.8
2026-09-01T05:21:38Z,6.58,
2026-09-01T05:22:38Z,6.62,83.31
2026-09-01T05:23:38Z,6.61,83.18
2026-09-01T05:24:38Z,6.62,83.38
2026-09-01T05:25:38Z,,85.12
2026-09-01T05:26:38Z,6.75,
2026-09-01T05:27:38Z,6.74,85.38
2026-09-01T05:28:38Z,6.66,84.02
2026-09-01T05:29:38Z,6.67,84.13
2026-09-01T05:30:38Z,,85.26
2026-09-01T05:31:38Z,6.8,86.3
2026-09-01T05:32:38Z,6.77,85.91
2026-09-01T05:33:38Z,6.78,86.02
2026-09-01T05:34:38Z,6.76,85.7
2026-09-01T05:35:38Z,6.81,86.59
2026-09-01T05:36:38Z,6.84,86.99
2026-09-01T05:37:38Z,6.84,87.11
2026-09-01T05:38:38Z,6.84,87.07
2026-09-01T05:39:38Z,6.87,87.46
2026-09-01T05:40:38Z,,87.44
2026-09-01T05:41:38Z,6.89,
2026-09-01T05:42:38Z,6.9,88.01
2026-09-01T05:43:38Z,6.92,88.42
2026-09-01T05:44:38Z,6.94,88.68
2026-09-01T05:45:38Z,,88.68
2026-09-01T05:46:38Z,6.93,88.55
2026-09-01T05:47:38Z,6.91,88.25
2026-09-01T05:48:38Z,6.89,87.94
2026-09-01T05:49:38Z,6.85,87.22
2026-09-01T05:50:38Z,6.87,87.47
2026-09-01T05:51:38Z,6.89,87.89
2026-09-01T05:52:38Z,6.86,87.41
2026-09-01T05:53:38Z,6.85,87.26
2026-09-01T05:54:38Z,6.85,87.25
2026-09-01T05:55:38Z,6.84,87.09
2026-09-01T05:56:38Z,6.83,86.93
2026-09-01T05:57:38Z,6.85,87.15
2026-09-01T05:58:38Z,6.85,87.23
2026-09-01T05:59:38Z,6.83,86.9
2026-09-01T06:00:38Z,6.82,86.78
2026-09-01T06:01:38Z,6.8,86.44
2026-09-01T06:02:38Z,6.82,
2026-09-01T06:03:38Z,6.82,86.64
2026-09-01T06:04:38Z,6.81,86.48
2026-09-01T06:05:38Z,6.79,86.2
2026-09-01T06:06:38Z,,86.33
2026-09-01T06:07:38Z,6.83,
2026-09-01T06:08:38Z,6.82,86.74
2026-09-01T06:09:38Z,6.83,86.95
2026-09-01T06:10:38Z,6.89,87.87
2026-09-01T06:11:38Z,6.87,87.5
2026-09-01T06:12:38Z,6.81,86.6
2026-09-01T06:13:38Z,6.81,86.58
2026-09-01T06:14:38Z,6.8,86.34
2026-09-01T06:15:38Z,6.82,86.68
2026-09-01T06:16:38Z,6.86,87.38
2026-09-01T06:17:38Z,,87.36
2026-09-01T06:18:38Z,6.88,87.69
2026-09-01T06:19:38Z,6.88,87.75
2026-09-01T06:20:38Z,6.87,87.57
2026-09-01T06:21:38Z,6.85,87.17
2026-09-01T06:22:38Z,,87.08
2026-09-01T06:23:38Z,6.84,
2026-09-01T06:24:38Z,6.81,86.55
2026-09-01T06:25:38Z,6.8,86.44
2026-09-01T06:26:38Z,6.78,86.03
2026-09-01T06:27:38Z,6.81,86.48
2026-09-01T06:28:38Z,6.84,86.97
2026-09-01T06:29:38Z,6.85,87.13
2026-09-01T06:30:38Z,6.84,87.05
2026-09-01T06:31:38Z,6.87,87.51
2026-09-01T06:32:38Z,6.85,87.25
2026-09-01T06:33:38Z,6.83,86.94
2026-09-01T06:34:38Z,6.81,86.56
2026-09-01T06:35:38Z,6.81,86.51
2026-09-01T06:36:38Z,6.83,86.9
2026-09-01T06:37:38Z,6.82,86.63
2026-09-01T06:38:38Z,6.81,86.52
2026-09-01T06:39:38Z,6.82,86.67
2026-09-01T06:40:38Z,6.81,86.53
2026-09-01T06:41:38Z,6.8,86.37
2026-09-01T06:42:38Z,6.8,86.32
2026-09-01T06:43:38Z,6.8,86.42
2026-09-01T06:44:38Z,6.82,86.7
2026-09-01T06:45:38Z,6.82,86.64
2026-09-01T06:46:38Z,6.81,86.55
2026-09-01T06:47:38Z,6.82,86.72
2026-09-01T06:48:38Z,6.83,86.84
2026-09-01T06:49:38Z,6.8,86.38
2026-09-01T06:50:38Z,6.81,86.53
2026-09-01T06:51:38Z,6.83,86.87
2026-09-01T06:52:38Z,6.84,86.98
2026-09-01T06:53:38Z,6.86,87.31
2026-09-01T06:54:38Z,6.86,87.39
2026-09-01T06:55:38Z,6.86,87.45
2026-09-01T06:56:38Z,6.87,87.54
2026-09-01T06:57:38Z,6.86,87.43
2026-09-01T06:58:38Z,,87.73
2026-09-01T06:59:38Z,6.89,87.86
2026-09-01T07:00:38Z,6.89,87.87
2026-09-01T07:01:38Z,6.89,87.85
2026-09-01T07:02:38Z,6.9,87.97
2026-09-01T07:03:38Z,6.9,88.1
2026-09-01T07:04:38Z,6.92,88.3
2026-09-01T07:05:38Z,6.91,88.19
2026-09-01T07:06:38Z,6.92,88.43
2026-09-01T07:07:38Z,6.92,88.45
2026-09-01T07:08:38Z,6.92,88.46
2026-09-01T07:09:38Z,6.92,88.37
2026-09-01T07:10:38Z,6.93,88.61
2026-09-01T07:11:38Z,6.95,88.82
2026-09-01T07:12:38Z,6.93,88.52
2026-09-01T07:13:38Z,6.91,88.16
2026-09-01T07:14:38Z,6.9,88.12
2026-09-01T07:15:38Z,6.94,88.69
2026-09-01T07:16:38Z,6.93,88.47
2026-09-01T07:17:38Z,6.94,88.74
2026-09-01T07:18:38Z,6.93,88.51
2026-09-01T07:19:38Z,6.91,88.27
2026-09-01T07:20:38Z,6.93,88.54
2026-09-01T07:21:38Z,6.94,88.77
2026-09-01T07:22:38Z,6.93,88.51
2026-09-01T07:23:38Z,6.93,88.48
2026-09-01T07:24:38Z,6.95,88.81
2026-09-01T07:25:38Z,6.93,88.61
2026-09-01T07:26:38Z,6.95,88.89
2026-09-01T07:27:38Z,6.95,88.85
2026-09-01T07:28:38Z,6.95,88.87
2026-09-01T07:29:38Z,6.94,88.77
2026-09-01T07:30:38Z,6.96,89.13
2026-09-01T07:31:38Z,6.98,89.4
2026-09-01T07:32:38Z,,89.22
2026-09-01T09:00:38Z,7.17,92.58
2026-09-01T09:01:38Z,7.17,
2026-09-01T09:02:38Z,7.16,92.4
2026-09-01T09:03:38Z,7.17,92.5
2026-09-01T09:04:38Z,7.17,92.61
2026-09-01T09:05:38Z,7.17,92.53
2026-09-01T09:06:38Z,7.17,92.61
2026-09-01T09:07:38Z,7.17,92.58
2026-09-01T09:08:38Z,7.17,92.53
2026-09-01T09:09:38Z,7.15,92.26
2026-09-01T09:10:38Z,7.13,91.97
2026-09-01T09:11:38Z,7.14,92.02
2026-09-01T09:12:38Z,7.15,92.22
2026-09-01T09:13:38Z,7.15,92.21
2026-09-01T09:14:38Z,7.16,92.34
2026-09-01T09:15:38Z,7.16,92.34
2026-09-01T09:16:38Z,7.16,92.36
2026-09-01T09:17:38Z,7.15,92.22
2026-09-01T09:18:38Z,7.14,92.15
2026-09-01T09:19:38Z,7.14,92.14
2026-09-01T09:20:38Z,7.14,92.11
2026-09-01T09:21:38Z,7.15,92.19
2026-09-01T09:22:38Z,7.16,92.34
2026-09-01T09:23:38Z,7.15,92.26
2026-09-01T09:24:38Z,7.15,92.2
2026-09-01T09:25:38Z,7.15,92.2
2026-09-01T09:26:38Z,7.15,92.18
2026-09-01T09:27:38Z,7.14,
2026-09-01T09:28:38Z,7.14,92.11
2026-09-01T09:29:38Z,7.14,92.12
2026-09-01T09:30:38Z,7.15,92.23
2026-09-01T09:31:38Z,,92.28
2026-09-01T09:32:38Z,7.16,
2026-09-01T09:33:38Z,7.14,92.1
2026-09-01T09:34:38Z,7.15,92.22
2026-09-01T09:35:38Z,7.15,92.29
2026-09-01T09:36:38Z,7.15,92.23
2026-09-01T09:37:38Z,7.15,92.17
2026-09-01T09:38:38Z,7.14,92.07
2026-09-01T09:39:38Z,7.14,92.07
2026-09-01T09:40:38Z,7.13,91.96
2026-09-01T09:41:38Z,7.15,92.28
2026-09-01T09:42:38Z,7.17,92.55
2026-09-01T09:43:38Z,7.17,
2026-09-01T09:44:38Z,7.17,92.55
2026-09-01T09:45:38Z,7.16,92.45
2026-09-01T09:46:38Z,7.18,92.67
2026-09-01T09:47:38Z,,92.7
2026-09-01T09:48:38Z,7.18,
2026-09-01T09:49:38Z,7.16,92.47
2026-09-01T09:50:38Z,7.16,92.41
2026-09-01T09:51:38Z,7.16,92.37
2026-09-01T09:52:38Z,,92.34
2026-09-01T09:53:38Z,7.16,
2026-09-01T09:54:38Z,7.17,92.56
2026-09-01T09:55:38Z,7.18,92.67
2026-09-01T09:56:38Z,7.16,92.37
2026-09-01T09:57:38Z,7.17,92.55
2026-09-01T09:58:38Z,,92.71
2026-09-01T09:59:38Z,7.19,92.89
2026-09-01T10:00:38Z,7.15,
2026-09-01T10:01:38Z,7.15,92.22
2026-09-01T10:02:38Z,7.16,92.4
2026-09-01T10:03:38Z,7.16,92.46
2026-09-01T10:04:38Z,,92.54
2026-09-01T10:05:38Z,7.17,92.6
2026-09-01T10:06:38Z,7.18,
2026-09-01T10:07:38Z,7.17,92.59
2026-09-01T10:08:38Z,7.17,92.57
2026-09-01T10:09:38Z,7.17,92.52
2026-09-01T10:10:38Z,7.17,92.51
2026-09-01T10:11:38Z,7.17,92.64
2026-09-01T10:12:38Z,7.17,92.63
2026-09-01T10:13:38Z,7.16,92.39
2026-09-01T10:14:38Z,7.16,92.48
2026-09-01T10:15:38Z,,92.48
2026-09-01T10:16:38Z,7.16,92.41
2026-09-01T10:17:38Z,7.16,
2026-09-01T10:18:38Z,7.15,92.31
2026-09-01T10:19:38Z,7.15,92.21
2026-09-01T10:20:38Z,7.15,92.29
2026-09-01T10:21:38Z,,92.33
2026-09-01T10:22:38Z,7.15,92.33
2026-09-01T10:23:38Z,7.16,
2026-09-01T10:24:38Z,7.16,92.41
2026-09-01T10:25:38Z,7.15,92.23
2026-09-01T10:26:38Z,7.14,92.11
2026-09-01T10:27:38Z,,91.88
2026-09-01T10:28:38Z,7.12,91.77
2026-09-01T10:29:38Z,7.13,
2026-09-01T10:30:38Z,7.14,92.04
2026-09-01T10:31:38Z,7.14,92.07
2026-09-01T10:32:38Z,7.11,91.61
2026-09-01T10:33:38Z,,91.48
2026-09-01T10:34:38Z,7.11,91.62
2026-09-01T10:35:38Z,7.12,
2026-09-01T10:36:38Z,7.12,91.73
2026-09-01T10:37:38Z,7.11,91.57
2026-09-01T10:38:38Z,,91.68
2026-09-01T10:39:38Z,7.11,91.57
2026-09-01T10:40:38Z,7.11,91.53
2026-09-01T10:41:38Z,7.1,
2026-09-01T10:42:38Z,7.09,91.32
2026-09-01T10:43:38Z,7.11,91.5
2026-09-01T10:44:38Z,,91.43
2026-09-01T10:45:38Z,7.1,91.36
2026-09-01T10:46:38Z,7.1,91.35
2026-09-01T10:47:38Z,7.09,91.31
2026-09-01T10:48:38Z,7.09,91.16
2026-09-01T10:49:38Z,7.09,91.28
2026-09-01T10:50:38Z,7.08,91.11
2026-09-01T10:51:38Z,7.09,91.17
2026-09-01T10:52:38Z,7.09,91.22
2026-09-01T10:53:38Z,7.09,91.27
2026-09-01T10:54:38Z,7.08,91.13
2026-09-01T10:55:38Z,,91.04
2026-09-01T10:56:38Z,7.07,90.9
2026-09-01T10:57:38Z,7.07,
2026-09-01T10:58:38Z,7.07,
2026-09-01T10:59:38Z,7.06,90.77
2026-09-01T11:00:38Z,7.07,90.95
2026-09-01T11:01:38Z,,90.97
2026-09-01T11:02:38Z,,90.83
2026-09-01T11:03:38Z,7.07,90.92
2026-09-01T11:04:38Z,7.07,
2026-09-01T11:05:38Z,7.06,90.75
2026-09-01T11:06:38Z,7.05,90.6
2026-09-01T11:07:38Z,,90.4
2026-09-01T11:08:38Z,,90.51
2026-09-01T11:09:38Z,7.06,90.7
2026-09-01T11:10:38Z,7.07,
2026-09-01T11:11:38Z,7.06,
2026-09-01T11:12:38Z,7.07,
2026-09-01T11:13:38Z,7.06,90.81
2026-09-01T11:14:38Z,7.05,90.62
2026-09-01T11:15:38Z,,90.58
2026-09-01T11:16:38Z,,90.35
2026-09-01T11:17:38Z,,90.48
2026-09-01T11:19:38Z,7.05,
2026-09-01T11:20:38Z,7.04,
2026-09-01T11:21:38Z,7.04,
2026-09-01T11:22:38Z,7.05,
2026-09-01T11:23:38Z,7.06,
2026-09-01T11:24:38Z,,90.51
2026-09-01T11:25:38Z,,90.43
2026-09-01T11:26:38Z,,90.23
2026-09-01T11:27:38Z,,90.16
2026-09-01T11:28:38Z,7.02,
2026-09-01T11:29:38Z,7.02,
2026-09-01T11:30:38Z,7.02,
2026-09-01T11:31:38Z,7.02,
2026-09-01T11:32:38Z,7.02,89.99
2026-09-01T11:33:38Z,,90.09
2026-09-01T11:34:38Z,,90.18
2026-09-01T11:35:38Z,,90.26
2026-09-01T11:36:38Z,7.02,90.06
2026-09-01T11:37:38Z,7.01,
2026-09-01T11:38:38Z,7.01,89.93
2026-09-01T11:39:38Z,7.02,89.98
2026-09-01T11:40:38Z,7.02,90.11
2026-09-01T11:41:38Z,,90.07
2026-09-01T11:42:38Z,7.02,90.02
2026-09-01T11:43:38Z,7.02,
2026-09-01T11:44:38Z,7.02,89.98
2026-09-01T11:45:38Z,7.02,90.01
2026-09-01T11:46:38Z,7.02,90.1
2026-09-01T11:47:38Z,,90.22
2026-09-01T11:48:38Z,7.02,90.08
2026-09-01T11:49:38Z,7.03,
2026-09-01T11:50:38Z,7.03,90.15
2026-09-01T11:51:38Z,7.02,90.09
2026-09-01T11:52:38Z,7.02,90.1
2026-09-01T11:53:38Z,,89.96
2026-09-01T11:54:38Z,7.01,89.95
2026-09-01T11:55:38Z,7.02,
2026-09-01T11:56:38Z,7.02,90.12
2026-09-01T11:57:38Z,7.01,89.89
2026-09-01T11:58:38Z,,90.03
2026-09-01T11:59:38Z,7.02,90.07
2026-09-01T12:00:38Z,7.02,90.04
2026-09-01T12:01:38Z,7.01,89.85
2026-09-01T12:02:38Z,7,89.68
2026-09-01T12:03:38Z,7.01,
2026-09-01T12:04:38Z,,89.73
2026-09-01T12:05:38Z,7,89.8
2026-09-01T12:06:38Z,7.01,89.83
2026-09-01T12:07:38Z,7,89.71
2026-09-01T12:08:38Z,7.03,90.16
2026-09-01T12:09:38Z,7.02,
2026-09-01T12:10:38Z,,89.72
2026-09-01T12:11:38Z,6.99,89.59
2026-09-01T12:12:38Z,6.99,89.62
2026-09-01T12:13:38Z,6.98,89.47
2026-09-01T12:14:38Z,6.98,89.33
2026-09-01T12:15:38Z,6.99,89.54
2026-09-01T12:16:38Z,6.99,89.5
2026-09-01T12:17:38Z,6.98,89.39
2026-09-01T12:18:38Z,6.98,89.47
2026-09-01T12:19:38Z,6.99,89.53
2026-09-01T12:20:38Z,6.99,
2026-09-01T12:21:38Z,,89.47
2026-09-01T12:22:38Z,7,89.68
2026-09-01T12:23:38Z,7,89.78
2026-09-01T12:24:38Z,7,89.69
2026-09-01T12:25:38Z,7,89.68
2026-09-01T12:26:38Z,7,
2026-09-01T12:27:38Z,,89.63
2026-09-01T12:28:38Z,7,89.66
2026-09-01T12:29:38Z,7,89.72
2026-09-01T12:30:38Z,7.01,89.88
2026-09-01T12:31:38Z,7,89.76
2026-09-01T12:32:38Z,7.01,
2026-09-01T12:33:38Z,,89.9
2026-09-01T12:34:38Z,7,89.77
2026-09-01T12:35:38Z,7.01,89.81
2026-09-01T12:36:38Z,7,89.78
2026-09-01T12:37:38Z,7,
2026-09-01T12:38:38Z,7.01,89.95
2026-09-01T12:39:38Z,7.02,90.01
2026-09-01T12:40:38Z,7.02,89.98
2026-09-01T12:41:38Z,7.01,89.97
2026-09-01T12:42:38Z,7.01,
2026-09-01T12:43:38Z,,89.75
2026-09-01T12:44:38Z,7.01,89.97
2026-09-01T12:45:38Z,7.02,90.06
2026-09-01T12:46:38Z,7.02,90.08
2026-09-01T12:47:38Z,7.01,
2026-09-01T12:48:38Z,,89.79
2026-09-01T12:49:38Z,7,89.68
2026-09-01T12:50:38Z,7,89.65
2026-09-01T12:51:38Z,7,89.71
2026-09-01T12:52:38Z,7,89.67
2026-09-01T12:53:38Z,6.99,
2026-09-01T12:54:38Z,,89.54
2026-09-01T12:55:38Z,6.99,89.48
2026-09-01T12:56:38Z,6.98,89.41
2026-09-01T12:57:38Z,6.99,89.52
2026-09-01T12:58:38Z,6.99,
2026-09-01T12:59:38Z,6.99,
2026-09-01T13:00:38Z,,89.5
2026-09-01T13:01:38Z,6.98,89.45
2026-09-01T13:02:38Z,6.98,89.33
2026-09-01T13:03:38Z,6.99,89.53
2026-09-01T13:04:38Z,6.99,89.53
2026-09-01T13:05:38Z,,89.61
2026-09-01T13:06:38Z,6.99,89.48
2026-09-01T13:07:38Z,6.99,89.54
2026-09-01T13:08:38Z,7,89.75
2026-09-01T13:09:38Z,7,89.73
2026-09-01T13:10:38Z,6.99,
2026-09-01T13:11:38Z,,89.59
2026-09-01T13:12:38Z,6.99,89.52
2026-09-01T13:13:38Z,6.98,89.34
2026-09-01T13:14:38Z,6.98,89.37
2026-09-01T13:15:38Z,6.98,89.41
2026-09-01T13:17:38Z,7.01,89.86
2026-09-01T13:18:38Z,7,89.8
2026-09-01T13:19:38Z,7,89.65
2026-09-01T13:20:38Z,7,89.65
2026-09-01T13:21:38Z,6.99,
2026-09-01T13:22:38Z,6.98,89.43
2026-09-01T13:23:38Z,6.98,89.37
2026-09-01T13:24:38Z,6.96,89.06
2026-09-01T13:25:38Z,6.96,89.07
2026-09-01T13:26:38Z,6.97,89.22
2026-09-01T13:28:38Z,6.97,89.3
2026-09-01T13:29:38Z,6.97,89.14
2026-09-01T13:30:38Z,6.96,89.09
2026-09-01T13:31:38Z,6.95,88.95
2026-09-01T13:32:38Z,6.95,88.83
2026-09-01T13:34:38Z,6.95,88.89
2026-09-01T13:35:38Z,6.95,88.96
2026-09-01T13:36:38Z,6.96,89.11
2026-09-01T13:37:38Z,6.95,88.96
2026-09-01T13:38:38Z,6.94,88.7
2026-09-01T13:39:38Z,,88.65
2026-09-01T13:40:38Z,6.94,88.77
2026-09-01T13:41:38Z,6.94,88.75
2026-09-01T13:42:38Z,6.93,88.61
2026-09-01T13:43:38Z,6.94,88.74
2026-09-01T13:44:38Z,6.94,
2026-09-01T13:45:38Z,,88.68
2026-09-01T13:46:38Z,6.94,88.65
2026-09-01T13:47:38Z,6.93,88.56
2026-09-01T13:48:38Z,6.93,88.59
2026-09-01T13:49:38Z,6.94,88.69
2026-09-01T13:50:38Z,6.95,
2026-09-01T13:51:38Z,6.94,88.79
2026-09-01T13:52:38Z,6.94,88.67
2026-09-01T13:53:38Z,6.93,88.6
2026-09-01T13:54:38Z,6.92,88.38
2026-09-01T13:55:38Z,6.92,88.42
2026-09-01T13:58:38Z,6.93,88.55
2026-09-01T13:59:38Z,6.91,88.18
2026-09-01T14:00:38Z,6.9,88.01
2026-09-01T14:01:38Z,6.88,87.77
2026-09-01T14:02:38Z,6.87,87.6
2026-09-01T14:04:38Z,6.86,87.29
2026-09-01T14:05:38Z,6.86,87.29
2026-09-01T14:06:38Z,6.85,87.17
2026-09-01T14:07:38Z,6.83,86.95
2026-09-01T14:09:38Z,6.83,86.81
2026-09-01T14:10:38Z,6.85,87.15
2026-09-01T14:11:38Z,6.84,87.06
2026-09-01T14:12:38Z,6.84,87.04
2026-09-01T14:13:38Z,6.84,87.07
2026-09-01T14:15:38Z,6.86,87.29
2026-09-01T14:16:38Z,6.85,87.24
2026-09-01T14:17:38Z,6.86,87.43
2026-09-01T14:18:38Z,6.88,87.63
2026-09-01T14:19:38Z,6.89,87.86
2026-09-01T14:22:38Z,6.92,88.35
2026-09-01T14:23:38Z,6.91,88.29
2026-09-01T14:24:38Z,6.91,88.28
2026-09-01T14:25:38Z,6.9,88.12
2026-09-01T14:26:38Z,6.91,88.16
2026-09-01T14:27:38Z,6.92,88.41
2026-09-01T14:28:38Z,6.93,88.47
2026-09-01T14:29:38Z,6.92,88.45
2026-09-01T14:30:38Z,6.92,88.46
2026-09-01T14:31:38Z,6.92,88.4
2026-09-01T14:33:38Z,6.92,88.35
2026-09-01T14:34:38Z,6.91,88.21
2026-09-01T14:35:38Z,6.92,88.32
2026-09-01T14:36:38Z,6.91,88.22
2026-09-01T14:38:38Z,6.91,88.2
2026-09-01T14:39:38Z,6.92,88.3
2026-09-01T14:40:38Z,6.91,88.24
2026-09-01T14:41:38Z,6.91,88.2
2026-09-01T14:42:38Z,6.91,88.25
2026-09-01T14:44:38Z,6.92,88.34
2026-09-01T14:45:38Z,6.92,88.45
2026-09-01T14:46:38Z,6.92,88.36
2026-09-01T14:47:38Z,6.92,88.4
2026-09-01T14:48:38Z,6.91,88.27
2026-09-01T14:49:38Z,6.91,88.19
2026-09-01T14:50:38Z,6.91,88.26
2026-09-01T14:51:38Z,6.91,88.27
2026-09-01T14:52:38Z,6.91,88.24
2026-09-01T14:53:38Z,6.91,88.21
2026-09-01T14:54:38Z,,87.97
2026-09-01T14:55:38Z,6.9,88.02
2026-09-01T14:56:38Z,6.9,88.02
2026-09-01T14:57:38Z,6.89,87.94
2026-09-01T14:58:38Z,6.9,87.97
2026-09-01T14:59:38Z,6.89,87.9
2026-09-01T15:00:38Z,6.9,88.01
2026-09-01T15:01:38Z,6.9,88.02
2026-09-01T15:04:38Z,6.9,88.05
2026-09-01T15:05:38Z,6.9,87.96
2026-09-01T15:06:38Z,6.89,87.93
2026-09-01T15:07:38Z,6.89,87.87
2026-09-01T15:09:38Z,6.89,87.91
2026-09-01T15:10:38Z,6.9,87.97
2026-09-01T15:11:38Z,6.9,87.97
2026-09-01T15:12:38Z,6.9,88.04
2026-09-01T15:13:38Z,6.9,88.11
2026-09-01T15:15:38Z,6.88,87.73
2026-09-01T15:16:38Z,6.88,87.64
2026-09-01T15:17:38Z,6.87,87.62
2026-09-01T15:18:38Z,6.88,87.65
2026-09-01T15:19:38Z,6.89,87.8
2026-09-01T15:21:38Z,6.88,87.76
2026-09-01T15:22:38Z,6.89,87.8
2026-09-01T15:23:38Z,6.89,87.86
2026-09-01T15:24:38Z,6.89,87.85
2026-09-01T15:25:38Z,6.89,87.86
2026-09-01T15:27:38Z,6.88,87.76
2026-09-01T15:28:38Z,6.88,87.69
2026-09-01T15:29:38Z,6.88,87.77
2026-09-01T15:30:38Z,6.89,87.8
2026-09-01T15:31:38Z,6.89,87.92
2026-09-01T15:32:38Z,6.89,87.87
2026-09-01T15:33:38Z,6.89,87.92
2026-09-01T15:34:38Z,6.88,87.73
2026-09-01T15:35:38Z,6.88,87.75
2026-09-01T15:36:38Z,6.88,87.63
2026-09-01T15:37:38Z,6.87,87.61
2026-09-01T15:38:38Z,6.88,87.67
2026-09-01T15:39:38Z,6.88,87.67
2026-09-01T15:40:38Z,6.87,87.62
2026-09-01T15:41:38Z,6.87,87.58
2026-09-01T15:42:38Z,6.87,87.58
2026-09-01T15:43:38Z,6.87,87.54
2026-09-01T15:44:38Z,6.87,87.57
2026-09-01T15:45:38Z,6.87,87.55
2026-09-01T15:46:38Z,6.87,87.57
2026-09-01T15:48:38Z,6.87,87.62
2026-09-01T15:49:38Z,6.87,87.56
2026-09-01T15:50:38Z,6.87,87.53
2026-09-01T15:51:38Z,6.87,87.54
2026-09-01T15:53:38Z,6.86,87.44
2026-09-01T15:54:38Z,6.87,87.51
2026-09-01T15:55:38Z,6.86,87.36
2026-09-01T15:56:38Z,6.87,87.49
2026-09-01T15:57:38Z,6.87,87.48
2026-09-01T15:58:38Z,6.87,87.55
2026-09-01T15:59:38Z,6.87,87.49
2026-09-01T16:01:38Z,6.87,
2026-09-01T16:02:38Z,6.87,87.46
2026-09-01T16:03:38Z,6.87,87.47
2026-09-01T16:04:38Z,6.87,87.48
2026-09-01T16:05:38Z,6.86,87.4
2026-09-01T16:07:38Z,6.86,87.42
2026-09-01T16:08:38Z,6.86,87.39
2026-09-01T16:09:38Z,6.86,87.36
2026-09-01T16:10:38Z,6.86,87.39
2026-09-01T16:11:38Z,6.86,87.36
2026-09-01T16:13:38Z,6.85,87.15
2026-09-01T16:14:38Z,6.85,87.14
2026-09-01T16:15:38Z,6.85,87.15
2026-09-01T16:16:38Z,6.85,87.15
2026-09-01T16:17:38Z,6.85,87.13
2026-09-01T16:18:38Z,6.85,
2026-09-01T16:19:38Z,6.85,87.12
2026-09-01T16:20:38Z,6.85,87.17
2026-09-01T16:21:38Z,6.85,87.21
2026-09-01T16:22:38Z,6.85,87.18
2026-09-01T16:23:38Z,,87
2026-09-01T16:25:38Z,6.83,86.84
2026-09-01T16:26:38Z,6.83,86.91
2026-09-01T16:27:38Z,6.83,86.89
2026-09-01T16:28:38Z,6.83,86.88
2026-09-01T16:29:38Z,6.83,86.91
2026-09-01T16:31:38Z,6.84,86.97
2026-09-01T16:32:38Z,6.84,86.96
2026-09-01T16:33:38Z,6.83,86.94
2026-09-01T16:34:38Z,6.84,87
2026-09-01T16:35:38Z,6.84,87.08
2026-09-01T16:37:38Z,6.83,86.92
2026-09-01T16:38:38Z,6.83,86.82
2026-09-01T16:39:38Z,6.82,86.73
2026-09-01T16:40:38Z,6.83,86.82
2026-09-01T16:42:38Z,6.82,86.67
2026-09-01T16:43:38Z,6.81,86.49
2026-09-01T16:44:38Z,6.8,86.35
2026-09-01T16:45:38Z,6.77,85.9
2026-09-01T16:46:38Z,,85.82
2026-09-01T16:47:38Z,6.76,85.72
2026-09-01T16:48:38Z,6.75,85.45
2026-09-01T16:49:38Z,6.74,85.4
2026-09-01T16:50:38Z,6.74,85.35
2026-09-01T16:51:38Z,6.74,85.43
2026-09-01T16:52:38Z,6.75,85.47
2026-09-01T16:53:38Z,6.75,85.56
2026-09-01T16:54:38Z,6.75,85.58
2026-09-01T16:55:38Z,6.75,85.59
2026-09-01T16:56:38Z,6.74,85.35
2026-09-01T16:57:38Z,6.73,85.21
2026-09-01T16:58:38Z,6.73,85.26
2026-09-01T16:59:38Z,6.75,85.46
2026-09-01T17:00:38Z,6.75,85.44
2026-09-01T17:01:38Z,6.75,85.44
2026-09-01T17:02:38Z,6.75,85.54
2026-09-01T17:04:38Z,6.75,85.59
2026-09-01T17:05:38Z,6.76,85.63
2026-09-01T17:06:38Z,6.76,85.71
2026-09-01T17:07:38Z,6.76,85.66
2026-09-01T17:09:38Z,6.76,85.77
2026-09-01T17:10:38Z,6.76,85.74
2026-09-01T17:11:38Z,6.77,85.83
2026-09-01T17:12:38Z,6.78,85.97
2026-09-01T17:13:38Z,6.78,86.07
2026-09-01T17:15:38Z,6.79,86.24
2026-09-01T17:16:38Z,6.79,86.22
2026-09-01T17:17:38Z,6.79,86.11
2026-09-01T17:18:38Z,6.78,86.08
2026-09-01T17:19:38Z,6.78,86.06
2026-09-01T17:20:38Z,6.77,85.9
2026-09-01T17:21:38Z,6.78,85.96
2026-09-01T17:22:38Z,6.78,86
2026-09-01T17:24:38Z,6.77,85.93
2026-09-01T17:25:38Z,6.77,85.89
2026-09-01T17:26:38Z,6.78,85.99
2026-09-01T17:27:38Z,6.78,85.97
2026-09-01T17:28:38Z,6.77,85.92
2026-09-01T17:30:38Z,6.77,85.87
2026-09-01T17:31:38Z,6.77,85.78
2026-09-01T17:32:38Z,6.77,85.79
2026-09-01T17:33:38Z,6.76,85.74
2026-09-01T17:34:38Z,6.77,85.84
2026-09-01T17:36:38Z,6.78,86.03
2026-09-01T17:37:38Z,6.79,86.11
2026-09-01T17:38:38Z,6.78,86.02
2026-09-01T17:39:38Z,6.77,85.93
2026-09-01T17:40:38Z,,85.69
2026-09-01T17:41:38Z,6.75,
2026-09-01T17:42:38Z,6.75,85.49
2026-09-01T17:43:38Z,6.75,85.47
2026-09-01T17:44:38Z,6.74,85.42
2026-09-01T17:45:38Z,6.74,85.39
2026-09-01T17:46:38Z,6.74,
2026-09-01T17:47:38Z,6.74,85.33
2026-09-01T17:48:38Z,6.74,85.4
2026-09-01T17:49:38Z,6.74,85.27
2026-09-01T17:50:38Z,6.74,85.34
2026-09-01T17:51:38Z,,85.43
2026-09-01T17:53:38Z,6.73,85.21
2026-09-01T17:54:38Z,6.72,85.02
2026-09-01T17:55:38Z,6.72,85.1
2026-09-01T17:56:38Z,6.73,85.18
2026-09-01T17:57:38Z,,85.18
2026-09-01T18:02:38Z,6.71,84.79
2026-09-01T18:03:38Z,6.7,84.62
2026-09-01T18:04:38Z,6.7,84.68
2026-09-01T18:05:38Z,6.7,84.62
2026-09-01T18:06:38Z,,84.52
2026-09-01T18:08:38Z,6.68,84.32
2026-09-01T18:09:38Z,6.67,84.25
2026-09-01T18:10:38Z,6.68,84.27
2026-09-01T18:11:38Z,6.68,84.28
2026-09-01T18:12:38Z,,84.18
2026-09-01T18:13:38Z,6.67,
2026-09-01T18:14:38Z,6.67,84.19
2026-09-01T18:15:38Z,6.67,84.25
2026-09-01T18:16:38Z,6.68,84.32
2026-09-01T18:17:38Z,6.68,84.34
2026-09-01T18:18:38Z,,84.37
2026-09-01T18:19:38Z,6.69,
2026-09-01T18:20:38Z,6.68,84.36
2026-09-01T18:21:38Z,6.68,84.42
2026-09-01T18:22:38Z,6.68,84.42
2026-09-01T18:23:38Z,6.69,84.43
2026-09-01T18:24:38Z,,84.51
2026-09-01T18:25:38Z,6.7,
2026-09-01T18:26:38Z,6.7,84.65
2026-09-01T18:27:38Z,6.7,84.64
2026-09-01T18:28:38Z,6.7,84.62
2026-09-01T18:29:38Z,6.71,84.77
2026-09-01T18:30:38Z,6.71,84.9
2026-09-01T18:31:38Z,6.72,85.04
2026-09-01T18:32:38Z,6.73,85.17
2026-09-01T18:33:38Z,6.73,85.18
2026-09-01T18:34:38Z,6.73,85.25
2026-09-01T18:35:38Z,,85.17
2026-09-01T18:36:38Z,6.73,
2026-09-01T18:37:38Z,6.72,85.1
2026-09-01T18:38:38Z,6.73,85.13
2026-09-01T18:39:38Z,6.73,85.15
2026-09-01T18:40:38Z,6.73,85.16
2026-09-01T18:41:38Z,,85.06
2026-09-01T18:42:38Z,6.73,
2026-09-01T18:43:38Z,6.73,85.17
2026-09-01T18:44:38Z,6.73,85.21
2026-09-01T18:45:38Z,6.74,85.28
2026-09-01T18:46:38Z,6.73,85.24
2026-09-01T18:47:38Z,6.74,
2026-09-01T18:48:38Z,6.74,85.34
2026-09-01T18:49:38Z,6.74,85.32
2026-09-01T18:50:38Z,6.74,85.28
2026-09-01T18:51:38Z,6.74,85.27
2026-09-01T18:52:38Z,6.74,85.31
2026-09-01T18:53:38Z,6.74,85.31
2026-09-01T18:54:38Z,6.74,85.43
2026-09-01T18:55:38Z,6.74,85.39
2026-09-01T18:56:38Z,6.74,85.32
2026-09-01T18:58:38Z,6.72,84.98
2026-09-01T18:59:38Z,6.72,85.02
2026-09-01T19:00:38Z,6.71,84.92
2026-09-01T19:01:38Z,6.72,84.99
2026-09-01T19:02:38Z,6.71,84.93
2026-09-01T19:04:38Z,6.71,84.91
2026-09-01T19:05:38Z,6.71,84.91
2026-09-01T19:06:38Z,6.71,84.9
2026-09-01T19:07:38Z,6.71,84.85
2026-09-01T19:08:38Z,6.7,84.73
2026-09-01T19:09:38Z,6.7,84.64
2026-09-01T19:10:38Z,6.7,84.64
2026-09-01T19:11:38Z,6.7,84.65
2026-09-01T19:12:38Z,6.69,84.59
2026-09-01T19:13:38Z,6.7,84.61
2026-09-01T19:15:38Z,6.71,84.79
2026-09-01T19:16:38Z,6.71,84.88
2026-09-01T19:17:38Z,6.71,84.83
2026-09-01T19:18:38Z,6.72,84.95
2026-09-01T19:19:38Z,6.71,84.93
2026-09-01T19:20:38Z,6.71,
2026-09-01T19:21:38Z,6.71,84.88
2026-09-01T19:22:38Z,6.73,85.12
2026-09-01T19:23:38Z,6.72,84.96
2026-09-01T19:24:38Z,6.71,84.93
2026-09-01T19:25:38Z,6.71,84.85
2026-09-01T19:27:38Z,6.71,84.8
2026-09-01T19:28:38Z,6.71,84.79
2026-09-01T19:29:38Z,6.71,84.81
2026-09-01T19:30:38Z,6.71,84.83
2026-09-01T19:31:38Z,,84.68
2026-09-01T19:32:38Z,6.71,84.79
2026-09-01T19:33:38Z,6.71,84.81
2026-09-01T19:34:38Z,6.71,84.83
2026-09-01T19:35:38Z,6.71,84.88
2026-09-01T19:36:38Z,6.71,84.84
2026-09-01T19:37:38Z,6.72,
2026-09-01T19:38:38Z,6.72,84.96
2026-09-01T19:39:38Z,6.72,85.03
2026-09-01T19:40:38Z,6.72,85.03
2026-09-01T19:41:38Z,6.72,85.04
2026-09-01T19:42:38Z,,85.06
2026-09-01T19:43:38Z,6.72,
2026-09-01T19:44:38Z,6.72,85.07
2026-09-01T19:45:38Z,6.73,85.16
2026-09-01T19:46:38Z,6.73,85.15
2026-09-01T19:47:38Z,6.73,85.12
2026-09-01T19:48:38Z,,85.14
2026-09-01T19:49:38Z,6.73,85.22
2026-09-01T19:50:38Z,6.73,85.21
2026-09-01T19:51:38Z,6.74,85.3
2026-09-01T19:52:38Z,6.75,85.5
2026-09-01T19:53:38Z,6.75,85.5
2026-09-01T19:54:38Z,6.75,
2026-09-01T19:55:38Z,6.76,85.72
2026-09-01T19:56:38Z,6.76,85.7
2026-09-01T19:57:38Z,6.77,85.82
2026-09-01T19:58:38Z,6.77,85.92
2026-09-01T19:59:38Z,6.79,86.12
2026-09-01T20:02:38Z,6.8,86.42
2026-09-01T20:03:38Z,6.8,86.41
2026-09-01T20:04:38Z,6.8,86.42
2026-09-01T20:05:38Z,6.8,86.44
2026-09-01T20:06:38Z,,86.45
2026-09-01T20:07:38Z,6.81,
2026-09-01T20:08:38Z,6.81,86.47
2026-09-01T20:09:38Z,6.81,86.46
2026-09-01T20:10:38Z,6.8,86.43
2026-09-01T20:11:38Z,6.8,86.44
2026-09-01T20:13:38Z,6.81,86.57
2026-09-01T20:14:38Z,6.81,86.5
2026-09-01T20:15:38Z,6.82,86.64
2026-09-01T20:16:38Z,6.82,86.71
2026-09-01T20:17:38Z,,86.69
2026-09-01T20:18:38Z,6.82,86.65
2026-09-01T20:19:38Z,6.82,86.7
2026-09-01T20:20:38Z,6.82,86.75
2026-09-01T20:21:38Z,6.82,86.75
2026-09-01T20:22:38Z,6.82,86.67
2026-09-01T20:24:38Z,6.83,
2026-09-01T20:25:38Z,6.83,86.82
2026-09-01T20:26:38Z,6.83,86.84
2026-09-01T20:27:38Z,6.83,86.89
2026-09-01T20:28:38Z,6.83,86.87
2026-09-01T20:29:38Z,6.83,86.84
2026-09-01T20:30:38Z,6.83,86.85
2026-09-01T20:31:38Z,6.83,86.95
2026-09-01T20:32:38Z,6.84,86.99
2026-09-01T20:34:38Z,6.84,87.03
2026-09-01T20:35:38Z,6.84,87.01
2026-09-01T20:36:38Z,6.84,87
2026-09-01T20:37:38Z,6.85,87.13
2026-09-01T20:38:38Z,6.85,87.19
2026-09-01T20:39:38Z,6.85,87.2
2026-09-01T20:40:38Z,6.85,87.22
2026-09-01T20:41:38Z,6.86,87.33
2026-09-01T20:42:38Z,6.86,87.45
2026-09-01T20:43:38Z,6.86,87.36
2026-09-01T20:44:38Z,6.85,87.28
2026-09-01T20:46:38Z,6.84,87.03
2026-09-01T20:47:38Z,6.83,86.79
2026-09-01T20:48:38Z,6.81,86.5
2026-09-01T20:49:38Z,6.79,86.2
2026-09-01T20:50:38Z,,85.74
2026-09-01T20:51:38Z,6.75,85.46
2026-09-01T20:52:38Z,6.74,85.32
2026-09-01T20:53:38Z,6.74,85.32
2026-09-01T20:54:38Z,6.73,85.22
2026-09-01T20:55:38Z,6.73,85.16
2026-09-01T20:57:38Z,6.74,85.29
2026-09-01T20:58:38Z,6.74,85.28
2026-09-01T20:59:38Z,6.73,85.17
2026-09-01T21:00:38Z,6.73,85.24
2026-09-01T21:01:38Z,6.73,85.14
2026-09-01T21:03:38Z,6.73,85.25
2026-09-01T21:04:38Z,6.74,85.42
2026-09-01T21:05:38Z,6.74,85.39
2026-09-01T21:06:38Z,6.74,85.39
2026-09-01T21:07:38Z,6.74,85.39
2026-09-01T21:09:38Z,6.74,85.39
2026-09-01T21:10:38Z,6.74,85.35
2026-09-01T21:11:38Z,6.75,85.5
2026-09-01T21:12:38Z,6.75,85.5
2026-09-01T21:13:38Z,,85.44
2026-09-01T21:14:38Z,6.74,85.43
2026-09-01T21:15:38Z,6.75,85.57
2026-09-01T21:16:38Z,6.75,85.55
2026-09-01T21:17:38Z,6.75,85.58
2026-09-01T21:18:38Z,6.75,85.54
2026-09-01T21:19:38Z,6.76,
2026-09-01T21:20:38Z,6.75,85.58
2026-09-01T21:21:38Z,6.76,85.74
2026-09-01T21:22:38Z,6.76,85.76
2026-09-01T21:23:38Z,6.76,85.76
2026-09-01T21:24:38Z,6.77,85.78
2026-09-01T21:25:38Z,6.77,
2026-09-01T21:26:38Z,6.77,85.83
2026-09-01T21:27:38Z,6.77,85.85
2026-09-01T21:28:38Z,6.78,85.95
2026-09-01T21:29:38Z,6.77,85.86
2026-09-01T21:30:38Z,,85.84
2026-09-01T21:31:38Z,6.77,
2026-09-01T21:32:38Z,6.77,85.92
2026-09-01T21:33:38Z,6.77,85.87
2026-09-01T21:34:38Z,6.78,85.97
2026-09-01T21:35:38Z,6.78,86.09
2026-09-01T21:36:38Z,,86.07
2026-09-01T21:37:38Z,6.78,86.07
2026-09-01T21:38:38Z,6.78,86.02
2026-09-01T21:39:38Z,6.78,86.01
2026-09-01T21:40:38Z,6.77,85.92
2026-09-01T21:41:38Z,,86.12
2026-09-01T21:42:38Z,6.78,
2026-09-01T21:43:38Z,6.8,86.34
2026-09-01T21:44:38Z,6.8,86.38
2026-09-01T21:45:38Z,6.8,86.42
2026-09-01T21:46:38Z,,86.43
2026-09-01T21:47:38Z,6.8,86.44
2026-09-01T21:48:38Z,6.81,86.58
2026-09-01T21:49:38Z,6.82,86.7
2026-09-01T21:50:38Z,6.82,86.64
2026-09-01T21:51:38Z,6.83,86.89
2026-09-01T21:52:38Z,,86.76
2026-09-01T21:53:38Z,6.81,86.58
2026-09-01T21:54:38Z,6.81,86.59
2026-09-01T21:55:38Z,6.81,86.57
2026-09-01T21:56:38Z,6.81,86.6
2026-09-01T21:58:38Z,6.82,86.7
2026-09-01T21:59:38Z,6.81,86.58
2026-09-01T22:00:38Z,6.82,86.62
2026-09-01T22:01:38Z,6.82,86.67
2026-09-01T22:02:38Z,6.82,86.63
2026-09-01T22:03:38Z,6.82,86.67
2026-09-01T22:04:38Z,6.82,86.74
2026-09-01T22:05:38Z,6.82,86.77
2026-09-01T22:06:38Z,6.83,86.82
2026-09-01T22:07:38Z,6.83,86.81
2026-09-01T22:08:38Z,6.82,86.71
2026-09-01T22:09:38Z,6.82,86.75
2026-09-01T22:10:38Z,6.81,86.58
2026-09-01T22:11:38Z,6.82,86.63
2026-09-01T22:12:38Z,6.82,86.68
2026-09-01T22:14:38Z,6.8,
2026-09-01T22:15:38Z,6.81,86.53
2026-09-01T22:16:38Z,6.8,86.41
2026-09-01T22:17:38Z,6.79,86.24
2026-09-01T22:18:38Z,6.79,86.26
2026-09-01T22:19:38Z,,86.29
2026-09-01T22:20:38Z,6.81,86.56
2026-09-01T22:21:38Z,6.8,86.35
2026-09-01T22:22:38Z,6.78,86.03
2026-09-01T22:23:38Z,6.76,85.67
2026-09-01T22:24:38Z,6.74,85.41
2026-09-01T22:26:38Z,6.72,85.02
2026-09-01T22:27:38Z,6.7,84.73
2026-09-01T22:28:38Z,6.68,84.27
2026-09-01T22:29:38Z,6.68,84.34
2026-09-01T22:30:38Z,,84.56
2026-09-01T22:31:38Z,6.65,83.76
2026-09-01T22:32:38Z,6.65,83.84
2026-09-01T22:33:38Z,6.65,83.87
2026-09-01T22:34:38Z,6.65,83.79
2026-09-01T22:35:38Z,6.65,83.79
2026-09-01T22:38:38Z,6.61,83.24
2026-09-01T22:39:38Z,6.62,83.4
2026-09-01T22:40:38Z,6.63,83.43
2026-09-01T22:41:38Z,6.62,83.37
2026-09-01T22:43:38Z,6.61,83.18
2026-09-01T22:44:38Z,6.6,83.06
2026-09-01T22:45:38Z,6.61,83.16
2026-09-01T22:46:38Z,6.59,82.75
2026-09-01T22:47:38Z,6.58,82.7
2026-09-01T22:48:38Z,6.59,82.88
2026-09-01T22:49:38Z,6.59,82.87
2026-09-01T22:50:38Z,6.57,82.47
2026-09-01T22:51:38Z,6.57,82.47
2026-09-01T22:52:38Z,6.57,82.45
2026-09-01T22:54:38Z,6.57,82.5
2026-09-01T22:55:38Z,6.54,82.06
2026-09-01T22:56:38Z,6.52,81.59
2026-09-01T22:57:38Z,6.52,81.59
2026-09-01T22:58:38Z,6.52,81.6
2026-09-01T23:00:38Z,6.53,81.83
2026-09-01T23:01:38Z,6.52,81.73
2026-09-01T23:02:38Z,6.52,81.63
2026-09-01T23:03:38Z,6.53,81.83
2026-09-01T23:04:38Z,6.54,82.07
2026-09-01T23:06:38Z,6.55,82.15
2026-09-01T23:07:38Z,6.52,81.65
2026-09-01T23:08:38Z,6.52,81.73
2026-09-01T23:09:38Z,6.52,81.7
2026-09-01T23:10:38Z,6.54,81.92
2026-09-02T00:02:38Z,6.5,81.4
2026-09-02T00:03:38Z,6.52,81.62
2026-09-02T00:04:38Z,6.51,81.52
2026-09-02T00:05:38Z,6.5,81.24
2026-09-02T00:06:38Z,6.5,81.39
2026-09-02T00:08:38Z,6.48,80.98
2026-09-02T00:09:38Z,6.47,80.89
2026-09-02T00:10:38Z,6.48,81.01
2026-09-02T00:11:38Z,6.44,80.32
2026-09-02T00:13:38Z,6.4,79.63
2026-09-02T00:14:38Z,6.39,79.47
2026-09-02T00:15:38Z,6.39,79.39
2026-09-02T00:16:38Z,6.39,79.41
2026-09-02T00:17:38Z,6.35,78.79
2026-09-02T00:20:38Z,6.33,78.54
2026-09-02T00:21:38Z,6.32,78.33
2026-09-02T00:22:38Z,6.32,78.35
2026-09-02T00:23:38Z,6.3,77.96
2026-09-02T00:24:38Z,6.3,78.03
2026-09-02T00:27:38Z,6.33,78.5
2026-09-02T00:28:38Z,6.3,78.01
2026-09-02T00:29:38Z,6.29,77.74
2026-09-02T00:30:38Z,6.26,77.35
2026-09-02T00:32:38Z,6.2,76.32
2026-09-02T00:33:38Z,6.21,76.46
2026-09-02T00:34:38Z,6.21,76.45
2026-09-02T00:35:38Z,6.14,75.19
2026-09-02T00:36:38Z,6.17,75.77
2026-09-02T00:38:38Z,6.13,75.12
2026-09-02T00:39:38Z,6.13,75.02
2026-09-02T00:40:38Z,6.11,74.74
2026-09-02T00:41:38Z,6.09,74.45
2026-09-02T00:42:38Z,6.08,74.31
2026-09-02T00:45:38Z,6.05,73.79
2026-09-02T00:46:38Z,6.07,74.05
2026-09-02T00:47:38Z,6.02,73.19
2026-09-02T00:48:38Z,6.03,73.38
2026-09-02T00:49:38Z,6.05,73.7
2026-09-02T00:51:38Z,6.06,73.89
2026-09-02T00:52:38Z,6.05,73.8
2026-09-02T00:53:38Z,6.06,73.84
2026-09-02T00:54:38Z,6.04,73.64
2026-09-02T00:55:38Z,6.07,74.1
2026-09-02T00:58:38Z,6.09,74.48
2026-09-02T00:59:38Z,6.02,73.29
2026-09-02T01:00:38Z,6,72.84
2026-09-02T01:01:38Z,6.03,73.39
2026-09-02T01:06:38Z,6,72.87
2026-09-02T01:07:38Z,6.03,73.42
2026-09-02T01:08:38Z,6.08,74.18
2026-09-02T01:09:38Z,6.06,73.85
2026-09-02T01:11:38Z,6.04,73.65
2026-09-02T01:12:38Z,6.01,73.14
2026-09-02T01:13:38Z,6.02,73.31
2026-09-02T01:14:38Z,6.03,73.47
2026-09-02T01:15:38Z,6.05,73.75
2026-09-02T01:16:38Z,,73.94
2026-09-02T01:17:38Z,6.07,74.06
2026-09-02T01:18:38Z,6.04,73.62
2026-09-02T01:19:38Z,6.02,73.28
2026-09-02T01:20:38Z,6.02,73.18
2026-09-02T01:23:38Z,6.02,73.28
2026-09-02T01:24:38Z,6,72.9
2026-09-02T01:25:38Z,5.97,72.34
2026-09-02T01:26:38Z,5.97,72.36
2026-09-02T01:27:38Z,5.95,72.03
2026-09-02T01:30:38Z,5.92,71.49
2026-09-02T01:31:38Z,5.89,70.98
2026-09-02T01:32:38Z,5.91,71.42
2026-09-02T01:33:38Z,5.89,70.99
2026-09-02T01:34:38Z,5.83,
2026-09-02T01:35:38Z,,69.65
2026-09-02T01:36:38Z,5.79,69.45
2026-09-02T01:37:38Z,5.77,69.02
2026-09-02T01:38:38Z,5.76,68.91
2026-09-02T01:39:38Z,5.7,67.85
2026-09-02T01:40:38Z,5.65,
2026-09-02T01:42:38Z,5.59,66.06
2026-09-02T01:43:38Z,5.6,66.11
2026-09-02T01:44:38Z,5.65,67.04
2026-09-02T01:45:38Z,5.61,66.36
2026-09-02T01:46:38Z,5.6,
2026-09-02T01:48:38Z,5.66,67.12
2026-09-02T01:49:38Z,5.63,66.65
2026-09-02T01:50:38Z,5.63,66.65
2026-09-02T01:51:38Z,5.65,66.96
2026-09-02T01:52:38Z,5.64,
2026-09-02T01:54:38Z,5.68,67.47
2026-09-02T01:55:38Z,5.7,67.82
2026-09-02T01:56:38Z,5.71,68.06
2026-09-02T01:57:38Z,5.66,67.21
2026-09-02T01:58:38Z,5.62,
2026-09-02T01:59:38Z,5.58,
2026-09-02T02:01:38Z,,65.65
2026-09-02T02:02:38Z,,65.43
2026-09-02T02:03:38Z,5.57,65.64
2026-09-02T02:04:38Z,5.57,65.76
2026-09-02T02:05:38Z,5.59,66.1
2026-09-02T02:06:38Z,5.62,
2026-09-02T02:08:38Z,,65.96
2026-09-02T02:09:38Z,5.59,66.05
2026-09-02T02:10:38Z,5.61,66.36
2026-09-02T02:11:38Z,5.61,66.34
2026-09-02T02:12:38Z,5.56,
2026-09-02T02:13:38Z,5.57,
2026-09-02T02:14:38Z,,65.84
2026-09-02T02:15:38Z,,65.5
2026-09-02T02:16:38Z,5.53,64.97
2026-09-02T02:17:38Z,5.52,64.82
2026-09-02T02:18:38Z,5.46,63.81
2026-09-02T02:19:38Z,5.51,
2026-09-02T02:20:38Z,5.54,
2026-09-02T02:21:38Z,5.56,65.43
2026-09-02T02:22:38Z,5.59,65.96
2026-09-02T02:23:38Z,5.58,65.87
2026-09-02T02:24:38Z,5.53,64.96
2026-09-02T02:25:38Z,5.56,65.48
2026-09-02T02:26:38Z,5.59,66.04
2026-09-02T02:27:38Z,5.59,66.06
2026-09-02T02:28:38Z,5.6,66.14
2026-09-02T02:29:38Z,5.62,66.51
2026-09-02T02:31:38Z,5.65,
2026-09-02T02:32:38Z,5.63,66.68
2026-09-02T02:33:38Z,5.62,66.48
2026-09-02T02:34:38Z,5.62,66.6
2026-09-02T02:35:38Z,5.61,66.3
2026-09-02T02:37:38Z,5.62,
2026-09-02T02:38:38Z,5.62,66.48
2026-09-02T02:39:38Z,5.63,66.68
2026-09-02T02:40:38Z,5.57,65.66
2026-09-02T02:41:38Z,5.58,65.78
2026-09-02T02:42:38Z,,65.86
2026-09-02T02:43:38Z,5.56,65.53
2026-09-02T02:44:38Z,5.55,65.31
2026-09-02T02:45:38Z,5.56,65.53
2026-09-02T02:46:38Z,5.53,65.01
2026-09-02T02:47:38Z,5.51,64.65
2026-09-02T02:49:38Z,5.5,64.45
2026-09-02T02:50:38Z,5.52,64.87
2026-09-02T02:51:38Z,5.53,65
2026-09-02T02:52:38Z,5.52,64.91
2026-09-02T02:53:38Z,5.52,64.84
2026-09-02T02:55:38Z,,63.79
2026-09-02T02:56:38Z,5.48,64.15
2026-09-02T02:57:38Z,5.51,64.72
2026-09-02T02:58:38Z,5.51,64.6
2026-09-02T02:59:38Z,5.51,64.59
2026-09-02T03:00:38Z,5.47,64.02
2026-09-02T03:03:38Z,5.49,64.37
2026-09-02T03:04:38Z,5.5,64.45
2026-09-02T03:05:38Z,5.47,63.98
2026-09-02T03:06:38Z,5.44,63.53
2026-09-02T03:07:38Z,,63.18
2026-09-02T03:09:38Z,5.41,62.92
2026-09-02T03:10:38Z,5.36,62.22
2026-09-02T03:11:38Z,5.31,61.35
2026-09-02T03:12:38Z,5.3,61.21
2026-09-02T03:13:38Z,5.34,61.8
2026-09-02T03:14:38Z,,61.26
2026-09-02T03:15:38Z,5.29,
2026-09-02T03:16:38Z,5.31,
2026-09-02T03:17:38Z,5.33,61.6
2026-09-02T03:18:38Z,5.35,62
2026-09-02T03:19:38Z,5.34,61.75
2026-09-02T03:20:38Z,5.33,61.64
2026-09-02T03:22:38Z,5.38,62.44
2026-09-02T03:23:38Z,5.37,62.34
2026-09-02T03:24:38Z,5.35,61.94
2026-09-02T03:25:38Z,5.35,61.99
2026-09-02T03:26:38Z,5.35,61.98
2026-09-02T03:28:38Z,,61.81
2026-09-02T03:29:38Z,5.35,61.91
2026-09-02T03:30:38Z,5.35,62.01
2026-09-02T03:31:38Z,5.34,61.78
2026-09-02T03:32:38Z,5.37,62.36
2026-09-02T03:34:38Z,5.31,61.34
2026-09-02T03:35:38Z,5.31,61.36
2026-09-02T03:36:38Z,5.33,61.66
2026-09-02T03:37:38Z,5.35,62.04
2026-09-02T03:38:38Z,5.38,62.42
2026-09-02T03:39:38Z,5.38,
2026-09-02T03:41:38Z,5.39,62.65
2026-09-02T03:42:38Z,5.4,62.78
2026-09-02T03:43:38Z,5.41,62.99
2026-09-02T03:44:38Z,5.44,63.44
2026-09-02T03:45:38Z,5.43,63.32
2026-09-02T03:47:38Z,5.49,64.38
2026-09-02T03:48:38Z,5.5,64.48
2026-09-02T03:49:38Z,5.53,64.94
2026-09-02T03:50:38Z,5.5,64.44
2026-09-02T03:51:38Z,5.52,64.88
2026-09-02T03:52:38Z,,64.9
2026-09-02T03:53:38Z,5.52,64.92
2026-09-02T03:54:38Z,5.52,64.78
2026-09-02T03:55:38Z,5.52,64.85
2026-09-02T03:56:38Z,5.48,64.24
2026-09-02T03:57:38Z,5.53,
2026-09-02T04:01:38Z,5.53,65.05
2026-09-02T04:02:38Z,5.55,65.26
2026-09-02T04:03:38Z,5.55,65.3
2026-09-02T04:04:38Z,5.51,64.65
2026-09-02T04:06:38Z,5.42,63.14
2026-09-02T04:07:38Z,5.39,62.69
2026-09-02T04:08:38Z,5.37,62.34
2026-09-02T04:09:38Z,5.34,61.84
2026-09-02T04:10:38Z,5.3,61.07
2026-09-02T04:12:38Z,5.29,61
2026-09-02T04:13:38Z,5.33,61.6
2026-09-02T04:14:38Z,5.29,60.9
2026-09-02T04:15:38Z,5.23,60.01
2026-09-02T04:17:38Z,5.18,59.15
2026-09-02T04:18:38Z,5.2,59.4
2026-09-02T04:19:38Z,5.17,58.91
2026-09-02T04:20:38Z,5.12,58.15
2026-09-02T04:21:38Z,5.15,58.58
2026-09-02T04:24:38Z,5.14,58.39
2026-09-02T04:25:38Z,5.17,58.9
2026-09-02T04:26:38Z,5.15,58.68
2026-09-02T04:27:38Z,5.12,58.04
2026-09-02T04:28:38Z,5.14,58.42
2026-09-02T04:30:38Z,5.17,58.99
2026-09-02T04:31:38Z,5.12,58.17
2026-09-02T04:32:38Z,5.11,57.93
2026-09-02T04:33:38Z,5.13,58.23
2026-09-02T04:34:38Z,5.14,58.45
2026-09-02T04:36:38Z,5.05,56.97
2026-09-02T04:37:38Z,5.02,56.44
2026-09-02T04:38:38Z,5.03,56.55
2026-09-02T04:39:38Z,5.06,57.06
2026-09-02T04:40:38Z,5.09,57.62
2026-09-02T04:42:38Z,5.09,57.58
2026-09-02T04:43:38Z,5.02,56.39
2026-09-02T04:44:38Z,4.94,55.07
2026-09-02T04:45:38Z,5,56.17
2026-09-02T04:46:38Z,4.95,55.31
2026-09-02T04:48:38Z,4.91,54.65
2026-09-02T04:49:38Z,4.9,54.44
2026-09-02T04:50:38Z,4.94,55.15
2026-09-02T04:51:38Z,4.96,55.49
2026-09-02T04:52:38Z,5,56.11
2026-09-02T04:53:38Z,4.95,55.31
2026-09-02T04:54:38Z,4.96,55.34
2026-09-02T04:55:38Z,4.98,55.76
2026-09-02T04:56:38Z,4.98,55.76
2026-09-02T04:57:38Z,5,56.1
2026-09-02T04:59:38Z,4.97,55.64
2026-09-02T05:00:38Z,4.98,55.78
2026-09-02T05:01:38Z,5.03,56.54
2026-09-02T05:02:38Z,5.05,56.92
2026-09-02T05:03:38Z,5.07,57.31
2026-09-02T05:05:38Z,5.1,57.76
2026-09-02T05:06:38Z,5.07,57.24
2026-09-02T05:07:38Z,5.08,57.38
2026-09-02T05:08:38Z,5.1,57.86
2026-09-02T05:09:38Z,5.12,58.04
2026-09-02T05:10:38Z,5.16,58.78
2026-09-02T05:11:38Z,5.14,58.39
2026-09-02T05:12:38Z,5.12,58.18
2026-09-02T05:13:38Z,5.15,58.66
2026-09-02T05:14:38Z,5.18,59.07
2026-09-02T05:15:38Z,5.17,59.02
2026-09-02T05:16:38Z,5.19,59.21
2026-09-02T05:17:38Z,5.17,58.91
2026-09-02T05:18:38Z,5.11,58.02
2026-09-02T05:19:38Z,5.13,58.32
2026-09-02T05:20:38Z,5.16,58.74
2026-09-02T05:21:38Z,5.15,58.62
2026-09-02T05:22:38Z,5.18,59.04
2026-09-02T05:23:38Z,5.16,58.77
2026-09-02T05:24:38Z,5.15,58.65
2026-09-02T05:25:38Z,5.18,59.14
2026-09-02T05:26:38Z,5.18,59.07
2026-09-02T05:27:38Z,5.2,59.4
2026-09-02T05:28:38Z,5.16,58.83
2026-09-02T05:29:38Z,5.17,58.98
2026-09-02T05:30:38Z,5.21,59.56
2026-09-02T05:31:38Z,5.19,59.26
2026-09-02T05:32:38Z,5.19,59.25
2026-09-02T05:33:38Z,5.2,59.38
2026-09-02T05:34:38Z,5.19,59.21
2026-09-02T05:35:38Z,5.2,59.4
2026-09-02T05:36:38Z,5.23,60
2026-09-02T05:37:38Z,5.24,60.21
2026-09-02T05:38:38Z,5.25,60.23
2026-09-02T05:39:38Z,5.24,60.13
2026-09-02T05:40:38Z,5.25,60.35
2026-09-02T05:41:38Z,5.26,60.46
2026-09-02T05:42:38Z,5.23,59.97
2026-09-02T05:43:38Z,5.22,59.79
2026-09-02T05:44:38Z,5.23,59.94
2026-09-02T05:45:38Z,5.24,60.07
2026-09-02T05:46:38Z,5.24,60.06
2026-09-02T05:47:38Z,5.24,60.07
2026-09-02T05:48:38Z,5.24,60.09
2026-09-02T05:49:38Z,5.27,60.6
2026-09-02T05:50:38Z,5.23,59.98
2026-09-02T05:51:38Z,5.23,60.04
2026-09-02T05:52:38Z,5.21,59.55
2026-09-02T05:53:38Z,5.18,59.16
2026-09-02T05:54:38Z,5.21,59.58
2026-09-02T05:55:38Z,5.18,59.19
2026-09-02T05:56:38Z,5.19,59.3
2026-09-02T05:58:38Z,5.22,59.87
2026-09-02T05:59:38Z,5.2,59.48
2026-09-02T06:00:38Z,5.21,59.68
2026-09-02T06:01:38Z,5.24,60.1
2026-09-02T06:02:38Z,5.25,60.24
2026-09-02T06:03:38Z,5.23,59.98
2026-09-02T06:04:38Z,5.19,59.37
2026-09-02T06:05:38Z,5.23,59.89
2026-09-02T06:06:38Z,5.21,59.59
2026-09-02T06:07:38Z,5.24,
2026-09-02T06:08:38Z,5.27,60.61
2026-09-02T06:09:38Z,5.27,60.59
2026-09-02T06:10:38Z,5.23,59.9
2026-09-02T06:11:38Z,5.23,59.99
2026-09-02T06:12:38Z,5.24,60.1
2026-09-02T06:13:38Z,5.25,60.35
2026-09-02T06:14:38Z,5.28,60.81
2026-09-02T06:15:38Z,5.28,60.86
2026-09-02T06:16:38Z,5.28,60.77
2026-09-02T06:17:38Z,5.28,60.76
2026-09-02T06:18:38Z,5.29,61.03
2026-09-02T06:19:38Z,5.31,61.29
2026-09-02T06:20:38Z,5.33,61.68
2026-09-02T06:21:38Z,5.34,61.74
2026-09-02T06:22:38Z,5.36,62.13
2026-09-02T06:23:38Z,5.38,62.44
2026-09-02T06:24:38Z,5.38,62.41
2026-09-02T06:25:38Z,5.38,62.45
2026-09-02T06:27:38Z,5.38,62.46
2026-09-02T06:28:38Z,5.36,62.09
2026-09-02T06:29:38Z,5.36,62.13
2026-09-02T06:30:38Z,5.35,62.03
2026-09-02T06:31:38Z,5.37,62.24
2026-09-02T06:32:38Z,5.37,62.34
2026-09-02T06:33:38Z,5.38,62.55
2026-09-02T06:34:38Z,5.41,62.92
2026-09-02T06:35:38Z,5.39,62.69
2026-09-02T06:37:38Z,5.4,62.75
2026-09-02T06:38:38Z,5.4,62.88
2026-09-02T06:39:38Z,5.37,62.28
2026-09-02T06:40:38Z,5.39,62.64
2026-09-02T06:41:38Z,5.4,62.9
2026-09-02T06:42:38Z,5.39,62.6
2026-09-02T06:43:38Z,5.37,62.33
2026-09-02T06:44:38Z,5.37,62.34
2026-09-02T06:45:38Z,5.35,62.03
2026-09-02T06:46:38Z,5.35,61.92
2026-09-02T06:48:38Z,5.37,62.29
2026-09-02T06:49:38Z,5.38,62.44
2026-09-02T06:50:38Z,5.34,61.75
2026-09-02T06:51:38Z,5.35,61.97
2026-09-02T06:53:38Z,5.37,62.34
2026-09-02T06:54:38Z,5.37,62.36
2026-09-02T06:55:38Z,5.37,62.33
2026-09-02T06:56:38Z,5.39,62.63
2026-09-02T06:57:38Z,5.38,62.43
2026-09-02T06:59:38Z,5.37,62.29
2026-09-02T07:00:38Z,5.39,62.63
2026-09-02T07:01:38Z,5.39,62.64
2026-09-02T07:02:38Z,5.38,62.53
2026-09-02T07:03:38Z,5.39,62.67
2026-09-02T07:04:38Z,5.42,63.11
2026-09-02T07:05:38Z,5.41,63.06
2026-09-02T07:06:38Z,5.43,63.4
2026-09-02T07:07:38Z,5.44,63.5
2026-09-02T07:08:38Z,5.44,63.43
2026-09-02T07:09:38Z,5.45,63.64
2026-09-02T07:10:38Z,5.46,63.84
2026-09-02T07:11:38Z,5.46,63.83
2026-09-02T07:12:38Z,5.47,63.93
2026-09-02T07:13:38Z,5.47,63.99
2026-09-02T07:14:38Z,5.46,63.78
2026-09-02T07:15:38Z,5.46,63.8
2026-09-02T07:16:38Z,,63.67
2026-09-02T07:17:38Z,5.46,63.86
2026-09-02T07:18:38Z,5.47,63.98
2026-09-02T07:19:38Z,5.48,64.11
2026-09-02T07:20:38Z,5.47,64.04
2026-09-02T07:21:38Z,5.48,64.13
2026-09-02T07:22:38Z,5.5,64.46
2026-09-02T07:23:38Z,5.47,63.92
2026-09-02T07:24:38Z,5.48,64.11
2026-09-02T07:25:38Z,5.46,63.84
2026-09-02T07:26:38Z,5.45,63.72
2026-09-02T07:27:38Z,5.44,63.53
2026-09-02T07:28:38Z,5.4,62.74
2026-09-02T07:29:38Z,5.43,63.32
2026-09-02T07:30:38Z,5.42,63.23
2026-09-02T07:31:38Z,5.43,63.39
2026-09-02T07:32:38Z,5.41,63.02
2026-09-02T07:33:38Z,5.43,63.29
2026-09-02T07:34:38Z,5.44,63.57
2026-09-02T07:35:38Z,5.45,63.69
2026-09-02T07:36:38Z,5.43,63.3
2026-09-02T07:37:38Z,5.47,63.97
2026-09-02T07:38:38Z,5.47,63.96
2026-09-02T07:39:38Z,5.48,64.18
2026-09-02T07:40:38Z,5.47,63.93
2026-09-02T07:41:38Z,5.48,64.14
2026-09-02T07:42:38Z,5.47,63.96
2026-09-02T07:43:38Z,5.5,64.44
2026-09-02T07:44:38Z,5.49,64.36
2026-09-02T07:45:38Z,5.48,64.23
2026-09-02T07:46:38Z,5.48,64.25
2026-09-02T07:47:38Z,5.47,63.99
2026-09-02T07:48:38Z,5.47,64
2026-09-02T07:49:38Z,5.5,64.49
2026-09-02T07:50:38Z,5.5,64.47
2026-09-02T07:51:38Z,5.49,64.37
2026-09-02T07:52:38Z,5.5,64.53
2026-09-02T07:53:38Z,5.51,64.69
2026-09-02T07:54:38Z,5.51,64.73
2026-09-02T07:55:38Z,5.52,64.8
2026-09-02T07:56:38Z,5.55,65.39
2026-09-02T07:57:38Z,5.57,65.65
2026-09-02T07:58:38Z,5.58,65.86
2026-09-02T07:59:38Z,5.6,66.12
2026-09-02T08:00:38Z,5.62,66.55
2026-09-02T08:01:38Z,5.6,66.21
2026-09-02T08:02:38Z,5.59,66.04
2026-09-02T08:03:38Z,5.61,66.41
2026-09-02T08:04:38Z,5.61,66.41
2026-09-02T08:05:38Z,5.6,66.22
2026-09-02T08:06:38Z,5.61,66.33
2026-09-02T08:07:38Z,5.59,66.08
2026-09-02T08:08:38Z,5.61,66.37
2026-09-02T08:09:38Z,5.61,66.37
2026-09-02T08:10:38Z,5.62,66.54
2026-09-02T08:11:38Z,5.63,66.77
2026-09-02T08:12:38Z,5.64,66.91
2026-09-02T08:13:38Z,5.64,66.8
2026-09-02T08:14:38Z,5.62,66.53
2026-09-02T08:15:38Z,5.62,66.5
2026-09-02T08:16:38Z,5.63,66.69
2026-09-02T08:17:38Z,5.62,66.53
2026-09-02T08:18:38Z,5.63,66.71
2026-09-02T08:19:38Z,5.64,66.81
2026-09-02T08:20:38Z,5.63,66.66
2026-09-02T08:21:38Z,5.62,66.53
2026-09-02T08:22:38Z,5.61,66.37
2026-09-02T08:23:38Z,5.62,66.48
2026-09-02T08:24:38Z,5.61,66.32
2026-09-02T08:25:38Z,5.6,66.23
2026-09-02T08:26:38Z,5.63,66.67
2026-09-02T08:27:38Z,5.6,66.23
2026-09-02T08:28:38Z,5.63,66.75
2026-09-02T08:29:38Z,5.6,66.18
2026-09-02T08:30:38Z,5.61,66.39
2026-09-02T08:31:38Z,5.63,66.62
2026-09-02T08:32:38Z,5.63,66.63
2026-09-02T08:33:38Z,5.64,66.82
2026-09-02T08:34:38Z,5.65,66.99
2026-09-02T08:35:38Z,5.65,66.95
2026-09-02T08:36:38Z,5.66,67.2
2026-09-02T08:37:38Z,5.66,67.14
2026-09-02T08:38:38Z,5.68,67.45
2026-09-02T08:39:38Z,5.66,67.24
2026-09-02T08:40:38Z,,67.29
2026-09-02T09:00:38Z,5.81,69.71
2026-09-02T09:01:38Z,5.82,69.91
2026-09-02T09:02:38Z,5.84,70.17
2026-09-02T09:03:38Z,5.84,70.3
2026-09-02T09:04:38Z,5.84,70.24
2026-09-02T09:05:38Z,5.85,70.31
2026-09-02T09:06:38Z,5.86,70.54
2026-09-02T09:07:38Z,5.84,70.29
2026-09-02T09:08:38Z,5.86,70.48
2026-09-02T09:09:38Z,5.84,70.29
2026-09-02T09:10:38Z,5.84,70.19
2026-09-02T09:11:38Z,5.85,70.36
2026-09-02T09:12:38Z,5.85,70.46
2026-09-02T09:13:38Z,5.86,70.51
2026-09-02T09:14:38Z,5.85,70.38
2026-09-02T09:15:38Z,5.85,70.44
2026-09-02T09:16:38Z,5.86,70.59
2026-09-02T09:17:38Z,5.87,70.72
2026-09-02T09:18:38Z,5.87,70.66
2026-09-02T09:19:38Z,5.88,70.95
2026-09-02T09:20:38Z,5.89,71.06
2026-09-02T09:21:38Z,5.87,70.8
2026-09-02T09:22:38Z,5.88,70.89
2026-09-02T09:23:38Z,5.9,71.21
2026-09-02T09:24:38Z,5.89,71.12
2026-09-02T09:25:38Z,5.9,71.25
2026-09-02T09:26:38Z,5.9,71.24
2026-09-02T09:27:38Z,5.9,71.15
2026-09-02T09:28:38Z,5.9,71.22
2026-09-02T09:29:38Z,5.89,71.11
2026-09-02T09:30:38Z,5.9,71.27
2026-09-02T09:31:38Z,5.92,71.55
2026-09-02T09:32:38Z,5.92,71.49
2026-09-02T09:33:38Z,5.91,71.38
2026-09-02T09:34:38Z,5.91,71.42
2026-09-02T09:35:38Z,5.93,71.71
2026-09-02T09:36:38Z,5.92,71.63
2026-09-02T09:37:38Z,5.92,71.61
2026-09-02T09:38:38Z,5.93,71.73
2026-09-02T09:39:38Z,5.92,71.54
2026-09-02T09:40:38Z,5.93,71.7
2026-09-02T09:41:38Z,5.92,71.57
2026-09-02T09:42:38Z,5.93,71.72
2026-09-02T09:43:38Z,5.93,71.81
2026-09-02T09:44:38Z,5.94,71.87
2026-09-02T09:45:38Z,5.93,71.78
2026-09-02T09:46:38Z,5.93,71.8
2026-09-02T09:47:38Z,5.94,71.87
2026-09-02T09:48:38Z,5.95,71.99
2026-09-02T09:49:38Z,5.95,72.07
2026-09-02T09:50:38Z,5.95,72.06
2026-09-02T09:51:38Z,5.96,72.17
2026-09-02T09:52:38Z,5.95,72.01
2026-09-02T09:53:38Z,5.93,71.74
2026-09-02T09:54:38Z,5.93,71.77
2026-09-02T09:55:38Z,5.93,71.79
2026-09-02T09:56:38Z,5.93,71.7
2026-09-02T09:57:38Z,5.94,71.86
2026-09-02T09:58:38Z,5.94,71.9
2026-09-02T09:59:38Z,5.94,71.86
2026-09-02T10:00:38Z,5.93,71.67
2026-09-02T10:01:38Z,5.94,71.88
2026-09-02T10:02:38Z,5.94,71.96
2026-09-02T10:03:38Z,5.93,71.72
2026-09-02T10:04:38Z,5.93,71.74
2026-09-02T10:05:38Z,5.95,72.02
2026-09-02T10:06:38Z,5.95,72.12
2026-09-02T10:07:38Z,5.95,72.13
2026-09-02T10:08:38Z,5.95,72.15
2026-09-02T10:09:38Z,5.97,72.44
2026-09-02T10:10:38Z,5.99,72.74
2026-09-02T10:11:38Z,6.01,73.14
2026-09-02T10:12:38Z,6.06,73.92
2026-09-02T10:13:38Z,6.05,73.71
2026-09-02T10:14:38Z,6.08,74.32
2026-09-02T10:15:38Z,6.07,74.17
2026-09-02T10:16:38Z,6.08,74.23
2026-09-02T10:17:38Z,6.1,74.61
2026-09-02T10:18:38Z,6.11,74.78
2026-09-02T10:19:38Z,6.11,74.81
2026-09-02T10:20:38Z,6.09,74.42
2026-09-02T10:21:38Z,6.07,74.1
2026-09-02T10:22:38Z,6.06,73.86
2026-09-02T10:23:38Z,6.06,73.94
2026-09-02T10:24:38Z,6.06,73.87
2026-09-02T10:25:38Z,6.04,73.56
2026-09-02T10:26:38Z,6.04,73.56
2026-09-02T10:27:38Z,6.04,73.61
2026-09-02T10:28:38Z,6.04,73.51
2026-09-02T10:29:38Z,6.04,73.63
2026-09-02T10:30:38Z,6.04,73.58
2026-09-02T10:31:38Z,6.02,73.21
2026-09-02T10:32:38Z,6.02,73.2
2026-09-02T10:33:38Z,6.02,73.22
2026-09-02T10:34:38Z,6.03,73.35
2026-09-02T10:35:38Z,6.01,73.13
2026-09-02T10:36:38Z,6.02,73.22
2026-09-02T10:37:38Z,6.01,73.15
2026-09-02T10:38:38Z,6.01,73.14
2026-09-02T10:39:38Z,6.01,73.1
2026-09-02T10:40:38Z,6.02,73.29
2026-09-02T10:41:38Z,6.03,73.4
2026-09-02T10:42:38Z,6.02,73.27
2026-09-02T10:43:38Z,6.02,73.2
2026-09-02T10:44:38Z,6.03,73.36
2026-09-02T10:45:38Z,6.03,73.35
2026-09-02T10:46:38Z,6.02,73.19
2026-09-02T10:47:38Z,6.02,73.19
2026-09-02T10:48:38Z,6,72.98
2026-09-02T10:49:38Z,6,72.99
2026-09-02T10:50:38Z,6.01,73.14
2026-09-02T10:51:38Z,6.01,73.07
2026-09-02T10:52:38Z,5.99,72.78
2026-09-02T10:53:38Z,6,72.89
2026-09-02T10:54:38Z,6,72.95
2026-09-02T10:55:38Z,6.02,73.25
2026-09-02T10:56:38Z,6.01,73.15
2026-09-02T10:57:38Z,6.01,73.13
2026-09-02T10:58:38Z,6.01,73.05
2026-09-02T10:59:38Z,6.02,73.18
2026-09-02T11:00:38Z,6.02,73.21
2026-09-02T11:01:38Z,6.02,73.31
2026-09-02T11:02:38Z,6.02,73.33
2026-09-02T11:03:38Z,6.02,73.17
2026-09-02T11:04:38Z,6.02,73.26
2026-09-02T11:05:38Z,6.03,73.37
2026-09-02T11:06:38Z,6.03,73.35
2026-09-02T11:07:38Z,6.03,73.36
2026-09-02T11:08:38Z,6.03,73.45
2026-09-02T11:09:38Z,6.04,73.61
2026-09-02T11:10:38Z,6.03,73.48
2026-09-02T11:11:38Z,6.03,73.4
2026-09-02T11:12:38Z,6.03,73.4
2026-09-02T11:13:38Z,6.02,73.17
2026-09-02T11:14:38Z,6.02,73.23
2026-09-02T11:15:38Z,6.02,73.22
2026-09-02T11:16:38Z,6.02,73.18
2026-09-02T11:17:38Z,6.02,73.23
2026-09-02T11:18:38Z,6.02,73.18
2026-09-02T11:19:38Z,6.01,73.09
2026-09-02T11:20:38Z,6.01,73.07
2026-09-02T11:21:38Z,6,72.91
2026-09-02T11:22:38Z,6.01,73
2026-09-02T11:23:38Z,6.01,73.06
2026-09-02T11:24:38Z,6,72.96
2026-09-02T11:25:38Z,6,72.88
2026-09-02T11:26:38Z,5.99,72.76
2026-09-02T11:27:38Z,6,72.83
2026-09-02T11:28:38Z,5.99,72.72
2026-09-02T11:29:38Z,5.99,72.81
2026-09-02T11:30:38Z,6,72.85
2026-09-02T11:31:38Z,5.99,72.82
2026-09-02T11:32:38Z,5.99,72.66
2026-09-02T11:33:38Z,6,72.88
2026-09-02T11:34:38Z,6,72.88
2026-09-02T11:35:38Z,6,72.88
2026-09-02T11:36:38Z,6,72.93
2026-09-02T11:37:38Z,6.01,73.1
2026-09-02T11:38:38Z,6.01,73.15
2026-09-02T11:39:38Z,6.02,73.25
2026-09-02T11:40:38Z,6.02,73.23
2026-09-02T11:41:38Z,6.03,73.36
2026-09-02T11:42:38Z,6.03,73.42
2026-09-02T11:43:38Z,6.04,73.55
2026-09-02T11:44:38Z,6.04,73.61
2026-09-02T11:45:38Z,6.04,73.56
2026-09-02T11:46:38Z,6.05,73.68
2026-09-02T11:47:38Z,6.05,73.83
2026-09-02T11:48:38Z,6.06,73.92
2026-09-02T11:49:38Z,6.07,74.01
2026-09-02T11:50:38Z,6.07,74.01
2026-09-02T11:51:38Z,6.07,74.06
2026-09-02T11:52:38Z,6.07,74.14
2026-09-02T11:53:38Z,6.07,74.09
2026-09-02T11:54:38Z,6.07,74.12
2026-09-02T11:55:38Z,6.07,74.02
2026-09-02T11:56:38Z,6.07,74.08
2026-09-02T11:57:38Z,6.07,74.17
2026-09-02T11:58:38Z,6.07,74.13
2026-09-02T11:59:38Z,6.07,74.17
2026-09-02T12:00:38Z,6.07,74.09
2026-09-02T12:01:38Z,6.06,73.96
2026-09-02T12:02:38Z,6.06,73.9
2026-09-02T12:03:38Z,6.06,73.91
2026-09-02T12:04:38Z,6.06,73.94
2026-09-02T12:05:38Z,6.05,73.82
2026-09-02T12:06:38Z,6.06,73.85
2026-09-02T12:07:38Z,6.06,73.84
2026-09-02T12:08:38Z,6.06,73.9
2026-09-02T12:09:38Z,6.05,73.72
2026-09-02T12:10:38Z,6.05,73.72
2026-09-02T12:11:38Z,6.03,73.46
2026-09-02T12:12:38Z,6.03,73.43
2026-09-02T12:13:38Z,6.03,73.44
2026-09-02T12:14:38Z,6.02,73.3
2026-09-02T12:15:38Z,6.03,73.38
2026-09-02T12:16:38Z,6.03,73.37
2026-09-02T12:17:38Z,6.03,73.39
2026-09-02T12:18:38Z,6.04,73.5
2026-09-02T12:19:38Z,6.03,73.34
2026-09-02T12:20:38Z,6.02,73.3
2026-09-02T12:21:38Z,6.02,73.28
2026-09-02T12:22:38Z,6.02,73.3
2026-09-02T12:23:38Z,6.02,73.28
2026-09-02T12:24:38Z,6.01,73.11
2026-09-02T12:25:38Z,6,72.98
2026-09-02T12:26:38Z,6,72.94
2026-09-02T12:27:38Z,6.01,73.01
2026-09-02T12:28:38Z,6,72.87
2026-09-02T12:29:38Z,5.99,72.69
2026-09-02T12:30:38Z,5.99,72.77
2026-09-02T12:31:38Z,5.99,72.71
2026-09-02T12:32:38Z,5.99,72.75
2026-09-02T12:33:38Z,6,72.85
2026-09-02T12:34:38Z,5.99,72.74
2026-09-02T12:35:38Z,5.99,72.77
2026-09-02T12:36:38Z,5.99,72.76
2026-09-02T12:37:38Z,5.99,72.73
2026-09-02T12:38:38Z,5.99,72.7
2026-09-02T12:39:38Z,5.98,72.65
2026-09-02T12:40:38Z,6,72.88
2026-09-02T12:41:38Z,5.99,72.73
2026-09-02T12:42:38Z,5.99,72.72
2026-09-02T12:43:38Z,5.99,72.73
2026-09-02T12:44:38Z,6,72.9
2026-09-02T12:45:38Z,6,72.83
2026-09-02T12:46:38Z,6,72.86
2026-09-02T12:47:38Z,5.99,72.8
2026-09-02T12:48:38Z,6,72.89
2026-09-02T12:49:38Z,5.99,72.79
2026-09-02T12:50:38Z,5.99,72.77
2026-09-02T12:51:38Z,5.99,72.68
2026-09-02T12:52:38Z,5.99,72.78
2026-09-02T12:53:38Z,5.99,72.79
2026-09-02T12:54:38Z,6,72.84
2026-09-02T12:55:38Z,5.99,72.79
2026-09-02T12:56:38Z,5.99,72.78
2026-09-02T12:57:38Z,6,72.84
2026-09-02T12:58:38Z,6,72.91
2026-09-02T12:59:38Z,6,72.85
2026-09-02T13:00:38Z,5.99,72.69
2026-09-02T13:01:38Z,5.99,72.66
2026-09-02T13:02:38Z,5.98,72.53
2026-09-02T13:03:38Z,5.98,72.54
2026-09-02T13:04:38Z,5.98,72.6
2026-09-02T13:05:38Z,5.98,72.56
2026-09-02T13:06:38Z,5.97,72.45
2026-09-02T13:07:38Z,5.97,72.4
2026-09-02T13:08:38Z,5.95,72.14
2026-09-02T13:09:38Z,5.96,72.32
2026-09-02T13:10:38Z,5.96,72.2
2026-09-02T13:11:38Z,5.96,72.32
2026-09-02T13:12:38Z,5.95,72.14
2026-09-02T13:13:38Z,5.95,72.12
2026-09-02T13:14:38Z,5.95,72.06
2026-09-02T13:15:38Z,5.95,72.13
2026-09-02T13:16:38Z,5.96,72.17
2026-09-02T13:17:38Z,5.95,72.06
2026-09-02T13:18:38Z,5.95,72.03
2026-09-02T13:19:38Z,5.95,72.13
2026-09-02T13:20:38Z,5.96,72.18
2026-09-02T13:21:38Z,5.96,72.28
2026-09-02T13:22:38Z,5.97,72.35
2026-09-02T13:23:38Z,5.96,72.31
2026-09-02T13:24:38Z,5.97,72.4
2026-09-02T13:25:38Z,5.97,72.41
2026-09-02T13:26:38Z,5.97,72.49
2026-09-02T13:27:38Z,5.98,72.59
2026-09-02T13:28:38Z,5.98,72.61
2026-09-02T13:29:38Z,5.99,72.77
2026-09-02T13:30:38Z,5.99,72.78
2026-09-02T13:31:38Z,6,72.86
2026-09-02T13:32:38Z,6,72.96
2026-09-02T13:33:38Z,6.01,73.02
2026-09-02T13:34:38Z,6.01,73.14
2026-09-02T13:35:38Z,6.03,73.38
2026-09-02T13:36:38Z,6.03,73.38
2026-09-02T13:37:38Z,6.03,73.36
2026-09-02T13:38:38Z,6.03,73.4
2026-09-02T13:39:38Z,6.04,73.54
2026-09-02T13:40:38Z,6.04,73.65
2026-09-02T13:41:38Z,6.05,73.69
2026-09-02T13:42:38Z,6.06,73.84
2026-09-02T13:43:38Z,6.06,73.93
2026-09-02T13:44:38Z,6.07,74.11
2026-09-02T13:45:38Z,6.08,74.28
2026-09-02T13:46:38Z,6.09,74.35
2026-09-02T13:47:38Z,6.1,74.51
2026-09-02T13:48:38Z,6.1,74.54
2026-09-02T13:49:38Z,6.1,74.67
2026-09-02T13:50:38Z,6.1,74.65
2026-09-02T13:51:38Z,6.11,74.81
2026-09-02T13:52:38Z,6.11,74.75
2026-09-02T13:53:38Z,6.11,74.69
2026-09-02T13:54:38Z,6.11,74.75
2026-09-02T13:55:38Z,6.11,74.77
2026-09-02T13:56:38Z,6.11,74.76
2026-09-02T13:57:38Z,6.12,74.93
2026-09-02T13:58:38Z,6.11,74.8
2026-09-02T13:59:38Z,6.11,74.82
2026-09-02T14:00:38Z,6.11,74.76
2026-09-02T14:01:38Z,6.11,74.72
2026-09-02T14:02:38Z,6.12,74.96
2026-09-02T14:03:38Z,6.11,74.68
2026-09-02T14:04:38Z,6.11,74.76
2026-09-02T14:05:38Z,6.1,74.66
2026-09-02T14:06:38Z,6.11,74.68
2026-09-02T14:07:38Z,6.09,74.5
2026-09-02T14:08:38Z,6.07,74.16
2026-09-02T14:09:38Z,6.08,74.27
2026-09-02T14:10:38Z,6.07,74.08
2026-09-02T14:11:38Z,6.07,74.06
2026-09-02T14:12:38Z,6.06,74
2026-09-02T14:13:38Z,6.06,73.92
2026-09-02T14:14:38Z,6.05,73.82
2026-09-02T14:15:38Z,6.05,73.81
2026-09-02T14:16:38Z,6.04,73.57
2026-09-02T14:17:38Z,6.03,73.48
2026-09-02T14:18:38Z,6.02,73.19
2026-09-02T14:19:38Z,6,72.89
2026-09-02T14:20:38Z,6,72.97
2026-09-02T14:21:38Z,6,72.84
2026-09-02T14:22:38Z,5.99,72.82
2026-09-02T14:23:38Z,6,72.84
2026-09-02T14:24:38Z,6,72.84
2026-09-02T14:25:38Z,6,72.97
2026-09-02T14:26:38Z,5.99,72.74
2026-09-02T14:27:38Z,6,72.89
2026-09-02T14:28:38Z,5.99,72.76
2026-09-02T14:29:38Z,5.99,72.68
2026-09-02T14:30:38Z,5.98,72.57
2026-09-02T14:31:38Z,5.98,72.57
2026-09-02T14:32:38Z,5.98,72.63
2026-09-02T14:33:38Z,5.99,72.66
2026-09-02T14:34:38Z,5.98,72.5
2026-09-02T14:35:38Z,5.99,72.67
2026-09-02T14:36:38Z,5.99,72.66
2026-09-02T14:37:38Z,5.99,72.74
2026-09-02T14:38:38Z,5.99,72.71
2026-09-02T14:39:38Z,5.99,72.73
2026-09-02T14:40:38Z,5.99,72.79
2026-09-02T14:41:38Z,6,72.95
2026-09-02T14:42:38Z,6,72.95
2026-09-02T14:43:38Z,6.01,73.12
2026-09-02T14:44:38Z,6.01,73.15
2026-09-02T14:45:38Z,6.02,73.23
2026-09-02T14:46:38Z,6.02,73.27
2026-09-02T14:47:38Z,6.03,73.36
2026-09-02T14:48:38Z,6.02,73.31
2026-09-02T14:49:38Z,6.02,73.26
2026-09-02T14:50:38Z,6.03,73.37
2026-09-02T14:51:38Z,6.03,73.43
2026-09-02T14:52:38Z,6.03,73.46
2026-09-02T14:53:38Z,6.03,73.46
2026-09-02T14:54:38Z,6.04,73.55
2026-09-02T14:55:38Z,6.04,73.54
2026-09-02T14:56:38Z,6.03,73.43
2026-09-02T14:57:38Z,6.04,73.65
2026-09-02T14:58:38Z,6.05,73.74
2026-09-02T14:59:38Z,6.05,73.83
2026-09-02T15:00:38Z,6.06,73.9
2026-09-02T15:01:38Z,6.05,73.76
2026-09-02T15:02:38Z,6.06,73.96
2026-09-02T15:03:38Z,6.06,73.89
2026-09-02T15:04:38Z,6.06,73.86
2026-09-02T15:05:38Z,6.06,73.89
2026-09-02T15:06:38Z,6.06,73.97
2026-09-02T15:07:38Z,6.06,73.96
2026-09-02T15:08:38Z,6.06,74
2026-09-02T15:09:38Z,6.06,73.88
2026-09-02T15:10:38Z,6.06,73.9
2026-09-02T15:11:38Z,6.05,73.69
2026-09-02T15:12:38Z,6.05,73.72
2026-09-02T15:13:38Z,6.05,73.74
2026-09-02T15:14:38Z,6.05,73.69
2026-09-02T15:15:38Z,6.05,73.69
2026-09-02T15:16:38Z,6.05,73.69
2026-09-02T15:17:38Z,6.06,73.85
2026-09-02T15:18:38Z,6.05,73.81
2026-09-02T15:19:38Z,6.05,73.83
2026-09-02T15:20:38Z,6.05,73.8
2026-09-02T15:21:38Z,6.05,73.8
2026-09-02T15:22:38Z,6.05,73.8
2026-09-02T15:23:38Z,6.05,73.82
2026-09-02T15:24:38Z,6.06,73.93
2026-09-02T15:25:38Z,6.06,73.92
2026-09-02T15:26:38Z,6.06,74
2026-09-02T15:27:38Z,6.07,74.02
2026-09-02T15:28:38Z,6.07,74.02
2026-09-02T15:29:38Z,6.07,74.05
2026-09-02T15:30:38Z,6.07,74.11
2026-09-02T15:31:38Z,6.07,74.09
2026-09-02T15:32:38Z,6.06,73.92
2026-09-02T15:33:38Z,6.07,74.01
2026-09-02T15:34:38Z,6.07,74.09
2026-09-02T15:35:38Z,6.07,74.12
2026-09-02T15:36:38Z,6.07,74.14
2026-09-02T15:37:38Z,6.08,74.22
2026-09-02T15:38:38Z,6.08,74.3
2026-09-02T15:39:38Z,6.09,74.37
2026-09-02T15:40:38Z,6.08,74.29
2026-09-02T15:41:38Z,6.08,74.27
2026-09-02T15:42:38Z,6.09,74.34
2026-09-02T15:43:38Z,6.08,74.33
2026-09-02T15:44:38Z,6.09,74.41
2026-09-02T15:45:38Z,6.09,74.44
2026-09-02T15:46:38Z,6.09,74.45
2026-09-02T15:47:38Z,6.07,74.16
2026-09-02T15:48:38Z,6.07,74.17
2026-09-02T15:49:38Z,6.08,74.22
2026-09-02T15:50:38Z,6.08,74.2
2026-09-02T15:51:38Z,6.07,74.16
2026-09-02T15:52:38Z,6.08,74.21
2026-09-02T15:53:38Z,6.08,74.18
2026-09-02T15:54:38Z,6.07,74.16
2026-09-02T15:55:38Z,6.07,74.13
2026-09-02T15:56:38Z,6.07,74.09
2026-09-02T15:57:38Z,6.07,74.05
2026-09-02T15:58:38Z,6.07,74.14
2026-09-02T15:59:38Z,6.07,74.13
2026-09-02T16:00:38Z,6.07,74.14
2026-09-02T16:01:38Z,6.08,74.19
2026-09-02T16:02:38Z,6.07,74.14
2026-09-02T16:03:38Z,6.06,73.97
2026-09-02T16:04:38Z,6.07,74.01
2026-09-02T16:05:38Z,6.07,74.02
2026-09-02T16:06:38Z,6.06,73.93
2026-09-02T16:07:38Z,6.07,74.02
2026-09-02T16:08:38Z,6.07,74.01
2026-09-02T16:09:38Z,6.06,73.97
2026-09-02T16:10:38Z,6.07,74.09
2026-09-02T16:11:38Z,6.07,74.03
2026-09-02T16:12:38Z,6.07,74.12
2026-09-02T16:13:38Z,6.07,74.1
2026-09-02T16:14:38Z,6.09,74.42
2026-09-02T16:15:38Z,6.09,74.4
2026-09-02T16:16:38Z,6.1,74.6
2026-09-02T16:17:38Z,6.1,74.58
2026-09-02T16:18:38Z,6.11,74.68
2026-09-02T16:19:38Z,6.11,74.73
2026-09-02T16:20:38Z,6.11,74.8
2026-09-02T16:21:38Z,6.12,74.92
2026-09-02T16:22:38Z,6.13,75.02
2026-09-02T16:23:38Z,6.13,75.02
2026-09-02T16:24:38Z,6.13,75.18
2026-09-02T16:25:38Z,6.14,75.22
2026-09-02T16:26:38Z,6.14,75.3
2026-09-02T16:27:38Z,6.15,75.44
2026-09-02T16:28:38Z,6.16,75.52
2026-09-02T16:29:38Z,6.16,75.53
2026-09-02T16:30:38Z,6.16,75.62
2026-09-02T16:31:38Z,6.17,75.71
2026-09-02T16:32:38Z,6.18,75.98
2026-09-02T16:33:38Z,6.19,76.13
2026-09-02T16:34:38Z,6.19,76.17
2026-09-02T16:35:38Z,6.21,76.38
2026-09-02T16:36:38Z,6.21,76.46
2026-09-02T16:37:38Z,6.22,76.53
2026-09-02T16:38:38Z,6.22,76.6
2026-09-02T16:39:38Z,6.23,76.78
2026-09-02T16:40:38Z,6.22,76.67
2026-09-02T16:41:38Z,6.23,76.8
2026-09-02T16:42:38Z,6.24,76.87
2026-09-02T16:43:38Z,6.24,77.02
2026-09-02T16:44:38Z,6.24,77.03
2026-09-02T16:45:38Z,6.25,77.07
2026-09-02T16:46:38Z,6.25,77.05
2026-09-02T16:47:38Z,6.25,77.18
2026-09-02T16:48:38Z,6.26,77.21
2026-09-02T16:49:38Z,6.26,77.21
2026-09-02T16:50:38Z,6.26,77.26
2026-09-02T16:51:38Z,6.26,77.26
2026-09-02T16:52:38Z,6.27,77.44
2026-09-02T16:53:38Z,6.27,77.44
2026-09-02T16:54:38Z,6.27,77.45
2026-09-02T16:55:38Z,6.27,77.45
2026-09-02T16:56:38Z,6.26,77.25
2026-09-02T16:57:38Z,6.26,77.2
2026-09-02T16:58:38Z,6.25,77.15
2026-09-02T16:59:38Z,6.25,77.19
2026-09-02T17:00:38Z,6.26,77.21
2026-09-02T17:01:38Z,6.25,77.06
2026-09-02T17:02:38Z,6.25,77.07
2026-09-02T17:03:38Z,6.24,77.01
2026-09-02T17:04:38Z,6.24,77.03
2026-09-02T17:05:38Z,6.24,76.93
2026-09-02T17:06:38Z,6.24,76.92
2026-09-02T17:07:38Z,6.24,76.98
2026-09-02T17:08:38Z,6.24,76.99
2026-09-02T17:09:38Z,6.24,77.03
2026-09-02T17:10:38Z,6.24,76.9
2026-09-02T17:11:38Z,6.24,76.88
2026-09-02T17:12:38Z,6.24,76.88
2026-09-02T17:13:38Z,6.22,76.69
2026-09-02T17:14:38Z,6.23,76.77
2026-09-02T17:15:38Z,6.23,76.83
2026-09-02T17:16:38Z,6.24,76.87
2026-09-02T17:17:38Z,6.24,76.88
2026-09-02T17:18:38Z,6.24,76.96
2026-09-02T17:19:38Z,6.24,76.89
2026-09-02T17:20:38Z,6.23,76.81
2026-09-02T17:21:38Z,6.24,76.9
2026-09-02T17:22:38Z,6.23,76.85
2026-09-02T17:23:38Z,6.23,76.76
2026-09-02T17:24:38Z,6.23,76.75
2026-09-02T17:25:38Z,6.23,76.74
2026-09-02T17:26:38Z,6.22,76.59
2026-09-02T17:27:38Z,6.22,76.66
2026-09-02T17:28:38Z,6.22,76.69
2026-09-02T17:29:38Z,6.22,76.69
2026-09-02T17:30:38Z,6.22,76.64
2026-09-02T17:31:38Z,6.22,76.65
2026-09-02T17:32:38Z,6.22,76.6
2026-09-02T17:33:38Z,6.22,76.59
2026-09-02T17:34:38Z,6.21,76.52
2026-09-02T17:35:38Z,6.21,76.51
2026-09-02T17:36:38Z,6.21,76.51
2026-09-02T17:37:38Z,6.21,76.46
2026-09-02T17:38:38Z,6.22,76.54
2026-09-02T17:39:38Z,6.21,76.44
2026-09-02T17:40:38Z,6.21,76.36
2026-09-02T17:41:38Z,6.2,76.29
2026-09-02T17:42:38Z,6.2,76.28
2026-09-02T17:43:38Z,6.2,76.28
2026-09-02T17:44:38Z,6.2,76.23
2026-09-02T17:45:38Z,6.2,76.22
2026-09-02T17:46:38Z,6.19,76.18
2026-09-02T17:47:38Z,6.2,76.22
2026-09-02T17:48:38Z,6.2,76.3
2026-09-02T17:49:38Z,6.19,76.12
2026-09-02T17:50:38Z,6.19,76.04
2026-09-02T17:51:38Z,6.18,76
2026-09-02T17:52:38Z,6.19,76.09
2026-09-02T17:53:38Z,6.19,76.08
2026-09-02T17:54:38Z,6.18,75.99
2026-09-02T17:55:38Z,6.18,75.99
2026-09-02T17:56:38Z,6.18,75.94
2026-09-02T17:57:38Z,6.18,76
2026-09-02T17:58:38Z,6.18,75.95
2026-09-02T17:59:38Z,6.18,75.9
2026-09-02T18:00:38Z,,76
2026-09-02T18:01:38Z,6.18,75.91
2026-09-02T18:02:38Z,6.18,75.92
2026-09-02T18:03:38Z,6.18,75.96
2026-09-02T18:04:38Z,6.17,75.85
2026-09-02T18:05:38Z,6.18,75.92
2026-09-02T18:06:38Z,6.18,75.86
2026-09-02T18:07:38Z,6.18,75.89
2026-09-02T18:08:38Z,6.18,75.92
2026-09-02T18:09:38Z,6.17,75.84
2026-09-02T18:10:38Z,6.17,75.85
2026-09-02T18:11:38Z,6.17,75.81
2026-09-02T18:12:38Z,6.17,75.82
2026-09-02T18:13:38Z,6.18,75.87
2026-09-02T18:14:38Z,6.17,75.8
2026-09-02T18:15:38Z,6.17,75.84
2026-09-02T18:16:38Z,6.18,75.88
2026-09-02T18:17:38Z,6.18,75.89
2026-09-02T18:18:38Z,6.17,75.83
2026-09-02T18:19:38Z,6.17,75.81
2026-09-02T18:20:38Z,6.17,75.83
2026-09-02T18:21:38Z,6.17,75.77
2026-09-02T18:22:38Z,6.18,75.88
2026-09-02T18:23:38Z,6.18,75.91
2026-09-02T18:24:38Z,6.17,75.85
2026-09-02T18:25:38Z,6.18,75.91
2026-09-02T18:26:38Z,6.18,75.92
2026-09-02T18:27:38Z,6.18,75.96
2026-09-02T18:28:38Z,6.18,75.95
2026-09-02T18:29:38Z,6.18,75.88
2026-09-02T18:30:38Z,6.18,75.92
2026-09-02T18:31:38Z,6.18,75.86
2026-09-02T18:32:38Z,6.18,75.93
2026-09-02T18:33:38Z,6.18,75.88
2026-09-02T18:34:38Z,6.18,75.96
2026-09-02T18:35:38Z,6.18,75.94
2026-09-02T18:36:38Z,6.18,75.91
2026-09-02T18:37:38Z,6.18,75.94
2026-09-02T18:38:38Z,6.18,75.99
2026-09-02T18:39:38Z,6.18,75.98
2026-09-02T18:40:38Z,6.18,75.99
2026-09-02T18:41:38Z,6.18,75.99
2026-09-02T18:42:38Z,6.18,76.02
2026-09-02T18:43:38Z,6.18,75.96
2026-09-02T18:44:38Z,6.19,76.04
2026-09-02T18:45:38Z,6.19,76.13
2026-09-02T18:46:38Z,6.19,76.06
2026-09-02T18:47:38Z,6.2,76.22
2026-09-02T18:48:38Z,6.2,76.22
2026-09-02T18:49:38Z,6.19,76.1
2026-09-02T18:50:38Z,6.2,76.27
2026-09-02T18:51:38Z,6.2,76.25
2026-09-02T18:52:38Z,6.21,76.4
2026-09-02T18:53:38Z,6.21,76.44
2026-09-02T18:54:38Z,6.22,76.54
2026-09-02T18:55:38Z,6.22,76.55
2026-09-02T18:56:38Z,6.22,76.65
2026-09-02T18:57:38Z,6.23,76.79
2026-09-02T18:58:38Z,6.24,76.95
2026-09-02T18:59:38Z,6.25,77.06
2026-09-02T19:00:38Z,6.25,77.1
2026-09-02T19:01:38Z,6.26,77.29
2026-09-02T19:02:38Z,6.27,77.43
2026-09-02T19:03:38Z,6.27,77.45
2026-09-02T19:04:38Z,6.27,77.44
2026-09-02T19:05:38Z,6.27,77.45
2026-09-02T19:06:38Z,6.27,77.5
2026-09-02T19:07:38Z,6.27,77.48
2026-09-02T19:08:38Z,6.28,77.6
2026-09-02T19:09:38Z,6.28,77.56
2026-09-02T19:10:38Z,6.28,77.66
2026-09-02T19:11:38Z,6.29,77.8
2026-09-02T19:12:38Z,6.29,77.77
2026-09-02T19:13:38Z,6.3,77.94
2026-09-02T19:14:38Z,6.3,77.95
2026-09-02T19:15:38Z,6.3,78.01
2026-09-02T19:16:38Z,6.31,78.05
2026-09-02T19:17:38Z,6.31,78.16
2026-09-02T19:18:38Z,6.31,78.17
2026-09-02T19:19:38Z,6.32,78.34
2026-09-02T19:20:38Z,6.33,78.47
2026-09-02T19:21:38Z,6.34,78.6
2026-09-02T19:22:38Z,6.34,78.56
2026-09-02T19:23:38Z,6.34,78.63
2026-09-02T19:24:38Z,6.34,78.69
2026-09-02T19:25:38Z,6.34,78.71
2026-09-02T19:26:38Z,6.35,78.81
2026-09-02T19:27:38Z,6.35,78.77
2026-09-02T19:28:38Z,6.35,78.82
2026-09-02T19:29:38Z,6.36,78.98
2026-09-02T19:30:38Z,6.37,79.14
2026-09-02T19:31:38Z,6.37,79.18
2026-09-02T19:32:38Z,6.38,79.27
2026-09-02T19:33:38Z,6.38,79.33
2026-09-02T19:34:38Z,6.39,79.43
2026-09-02T19:35:38Z,6.38,79.31
2026-09-02T19:36:38Z,6.39,79.43
2026-09-02T19:37:38Z,6.39,79.45
2026-09-02T19:38:38Z,6.4,79.6
2026-09-02T19:39:38Z,6.4,79.71
2026-09-02T19:40:38Z,6.41,79.78
2026-09-02T19:41:38Z,6.41,79.75
2026-09-02T19:42:38Z,6.41,79.8
2026-09-02T19:43:38Z,6.41,79.83
2026-09-02T19:44:38Z,6.42,79.91
2026-09-02T19:45:38Z,6.42,79.91
2026-09-02T19:46:38Z,6.42,79.96
2026-09-02T19:47:38Z,6.42,79.95
2026-09-02T19:48:38Z,6.42,79.91
2026-09-02T19:49:38Z,6.42,79.9
2026-09-02T19:50:38Z,6.41,79.88
2026-09-02T19:51:38Z,6.41,79.85
2026-09-02T19:52:38Z,6.41,79.77
2026-09-02T19:53:38Z,6.41,79.77
2026-09-02T19:54:38Z,6.42,79.91
2026-09-02T19:55:38Z,6.42,79.97
2026-09-02T19:56:38Z,6.43,80.06
2026-09-02T19:57:38Z,6.43,80.1
2026-09-02T19:58:38Z,6.43,80.12
2026-09-02T19:59:38Z,6.43,80.19
2026-09-02T20:00:38Z,6.43,80.1
2026-09-02T20:01:38Z,6.43,80.15
2026-09-02T20:02:38Z,6.44,80.25
2026-09-02T20:03:38Z,6.44,80.3
2026-09-02T20:04:38Z,6.45,80.41
2026-09-02T20:05:38Z,6.45,80.52
2026-09-02T20:06:38Z,6.46,80.63
2026-09-02T20:07:38Z,6.47,80.77
2026-09-02T20:08:38Z,6.47,80.78
2026-09-02T20:09:38Z,6.47,80.81
2026-09-02T20:10:38Z,6.47,80.87
2026-09-02T20:11:38Z,6.48,80.92
2026-09-02T20:12:38Z,6.48,80.95
2026-09-02T20:13:38Z,6.48,81.06
2026-09-02T20:14:38Z,6.49,81.12
2026-09-02T20:15:38Z,6.49,81.2
2026-09-02T20:16:38Z,6.5,81.34
2026-09-02T20:17:38Z,6.5,81.25
2026-09-02T20:18:38Z,6.5,81.36
2026-09-02T20:19:38Z,6.51,81.41
2026-09-02T20:20:38Z,6.51,81.48
2026-09-02T20:21:38Z,6.51,81.41
2026-09-02T20:22:38Z,6.5,81.38
2026-09-02T20:23:38Z,6.51,81.45
2026-09-02T20:24:38Z,6.51,81.56
2026-09-02T20:25:38Z,6.51,81.56
2026-09-02T20:26:38Z,6.52,81.61
2026-09-02T20:27:38Z,6.52,81.65
2026-09-02T20:28:38Z,6.52,81.59
2026-09-02T20:29:38Z,6.52,81.71
2026-09-02T20:30:38Z,6.52,81.65
2026-09-02T20:31:38Z,6.51,81.56
2026-09-02T20:32:38Z,6.52,81.64
2026-09-02T20:33:38Z,6.51,81.54
2026-09-02T20:34:38Z,6.52,81.58
2026-09-02T20:35:38Z,6.52,81.65
2026-09-02T20:36:38Z,6.53,81.76
2026-09-02T20:37:38Z,6.53,81.77
2026-09-02T20:38:38Z,6.53,81.83
2026-09-02T20:39:38Z,6.53,81.79
2026-09-02T20:40:38Z,6.53,81.88
2026-09-02T20:41:38Z,6.54,81.92
2026-09-02T20:42:38Z,6.53,81.82
2026-09-02T20:43:38Z,6.54,81.93
2026-09-02T20:44:38Z,6.54,81.98
2026-09-02T20:45:38Z,6.54,82.04
2026-09-02T20:46:38Z,6.54,81.99
2026-09-02T20:47:38Z,6.55,82.08
2026-09-02T20:48:38Z,6.55,82.19
2026-09-02T20:49:38Z,6.55,82.21
2026-09-02T20:50:38Z,6.56,82.3
2026-09-02T20:51:38Z,6.56,82.29
2026-09-02T20:52:38Z,6.56,82.4
2026-09-02T20:53:38Z,6.56,82.39
2026-09-02T20:54:38Z,6.56,82.32
2026-09-02T20:55:38Z,6.56,82.36
2026-09-02T20:56:38Z,6.56,82.41
2026-09-02T20:57:38Z,6.56,82.38
2026-09-02T20:58:38Z,6.57,82.44
2026-09-02T20:59:38Z,6.57,82.51
2026-09-02T21:00:38Z,6.57,82.48
2026-09-02T21:01:38Z,6.57,82.55
2026-09-02T21:02:38Z,6.59,82.78
2026-09-02T21:03:38Z,6.59,82.9
2026-09-02T21:04:38Z,6.6,83.05
2026-09-02T21:05:38Z,6.61,83.16
2026-09-02T21:06:38Z,6.62,83.26
2026-09-02T21:07:38Z,6.62,83.31
2026-09-02T21:08:38Z,6.62,83.34
2026-09-02T21:09:38Z,6.62,83.4
2026-09-02T21:10:38Z,6.64,83.61
2026-09-02T21:11:38Z,6.64,83.67
2026-09-02T21:12:38Z,6.64,83.67
2026-09-02T21:13:38Z,6.65,83.84
2026-09-02T21:14:38Z,6.66,83.97
2026-09-02T21:15:38Z,6.67,84.14
2026-09-02T21:16:38Z,6.67,84.23
2026-09-02T21:17:38Z,6.69,84.44
2026-09-02T21:18:38Z,6.69,84.44
2026-09-02T21:19:38Z,6.69,84.51
2026-09-02T21:20:38Z,6.69,84.59
2026-09-02T21:21:38Z,6.7,84.72
2026-09-02T21:22:38Z,6.71,84.82
2026-09-02T21:23:38Z,6.72,84.96
2026-09-02T21:24:38Z,6.72,85.04
2026-09-02T21:25:38Z,6.72,85.06
2026-09-02T21:26:38Z,6.74,85.29
2026-09-02T21:27:38Z,6.75,85.45
2026-09-02T21:28:38Z,6.76,85.75
2026-09-02T21:29:38Z,6.78,86.08
2026-09-02T21:30:38Z,6.8,86.32
2026-09-02T21:31:38Z,6.8,86.33
2026-09-02T21:32:38Z,6.82,86.73
2026-09-02T21:33:38Z,6.84,87.03
2026-09-02T21:34:38Z,6.86,87.32
2026-09-02T21:35:38Z,6.87,87.5
2026-09-02T21:36:38Z,6.88,87.76
2026-09-02T21:37:38Z,6.9,88.01
2026-09-02T21:38:38Z,6.92,88.36
2026-09-02T21:39:38Z,6.93,88.61
2026-09-02T21:40:38Z,6.95,88.82
2026-09-02T21:41:38Z,6.95,88.83
2026-09-02T21:42:38Z,6.97,89.2
2026-09-02T21:43:38Z,6.98,89.37
2026-09-02T21:44:38Z,6.98,89.44
2026-09-02T21:45:38Z,7,89.69
2026-09-02T21:46:38Z,7.01,89.86
2026-09-02T21:47:38Z,7.02,89.99
2026-09-02T21:48:38Z,7.02,90.12
2026-09-02T21:49:38Z,7.04,90.32
2026-09-02T21:50:38Z,7.04,90.48
2026-09-02T21:51:38Z,7.06,90.68
2026-09-02T21:52:38Z,7.06,90.66
2026-09-02T21:53:38Z,7.06,90.72
2026-09-02T21:54:38Z,7.06,90.81
2026-09-02T21:55:38Z,7.07,90.88
2026-09-02T21:56:38Z,7.06,90.81
2026-09-02T21:57:38Z,7.06,90.78
2026-09-02T21:58:38Z,7.07,90.87
2026-09-02T21:59:38Z,7.07,90.93
2026-09-02T22:00:38Z,7.08,91.06
2026-09-02T22:01:38Z,7.08,91.15
2026-09-02T22:02:38Z,7.09,91.24
2026-09-02T22:03:38Z,7.11,91.52
2026-09-02T22:04:38Z,7.1,91.43
2026-09-02T22:05:38Z,7.09,91.27
2026-09-02T22:06:38Z,7.09,91.25
2026-09-02T22:07:38Z,7.09,91.21
2026-09-02T22:08:38Z,7.07,90.84
2026-09-02T22:09:38Z,7.04,90.46
2026-09-02T22:10:38Z,7.05,90.57
2026-09-02T22:11:38Z,7.02,90.05
2026-09-02T22:12:38Z,7.01,89.82
2026-09-02T22:13:38Z,6.99,89.52
2026-09-02T22:14:38Z,6.99,89.55
2026-09-02T22:15:38Z,7,89.66
2026-09-02T22:16:38Z,6.96,89.03
2026-09-02T22:17:38Z,6.95,88.96
2026-09-02T22:18:38Z,6.92,88.42
2026-09-02T22:19:38Z,6.92,88.43
2026-09-02T22:20:38Z,6.94,88.69
2026-09-02T22:21:38Z,6.95,88.81
2026-09-02T22:22:38Z,6.94,88.74
2026-09-02T22:23:38Z,6.94,88.7
2026-09-02T22:24:38Z,6.95,88.87
2026-09-02T22:25:38Z,6.94,88.8
2026-09-02T22:26:38Z,6.96,89.03
2026-09-02T22:27:38Z,6.98,89.31
2026-09-02T22:28:38Z,6.98,89.31
2026-09-02T22:29:38Z,6.98,89.37
2026-09-02T22:30:38Z,6.97,89.29
2026-09-02T22:31:38Z,6.98,89.44
2026-09-02T22:32:38Z,7,89.67
2026-09-02T22:33:38Z,7.01,89.86
2026-09-02T22:34:38Z,7.03,90.18
2026-09-02T22:35:38Z,7.02,90.08
2026-09-02T22:36:38Z,7.02,90.1
2026-09-02T22:37:38Z,7.03,90.25
2026-09-02T22:38:38Z,7.02,90.04
2026-09-02T22:39:38Z,7.03,90.24
2026-09-02T22:40:38Z,7.04,90.47
2026-09-02T22:41:38Z,7.03,90.3
2026-09-02T22:42:38Z,7.04,90.38
2026-09-02T22:43:38Z,7.04,90.33
2026-09-02T22:44:38Z,7.03,90.25
2026-09-02T22:45:38Z,7.03,90.15
2026-09-02T22:46:38Z,7.03,90.17
2026-09-02T22:47:38Z,7.03,90.18
2026-09-02T22:48:38Z,7.04,90.37
2026-09-02T22:49:38Z,7.05,90.59
2026-09-02T22:50:38Z,7.05,90.5
2026-09-02T22:51:38Z,7.05,90.64
2026-09-02T22:52:38Z,7.05,90.61
2026-09-02T22:53:38Z,7.04,90.37
2026-09-02T22:54:38Z,7.06,90.7
2026-09-02T22:55:38Z,7.04,90.39
2026-09-02T22:56:38Z,7.03,90.21
2026-09-02T22:57:38Z,7.02,90.06
2026-09-02T22:58:38Z,7.03,90.23
2026-09-02T22:59:38Z,7.02,90.03
2026-09-02T23:00:38Z,7.03,90.21
2026-09-02T23:01:38Z,7.01,89.97
2026-09-02T23:02:38Z,7,89.7
2026-09-02T23:03:38Z,7,89.65
2026-09-02T23:04:38Z,7,89.73
2026-09-02T23:05:38Z,7,89.65
2026-09-02T23:06:38Z,6.99,89.51
2026-09-02T23:07:38Z,6.99,89.59
2026-09-03T00:00:38Z,7.02,90.08
2026-09-03T00:01:38Z,7.02,90.03
2026-09-03T00:02:38Z,7.01,89.96
2026-09-03T00:03:38Z,7.02,90.09
2026-09-03T00:04:38Z,7.03,90.3
2026-09-03T00:05:38Z,7.03,90.29
2026-09-03T00:06:38Z,7.04,90.36
2026-09-03T00:07:38Z,7.05,90.59
2026-09-03T00:08:38Z,7.04,90.37
2026-09-03T00:09:38Z,7.06,90.71
2026-09-03T00:10:38Z,7.06,90.78
2026-09-03T00:11:38Z,7.06,90.68
2026-09-03T00:12:38Z,7.07,90.94
2026-09-03T00:13:38Z,7.09,91.18
2026-09-03T00:14:38Z,7.07,90.9
2026-09-03T00:15:38Z,7.06,90.76
2026-09-03T00:16:38Z,7.06,90.74
2026-09-03T00:17:38Z,7.06,90.68
2026-09-03T00:18:38Z,7.06,90.81
2026-09-03T00:19:38Z,7.06,90.8
2026-09-03T00:20:38Z,7.07,90.91
2026-09-03T00:21:38Z,7.08,91.1
2026-09-03T00:22:38Z,7.09,91.16
2026-09-03T00:23:38Z,7.08,91.11
2026-09-03T00:24:38Z,7.07,90.95
2026-09-03T00:25:38Z,7.08,91
2026-09-03T00:26:38Z,7.07,90.84
2026-09-03T00:27:38Z,7.05,90.57
2026-09-03T00:28:38Z,7.06,90.72
2026-09-03T00:29:38Z,7.06,90.8
2026-09-03T00:30:38Z,7.07,90.91
2026-09-03T00:31:38Z,7.04,90.47
2026-09-03T00:32:38Z,7.04,90.39
2026-09-03T00:33:38Z,7.06,90.65
2026-09-03T00:34:38Z,7.05,90.5
2026-09-03T00:35:38Z,7.01,89.92
2026-09-03T00:36:38Z,7.03,90.15
2026-09-03T00:37:38Z,7.03,90.15
2026-09-03T00:38:38Z,7.02,89.99
2026-09-03T00:39:38Z,7.01,89.82
2026-09-03T00:40:38Z,7.02,90.01
2026-09-03T00:41:38Z,7.01,89.87
2026-09-03T00:42:38Z,7.03,90.15
2026-09-03T00:43:38Z,7.03,90.3
2026-09-03T00:44:38Z,7,89.69
2026-09-03T00:45:38Z,6.99,89.61
2026-09-03T00:46:38Z,6.99,89.55
2026-09-03T00:47:38Z,6.98,89.46
2026-09-03T00:48:38Z,6.97,89.19
2026-09-03T00:49:38Z,6.99,89.64
2026-09-03T00:50:38Z,6.99,89.64
2026-09-03T00:51:38Z,6.99,89.6
2026-09-03T00:52:38Z,6.98,89.37
2026-09-03T00:53:38Z,6.96,89.09
2026-09-03T00:54:38Z,6.95,88.89
2026-09-03T00:55:38Z,6.95,88.83
2026-09-03T00:56:38Z,6.94,88.66
2026-09-03T00:57:38Z,6.95,88.87
2026-09-03T00:58:38Z,6.96,88.98
2026-09-03T00:59:38Z,6.95,88.93
2026-09-03T01:00:38Z,6.96,88.98
2026-09-03T01:01:38Z,6.94,88.68
2026-09-03T01:02:38Z,6.94,88.65
2026-09-03T01:03:38Z,6.95,88.9
2026-09-03T01:04:38Z,6.94,88.77
2026-09-03T01:05:38Z,6.94,88.72
2026-09-03T01:06:38Z,6.93,88.5
2026-09-03T01:07:38Z,6.93,88.52
2026-09-03T01:08:38Z,6.93,88.57
2026-09-03T01:09:38Z,6.94,88.74
2026-09-03T01:10:38Z,6.94,88.67
2026-09-03T01:11:38Z,6.95,88.86
2026-09-03T01:12:38Z,6.94,88.65
2026-09-03T01:13:38Z,6.91,88.29
2026-09-03T01:14:38Z,6.91,88.13
2026-09-03T01:15:38Z,6.9,88.09
2026-09-03T01:16:38Z,6.91,88.21
2026-09-03T01:17:38Z,6.9,87.99
2026-09-03T01:18:38Z,6.9,88
2026-09-03T01:19:38Z,6.89,87.89
2026-09-03T01:20:38Z,6.88,87.71
2026-09-03T01:21:38Z,6.89,87.95
2026-09-03T01:22:38Z,6.89,87.8
2026-09-03T01:23:38Z,6.9,88.01
2026-09-03T01:24:38Z,6.89,87.81
2026-09-03T01:25:38Z,6.88,87.71
2026-09-03T01:26:38Z,6.87,87.5
2026-09-03T01:27:38Z,6.84,87.08
2026-09-03T01:28:38Z,6.84,87.01
2026-09-03T01:29:38Z,6.83,86.92
2026-09-03T01:30:38Z,6.83,86.83
2026-09-03T01:31:38Z,6.83,86.8
2026-09-03T01:32:38Z,6.83,86.83
2026-09-03T01:33:38Z,6.83,86.9
2026-09-03T01:34:38Z,6.84,87.05
2026-09-03T01:35:38Z,6.84,87.06
2026-09-03T01:36:38Z,6.84,86.98
2026-09-03T01:37:38Z,6.82,86.78
2026-09-03T01:38:38Z,6.83,86.85
2026-09-03T01:39:38Z,6.83,86.86
2026-09-03T01:40:38Z,6.82,86.66
2026-09-03T01:41:38Z,6.82,86.68
2026-09-03T01:42:38Z,6.83,86.87
2026-09-03T01:43:38Z,6.84,87.04
2026-09-03T01:44:38Z,6.85,87.14
2026-09-03T01:45:38Z,6.84,87.04
2026-09-03T01:46:38Z,6.86,87.38
2026-09-03T01:47:38Z,6.85,87.22
2026-09-03T01:48:38Z,6.85,87.22
2026-09-03T01:49:38Z,6.85,87.18
2026-09-03T01:50:38Z,6.84,87.08
2026-09-03T01:51:38Z,6.85,87.18
2026-09-03T01:52:38Z,6.85,87.28
2026-09-03T01:53:38Z,6.86,87.32
2026-09-03T01:54:38Z,6.86,87.36
2026-09-03T01:55:38Z,6.88,87.79
2026-09-03T01:56:38Z,6.89,87.89
2026-09-03T01:57:38Z,6.89,87.93
2026-09-03T01:58:38Z,6.9,88.08
2026-09-03T01:59:38Z,6.87,87.49
2026-09-03T02:00:38Z,6.87,87.56
2026-09-03T02:01:38Z,6.86,87.32
2026-09-03T02:02:38Z,6.87,87.54
2026-09-03T02:03:38Z,6.87,87.62
2026-09-03T02:04:38Z,6.88,87.7
2026-09-03T02:05:38Z,6.88,87.78
2026-09-03T02:06:38Z,6.87,87.5
2026-09-03T02:07:38Z,6.87,87.56
2026-09-03T02:08:38Z,6.87,87.56
2026-09-03T02:09:38Z,6.87,87.54
2026-09-03T02:10:38Z,6.89,87.82
2026-09-03T02:11:38Z,6.89,87.89
2026-09-03T02:12:38Z,6.88,87.65
2026-09-03T02:13:38Z,6.88,87.77
2026-09-03T02:14:38Z,6.86,87.42
2026-09-03T02:15:38Z,6.88,87.65
2026-09-03T02:16:38Z,6.87,87.57
2026-09-03T02:17:38Z,6.87,87.59
2026-09-03T02:18:38Z,6.88,87.77
2026-09-03T02:19:38Z,6.87,87.61
2026-09-03T02:20:38Z,6.85,87.12
2026-09-03T02:21:38Z,6.85,87.17
2026-09-03T02:22:38Z,6.85,87.21
2026-09-03T02:23:38Z,6.85,87.26
2026-09-03T02:24:38Z,6.82,86.67
2026-09-03T02:25:38Z,6.84,87.08
2026-09-03T02:26:38Z,6.81,86.6
2026-09-03T02:27:38Z,6.79,86.26
2026-09-03T02:28:38Z,6.8,86.32
2026-09-03T02:29:38Z,6.79,86.12
2026-09-03T02:30:38Z,6.78,86.01
2026-09-03T02:31:38Z,6.79,86.15
2026-09-03T02:32:38Z,6.78,86
2026-09-03T02:33:38Z,6.8,86.39
2026-09-03T02:34:38Z,6.77,85.87
2026-09-03T02:35:38Z,6.79,86.22
2026-09-03T02:36:38Z,6.77,85.88
2026-09-03T02:37:38Z,6.76,85.67
2026-09-03T02:38:38Z,6.73,85.25
2026-09-03T02:39:38Z,6.72,85
2026-09-03T02:40:38Z,6.73,85.24
2026-09-03T02:41:38Z,6.72,84.98
2026-09-03T02:42:38Z,6.72,84.95
2026-09-03T02:43:38Z,6.75,85.45
2026-09-03T02:44:38Z,6.7,84.73
2026-09-03T02:45:38Z,6.73,85.16
2026-09-03T02:46:38Z,6.69,84.57
2026-09-03T02:47:38Z,6.69,84.56
2026-09-03T02:48:38Z,6.68,84.35
2026-09-03T02:49:38Z,6.68,84.37
2026-09-03T02:50:38Z,6.66,84.05
2026-09-03T02:51:38Z,6.64,83.71
2026-09-03T02:52:38Z,6.65,83.82
2026-09-03T02:53:38Z,6.66,83.99
2026-09-03T02:54:38Z,6.66,83.98
2026-09-03T02:55:38Z,6.67,84.2
2026-09-03T02:56:38Z,6.67,84.16
2026-09-03T02:57:38Z,6.61,83.23
2026-09-03T02:58:38Z,6.6,83.08
2026-09-03T02:59:38Z,6.59,82.79
2026-09-03T03:00:38Z,6.6,83.07
2026-09-03T03:01:38Z,6.58,82.61
2026-09-03T03:02:38Z,6.59,82.91
2026-09-03T03:03:38Z,6.6,82.94
2026-09-03T03:04:38Z,6.57,82.46
2026-09-03T03:05:38Z,6.55,82.08
2026-09-03T03:06:38Z,6.57,82.42
2026-09-03T03:07:38Z,6.54,81.97
2026-09-03T03:08:38Z,6.56,82.36
2026-09-03T03:09:38Z,6.52,81.65
2026-09-03T03:10:38Z,6.49,81.18
2026-09-03T03:11:38Z,6.46,80.59
2026-09-03T03:12:38Z,6.45,80.52
2026-09-03T03:13:38Z,6.45,80.4
2026-09-03T03:14:38Z,6.43,80.22
2026-09-03T03:15:38Z,6.44,80.33
2026-09-03T03:16:38Z,6.41,79.77
2026-09-03T03:17:38Z,6.39,79.45
2026-09-03T03:18:38Z,6.4,79.67
2026-09-03T03:19:38Z,6.38,79.37
2026-09-03T03:20:38Z,6.38,79.27
2026-09-03T03:21:38Z,6.39,79.43
2026-09-03T03:22:38Z,6.38,79.26
2026-09-03T03:23:38Z,6.36,78.95
2026-09-03T03:24:38Z,6.35,78.78
2026-09-03T03:25:38Z,6.36,78.88
2026-09-03T03:26:38Z,6.32,78.33
2026-09-03T03:27:38Z,6.29,77.84
2026-09-03T03:28:38Z,6.34,78.6
2026-09-03T03:29:38Z,6.26,77.21
2026-09-03T03:30:38Z,6.2,76.33
2026-09-03T03:31:38Z,6.19,76.15
2026-09-03T03:32:38Z,6.18,75.98
2026-09-03T03:33:38Z,6.17,75.8
2026-09-03T03:34:38Z,6.21,76.39
2026-09-03T03:35:38Z,6.21,76.42
2026-09-03T03:36:38Z,6.18,76
2026-09-03T03:37:38Z,6.22,76.55
2026-09-03T03:38:38Z,6.21,76.43
2026-09-03T03:39:38Z,6.22,76.65
2026-09-03T03:40:38Z,6.23,76.76
2026-09-03T03:41:38Z,6.2,76.21
2026-09-03T03:42:38Z,6.2,76.32
2026-09-03T03:43:38Z,6.22,76.63
2026-09-03T03:44:38Z,6.2,76.21
2026-09-03T03:45:38Z,6.21,76.46
2026-09-03T03:46:38Z,6.23,76.71
2026-09-03T03:47:38Z,6.2,76.33
2026-09-03T03:48:38Z,6.22,76.67
2026-09-03T03:49:38Z,6.22,76.56
2026-09-03T03:50:38Z,6.25,77.08
2026-09-03T03:51:38Z,6.26,77.26
2026-09-03T03:52:38Z,6.27,77.38
2026-09-03T03:53:38Z,6.27,77.39
2026-09-03T03:54:38Z,6.3,77.9
2026-09-03T03:55:38Z,6.29,77.81
2026-09-03T03:56:38Z,6.31,78.06
2026-09-03T03:57:38Z,6.31,
2026-09-03T04:00:38Z,6.31,78.15
2026-09-03T04:01:38Z,6.32,78.29
2026-09-03T04:02:38Z,6.32,78.27
2026-09-03T04:03:38Z,6.29,77.71
2026-09-03T04:04:38Z,6.29,77.76
2026-09-03T04:05:38Z,6.28,77.65
2026-09-03T04:06:38Z,6.26,77.34
2026-09-03T04:07:38Z,6.24,76.89
2026-09-03T04:08:38Z,6.24,76.87
2026-09-03T04:09:38Z,6.21,76.45
2026-09-03T04:10:38Z,6.19,76.08
2026-09-03T04:11:38Z,6.18,75.88
2026-09-03T04:12:38Z,6.17,75.76
2026-09-03T04:13:38Z,6.14,75.22
2026-09-03T04:14:38Z,6.13,75.1
2026-09-03T04:15:38Z,6.13,75.14
2026-09-03T04:16:38Z,6.14,75.34
2026-09-03T04:17:38Z,6.17,75.81
2026-09-03T04:18:38Z,6.13,75.12
2026-09-03T04:19:38Z,6.14,75.31
2026-09-03T04:20:38Z,6.16,75.65
2026-09-03T04:21:38Z,6.14,75.21
2026-09-03T04:22:38Z,6.16,75.52
2026-09-03T04:23:38Z,6.19,76.04
2026-09-03T04:24:38Z,6.18,75.87
2026-09-03T04:25:38Z,6.18,75.91
2026-09-03T04:26:38Z,6.17,75.69
2026-09-03T04:27:38Z,6.2,76.26
2026-09-03T04:28:38Z,6.14,75.31
2026-09-03T04:29:38Z,6.11,74.71
2026-09-03T04:30:38Z,6.12,74.93
2026-09-03T04:31:38Z,6.06,73.98
2026-09-03T04:32:38Z,6.07,74.16
2026-09-03T04:33:38Z,6.1,74.67
2026-09-03T04:34:38Z,6.11,74.82
2026-09-03T04:35:38Z,6.13,75.1
2026-09-03T04:36:38Z,6.13,75.06
2026-09-03T04:37:38Z,6.12,74.86
2026-09-03T04:38:38Z,6.12,74.85
2026-09-03T04:39:38Z,6.13,75.02
2026-09-03T04:40:38Z,6.1,74.57
2026-09-03T04:41:38Z,6.08,74.33
2026-09-03T04:42:38Z,6.11,74.78
2026-09-03T04:43:38Z,6.09,74.35
2026-09-03T04:44:38Z,6.1,74.58
2026-09-03T04:45:38Z,6.13,75.18
2026-09-03T04:46:38Z,6.15,75.51
2026-09-03T04:47:38Z,6.13,75.16
2026-09-03T04:48:38Z,6.14,75.2
2026-09-03T04:49:38Z,6.11,74.81
2026-09-03T04:50:38Z,6.16,75.61
2026-09-03T04:51:38Z,6.15,75.46
2026-09-03T04:52:38Z,6.16,75.55
2026-09-03T04:53:38Z,6.17,75.81
2026-09-03T04:54:38Z,6.15,75.35
2026-09-03T04:55:38Z,6.14,75.22
2026-09-03T04:56:38Z,6.12,74.86
2026-09-03T04:57:38Z,6.12,74.96
2026-09-03T04:58:38Z,,75.39
2026-09-03T04:59:38Z,6.16,75.63
2026-09-03T05:00:38Z,6.22,76.59
2026-09-03T05:01:38Z,6.23,76.75
2026-09-03T05:02:38Z,6.26,77.26
2026-09-03T05:03:38Z,6.28,77.58
2026-09-03T05:04:38Z,6.29,77.74
2026-09-03T05:05:38Z,6.3,77.96
2026-09-03T05:06:38Z,6.32,78.33
2026-09-03T05:07:38Z,6.33,78.49
2026-09-03T05:08:38Z,6.31,78.08
2026-09-03T05:09:38Z,6.32,78.29
2026-09-03T05:10:38Z,6.34,78.68
2026-09-03T05:11:38Z,6.36,78.95
2026-09-03T05:12:38Z,6.39,79.46
2026-09-03T05:13:38Z,6.45,80.4
2026-09-03T05:14:38Z,6.52,81.72
2026-09-03T05:15:38Z,6.59,82.86
2026-09-03T05:16:38Z,6.65,83.79
2026-09-03T05:17:38Z,6.73,85.16
2026-09-03T05:18:38Z,6.75,85.52
2026-09-03T05:19:38Z,6.8,86.36
2026-09-03T05:20:38Z,6.85,87.18
2026-09-03T05:21:38Z,6.87,87.6
2026-09-03T05:22:38Z,6.89,87.82
2026-09-03T05:23:38Z,6.93,88.55
2026-09-03T05:24:38Z,6.94,88.67
2026-09-03T05:25:38Z,6.93,88.58
2026-09-03T05:26:38Z,6.96,88.98
2026-09-03T05:27:38Z,6.96,89.03
2026-09-03T05:28:38Z,6.98,89.35
2026-09-03T05:29:38Z,7,89.77
2026-09-03T05:30:38Z,7.03,90.16
2026-09-03T05:31:38Z,7.03,90.27
2026-09-03T05:32:38Z,7.06,90.65
2026-09-03T05:33:38Z,7.07,90.82
2026-09-03T05:34:38Z,7.05,90.62
2026-09-03T05:35:38Z,7.07,90.97
2026-09-03T05:36:38Z,7.09,91.19
2026-09-03T05:37:38Z,7.09,91.22
2026-09-03T05:38:38Z,7.1,91.42
2026-09-03T05:39:38Z,7.11,91.5
2026-09-03T05:40:38Z,7.11,91.64
2026-09-03T05:41:38Z,7.11,91.63
2026-09-03T05:42:38Z,7.11,91.52
2026-09-03T05:43:38Z,7.12,91.66
2026-09-03T05:44:38Z,7.12,91.7
2026-09-03T05:45:38Z,7.14,92.06
2026-09-03T05:46:38Z,7.15,92.2
2026-09-03T05:47:38Z,7.14,92.15
2026-09-03T05:48:38Z,7.15,92.23
2026-09-03T05:49:38Z,7.16,92.44
2026-09-03T05:50:38Z,7.18,92.68
2026-09-03T05:51:38Z,7.17,92.56
2026-09-03T05:52:38Z,7.17,92.63
2026-09-03T05:53:38Z,7.17,92.6
2026-09-03T05:54:38Z,7.18,92.72
2026-09-03T05:55:38Z,7.18,92.81
2026-09-03T05:56:38Z,7.18,92.81
2026-09-03T05:57:38Z,7.18,92.75
2026-09-03T05:58:38Z,7.18,
2026-09-03T05:59:38Z,7.17,92.58
2026-09-03T06:00:38Z,7.17,92.62
2026-09-03T06:01:38Z,7.19,92.97
2026-09-03T06:02:38Z,,93.19
2026-09-03T06:03:38Z,7.2,93.16
2026-09-03T06:04:38Z,7.21,93.21
2026-09-03T06:05:38Z,7.21,93.18
2026-09-03T06:06:38Z,7.21,93.19
2026-09-03T06:07:38Z,7.2,93.07
2026-09-03T06:08:38Z,7.2,93.08
2026-09-03T06:09:38Z,7.21,93.23
2026-09-03T06:10:38Z,7.21,93.3
2026-09-03T06:11:38Z,7.18,92.7
2026-09-03T06:12:38Z,7.19,92.88
2026-09-03T06:13:38Z,7.19,92.87
2026-09-03T06:14:38Z,7.17,92.61
2026-09-03T06:15:38Z,7.19,92.87
2026-09-03T06:16:38Z,7.2,93.05
2026-09-03T06:17:38Z,7.18,92.75
2026-09-03T06:18:38Z,7.19,
2026-09-03T06:19:38Z,,93.07
2026-09-03T06:20:38Z,7.2,93.15
2026-09-03T06:21:38Z,7.2,93.03
2026-09-03T06:22:38Z,7.17,92.5
2026-09-03T06:23:38Z,7.18,92.78
2026-09-03T06:24:38Z,7.18,92.69
2026-09-03T06:25:38Z,7.18,92.69
2026-09-03T06:26:38Z,7.18,92.68
2026-09-03T06:27:38Z,7.18,92.83
2026-09-03T06:28:38Z,7.2,93.14
2026-09-03T06:29:38Z,7.2,93.1
2026-09-03T06:30:38Z,7.18,92.79
2026-09-03T06:31:38Z,7.18,92.82
2026-09-03T06:32:38Z,7.17,92.64
2026-09-03T06:33:38Z,7.18,92.72
2026-09-03T06:34:38Z,7.15,92.2
2026-09-03T06:35:38Z,7.16,92.41
2026-09-03T06:36:38Z,7.17,92.51
2026-09-03T06:37:38Z,7.16,92.36
2026-09-03T06:38:38Z,7.16,92.44
2026-09-03T06:39:38Z,7.17,92.66
2026-09-03T06:40:38Z,7.17,92.58
2026-09-03T06:41:38Z,7.16,92.43
2026-09-03T06:42:38Z,7.16,92.45
2026-09-03T06:43:38Z,7.16,92.43
2026-09-03T06:44:38Z,7.15,92.19
2026-09-03T06:45:38Z,7.15,92.32
2026-09-03T06:46:38Z,7.16,92.35
2026-09-03T06:47:38Z,7.16,92.42
2026-09-03T06:48:38Z,7.15,92.32
2026-09-03T06:49:38Z,7.15,92.26
2026-09-03T06:50:38Z,7.13,91.91
2026-09-03T06:51:38Z,7.14,92.07
2026-09-03T06:52:38Z,7.14,92.16
2026-09-03T06:53:38Z,7.17,92.5
2026-09-03T06:54:38Z,7.16,92.34
2026-09-03T06:55:38Z,7.15,92.31
2026-09-03T06:56:38Z,7.16,92.41
2026-09-03T06:57:38Z,7.15,92.31
2026-09-03T06:58:38Z,7.16,92.38
2026-09-03T06:59:38Z,,91.93
2026-09-03T07:00:38Z,7.14,92.07
2026-09-03T07:01:38Z,7.15,
2026-09-03T07:02:38Z,7.15,92.21
2026-09-03T07:03:38Z,7.15,92.23
2026-09-03T07:04:38Z,7.14,92.11
2026-09-03T07:05:38Z,7.17,92.52
2026-09-03T07:06:38Z,7.16,
2026-09-03T07:07:38Z,7.15,92.27
2026-09-03T07:08:38Z,7.15,92.25
2026-09-03T07:09:38Z,,92.4
2026-09-03T07:10:38Z,7.16,92.43
2026-09-03T07:11:38Z,7.15,92.19
2026-09-03T07:12:38Z,7.16,
2026-09-03T07:13:38Z,7.16,92.39
2026-09-03T07:14:38Z,7.16,92.38
2026-09-03T07:15:38Z,,92.54
2026-09-03T07:16:38Z,7.16,92.44
2026-09-03T07:17:38Z,7.17,92.61
2026-09-03T07:18:38Z,7.17,
2026-09-03T07:19:38Z,7.19,92.84
2026-09-03T07:20:38Z,7.19,93
2026-09-03T07:21:38Z,7.2,93.17
2026-09-03T07:22:38Z,7.2,93.04
2026-09-03T07:23:38Z,7.2,
2026-09-03T07:24:38Z,7.2,93.1
2026-09-03T07:25:38Z,7.22,93.37
2026-09-03T07:26:38Z,7.22,93.45
2026-09-03T07:27:38Z,7.21,93.29
2026-09-03T07:28:38Z,7.21,
2026-09-03T07:29:38Z,7.21,93.22
2026-09-03T07:30:38Z,7.21,93.29
2026-09-03T07:31:38Z,,93.36
2026-09-03T07:32:38Z,7.22,93.41
2026-09-03T07:33:38Z,7.22,93.48
2026-09-03T07:34:38Z,7.22,93.48
2026-09-03T07:35:38Z,7.23,93.64
2026-09-03T07:36:38Z,,93.85
2026-09-03T07:37:38Z,7.23,93.66
2026-09-03T07:38:38Z,7.23,93.59
2026-09-03T07:39:38Z,7.22,93.48
2026-09-03T07:40:38Z,7.23,93.56
2026-09-03T07:41:38Z,,93.37
2026-09-03T07:42:38Z,7.22,93.46
2026-09-03T07:43:38Z,7.22,93.46
2026-09-03T07:44:38Z,7.22,93.39
2026-09-03T07:45:38Z,7.21,93.24
2026-09-03T07:46:38Z,7.21,93.24
2026-09-03T07:47:38Z,7.22,93.36
2026-09-03T07:48:38Z,7.22,93.36
2026-09-03T07:49:38Z,7.21,93.29
2026-09-03T07:50:38Z,7.21,93.33
2026-09-03T07:51:38Z,7.21,93.29
2026-09-03T07:52:38Z,7.21,93.25
2026-09-03T07:53:38Z,7.21,93.31
2026-09-03T07:54:38Z,7.21,93.3
2026-09-03T07:55:38Z,7.21,93.23
2026-09-03T07:56:38Z,7.21,93.22
2026-09-03T07:57:38Z,7.2,93.09
2026-09-03T07:58:38Z,7.21,93.31
2026-09-03T07:59:38Z,7.22,
2026-09-03T08:00:38Z,7.22,93.38
2026-09-03T08:01:38Z,,93.15
2026-09-03T08:02:38Z,7.19,92.94
2026-09-03T08:03:38Z,7.19,93
2026-09-03T08:04:38Z,7.19,92.93
2026-09-03T08:05:38Z,7.19,92.87
2026-09-03T08:06:38Z,7.2,93.02
2026-09-03T08:07:38Z,7.2,93.07
2026-09-03T08:08:38Z,7.2,93.03
2026-09-03T08:09:38Z,7.21,93.19
2026-09-03T08:10:38Z,7.2,
2026-09-03T08:11:38Z,7.2,93.02
2026-09-03T08:12:38Z,,93.03
2026-09-03T08:13:38Z,7.19,92.86
2026-09-03T08:14:38Z,7.18,92.8
2026-09-03T08:15:38Z,7.2,
2026-09-03T08:16:38Z,7.2,93.12
2026-09-03T08:17:38Z,,93.03
2026-09-03T08:18:38Z,7.19,92.94
2026-09-03T08:19:38Z,7.19,92.87
2026-09-03T08:20:38Z,7.19,92.87
2026-09-03T08:21:38Z,7.18,
2026-09-03T08:22:38Z,7.19,92.91
2026-09-03T08:23:38Z,,92.9
2026-09-03T08:24:38Z,7.19,92.99
2026-09-03T08:25:38Z,7.19,92.96
2026-09-03T08:26:38Z,7.18,92.72
2026-09-03T08:27:38Z,7.18,
2026-09-03T08:28:38Z,7.19,92.87
2026-09-03T08:29:38Z,7.18,92.72
2026-09-03T08:30:38Z,,92.97
2026-09-03T08:31:38Z,7.19,92.9
2026-09-03T08:32:38Z,7.18,92.82
2026-09-03T08:33:38Z,7.18,
2026-09-03T08:34:38Z,7.18,92.76
2026-09-03T08:35:38Z,7.18,92.7
2026-09-03T08:36:38Z,7.17,92.6
2026-09-03T08:37:38Z,7.17,92.62
2026-09-03T08:38:38Z,7.17,92.53
2026-09-03T08:39:38Z,7.18,
2026-09-03T08:40:38Z,7.18,92.73
2026-09-03T08:41:38Z,,92.52
2026-09-03T08:42:38Z,7.17,92.61
2026-09-03T08:43:38Z,7.18,92.75
2026-09-03T08:44:38Z,7.18,92.67
2026-09-03T08:45:38Z,7.17,
2026-09-03T08:46:38Z,7.17,
2026-09-03T09:00:38Z,,92.49
2026-09-03T09:01:38Z,,92.57
2026-09-03T09:02:38Z,7.17,92.65
2026-09-03T09:03:38Z,7.17,92.55
2026-09-03T09:04:38Z,7.17,92.52
2026-09-03T09:05:38Z,7.16,92.49
2026-09-03T09:06:38Z,7.18,
2026-09-03T09:07:38Z,7.2,93.11
2026-09-03T09:08:38Z,7.19,92.88
2026-09-03T09:09:38Z,7.17,92.59
2026-09-03T09:10:38Z,7.16,92.35
2026-09-03T09:11:38Z,,92.4
2026-09-03T09:12:38Z,7.16,
2026-09-03T09:13:38Z,7.16,92.44
2026-09-03T09:14:38Z,7.16,92.46
2026-09-03T09:15:38Z,7.17,92.64
2026-09-03T09:16:38Z,7.17,92.55
2026-09-03T09:17:38Z,,92.5
2026-09-03T09:18:38Z,7.17,
2026-09-03T09:19:38Z,7.17,92.61
2026-09-03T09:20:38Z,7.16,92.4
2026-09-03T09:21:38Z,7.16,92.48
2026-09-03T09:22:38Z,,92.49
2026-09-03T09:23:38Z,7.16,92.41
2026-09-03T09:24:38Z,7.17,
2026-09-03T09:25:38Z,7.16,92.41
2026-09-03T09:26:38Z,7.16,92.41
2026-09-03T09:27:38Z,7.17,92.66
2026-09-03T09:28:38Z,,92.53
2026-09-03T09:29:38Z,7.17,92.53
2026-09-03T09:30:38Z,7.18,
2026-09-03T09:31:38Z,7.18,
2026-09-03T09:32:38Z,7.17,92.56
2026-09-03T09:33:38Z,7.18,92.75
2026-09-03T09:34:38Z,,92.8
2026-09-03T09:35:38Z,7.17,92.59
2026-09-03T09:36:38Z,7.18,
2026-09-03T09:37:38Z,7.18,92.74
2026-09-03T09:38:38Z,7.16,92.45
2026-09-03T09:39:38Z,7.16,92.45
2026-09-03T09:40:38Z,,92.5
2026-09-03T09:41:38Z,7.16,92.48
2026-09-03T09:42:38Z,7.17,
2026-09-03T09:43:38Z,7.16,92.48
2026-09-03T09:44:38Z,7.16,92.43
2026-09-03T09:45:38Z,7.18,92.73
2026-09-03T09:46:38Z,,92.69
2026-09-03T09:47:38Z,7.17,92.52
2026-09-03T09:48:38Z,7.17,
2026-09-03T09:49:38Z,7.18,92.83
2026-09-03T09:50:38Z,7.18,92.82
2026-09-03T09:51:38Z,7.18,92.74
2026-09-03T09:52:38Z,,92.94
2026-09-03T09:53:38Z,,92.92
2026-09-03T09:54:38Z,7.19,
2026-09-03T09:55:38Z,7.18,
2026-09-03T09:56:38Z,7.17,92.62
2026-09-03T09:57:38Z,7.18,92.71
2026-09-03T09:58:38Z,7.19,92.94
2026-09-03T09:59:38Z,,92.82
2026-09-03T10:00:38Z,,92.74
2026-09-03T10:01:38Z,7.18,
2026-09-03T10:02:38Z,7.17,
2026-09-03T10:03:38Z,7.18,92.76
2026-09-03T10:04:38Z,7.18,92.74
2026-09-03T10:05:38Z,7.18,92.69
2026-09-03T10:06:38Z,,92.77
2026-09-03T10:07:38Z,7.19,92.84
2026-09-03T10:08:38Z,7.19,
2026-09-03T10:09:38Z,7.18,
2026-09-03T10:10:38Z,7.17,92.61
2026-09-03T10:11:38Z,7.17,92.64
2026-09-03T10:12:38Z,,92.62
2026-09-03T10:13:38Z,,92.67
2026-09-03T10:14:38Z,7.18,92.69
2026-09-03T10:15:38Z,7.18,
2026-09-03T10:16:38Z,7.17,92.61
2026-09-03T10:17:38Z,7.16,92.48
2026-09-03T10:18:38Z,7.16,92.45
2026-09-03T10:19:38Z,7.16,92.36
2026-09-03T10:20:38Z,,92.28
2026-09-03T10:21:38Z,7.15,
2026-09-03T10:22:38Z,7.15,92.3
2026-09-03T10:23:38Z,7.13,91.97
2026-09-03T10:24:38Z,7.14,92.1
2026-09-03T10:25:38Z,7.14,92.03
2026-09-03T10:26:38Z,,91.96
2026-09-03T10:27:38Z,7.12,
2026-09-03T10:28:38Z,7.12,
2026-09-03T10:29:38Z,7.11,91.5
2026-09-03T10:30:38Z,7.11,91.52
2026-09-03T10:31:38Z,7.1,91.39
2026-09-03T10:32:38Z,7.1,91.43
2026-09-03T10:33:38Z,7.1,91.38
2026-09-03T10:34:38Z,7.09,91.23
2026-09-03T10:36:38Z,,91.18
2026-09-03T10:37:38Z,7.08,91.12
2026-09-03T10:38:38Z,7.09,91.26
2026-09-03T10:39:38Z,7.08,91.15
2026-09-03T10:40:38Z,7.09,91.25
2026-09-03T10:41:38Z,7.08,
2026-09-03T10:42:38Z,,91.01
2026-09-03T10:43:38Z,7.08,91
2026-09-03T10:44:38Z,7.08,91.05
2026-09-03T10:45:38Z,7.1,91.37
2026-09-03T10:46:38Z,7.08,91.12
2026-09-03T10:47:38Z,7.07,
2026-09-03T10:48:38Z,,90.93
2026-09-03T10:49:38Z,7.07,90.95
2026-09-03T10:50:38Z,7.07,90.9
2026-09-03T10:51:38Z,7.07,90.83
2026-09-03T10:52:38Z,7.07,
2026-09-03T10:53:38Z,7.06,
2026-09-03T10:54:38Z,,90.9
2026-09-03T10:55:38Z,,90.84
2026-09-03T10:56:38Z,7.07,90.89
2026-09-03T10:57:38Z,7.07,90.94
2026-09-03T10:58:38Z,7.07,90.91
2026-09-03T10:59:38Z,7.05,90.56
2026-09-03T11:00:38Z,7.06,90.7
2026-09-03T11:01:38Z,7.06,90.81
2026-09-03T11:02:38Z,7.05,90.55
2026-09-03T11:03:38Z,,90.56
2026-09-03T11:04:38Z,7.04,
2026-09-03T11:05:38Z,7.05,90.5
2026-09-03T11:06:38Z,7.05,90.53
2026-09-03T11:07:38Z,7.03,90.3
2026-09-03T11:08:38Z,7.04,90.39
2026-09-03T11:09:38Z,,90.49
2026-09-03T11:10:38Z,7.05,
2026-09-03T11:11:38Z,7.05,
2026-09-03T11:12:38Z,7.04,90.39
2026-09-03T11:13:38Z,7.04,90.38
2026-09-03T11:14:38Z,7.04,90.33
2026-09-03T11:15:38Z,7.04,90.41
2026-09-03T11:16:38Z,7.04,90.4
2026-09-03T11:17:38Z,7.04,90.44
2026-09-03T11:19:38Z,,90.39
2026-09-03T11:20:38Z,7.04,90.38
2026-09-03T11:21:38Z,7.04,90.37
2026-09-03T11:22:38Z,7.03,90.28
2026-09-03T11:23:38Z,7.04,90.45
2026-09-03T11:24:38Z,7.04,
2026-09-03T11:26:38Z,,90.18
2026-09-03T11:27:38Z,7.03,90.19
2026-09-03T11:28:38Z,7.03,90.26
2026-09-03T11:29:38Z,7.03,90.18
2026-09-03T11:30:38Z,7.03,90.15
2026-09-03T11:31:38Z,7.03,
2026-09-03T11:32:38Z,,90.09
2026-09-03T11:33:38Z,7.02,90.06
2026-09-03T11:34:38Z,7.02,90.12
2026-09-03T11:35:38Z,7.03,90.19
2026-09-03T11:36:38Z,7.03,90.21
2026-09-03T11:37:38Z,7.02,
2026-09-03T11:39:38Z,,90.25
2026-09-03T11:40:38Z,7.03,90.16
2026-09-03T11:41:38Z,7.02,90.07
2026-09-03T11:42:38Z,7.02,90.05
2026-09-03T11:43:38Z,7.03,90.25
2026-09-03T11:44:38Z,7.03,
2026-09-03T11:45:38Z,,90.18
2026-09-03T11:46:38Z,7.04,90.33
2026-09-03T11:47:38Z,7.03,90.15
2026-09-03T11:48:38Z,7.03,90.22
2026-09-03T11:49:38Z,7.03,90.21
2026-09-03T11:50:38Z,7.04,
2026-09-03T11:51:38Z,,90.4
2026-09-03T11:52:38Z,7.03,90.25
2026-09-03T11:53:38Z,7.03,90.23
2026-09-03T11:54:38Z,7.03,90.25
2026-09-03T11:55:38Z,7.03,90.29
2026-09-03T11:56:38Z,7.04,
2026-09-03T11:59:38Z,7.05,90.54
2026-09-03T12:00:38Z,7.04,90.47
2026-09-03T12:01:38Z,7.05,90.5
2026-09-03T12:02:38Z,7.05,90.59
2026-09-03T12:03:38Z,7.06,
2026-09-03T12:04:38Z,,90.57
2026-09-03T12:05:38Z,7.07,90.87
2026-09-03T12:06:38Z,7.06,90.81
2026-09-03T12:07:38Z,7.07,90.88
2026-09-03T12:08:38Z,7.07,90.9
2026-09-03T12:09:38Z,7.06,
2026-09-03T12:10:38Z,,90.78
2026-09-03T12:11:38Z,7.04,90.47
2026-09-03T12:12:38Z,7.06,90.73
2026-09-03T12:13:38Z,7.06,90.78
2026-09-03T12:14:38Z,7.06,90.72
2026-09-03T12:15:38Z,7.07,
2026-09-03T12:16:38Z,,90.99
2026-09-03T12:17:38Z,7.08,91.08
2026-09-03T12:18:38Z,7.08,91.1
2026-09-03T12:19:38Z,7.08,91.12
2026-09-03T12:20:38Z,7.09,91.17
2026-09-03T12:21:38Z,7.09,
2026-09-03T12:23:38Z,,91.42
2026-09-03T12:24:38Z,7.1,91.38
2026-09-03T12:25:38Z,7.1,91.44
2026-09-03T12:26:38Z,7.1,91.35
2026-09-03T12:27:38Z,7.1,
2026-09-03T12:29:38Z,,91.63
2026-09-03T12:30:38Z,7.1,91.45
2026-09-03T12:31:38Z,7.1,91.47
2026-09-03T12:32:38Z,7.11,91.59
2026-09-03T12:33:38Z,7.11,
2026-09-03T12:34:38Z,7.11,91.54
2026-09-03T12:35:38Z,7.1,91.43
2026-09-03T12:36:38Z,7.1,91.43
2026-09-03T12:37:38Z,7.1,91.41
2026-09-03T12:38:38Z,7.11,91.62
2026-09-03T12:39:38Z,7.11,
2026-09-03T12:40:38Z,,91.46
2026-09-03T12:41:38Z,7.1,91.37
2026-09-03T12:42:38Z,7.1,91.44
2026-09-03T12:43:38Z,7.11,91.61
2026-09-03T12:44:38Z,7.11,91.59
2026-09-03T12:45:38Z,,91.66
2026-09-03T12:46:38Z,7.12,91.66
2026-09-03T12:47:38Z,7.1,91.44
2026-09-03T12:48:38Z,7.09,91.29
2026-09-03T12:49:38Z,7.09,91.23
2026-09-03T12:51:38Z,7.09,91.25
2026-09-03T12:52:38Z,7.09,91.24
2026-09-03T12:53:38Z,7.09,91.2
2026-09-03T12:54:38Z,7.09,91.27
2026-09-03T12:55:38Z,7.09,91.24
2026-09-03T12:57:38Z,7.09,91.18
2026-09-03T12:58:38Z,7.1,91.39
2026-09-03T12:59:38Z,7.09,91.32
2026-09-03T13:00:38Z,7.1,91.46
2026-09-03T13:01:38Z,7.11,91.52
2026-09-03T13:03:38Z,7.1,91.49
2026-09-03T13:04:38Z,7.1,91.37
2026-09-03T13:05:38Z,7.1,91.38
2026-09-03T13:06:38Z,7.1,91.41
2026-09-03T13:07:38Z,7.1,91.37
2026-09-03T13:09:38Z,7.1,91.47
2026-09-03T13:10:38Z,7.11,91.52
2026-09-03T13:11:38Z,7.1,91.47
2026-09-03T13:12:38Z,7.1,91.38
2026-09-03T13:13:38Z,7.1,91.49
2026-09-03T13:14:38Z,7.1,91.39
2026-09-03T13:16:38Z,7.11,91.5
2026-09-03T13:17:38Z,7.1,91.44
2026-09-03T13:18:38Z,7.1,91.4
2026-09-03T13:19:38Z,7.1,91.37
2026-09-03T13:20:38Z,7.1,91.44
2026-09-03T13:22:38Z,7.09,91.27
2026-09-03T13:23:38Z,7.09,91.26
2026-09-03T13:24:38Z,7.08,91.14
2026-09-03T13:25:38Z,7.09,91.23
2026-09-03T13:26:38Z,7.09,91.23
2026-09-03T13:28:38Z,7.08,91.14
2026-09-03T13:29:38Z,7.08,91.07
2026-09-03T13:30:38Z,7.08,90.99
2026-09-03T13:31:38Z,7.08,91.04
2026-09-03T13:32:38Z,7.08,91.05
2026-09-03T13:34:38Z,7.08,91.14
2026-09-03T13:35:38Z,7.08,91.05
2026-09-03T13:36:38Z,7.08,91.05
2026-09-03T13:37:38Z,7.08,91.04
2026-09-03T13:38:38Z,7.09,91.16
2026-09-03T13:40:38Z,7.08,91.09
2026-09-03T13:41:38Z,7.08,91.09
2026-09-03T13:42:38Z,7.09,91.17
2026-09-03T13:43:38Z,7.11,91.53
2026-09-03T13:44:38Z,7.1,91.36
2026-09-03T13:46:38Z,7.08,91.01
2026-09-03T13:47:38Z,7.08,91.04
2026-09-03T13:48:38Z,7.08,91.01
2026-09-03T13:49:38Z,7.08,91.05
2026-09-03T13:50:38Z,7.09,91.18
2026-09-03T13:52:38Z,7.08,91.11
2026-09-03T13:53:38Z,7.09,91.2
2026-09-03T13:54:38Z,7.09,91.18
2026-09-03T13:55:38Z,7.08,91.15
2026-09-03T13:56:38Z,7.09,91.17
2026-09-03T13:58:38Z,,91.08
2026-09-03T13:59:38Z,7.08,91.09
2026-09-03T14:00:38Z,7.07,90.98
2026-09-03T14:01:38Z,7.07,90.94
2026-09-03T14:02:38Z,7.08,91.01
2026-09-03T14:03:38Z,7.07,
2026-09-03T14:05:38Z,7.08,91.05
2026-09-03T14:06:38Z,7.07,90.97
2026-09-03T14:07:38Z,7.06,90.79
2026-09-03T14:08:38Z,7.07,90.9
2026-09-03T14:09:38Z,7.06,90.8
2026-09-03T14:11:38Z,7.06,90.75
2026-09-03T14:12:38Z,7.06,90.73
2026-09-03T14:13:38Z,7.07,90.91
2026-09-03T14:14:38Z,7.07,90.97
2026-09-03T14:15:38Z,7.08,
2026-09-03T14:16:38Z,,91.15
2026-09-03T14:17:38Z,7.08,91.13
2026-09-03T14:18:38Z,7.09,91.18
2026-09-03T14:19:38Z,7.09,91.22
2026-09-03T14:20:38Z,7.1,91.33
2026-09-03T14:21:38Z,7.1,
2026-09-03T14:23:38Z,,91.34
2026-09-03T14:24:38Z,7.1,91.36
2026-09-03T14:25:38Z,7.1,91.43
2026-09-03T14:26:38Z,7.1,91.39
2026-09-03T14:27:38Z,7.1,
2026-09-03T14:29:38Z,,91.48
2026-09-03T14:30:38Z,,91.48
2026-09-03T14:31:38Z,7.11,91.5
2026-09-03T14:32:38Z,7.11,91.54
2026-09-03T14:33:38Z,7.11,91.51
2026-09-03T14:34:38Z,7.1,91.36
2026-09-03T14:35:38Z,,91.43
2026-09-03T14:36:38Z,7.1,91.42
2026-09-03T14:37:38Z,7.1,91.44
2026-09-03T14:38:38Z,7.1,91.46
2026-09-03T14:39:38Z,7.11,91.55
2026-09-03T14:41:38Z,7.11,91.61
2026-09-03T14:42:38Z,7.11,91.53
2026-09-03T14:43:38Z,7.11,91.52
2026-09-03T14:44:38Z,7.11,91.5
2026-09-03T14:45:38Z,7.1,91.39
2026-09-03T14:46:38Z,7.1,91.43
2026-09-03T14:47:38Z,7.1,91.38
2026-09-03T14:48:38Z,7.1,91.4
2026-09-03T14:49:38Z,7.1,91.44
2026-09-03T14:50:38Z,7.11,91.52
2026-09-03T14:51:38Z,,91.55
2026-09-03T14:52:38Z,7.11,
2026-09-03T14:53:38Z,7.12,91.73
2026-09-03T14:54:38Z,7.11,91.57
2026-09-03T14:55:38Z,7.11,91.63
2026-09-03T14:56:38Z,7.11,91.5
2026-09-03T14:59:38Z,7.1,91.41
2026-09-03T15:00:38Z,7.11,91.63
2026-09-03T15:01:38Z,7.11,91.64
2026-09-03T15:02:38Z,7.11,91.63
2026-09-03T15:03:38Z,7.12,91.69
2026-09-03T15:05:38Z,7.13,91.89
2026-09-03T15:06:38Z,7.12,91.81
2026-09-03T15:07:38Z,7.12,91.81
2026-09-03T15:08:38Z,7.12,91.79
2026-09-03T15:09:38Z,7.12,91.8
2026-09-03T15:12:38Z,7.11,91.56
2026-09-03T15:13:38Z,7.11,91.62
2026-09-03T15:14:38Z,7.11,91.65
2026-09-03T15:15:38Z,7.11,91.62
2026-09-03T15:17:38Z,7.11,91.5
2026-09-03T15:18:38Z,7.11,91.52
2026-09-03T15:19:38Z,7.1,91.45
2026-09-03T15:20:38Z,7.1,91.4
2026-09-03T15:21:38Z,7.1,91.4
2026-09-03T15:23:38Z,7.1,91.38
2026-09-03T15:24:38Z,7.09,91.31
2026-09-03T15:25:38Z,7.1,91.34
2026-09-03T15:26:38Z,7.09,91.32
2026-09-03T15:27:38Z,7.09,91.25
2026-09-03T15:29:38Z,7.09,91.31
2026-09-03T15:30:38Z,7.09,91.2
2026-09-03T15:31:38Z,7.09,91.22
2026-09-03T15:32:38Z,7.09,91.23
2026-09-03T15:33:38Z,7.09,91.27
2026-09-03T15:36:38Z,7.09,91.21
2026-09-03T15:37:38Z,7.09,91.25
2026-09-03T15:38:38Z,7.09,91.19
2026-09-03T15:39:38Z,7.09,91.24
2026-09-03T15:41:38Z,7.09,91.26
2026-09-03T15:42:38Z,7.09,91.17
2026-09-03T15:43:38Z,7.08,91.13
2026-09-03T15:44:38Z,7.08,91.15
2026-09-03T15:45:38Z,7.09,91.26
2026-09-03T15:46:38Z,7.09,
2026-09-03T15:47:38Z,7.1,91.33
2026-09-03T15:48:38Z,7.1,91.36
2026-09-03T15:49:38Z,7.09,91.29
2026-09-03T15:50:38Z,7.09,91.31
2026-09-03T15:51:38Z,7.09,91.31
2026-09-03T15:53:38Z,7.09,91.21
2026-09-03T15:54:38Z,7.1,91.34
2026-09-03T15:55:38Z,7.09,91.27
2026-09-03T15:56:38Z,7.09,91.3
2026-09-03T15:57:38Z,,91.26
2026-09-03T16:00:38Z,7.08,91.15
2026-09-03T16:01:38Z,7.09,91.25
2026-09-03T16:02:38Z,7.09,91.22
2026-09-03T16:03:38Z,7.09,91.31
2026-09-03T16:04:38Z,7.09,91.3
2026-09-03T16:06:38Z,7.1,91.36
2026-09-03T16:07:38Z,7.1,91.38
2026-09-03T16:08:38Z,7.1,91.33
2026-09-03T16:09:38Z,7.1,91.38
2026-09-03T16:10:38Z,7.1,91.39
2026-09-03T16:12:38Z,7.1,91.35
2026-09-03T16:13:38Z,7.1,91.36
2026-09-03T16:14:38Z,7.09,91.31
2026-09-03T16:15:38Z,7.1,91.36
2026-09-03T16:16:38Z,7.1,91.34
2026-09-03T16:19:38Z,7.09,
2026-09-03T16:20:38Z,7.08,91.15
2026-09-03T16:21:38Z,7.09,91.2
2026-09-03T16:22:38Z,7.08,91.09
2026-09-03T16:23:38Z,7.07,90.96
2026-09-03T16:26:38Z,7.06,90.68
2026-09-03T16:27:38Z,7.04,90.47
2026-09-03T16:28:38Z,7.04,90.42
2026-09-03T16:29:38Z,7.04,90.36
2026-09-03T16:32:38Z,7.03,90.24
2026-09-03T16:33:38Z,7.02,90.14
2026-09-03T16:34:38Z,7.02,90.07
2026-09-03T16:35:38Z,7.02,90.01
2026-09-03T16:36:38Z,7.01,89.95
2026-09-03T16:38:38Z,7.01,89.9
2026-09-03T16:39:38Z,7.01,89.88
2026-09-03T16:40:38Z,7.01,89.81
2026-09-03T16:41:38Z,7.01,89.89
2026-09-03T16:42:38Z,7.01,89.89
2026-09-03T16:44:38Z,7.01,89.92
2026-09-03T16:45:38Z,7.01,89.92
2026-09-03T16:46:38Z,7.01,89.97
2026-09-03T16:47:38Z,7.02,89.99
2026-09-03T16:48:38Z,7.01,89.96
2026-09-03T16:50:38Z,7.02,89.98
2026-09-03T16:51:38Z,7.01,89.91
2026-09-03T16:52:38Z,7.01,89.92
2026-09-03T16:53:38Z,7.01,89.89
2026-09-03T16:54:38Z,7.01,89.86
2026-09-03T16:57:38Z,7.02,90.05
2026-09-03T16:58:38Z,7.02,89.99
2026-09-03T16:59:38Z,7.01,89.96
2026-09-03T17:00:38Z,7.01,89.83
2026-09-03T17:01:38Z,7.01,89.91
2026-09-03T17:04:38Z,7.01,89.83
2026-09-03T17:05:38Z,7.01,89.89
2026-09-03T17:06:38Z,7.01,89.94
2026-09-03T17:07:38Z,7.02,90
2026-09-03T17:09:38Z,7.03,
2026-09-03T17:10:38Z,7.02,90.13
2026-09-03T17:11:38Z,7.02,90.14
2026-09-03T17:12:38Z,7.03,90.24
2026-09-03T17:13:38Z,7.04,90.32
2026-09-03T17:14:38Z,,90.21
2026-09-03T17:15:38Z,7.02,90.14
2026-09-03T17:16:38Z,7.02,90.11
2026-09-03T17:17:38Z,7.02,90.08
2026-09-03T17:18:38Z,7.03,90.18
2026-09-03T17:19:38Z,7.03,90.15
2026-09-03T17:22:38Z,7.03,90.18
2026-09-03T17:23:38Z,7.03,90.25
2026-09-03T17:24:38Z,7.03,90.29
2026-09-03T17:25:38Z,7.03,90.29
2026-09-03T17:26:38Z,7.04,90.34
2026-09-03T17:29:38Z,7.05,90.52
2026-09-03T17:30:38Z,7.05,90.63
2026-09-03T17:31:38Z,7.06,90.65
2026-09-03T17:32:38Z,7.05,90.64
2026-09-03T17:33:38Z,7.06,90.66
2026-09-03T17:34:38Z,7.05,90.52
2026-09-03T17:36:38Z,7.06,90.72
2026-09-03T17:37:38Z,7.06,90.69
2026-09-03T17:38:38Z,7.06,90.75
2026-09-03T17:39:38Z,7.07,90.83
2026-09-03T17:40:38Z,7.06,90.8
2026-09-03T17:43:38Z,7.07,90.87
2026-09-03T17:44:38Z,7.07,90.94
2026-09-03T17:45:38Z,7.06,90.79
2026-09-03T17:46:38Z,7.06,90.74
2026-09-03T17:47:38Z,7.06,90.7
2026-09-03T17:51:38Z,7.07,90.87
2026-09-03T17:52:38Z,7.07,90.89
2026-09-03T17:53:38Z,7.07,90.94
2026-09-03T17:54:38Z,7.07,90.98
2026-09-03T17:55:38Z,7.07,90.97
2026-09-03T17:59:38Z,7.08,91.12
2026-09-03T18:00:38Z,7.08,91.14
2026-09-03T18:01:38Z,7.09,91.18
2026-09-03T18:02:38Z,7.09,91.2
2026-09-03T18:03:38Z,7.09,91.18
2026-09-03T18:06:38Z,7.09,91.22
2026-09-03T18:07:38Z,7.09,91.27
2026-09-03T18:08:38Z,7.09,91.29
2026-09-03T18:09:38Z,7.08,91.15
2026-09-03T18:10:38Z,7.09,91.17
2026-09-03T18:13:38Z,7.09,91.32
2026-09-03T18:14:38Z,7.1,91.34
2026-09-03T18:15:38Z,7.1,91.36
2026-09-03T18:16:38Z,7.1,91.36
2026-09-03T18:18:38Z,7.1,91.38
2026-09-03T18:19:38Z,7.1,91.42
2026-09-03T18:20:38Z,7.1,91.44
2026-09-03T18:21:38Z,7.1,91.46
2026-09-03T18:22:38Z,7.1,91.47
2026-09-03T18:24:38Z,7.11,91.53
2026-09-03T18:25:38Z,7.1,91.48
2026-09-03T18:26:38Z,7.1,91.48
2026-09-03T18:27:38Z,7.1,91.48
2026-09-03T18:28:38Z,7.1,91.39
2026-09-03T18:29:38Z,7.1,
2026-09-03T18:31:38Z,7.1,91.41
2026-09-03T18:32:38Z,7.1,91.39
2026-09-03T18:33:38Z,7.1,91.45
2026-09-03T18:34:38Z,7.1,91.46
2026-09-03T18:35:38Z,7.11,91.55
2026-09-03T18:37:38Z,7.11,91.62
2026-09-03T18:38:38Z,7.11,91.58
2026-09-03T18:39:38Z,7.11,91.62
2026-09-03T18:40:38Z,7.11,91.6
2026-09-03T18:41:38Z,7.11,91.65
2026-09-03T18:43:38Z,7.11,91.62
2026-09-03T18:44:38Z,7.11,91.62
2026-09-03T18:45:38Z,7.11,91.63
2026-09-03T18:46:38Z,7.11,91.58
2026-09-03T18:47:38Z,7.11,91.51
2026-09-03T18:49:38Z,7.11,91.61
2026-09-03T18:50:38Z,7.11,91.5
2026-09-03T18:51:38Z,7.1,91.41
2026-09-03T18:52:38Z,7.1,91.44
2026-09-03T18:53:38Z,7.11,91.53
2026-09-03T18:56:38Z,7.11,91.61
2026-09-03T18:57:38Z,7.11,91.58
2026-09-03T18:58:38Z,7.11,91.51
2026-09-03T18:59:38Z,7.11,91.55
2026-09-03T19:00:38Z,7.11,91.61
2026-09-03T19:03:38Z,7.11,91.65
2026-09-03T19:04:38Z,7.11,91.64
2026-09-03T19:05:38Z,7.12,91.69
2026-09-03T19:06:38Z,7.11,91.59
2026-09-03T19:07:38Z,7.11,91.54
2026-09-03T19:10:38Z,7.11,91.65
2026-09-03T19:11:38Z,7.12,91.67
2026-09-03T19:12:38Z,7.12,91.74
2026-09-03T19:13:38Z,7.12,91.77
2026-09-03T19:14:38Z,7.12,91.68
2026-09-03T19:17:38Z,7.12,91.75
2026-09-03T19:18:38Z,7.12,91.75
2026-09-03T19:19:38Z,7.12,91.75
2026-09-03T19:20:38Z,7.12,91.68
2026-09-03T19:21:38Z,7.11,91.6
2026-09-03T19:23:38Z,,91.55
2026-09-03T19:24:38Z,7.11,91.58
2026-09-03T19:25:38Z,7.11,91.63
2026-09-03T19:26:38Z,7.11,91.62
2026-09-03T19:27:38Z,7.11,91.61
2026-09-03T19:30:38Z,7.11,91.64
2026-09-03T19:31:38Z,7.11,91.62
2026-09-03T19:32:38Z,7.11,91.57
2026-09-03T19:33:38Z,7.11,91.54
2026-09-03T19:34:38Z,7.1,91.49
2026-09-03T19:35:38Z,7.1,91.42
2026-09-03T19:36:38Z,7.09,91.25
2026-09-03T19:38:38Z,7.09,91.18
2026-09-03T19:39:38Z,7.09,91.22
2026-09-03T19:40:38Z,7.08,91.12
2026-09-03T19:41:38Z,7.09,91.17
2026-09-03T19:42:38Z,7.09,
2026-09-03T19:43:38Z,7.09,91.19
2026-09-03T19:44:38Z,7.09,91.26
2026-09-03T19:45:38Z,7.09,91.31
2026-09-03T19:46:38Z,7.1,91.36
2026-09-03T19:47:38Z,7.1,91.44
2026-09-03T19:49:38Z,7.1,91.34
2026-09-03T19:50:38Z,7.1,91.36
2026-09-03T19:51:38Z,7.1,91.35
2026-09-03T19:52:38Z,7.1,91.34
2026-09-03T19:53:38Z,7.1,91.37
2026-09-03T19:55:38Z,7.09,91.29
2026-09-03T19:56:38Z,7.1,91.38
2026-09-03T19:57:38Z,7.1,91.37
2026-09-03T19:58:38Z,7.1,91.39
2026-09-03T19:59:38Z,7.1,91.41
2026-09-03T20:00:38Z,7.1,
2026-09-03T20:02:38Z,,91.29
2026-09-03T20:03:38Z,7.1,91.37
2026-09-03T20:04:38Z,7.1,91.36
2026-09-03T20:05:38Z,7.1,91.45
2026-09-03T20:06:38Z,7.1,91.37
2026-09-03T20:08:38Z,7.1,91.36
2026-09-03T20:09:38Z,7.1,91.38
2026-09-03T20:10:38Z,7.09,91.3
2026-09-03T20:11:38Z,7.09,91.31
2026-09-03T20:12:38Z,7.09,91.28
2026-09-03T20:14:38Z,7.09,91.28
2026-09-03T20:15:38Z,7.1,91.34
2026-09-03T20:16:38Z,7.1,91.38
2026-09-03T20:17:38Z,7.1,91.42
2026-09-03T20:18:38Z,7.1,91.37
2026-09-03T20:21:38Z,7.1,91.4
2026-09-03T20:22:38Z,7.11,91.59
2026-09-03T20:23:38Z,7.11,91.61
2026-09-03T20:24:38Z,7.11,91.62
2026-09-03T20:25:38Z,7.11,91.56
2026-09-03T20:27:38Z,7.1,91.49
2026-09-03T20:28:38Z,7.11,91.53
2026-09-03T20:29:38Z,7.11,91.51
2026-09-03T20:30:38Z,7.11,91.53
2026-09-03T20:31:38Z,7.11,
2026-09-03T20:32:38Z,7.11,91.53
2026-09-03T20:33:38Z,7.11,91.5
2026-09-03T20:34:38Z,7.1,91.48
2026-09-03T20:35:38Z,7.11,91.51
2026-09-03T20:36:38Z,7.11,91.54
2026-09-03T20:38:38Z,7.11,91.5
2026-09-03T20:39:38Z,7.11,91.58
2026-09-03T20:40:38Z,7.11,91.56
2026-09-03T20:41:38Z,7.11,91.5
2026-09-03T20:42:38Z,7.1,
2026-09-03T20:43:38Z,,91.47
2026-09-03T20:44:38Z,7.1,91.49
2026-09-03T20:45:38Z,7.1,91.46
2026-09-03T20:46:38Z,7.1,91.39
2026-09-03T20:47:38Z,7.1,91.43
2026-09-03T20:48:38Z,7.1,91.45
2026-09-03T20:49:38Z,7.1,91.4
2026-09-03T20:50:38Z,7.1,91.41
2026-09-03T20:51:38Z,7.1,91.43
2026-09-03T20:52:38Z,7.1,
2026-09-03T20:53:38Z,,91.41
2026-09-03T20:54:38Z,7.1,91.44
2026-09-03T20:55:38Z,7.11,91.5
2026-09-03T20:56:38Z,7.11,91.5
2026-09-03T20:57:38Z,7.11,
2026-09-03T20:58:38Z,,91.59
2026-09-03T20:59:38Z,,91.68
2026-09-03T21:00:38Z,7.11,91.62
2026-09-03T21:01:38Z,7.1,91.48
2026-09-03T21:02:38Z,7.1,91.47
2026-09-03T21:03:38Z,7.1,
2026-09-03T21:04:38Z,7.1,91.43
2026-09-03T21:05:38Z,,91.47
2026-09-03T21:06:38Z,7.11,91.52
2026-09-03T21:07:38Z,7.1,91.42
2026-09-03T21:08:38Z,7.11,91.5
2026-09-03T21:09:38Z,7.11,
2026-09-03T21:10:38Z,7.1,91.42
2026-09-03T21:11:38Z,,91.45
2026-09-03T21:12:38Z,7.1,91.48
2026-09-03T21:13:38Z,7.1,91.46
2026-09-03T21:14:38Z,7.1,91.43
2026-09-03T21:15:38Z,7.1,
2026-09-03T21:16:38Z,7.1,91.37
2026-09-03T21:17:38Z,,91.41
2026-09-03T21:18:38Z,7.1,91.49
2026-09-03T21:19:38Z,7.11,91.53
2026-09-03T21:20:38Z,7.11,91.51
2026-09-03T21:21:38Z,7.1,
2026-09-03T21:22:38Z,7.11,
2026-09-03T21:23:38Z,,91.54
2026-09-03T21:24:38Z,7.1,91.47
2026-09-03T21:25:38Z,7.11,91.52
2026-09-03T21:26:38Z,7.11,91.53
2026-09-03T21:27:38Z,7.1,
2026-09-03T21:28:38Z,7.1,
2026-09-03T21:29:38Z,,91.46
2026-09-03T21:30:38Z,,91.48
2026-09-03T21:31:38Z,7.1,91.47
2026-09-03T21:32:38Z,7.1,91.36
2026-09-03T21:33:38Z,7.1,
2026-09-03T21:34:38Z,7.09,91.31
2026-09-03T21:35:38Z,7.1,91.33
2026-09-03T21:36:38Z,7.1,91.36
2026-09-03T21:37:38Z,7.1,91.41
2026-09-03T21:38:38Z,7.11,91.55
2026-09-03T21:39:38Z,7.11,
2026-09-03T21:40:38Z,7.11,91.55
2026-09-03T21:41:38Z,,91.69
2026-09-03T21:42:38Z,7.11,91.6
2026-09-03T21:43:38Z,7.12,91.69
2026-09-03T21:44:38Z,7.12,91.67
2026-09-03T21:45:38Z,7.12,
2026-09-03T21:46:38Z,7.12,91.76
2026-09-03T21:47:38Z,,91.79
2026-09-03T21:48:38Z,7.13,91.84
2026-09-03T21:49:38Z,7.12,91.81
2026-09-03T21:50:38Z,7.13,91.86
2026-09-03T21:51:38Z,7.12,
2026-09-03T21:52:38Z,7.13,91.88
2026-09-03T21:53:38Z,,91.94
2026-09-03T21:54:38Z,7.13,91.93
2026-09-03T21:55:38Z,7.13,91.97
2026-09-03T21:56:38Z,7.13,91.99
2026-09-03T21:57:38Z,7.13,
2026-09-03T21:58:38Z,7.13,
2026-09-03T21:59:38Z,7.13,91.91
2026-09-03T22:00:38Z,,91.93
2026-09-03T22:01:38Z,,91.98
2026-09-03T22:02:38Z,7.14,92
2026-09-03T22:03:38Z,7.14,92.04
2026-09-03T22:04:38Z,7.13,
2026-09-03T22:05:38Z,7.14,92.07
2026-09-03T22:06:38Z,,92.05
2026-09-03T22:07:38Z,,92.09
2026-09-03T22:08:38Z,7.14,92.11
2026-09-03T22:09:38Z,7.15,92.22
2026-09-03T22:10:38Z,7.15,
2026-09-03T22:11:38Z,7.14,
2026-09-03T22:12:38Z,,92.11
2026-09-03T22:13:38Z,7.15,92.17
2026-09-03T22:14:38Z,7.14,92.1
2026-09-03T22:15:38Z,7.14,92.14
2026-09-03T22:16:38Z,7.14,92.12
2026-09-03T22:17:38Z,,92.17
2026-09-03T22:18:38Z,7.15,92.27
2026-09-03T22:19:38Z,7.14,92.11
2026-09-03T22:20:38Z,7.14,92.04
2026-09-03T22:21:38Z,7.13,91.87
2026-09-03T22:22:38Z,7.13,
2026-09-03T22:23:38Z,,91.88
2026-09-03T22:24:38Z,7.13,91.91
2026-09-03T22:25:38Z,7.13,91.85
2026-09-03T22:26:38Z,7.13,91.96
2026-09-03T22:27:38Z,7.13,91.89
2026-09-03T22:28:38Z,7.13,
2026-09-03T22:30:38Z,,91.89
2026-09-03T22:31:38Z,7.13,91.85
2026-09-03T22:32:38Z,7.12,91.77
2026-09-03T22:33:38Z,7.13,91.85
2026-09-03T22:34:38Z,7.12,
2026-09-03T22:35:38Z,,91.62
2026-09-03T22:36:38Z,7.11,91.59
2026-09-03T22:37:38Z,7.11,91.5
2026-09-03T22:38:38Z,7.1,91.45
2026-09-03T22:39:38Z,7.1,91.49
2026-09-03T22:40:38Z,,91.54
2026-09-03T22:41:38Z,7.1,91.49
2026-09-03T22:42:38Z,7.09,91.32
2026-09-03T22:43:38Z,7.09,91.27
2026-09-03T22:44:38Z,7.09,91.2
2026-09-03T22:46:38Z,7.08,91.09
2026-09-03T22:47:38Z,7.07,90.93
2026-09-03T22:48:38Z,7.07,90.94
2026-09-03T22:49:38Z,7.06,90.72
2026-09-03T22:52:38Z,7.04,90.39
2026-09-03T22:53:38Z,7.03,90.31
2026-09-03T22:54:38Z,7.03,90.23
2026-09-03T22:55:38Z,7.03,90.17
2026-09-03T22:57:38Z,7.01,89.87
2026-09-03T22:58:38Z,7.01,89.83
2026-09-03T22:59:38Z,7,89.77
2026-09-03T23:00:38Z,7,89.68
2026-09-03T23:01:38Z,6.99,89.61
2026-09-03T23:03:38Z,6.98,89.42
2026-09-03T23:04:38Z,6.99,89.5
2026-09-03T23:05:38Z,6.98,89.42
2026-09-03T23:06:38Z,6.98,89.43
2026-09-03T23:07:38Z,6.98,
2026-09-04T04:00:38Z,7.16,92.35
2026-09-04T04:01:38Z,7.16,92.46
2026-09-04T04:04:38Z,7.15,92.31
2026-09-04T04:05:38Z,7.15,92.21
2026-09-04T04:06:38Z,7.15,92.2
2026-09-04T04:07:38Z,7.14,92.15
2026-09-04T04:08:38Z,7.15,92.24
2026-09-04T04:09:38Z,7.15,92.24
2026-09-04T04:11:38Z,,92.38
2026-09-04T04:12:38Z,7.15,92.28
2026-09-04T04:13:38Z,7.15,92.3
2026-09-04T04:14:38Z,7.16,92.34
2026-09-04T04:15:38Z,7.15,92.18
2026-09-04T04:17:38Z,,92.12
2026-09-04T04:18:38Z,7.14,92.14
2026-09-04T04:19:38Z,7.14,92.12
2026-09-04T04:20:38Z,7.14,92.12
2026-09-04T04:21:38Z,7.15,92.18
2026-09-04T04:22:38Z,7.15,
2026-09-04T04:25:38Z,7.14,92.16
2026-09-04T04:26:38Z,7.15,92.18
2026-09-04T04:27:38Z,7.15,92.17
2026-09-04T04:28:38Z,7.15,92.32
2026-09-04T04:29:38Z,7.15,92.3
2026-09-04T04:32:38Z,7.16,92.47
2026-09-04T04:33:38Z,7.16,92.42
2026-09-04T04:34:38Z,7.16,92.43
2026-09-04T04:35:38Z,7.16,92.41
2026-09-04T04:36:38Z,7.17,92.52
2026-09-04T04:39:38Z,7.16,92.41
2026-09-04T04:40:38Z,7.16,92.39
2026-09-04T04:41:38Z,7.16,92.43
2026-09-04T04:42:38Z,7.16,92.48
2026-09-04T04:45:38Z,7.17,92.51
2026-09-04T04:46:38Z,7.16,92.48
2026-09-04T04:47:38Z,7.15,92.32
2026-09-04T04:48:38Z,7.16,92.46
2026-09-04T04:49:38Z,7.15,92.26
2026-09-04T04:52:38Z,7.15,92.31
2026-09-04T04:53:38Z,7.16,92.45
2026-09-04T04:54:38Z,7.16,92.42
2026-09-04T04:55:38Z,7.16,92.42
2026-09-04T04:56:38Z,7.16,92.35
2026-09-04T04:58:38Z,7.16,92.43
2026-09-04T04:59:38Z,7.16,92.43
2026-09-04T05:00:38Z,7.16,92.48
2026-09-04T05:01:38Z,7.16,92.46
2026-09-04T05:02:38Z,7.16,92.36
2026-09-04T05:04:38Z,,92.32
2026-09-04T05:05:38Z,7.16,92.34
2026-09-04T05:06:38Z,7.16,92.48
2026-09-04T05:07:38Z,7.18,92.67
2026-09-04T05:08:38Z,7.16,92.48
2026-09-04T05:09:38Z,7.16,
2026-09-04T05:11:38Z,7.17,92.54
2026-09-04T05:12:38Z,7.17,92.53
2026-09-04T05:13:38Z,7.17,92.57
2026-09-04T05:14:38Z,7.17,92.59
2026-09-04T05:15:38Z,7.17,92.55
2026-09-04T05:17:38Z,7.16,92.46
2026-09-04T05:18:38Z,7.17,92.54
2026-09-04T05:19:38Z,7.16,92.42
2026-09-04T05:20:38Z,7.16,92.47
2026-09-04T05:21:38Z,7.17,92.58
2026-09-04T05:24:38Z,7.17,92.65
2026-09-04T05:25:38Z,7.18,92.7
2026-09-04T05:26:38Z,7.19,92.84
2026-09-04T05:27:38Z,7.18,92.75
2026-09-04T05:30:38Z,7.18,92.73
2026-09-04T05:31:38Z,7.18,92.67
2026-09-04T05:32:38Z,7.17,92.66
2026-09-04T05:33:38Z,7.18,92.78
2026-09-04T05:34:38Z,7.18,92.81
2026-09-04T05:36:38Z,7.19,92.89
2026-09-04T05:37:38Z,7.19,92.84
2026-09-04T05:38:38Z,7.2,93.1
2026-09-04T05:39:38Z,7.19,92.97
2026-09-04T05:40:38Z,7.2,93.12
2026-09-04T05:42:38Z,,93.03
2026-09-04T05:43:38Z,7.2,93.01
2026-09-04T05:44:38Z,7.19,92.97
2026-09-04T05:45:38Z,7.19,92.93
2026-09-04T05:46:38Z,7.19,92.84
2026-09-04T05:47:38Z,7.18,
2026-09-04T05:48:38Z,,93.03
2026-09-04T05:49:38Z,7.21,93.21
2026-09-04T05:50:38Z,7.2,93.1
2026-09-04T05:51:38Z,7.2,93.08
2026-09-04T05:52:38Z,7.2,93.1
2026-09-04T05:53:38Z,7.2,
2026-09-04T05:54:38Z,7.2,93.07
2026-09-04T05:55:38Z,7.19,93
2026-09-04T05:56:38Z,7.2,93.01
2026-09-04T05:57:38Z,7.2,93.02
2026-09-04T05:58:38Z,7.2,
2026-09-04T05:59:38Z,7.21,
2026-09-04T06:01:38Z,,93.24
2026-09-04T06:02:38Z,,93.16
2026-09-04T06:03:38Z,7.2,93.11
2026-09-04T06:04:38Z,7.2,93.16
2026-09-04T06:05:38Z,7.21,93.21
2026-09-04T06:06:38Z,7.21,
2026-09-04T06:08:38Z,,93.39
2026-09-04T06:09:38Z,7.22,93.5
2026-09-04T06:10:38Z,7.22,93.5
2026-09-04T06:11:38Z,7.22,93.49
2026-09-04T06:12:38Z,7.21,
2026-09-04T06:13:38Z,7.21,
2026-09-04T06:14:38Z,,93.15
2026-09-04T06:15:38Z,,93.11
2026-09-04T06:16:38Z,7.2,93.09
2026-09-04T06:17:38Z,7.2,93.09
2026-09-04T06:18:38Z,7.21,
2026-09-04T06:19:38Z,7.21,
2026-09-04T06:20:38Z,7.21,
2026-09-04T06:21:38Z,,93.29
2026-09-04T06:22:38Z,,93.12
2026-09-04T06:23:38Z,7.21,93.29
2026-09-04T06:24:38Z,7.21,93.21
2026-09-04T06:25:38Z,7.21,93.23
2026-09-04T06:26:38Z,7.21,
2026-09-04T06:27:38Z,7.21,
2026-09-04T06:28:38Z,,93.53
2026-09-04T06:29:38Z,,93.42
2026-09-04T06:30:38Z,7.22,93.38
2026-09-04T06:31:38Z,7.22,93.36
2026-09-04T06:32:38Z,7.22,
2026-09-04T06:33:38Z,7.22,93.38
2026-09-04T06:34:38Z,7.21,93.28
2026-09-04T06:35:38Z,,93.24
2026-09-04T06:36:38Z,7.21,93.28
2026-09-04T06:37:38Z,7.21,93.22
2026-09-04T06:38:38Z,7.21,
2026-09-04T06:39:38Z,7.21,93.19
2026-09-04T06:40:38Z,7.21,93.22
2026-09-04T06:41:38Z,,93.39
2026-09-04T06:42:38Z,7.21,93.31
2026-09-04T06:43:38Z,7.22,93.45
2026-09-04T06:44:38Z,7.22,
2026-09-04T06:45:38Z,7.21,93.25
2026-09-04T06:46:38Z,7.22,93.38
2026-09-04T06:47:38Z,,93.28
2026-09-04T06:48:38Z,,93.59
2026-09-04T06:49:38Z,7.22,93.45
2026-09-04T06:50:38Z,7.21,
2026-09-04T06:51:38Z,7.21,
2026-09-04T06:52:38Z,7.2,93.03
2026-09-04T06:53:38Z,,93.19
2026-09-04T06:54:38Z,7.2,93.17
2026-09-04T06:55:38Z,7.2,93.17
2026-09-04T06:56:38Z,7.2,
2026-09-04T06:57:38Z,7.21,
2026-09-04T06:58:38Z,7.21,93.27
2026-09-04T06:59:38Z,7.21,93.29
2026-09-04T07:00:38Z,,93.37
2026-09-04T07:01:38Z,7.22,93.48
2026-09-04T07:02:38Z,7.22,93.38
2026-09-04T07:03:38Z,7.21,
2026-09-04T07:04:38Z,7.2,
2026-09-04T07:05:38Z,7.2,93.07
2026-09-04T07:06:38Z,,93.03
2026-09-04T07:07:38Z,,93.05
2026-09-04T07:08:38Z,,93.01
2026-09-04T07:09:38Z,,92.82
2026-09-04T07:10:38Z,7.19,92.92
2026-09-04T07:11:38Z,7.2,93.03
2026-09-04T07:12:38Z,7.19,92.94
2026-09-04T07:13:38Z,7.2,93.03
2026-09-04T07:14:38Z,,93.03
2026-09-04T07:15:38Z,7.19,
2026-09-04T07:16:38Z,7.19,
2026-09-04T07:17:38Z,7.19,92.92
2026-09-04T07:18:38Z,7.2,93.03
2026-09-04T07:19:38Z,7.19,92.99
2026-09-04T07:20:38Z,,92.99
2026-09-04T07:21:38Z,,93.24
2026-09-04T07:22:38Z,7.2,
2026-09-04T07:23:38Z,7.2,
2026-09-04T07:24:38Z,7.19,92.91
2026-09-04T07:25:38Z,7.19,92.92
2026-09-04T07:26:38Z,7.19,92.95
2026-09-04T07:27:38Z,,92.82
2026-09-04T07:28:38Z,7.19,
2026-09-04T07:29:38Z,7.19,
2026-09-04T07:30:38Z,7.19,92.9
2026-09-04T07:31:38Z,7.19,92.87
2026-09-04T07:32:38Z,7.17,92.58
2026-09-04T07:33:38Z,,92.57
2026-09-04T07:34:38Z,,92.71
2026-09-04T07:35:38Z,7.18,92.76
2026-09-04T07:36:38Z,7.18,92.82
2026-09-04T07:37:38Z,7.19,92.91
2026-09-04T07:38:38Z,7.19,92.88
2026-09-04T07:39:38Z,,92.75
2026-09-04T07:41:38Z,7.18,92.73
2026-09-04T07:42:38Z,7.18,92.68
2026-09-04T07:43:38Z,7.18,92.79
2026-09-04T07:44:38Z,7.18,92.8
2026-09-04T07:45:38Z,7.18,92.81
2026-09-04T07:46:38Z,7.18,
2026-09-04T07:47:38Z,7.17,92.64
2026-09-04T07:48:38Z,7.18,92.75
2026-09-04T07:49:38Z,7.18,92.67
2026-09-04T07:50:38Z,,92.63
2026-09-04T07:51:38Z,,92.8
2026-09-04T07:52:38Z,7.19,
2026-09-04T07:53:38Z,7.18,92.76
2026-09-04T07:54:38Z,7.19,92.88
2026-09-04T07:55:38Z,7.19,92.87
2026-09-04T07:56:38Z,,92.74
2026-09-04T07:57:38Z,7.18,92.7
2026-09-04T07:58:38Z,7.18,
2026-09-04T07:59:38Z,7.18,
2026-09-04T08:00:38Z,7.19,92.84
2026-09-04T08:01:38Z,7.17,92.6
2026-09-04T08:02:38Z,,92.64
2026-09-04T08:03:38Z,,92.86
2026-09-04T08:04:38Z,7.19,92.88
2026-09-04T08:05:38Z,7.18,
2026-09-04T08:06:38Z,7.18,92.82
2026-09-04T08:07:38Z,7.18,92.82
2026-09-04T08:08:38Z,,92.86
2026-09-04T08:09:38Z,7.18,92.74
2026-09-04T08:10:38Z,7.18,92.72
2026-09-04T08:11:38Z,7.18,
2026-09-04T08:12:38Z,7.18,
2026-09-04T08:13:38Z,7.18,92.79
2026-09-04T08:14:38Z,7.19,92.88
2026-09-04T08:15:38Z,,93.02
2026-09-04T08:16:38Z,7.19,92.89
2026-09-04T08:17:38Z,7.18,
2026-09-04T08:18:38Z,7.18,
2026-09-04T08:19:38Z,7.18,92.7
2026-09-04T08:20:38Z,,92.67
2026-09-04T08:21:38Z,,92.68
2026-09-04T08:22:38Z,7.18,92.72
2026-09-04T08:23:38Z,7.18,92.75
2026-09-04T08:24:38Z,7.18,
2026-09-04T08:25:38Z,7.17,92.63
2026-09-04T08:26:38Z,7.18,92.76
2026-09-04T08:27:38Z,,92.69
2026-09-04T08:28:38Z,7.18,92.71
2026-09-04T08:29:38Z,7.18,92.75
2026-09-04T08:30:38Z,7.18,
2026-09-04T08:31:38Z,7.18,
2026-09-04T08:32:38Z,7.17,92.59
2026-09-04T08:33:38Z,,92.52
2026-09-04T08:34:38Z,7.18,92.7
2026-09-04T08:35:38Z,7.18,92.67
2026-09-04T08:36:38Z,7.17,
2026-09-04T08:37:38Z,7.16,
2026-09-04T08:38:38Z,7.16,92.4
2026-09-04T08:39:38Z,,92.39
2026-09-04T08:40:38Z,,92.57
2026-09-04T08:41:38Z,,92.55
2026-09-04T08:42:38Z,,92.37
2026-09-04T09:00:38Z,,93.06
2026-09-04T09:01:38Z,7.17,92.58
2026-09-04T09:02:38Z,7.18,
2026-09-04T09:03:38Z,7.18,
2026-09-04T09:04:38Z,7.18,92.81
2026-09-04T09:05:38Z,7.17,92.63
2026-09-04T09:06:38Z,,92.82
2026-09-04T09:07:38Z,7.17,92.62
2026-09-04T09:08:38Z,7.17,92.64
2026-09-04T09:09:38Z,7.17,
2026-09-04T09:10:38Z,7.2,93.07
2026-09-04T09:11:38Z,7.19,92.84
2026-09-04T09:12:38Z,,92.74
2026-09-04T09:13:38Z,7.16,92.44
2026-09-04T09:14:38Z,7.16,92.37
2026-09-04T09:15:38Z,7.16,
2026-09-04T09:16:38Z,7.17,92.52
2026-09-04T09:17:38Z,7.17,92.54
2026-09-04T09:18:38Z,,92.53
2026-09-04T09:19:38Z,,92.48
2026-09-04T09:20:38Z,7.17,92.52
2026-09-04T09:21:38Z,7.16,
2026-09-04T09:22:38Z,7.16,
2026-09-04T09:23:38Z,7.16,92.43
2026-09-04T09:24:38Z,7.16,92.34
2026-09-04T09:25:38Z,,92.03
2026-09-04T09:26:38Z,,92.07
2026-09-04T09:27:38Z,7.15,92.19
2026-09-04T09:28:38Z,7.15,
2026-09-04T09:29:38Z,7.14,92.11
2026-09-04T09:30:38Z,7.15,92.26
2026-09-04T09:31:38Z,7.15,92.29
2026-09-04T09:32:38Z,,92.32
2026-09-04T09:33:38Z,7.15,92.3
2026-09-04T09:34:38Z,7.16,
2026-09-04T09:35:38Z,7.16,92.34
2026-09-04T09:36:38Z,7.17,92.51
2026-09-04T09:37:38Z,7.17,92.54
2026-09-04T09:38:38Z,,92.37
2026-09-04T09:39:38Z,7.16,92.45
2026-09-04T09:40:38Z,7.16,
2026-09-04T09:41:38Z,7.15,
2026-09-04T09:42:38Z,7.15,92.26
2026-09-04T09:43:38Z,7.15,92.28
2026-09-04T09:44:38Z,,92.22
2026-09-04T09:45:38Z,7.15,92.26
2026-09-04T09:46:38Z,7.15,
2026-09-04T09:47:38Z,7.14,
2026-09-04T09:48:38Z,7.13,91.88
2026-09-04T09:49:38Z,7.13,91.84
2026-09-04T09:50:38Z,,91.73
2026-09-04T09:51:38Z,,91.82
2026-09-04T09:52:38Z,7.12,
2026-09-04T09:53:38Z,7.12,91.73
2026-09-04T09:54:38Z,7.12,91.69
2026-09-04T09:55:38Z,7.12,91.75
2026-09-04T09:56:38Z,,91.53
2026-09-04T09:57:38Z,,91.61
2026-09-04T09:58:38Z,7.11,
2026-09-04T09:59:38Z,7.11,
2026-09-04T10:00:38Z,7.12,
2026-09-04T10:01:38Z,7.12,91.71
2026-09-04T10:02:38Z,7.1,91.36
2026-09-04T10:03:38Z,,91.46
2026-09-04T10:04:38Z,7.11,91.5
2026-09-04T10:05:38Z,7.12,
2026-09-04T10:06:38Z,7.12,
2026-09-04T10:07:38Z,7.11,91.56
2026-09-04T10:08:38Z,7.11,91.52
2026-09-04T10:09:38Z,,91.43
2026-09-04T10:10:38Z,,91.44
2026-09-04T10:11:38Z,7.09,91.28
2026-09-04T10:12:38Z,7.09,
2026-09-04T10:13:38Z,7.08,91.15
2026-09-04T10:14:38Z,7.09,91.16
2026-09-04T10:15:38Z,7.08,91.11
2026-09-04T10:16:38Z,,91.09
2026-09-04T10:17:38Z,7.09,91.16
2026-09-04T10:18:38Z,7.08,
2026-09-04T10:19:38Z,7.07,
2026-09-04T10:20:38Z,7.07,90.91
2026-09-04T10:21:38Z,7.07,90.94
2026-09-04T10:22:38Z,,91
2026-09-04T10:23:38Z,,90.97
2026-09-04T10:24:38Z,7.07,90.82
2026-09-04T10:25:38Z,7.07,
2026-09-04T10:26:38Z,7.07,
2026-09-04T10:27:38Z,7.07,90.9
2026-09-04T10:28:38Z,7.07,90.9
2026-09-04T10:29:38Z,,90.98
2026-09-04T10:30:38Z,,90.87
2026-09-04T10:31:38Z,7.05,90.63
2026-09-04T10:32:38Z,7.05,
2026-09-04T10:33:38Z,7.06,
2026-09-04T10:34:38Z,7.06,90.69
2026-09-04T10:35:38Z,,90.6
2026-09-04T10:36:38Z,,90.64
2026-09-04T10:37:38Z,7.05,90.62
2026-09-04T10:38:38Z,7.05,
2026-09-04T10:39:38Z,7.06,
2026-09-04T10:40:38Z,7.06,90.68
2026-09-04T10:41:38Z,7.05,90.6
2026-09-04T10:42:38Z,,90.87
2026-09-04T10:43:38Z,,90.71
2026-09-04T10:44:38Z,7.06,90.66
2026-09-04T10:45:38Z,7.05,
2026-09-04T10:46:38Z,7.05,
2026-09-04T10:47:38Z,7.06,90.68
2026-09-04T10:48:38Z,,90.86
2026-09-04T10:49:38Z,,90.59
2026-09-04T10:50:38Z,7.05,90.53
2026-09-04T10:51:38Z,7.06,90.67
2026-09-04T10:52:38Z,7.05,
2026-09-04T10:53:38Z,7.05,90.53
2026-09-04T10:54:38Z,7.06,90.65
2026-09-04T10:55:38Z,,90.64
2026-09-04T10:56:38Z,,90.7
2026-09-04T10:57:38Z,7.06,90.78
2026-09-04T10:58:38Z,7.07,
2026-09-04T10:59:38Z,7.07,
2026-09-04T11:00:38Z,7.08,
2026-09-04T11:01:38Z,7.08,91.1
2026-09-04T11:02:38Z,,91.09
2026-09-04T11:03:38Z,,91.33
2026-09-04T11:04:38Z,7.09,91.18
2026-09-04T11:05:38Z,7.09,
2026-09-04T11:06:38Z,7.1,
2026-09-04T11:07:38Z,7.09,91.24
2026-09-04T11:08:38Z,,91.16
2026-09-04T11:09:38Z,,91.15
2026-09-04T11:10:38Z,7.08,91.15
2026-09-04T11:11:38Z,7.09,91.18
2026-09-04T11:12:38Z,7.08,
2026-09-04T11:13:38Z,7.08,91.15
2026-09-04T11:14:38Z,7.08,91.05
2026-09-04T11:15:38Z,,91.04
2026-09-04T11:16:38Z,,91.11
2026-09-04T11:17:38Z,7.08,91.11
2026-09-04T11:18:38Z,7.08,
2026-09-04T11:19:38Z,7.09,
2026-09-04T11:20:38Z,7.09,91.31
2026-09-04T11:21:38Z,7.1,91.33
2026-09-04T11:22:38Z,,91.29
2026-09-04T11:23:38Z,7.09,91.23
2026-09-04T11:24:38Z,7.09,91.21
2026-09-04T11:25:38Z,7.1,
2026-09-04T11:26:38Z,7.11,
2026-09-04T11:27:38Z,7.1,91.41
2026-09-04T11:28:38Z,,91.3
2026-09-04T11:29:38Z,,91.22
2026-09-04T11:30:38Z,,91.15
2026-09-04T11:31:38Z,7.08,91.03
2026-09-04T11:32:38Z,7.08,
2026-09-04T11:33:38Z,7.08,
2026-09-04T11:34:38Z,7.08,
2026-09-04T11:35:38Z,7.08,91.1
2026-09-04T11:36:38Z,,91.11
2026-09-04T11:37:38Z,,90.99
2026-09-04T11:38:38Z,,90.99
2026-09-04T11:39:38Z,7.08,91.04
2026-09-04T11:40:38Z,7.08,
2026-09-04T11:41:38Z,7.08,
2026-09-04T11:42:38Z,7.08,
2026-09-04T11:43:38Z,7.09,91.18
2026-09-04T11:44:38Z,,91.27
2026-09-04T11:45:38Z,,91.31
2026-09-04T11:46:38Z,7.09,91.32
2026-09-04T11:47:38Z,7.1,91.42
2026-09-04T11:48:38Z,7.11,
2026-09-04T11:49:38Z,7.09,
2026-09-04T11:50:38Z,7.11,
2026-09-04T11:51:38Z,,91.77
2026-09-04T11:52:38Z,,91.53
2026-09-04T11:53:38Z,7.1,91.41
2026-09-04T11:54:38Z,7.1,91.46
2026-09-04T11:55:38Z,7.1,91.43
2026-09-04T11:56:38Z,7.11,
2026-09-04T11:57:38Z,7.1,
2026-09-04T11:59:38Z,,91.59
2026-09-04T12:00:38Z,,91.68
2026-09-04T12:01:38Z,,91.69
2026-09-04T12:02:38Z,7.12,91.66
2026-09-04T12:03:38Z,7.11,91.63
2026-09-04T12:04:38Z,7.11,
2026-09-04T12:05:38Z,7.11,
2026-09-04T12:06:38Z,7.11,91.5
2026-09-04T12:07:38Z,,91.65
2026-09-04T12:08:38Z,,91.91
2026-09-04T12:09:38Z,7.12,91.77
2026-09-04T12:10:38Z,7.12,91.66
2026-09-04T12:11:38Z,7.11,
2026-09-04T12:12:38Z,7.1,
2026-09-04T12:13:38Z,7.1,91.37
2026-09-04T12:14:38Z,,91.31
2026-09-04T12:15:38Z,7.1,91.4
2026-09-04T12:16:38Z,7.11,91.53
2026-09-04T12:17:38Z,7.11,91.57
2026-09-04T12:18:38Z,7.11,
2026-09-04T12:19:38Z,7.11,
2026-09-04T12:20:38Z,7.11,91.51
2026-09-04T12:21:38Z,,91.65
2026-09-04T12:22:38Z,,91.71
2026-09-04T12:23:38Z,,91.76
2026-09-04T12:24:38Z,7.12,91.68
2026-09-04T12:25:38Z,7.12,91.68
2026-09-04T12:26:38Z,7.12,
2026-09-04T12:27:38Z,7.12,
2026-09-04T12:28:38Z,,91.77
2026-09-04T12:29:38Z,,91.78
2026-09-04T12:30:38Z,,91.75
2026-09-04T12:31:38Z,7.12,91.78
2026-09-04T12:32:38Z,7.11,91.64
2026-09-04T12:33:38Z,7.11,
2026-09-04T12:34:38Z,7.12,
2026-09-04T12:35:38Z,7.11,91.63
2026-09-04T12:36:38Z,,91.8
2026-09-04T12:37:38Z,,91.79
2026-09-04T12:38:38Z,7.11,91.6
2026-09-04T12:39:38Z,7.11,91.65
2026-09-04T12:40:38Z,7.12,
2026-09-04T12:41:38Z,7.12,
2026-09-04T12:42:38Z,7.12,
2026-09-04T12:44:38Z,,91.7
2026-09-04T12:45:38Z,,91.75
2026-09-04T12:46:38Z,7.13,91.88
2026-09-04T12:47:38Z,7.12,91.79
2026-09-04T12:48:38Z,7.12,
2026-09-04T12:49:38Z,7.11,
2026-09-04T12:50:38Z,7.11,
2026-09-04T12:51:38Z,,91.53
2026-09-04T12:52:38Z,,91.56
2026-09-04T12:53:38Z,,91.59
2026-09-04T12:54:38Z,7.11,91.6
2026-09-04T12:55:38Z,7.11,91.61
2026-09-04T12:56:38Z,7.1,
2026-09-04T12:57:38Z,7.1,
2026-09-04T12:59:38Z,,91.19
2026-09-04T13:00:38Z,,91.24
2026-09-04T13:01:38Z,,91.21
2026-09-04T13:02:38Z,7.09,91.24
2026-09-04T13:03:38Z,7.1,91.44
2026-09-04T13:04:38Z,7.09,
2026-09-04T13:05:38Z,7.08,
2026-09-04T13:06:38Z,7.08,
2026-09-04T13:07:38Z,,91
2026-09-04T13:08:38Z,,90.99
2026-09-04T13:09:38Z,7.08,91.12
2026-09-04T13:10:38Z,7.09,91.2
2026-09-04T13:11:38Z,7.09,91.3
2026-09-04T13:12:38Z,7.09,
2026-09-04T13:13:38Z,7.1,
2026-09-04T13:14:38Z,,91.22
2026-09-04T13:15:38Z,,91.26
2026-09-04T13:16:38Z,,91.36
2026-09-04T13:17:38Z,7.09,91.2
2026-09-04T13:18:38Z,7.09,91.22
2026-09-04T13:19:38Z,7.09,91.17
2026-09-04T13:20:38Z,7.09,
2026-09-04T13:22:38Z,,91.19
2026-09-04T13:23:38Z,,91.29
2026-09-04T13:24:38Z,7.09,91.31
2026-09-04T13:25:38Z,7.1,91.35
2026-09-04T13:26:38Z,7.1,91.48
2026-09-04T13:27:38Z,7.1,
2026-09-04T13:29:38Z,,91.26
2026-09-04T13:30:38Z,,91.3
2026-09-04T13:31:38Z,7.09,91.27
2026-09-04T13:32:38Z,7.09,91.28
2026-09-04T13:33:38Z,7.09,91.17
2026-09-04T13:34:38Z,7.08,
2026-09-04T13:35:38Z,7.08,
2026-09-04T13:36:38Z,,91.01
2026-09-04T13:37:38Z,,90.97
2026-09-04T13:38:38Z,7.08,91.13
2026-09-04T13:39:38Z,7.1,91.36
2026-09-04T13:40:38Z,7.08,91.1
2026-09-04T13:41:38Z,7.07,
2026-09-04T13:42:38Z,7.07,
2026-09-04T13:43:38Z,,91.06
2026-09-04T13:44:38Z,,91.12
2026-09-04T13:45:38Z,7.08,91.02
2026-09-04T13:46:38Z,7.07,90.84
2026-09-04T13:47:38Z,7.07,90.82
2026-09-04T13:48:38Z,7.06,
2026-09-04T13:49:38Z,7.07,
2026-09-04T13:50:38Z,,90.86
2026-09-04T13:51:38Z,,90.88
2026-09-04T13:52:38Z,,90.96
2026-09-04T13:53:38Z,7.08,91.08
2026-09-04T13:54:38Z,7.08,91.01
2026-09-04T13:55:38Z,7.09,
2026-09-04T13:56:38Z,7.08,
2026-09-04T13:58:38Z,,91.02
2026-09-04T13:59:38Z,,91.02
2026-09-04T14:00:38Z,,90.86
2026-09-04T14:01:38Z,7.07,90.94
2026-09-04T14:02:38Z,7.06,90.8
2026-09-04T14:03:38Z,7.07,
2026-09-04T14:04:38Z,7.07,
2026-09-04T14:05:38Z,7.07,90.92
2026-09-04T14:06:38Z,,90.99
2026-09-04T14:07:38Z,7.07,90.97
2026-09-04T14:08:38Z,7.08,91.04
2026-09-04T14:09:38Z,7.08,91.01
2026-09-04T14:10:38Z,7.07,
2026-09-04T14:11:38Z,7.08,
2026-09-04T14:12:38Z,,90.98
2026-09-04T14:13:38Z,,91.07
2026-09-04T14:14:38Z,7.08,91.13
2026-09-04T14:15:38Z,7.07,90.95
2026-09-04T14:16:38Z,7.08,91
2026-09-04T14:17:38Z,7.08,
2026-09-04T14:18:38Z,7.08,
2026-09-04T14:19:38Z,,90.99
2026-09-04T14:20:38Z,,91.03
2026-09-04T14:21:38Z,,91.02
2026-09-04T14:22:38Z,7.08,91.05
2026-09-04T14:23:38Z,7.08,91.03
2026-09-04T14:24:38Z,7.09,91.16
2026-09-04T14:25:38Z,7.09,
2026-09-04T14:26:38Z,7.09,
2026-09-04T14:27:38Z,,91.11
2026-09-04T14:28:38Z,7.08,91.05
2026-09-04T14:29:38Z,7.08,91.06
2026-09-04T14:30:38Z,7.08,91.01
2026-09-04T14:31:38Z,7.08,91.11
2026-09-04T14:32:38Z,7.07,
2026-09-04T14:33:38Z,,90.97
2026-09-04T14:34:38Z,,91.02
2026-09-04T14:35:38Z,7.08,91.09
2026-09-04T14:36:38Z,7.08,91.11
2026-09-04T14:37:38Z,7.08,91.14
2026-09-04T14:38:38Z,7.08,
2026-09-04T14:39:38Z,7.08,
2026-09-04T14:40:38Z,,91.08
2026-09-04T14:41:38Z,,91.1
2026-09-04T14:42:38Z,7.08,91.1
2026-09-04T14:43:38Z,7.09,91.16
2026-09-04T14:44:38Z,7.08,91.14
2026-09-04T14:45:38Z,7.08,
2026-09-04T14:46:38Z,7.08,
2026-09-04T14:47:38Z,,91.06
2026-09-04T14:48:38Z,7.09,91.17
2026-09-04T14:49:38Z,7.08,91.12
2026-09-04T14:50:38Z,7.08,91.1
2026-09-04T14:51:38Z,7.09,91.21
2026-09-04T14:52:38Z,7.09,
2026-09-04T14:53:38Z,,91.18
2026-09-04T14:54:38Z,7.08,91.13
2026-09-04T14:55:38Z,7.08,91.04
2026-09-04T14:56:38Z,7.08,91.13
2026-09-04T14:57:38Z,7.07,90.98
2026-09-04T14:58:38Z,7.08,
2026-09-04T15:01:38Z,,91.14
2026-09-04T15:02:38Z,7.09,91.17
2026-09-04T15:03:38Z,7.1,91.39
2026-09-04T15:04:38Z,7.1,91.38
2026-09-04T15:05:38Z,7.11,91.57
2026-09-04T15:06:38Z,7.1,
2026-09-04T15:08:38Z,,91.33
2026-09-04T15:09:38Z,7.09,91.29
2026-09-04T15:10:38Z,7.1,91.36
2026-09-04T15:11:38Z,7.1,91.35
2026-09-04T15:12:38Z,7.1,91.4
2026-09-04T15:15:38Z,7.1,91.48
2026-09-04T15:16:38Z,7.1,91.39
2026-09-04T15:17:38Z,7.1,91.39
2026-09-04T15:18:38Z,7.1,91.37
2026-09-04T15:19:38Z,7.1,91.43
2026-09-04T15:20:38Z,7.1,
2026-09-04T15:23:38Z,7.11,91.5
2026-09-04T15:24:38Z,7.11,91.51
2026-09-04T15:25:38Z,7.1,91.44
2026-09-04T15:26:38Z,7.11,91.59
2026-09-04T15:27:38Z,7.11,
2026-09-04T15:30:38Z,7.1,91.45
2026-09-04T15:31:38Z,7.11,91.53
2026-09-04T15:32:38Z,7.1,91.38
2026-09-04T15:33:38Z,7.1,91.39
2026-09-04T15:34:38Z,7.1,91.37
2026-09-04T15:37:38Z,7.1,91.47
2026-09-04T15:38:38Z,7.11,91.54
2026-09-04T15:39:38Z,7.1,91.47
2026-09-04T15:40:38Z,7.1,91.44
2026-09-04T15:41:38Z,7.11,91.5
2026-09-04T15:43:38Z,7.11,91.63
2026-09-04T15:44:38Z,7.11,91.54
2026-09-04T15:45:38Z,7.11,91.53
2026-09-04T15:46:38Z,7.11,91.59
2026-09-04T15:47:38Z,7.11,91.6
2026-09-04T15:50:38Z,7.11,91.65
2026-09-04T15:51:38Z,7.12,91.79
2026-09-04T15:52:38Z,7.12,91.77
2026-09-04T15:53:38Z,7.12,91.71
2026-09-04T15:54:38Z,7.11,91.61
2026-09-04T15:55:38Z,7.12,91.75
2026-09-04T15:56:38Z,7.12,91.7
2026-09-04T15:59:38Z,7.12,91.7
2026-09-04T16:00:38Z,7.12,91.72
2026-09-04T16:01:38Z,7.12,91.73
2026-09-04T16:02:38Z,7.12,91.69
2026-09-04T16:03:38Z,7.12,91.72
2026-09-04T16:05:38Z,7.12,91.8
2026-09-04T16:06:38Z,7.12,91.77
2026-09-04T16:07:38Z,7.13,91.85
2026-09-04T16:08:38Z,7.13,91.83
2026-09-04T16:09:38Z,7.13,91.83
2026-09-04T16:12:38Z,7.12,91.76
2026-09-04T16:13:38Z,7.12,91.8
2026-09-04T16:14:38Z,7.12,91.81
2026-09-04T16:15:38Z,7.13,91.83
2026-09-04T16:18:38Z,7.12,91.77
2026-09-04T16:19:38Z,7.12,91.81
2026-09-04T16:20:38Z,7.12,91.79
2026-09-04T16:21:38Z,7.12,91.8
2026-09-04T16:24:38Z,7.12,91.67
2026-09-04T16:25:38Z,7.11,91.62
2026-09-04T16:26:38Z,7.12,91.74
2026-09-04T16:27:38Z,7.12,91.7
2026-09-04T16:29:38Z,7.12,
2026-09-04T16:30:38Z,7.12,91.69
2026-09-04T16:31:38Z,7.12,91.68
2026-09-04T16:32:38Z,7.12,91.69
2026-09-04T16:33:38Z,7.12,91.71
2026-09-04T16:34:38Z,,91.79
2026-09-04T16:35:38Z,7.12,
2026-09-04T16:36:38Z,7.12,91.72
2026-09-04T16:37:38Z,7.12,91.76
2026-09-04T16:38:38Z,7.11,91.63
2026-09-04T16:39:38Z,7.12,91.68
2026-09-04T16:41:38Z,7.12,91.75
2026-09-04T16:42:38Z,7.12,91.75
2026-09-04T16:43:38Z,7.12,91.8
2026-09-04T16:44:38Z,7.12,91.81
2026-09-04T16:45:38Z,7.12,91.73
2026-09-04T16:47:38Z,7.12,91.75
2026-09-04T16:48:38Z,7.12,91.71
2026-09-04T16:49:38Z,7.12,91.71
2026-09-04T16:50:38Z,7.12,91.69
2026-09-04T16:51:38Z,7.11,91.65
2026-09-04T16:52:38Z,7.11,91.63
2026-09-04T16:53:38Z,7.12,91.66
2026-09-04T16:54:38Z,7.12,91.67
2026-09-04T16:55:38Z,7.12,91.73
2026-09-04T16:56:38Z,7.11,91.61
2026-09-04T16:59:38Z,7.1,91.46
2026-09-04T17:00:38Z,7.11,91.57
2026-09-04T17:01:38Z,7.11,91.56
2026-09-04T17:02:38Z,7.11,91.58
2026-09-04T17:03:38Z,7.11,
2026-09-04T17:06:38Z,7.11,91.63
2026-09-04T17:07:38Z,7.11,91.61
2026-09-04T17:08:38Z,7.11,91.53
2026-09-04T17:09:38Z,7.11,91.52
2026-09-04T17:10:38Z,7.36,
2026-09-04T17:12:38Z,7.11,91.61
2026-09-04T17:13:38Z,7.12,91.69
2026-09-04T17:14:38Z,7.13,91.85
2026-09-04T17:15:38Z,7.12,91.79
2026-09-04T17:16:38Z,7.12,
2026-09-04T17:17:38Z,,91.68
2026-09-04T17:18:38Z,7.12,91.76
2026-09-04T17:19:38Z,7.13,91.83
2026-09-04T17:20:38Z,7.13,91.86
2026-09-04T17:21:38Z,7.13,91.87
2026-09-04T17:22:38Z,7.13,
2026-09-04T17:24:38Z,7.12,91.82
2026-09-04T17:25:38Z,7.13,91.93
2026-09-04T17:26:38Z,7.13,91.91
2026-09-04T17:27:38Z,7.13,91.96
2026-09-04T17:28:38Z,7.13,
2026-09-04T17:29:38Z,7.14,
2026-09-04T17:30:38Z,,92.12
2026-09-04T17:31:38Z,,92.06
2026-09-04T17:32:38Z,7.14,92.16
2026-09-04T17:33:38Z,7.15,92.19
2026-09-04T17:34:38Z,7.14,92.1
2026-09-04T17:35:38Z,7.14,
2026-09-04T17:36:38Z,,92.05
2026-09-04T17:37:38Z,7.14,92.09
2026-09-04T17:38:38Z,7.13,91.99
2026-09-04T17:39:38Z,7.13,91.93
2026-09-04T17:40:38Z,7.14,92.07
2026-09-04T17:41:38Z,7.14,
2026-09-04T17:42:38Z,,92.14
2026-09-04T17:43:38Z,7.14,92.13
2026-09-04T17:44:38Z,7.15,92.19
2026-09-04T17:45:38Z,7.15,92.17
2026-09-04T17:46:38Z,7.15,92.17
2026-09-04T17:48:38Z,,92.2
2026-09-04T17:49:38Z,7.15,92.2
2026-09-04T17:50:38Z,7.15,92.22
2026-09-04T17:51:38Z,7.15,92.29
2026-09-04T17:52:38Z,7.15,92.32
2026-09-04T17:53:38Z,7.15,
2026-09-04T17:54:38Z,,92.26
2026-09-04T17:55:38Z,7.15,92.21
2026-09-04T17:56:38Z,7.15,92.17
2026-09-04T17:57:38Z,7.14,92.15
2026-09-04T17:58:38Z,7.14,92.15
2026-09-04T17:59:38Z,7.15,92.18
2026-09-04T18:00:38Z,7.14,
2026-09-04T18:03:38Z,,92.18
2026-09-04T18:04:38Z,7.15,92.23
2026-09-04T18:05:38Z,7.15,92.27
2026-09-04T18:06:38Z,7.15,92.23
2026-09-04T18:07:38Z,7.15,92.28
2026-09-04T18:08:38Z,7.15,
2026-09-04T18:10:38Z,7.4,92.07
2026-09-04T18:11:38Z,7.4,92.04
2026-09-04T18:12:38Z,7.13,91.91
2026-09-04T18:13:38Z,7.14,92.02
2026-09-04T18:14:38Z,7.14,92.07
2026-09-04T18:16:38Z,,92.14
2026-09-04T18:17:38Z,7.14,92.12
2026-09-04T18:18:38Z,7.14,92.08
2026-09-04T18:19:38Z,7.14,92.1
2026-09-04T18:20:38Z,7.14,92.05
2026-09-04T18:23:38Z,7.14,92.07
2026-09-04T18:24:38Z,7.13,91.97
2026-09-04T18:25:38Z,7.14,92.03
2026-09-04T18:26:38Z,7.13,91.99
2026-09-04T18:27:38Z,7.13,
2026-09-04T18:29:38Z,7.13,91.97
2026-09-04T18:30:38Z,7.13,91.98
2026-09-04T18:31:38Z,7.14,92.02
2026-09-04T18:32:38Z,7.14,92.01
2026-09-04T18:33:38Z,7.13,91.93
2026-09-04T18:35:38Z,,91.82
2026-09-04T18:36:38Z,7.13,91.86
2026-09-04T18:37:38Z,7.13,91.85
2026-09-04T18:38:38Z,7.12,91.75
2026-09-04T18:39:38Z,7.12,91.66
2026-09-04T18:40:38Z,7.11,
2026-09-04T18:42:38Z,7.12,91.7
2026-09-04T18:43:38Z,7.12,91.75
2026-09-04T18:44:38Z,7.12,91.75
2026-09-04T18:45:38Z,7.12,91.68
2026-09-04T18:46:38Z,7.11,91.56
2026-09-04T18:48:38Z,7.11,91.63
2026-09-04T18:49:38Z,7.12,91.69
2026-09-04T18:50:38Z,7.11,91.53
2026-09-04T18:51:38Z,7.11,91.54
2026-09-04T18:52:38Z,7.11,91.53
2026-09-04T18:55:38Z,7.12,91.69
2026-09-04T18:56:38Z,7.12,91.67
2026-09-04T18:57:38Z,7.12,91.69
2026-09-04T18:58:38Z,7.11,91.64
2026-09-04T18:59:38Z,7.12,91.73
2026-09-04T19:00:38Z,7.12,91.71
2026-09-04T19:04:38Z,,91.77
2026-09-04T19:05:38Z,7.12,91.76
2026-09-04T19:06:38Z,7.12,91.82
2026-09-04T19:07:38Z,7.12,91.8
2026-09-04T19:08:38Z,7.13,91.84
2026-09-04T19:09:38Z,7.12,91.82
2026-09-04T19:13:38Z,,91.71
2026-09-04T19:14:38Z,7.13,91.83
2026-09-04T19:15:38Z,7.12,91.74
2026-09-04T19:16:38Z,7.12,91.73
2026-09-04T19:17:38Z,7.12,
2026-09-04T19:20:38Z,,91.75
2026-09-04T19:21:38Z,7.12,91.66
2026-09-04T19:22:38Z,7.11,91.64
2026-09-04T19:23:38Z,7.11,91.61
2026-09-04T19:24:38Z,7.12,91.73
2026-09-04T19:25:38Z,7.12,91.77
2026-09-04T19:26:38Z,7.12,91.73
2026-09-04T19:27:38Z,7.11,91.6
2026-09-04T19:28:38Z,7.11,91.54
2026-09-04T19:29:38Z,7.11,91.56
2026-09-04T19:31:38Z,7.11,
2026-09-04T19:32:38Z,7.11,91.57
2026-09-04T19:33:38Z,7.11,91.58
2026-09-04T19:34:38Z,7.11,91.63
2026-09-04T19:35:38Z,7.12,91.68
2026-09-04T19:37:38Z,7.11,91.5
2026-09-04T19:38:38Z,7.11,91.51
2026-09-04T19:39:38Z,7.11,91.59
2026-09-04T19:40:38Z,7.12,91.68
2026-09-04T19:41:38Z,7.12,91.69
2026-09-04T19:44:38Z,7.12,91.7
2026-09-04T19:45:38Z,7.12,91.74
2026-09-04T19:46:38Z,7.12,91.72
2026-09-04T19:47:38Z,7.12,91.7
2026-09-04T19:48:38Z,7.11,91.63
2026-09-04T19:49:38Z,7.11,91.6
2026-09-04T19:50:38Z,7.11,91.65
2026-09-04T19:51:38Z,7.11,91.64
2026-09-04T19:53:38Z,7.11,91.6
2026-09-04T19:54:38Z,7.11,91.56
2026-09-04T19:55:38Z,7.1,91.49
2026-09-04T19:56:38Z,7.11,91.53
2026-09-04T19:59:38Z,7.12,91.73
2026-09-04T20:00:38Z,7.12,91.68
2026-09-04T20:01:38Z,7.12,91.74
2026-09-04T20:02:38Z,7.12,91.73
2026-09-04T20:03:38Z,7.12,
2026-09-04T20:05:38Z,,91.93
2026-09-04T20:06:38Z,7.13,91.99
2026-09-04T20:07:38Z,7.14,92
2026-09-04T20:08:38Z,7.13,91.94
2026-09-04T20:09:38Z,7.12,91.82
2026-09-04T20:10:38Z,7.12,
2026-09-04T20:12:38Z,,91.98
2026-09-04T20:13:38Z,7.13,91.92
2026-09-04T20:14:38Z,7.13,91.92
2026-09-04T20:15:38Z,7.13,91.86
2026-09-04T20:16:38Z,7.13,91.93
2026-09-04T20:18:38Z,,91.87
2026-09-04T20:19:38Z,7.13,91.91
2026-09-04T20:20:38Z,7.13,91.86
2026-09-04T20:21:38Z,7.13,91.88
2026-09-04T20:22:38Z,7.13,91.87
2026-09-04T20:24:38Z,,91.87
2026-09-04T20:25:38Z,7.13,91.86
2026-09-04T20:26:38Z,7.13,91.84
2026-09-04T20:27:38Z,7.13,91.9
2026-09-04T20:28:38Z,7.13,91.88
2026-09-04T20:29:38Z,7.13,
2026-09-04T20:30:38Z,,91.85
2026-09-04T20:31:38Z,,91.8
2026-09-04T20:32:38Z,7.13,91.85
2026-09-04T20:33:38Z,7.13,91.88
2026-09-04T20:34:38Z,7.13,91.87
2026-09-04T20:35:38Z,7.13,
2026-09-04T20:36:38Z,,91.87
2026-09-04T20:37:38Z,7.13,91.84
2026-09-04T20:38:38Z,7.12,91.8
2026-09-04T20:39:38Z,7.13,91.84
2026-09-04T20:40:38Z,7.13,91.84
2026-09-04T20:41:38Z,7.13,
2026-09-04T20:42:38Z,,91.84
2026-09-04T20:43:38Z,7.13,91.86
2026-09-04T20:44:38Z,7.12,91.77
2026-09-04T20:45:38Z,7.12,91.68
2026-09-04T20:46:38Z,7.12,
2026-09-04T20:47:38Z,7.12,
2026-09-04T20:48:38Z,,91.74
2026-09-04T20:49:38Z,7.12,91.76
2026-09-04T20:50:38Z,7.12,91.73
2026-09-04T20:51:38Z,7.12,91.77
2026-09-04T20:52:38Z,7.12,
2026-09-04T20:53:38Z,7.12,91.68
2026-09-04T20:54:38Z,,91.77
2026-09-04T20:55:38Z,7.12,91.7
2026-09-04T20:56:38Z,7.12,91.68
2026-09-04T20:57:38Z,7.12,91.68
2026-09-04T20:58:38Z,7.11,
2026-09-04T20:59:38Z,7.12,
2026-09-04T21:00:38Z,7.11,
2026-09-04T21:01:38Z,,91.64
2026-09-04T21:02:38Z,,91.72
2026-09-04T21:03:38Z,7.12,91.68
2026-09-04T21:04:38Z,7.12,91.75
2026-09-04T21:05:38Z,7.12,91.72
2026-09-04T21:06:38Z,7.12,
2026-09-04T21:07:38Z,7.13,91.85
2026-09-04T21:08:38Z,,91.88
2026-09-04T21:09:38Z,,91.8
2026-09-04T21:10:38Z,7.13,91.85
2026-09-04T21:11:38Z,7.13,91.84
2026-09-04T21:12:38Z,7.13,
2026-09-04T21:13:38Z,7.12,91.82
2026-09-04T21:14:38Z,7.12,91.79
2026-09-04T21:15:38Z,,91.88
2026-09-04T21:16:38Z,7.13,91.85
2026-09-04T21:17:38Z,7.13,91.86
2026-09-04T21:18:38Z,7.13,
2026-09-04T21:19:38Z,7.13,91.87
2026-09-04T21:20:38Z,7.12,91.77
2026-09-04T21:21:38Z,,91.76
2026-09-04T21:22:38Z,7.12,91.82
2026-09-04T21:23:38Z,7.12,91.8
2026-09-04T21:24:38Z,7.12,
2026-09-04T21:25:38Z,7.12,
2026-09-04T21:26:38Z,7.12,91.74
2026-09-04T21:27:38Z,,91.65
2026-09-04T21:28:38Z,7.11,91.58
2026-09-04T21:29:38Z,7.11,91.63
2026-09-04T21:30:38Z,7.12,
2026-09-04T21:31:38Z,7.11,
2026-09-04T21:32:38Z,7.11,91.59
2026-09-04T21:33:38Z,,91.72
2026-09-04T21:34:38Z,7.11,91.6
2026-09-04T21:35:38Z,7.11,91.59
2026-09-04T21:36:38Z,7.11,
2026-09-04T21:37:38Z,7.11,91.64
2026-09-04T21:38:38Z,7.11,91.57
2026-09-04T21:39:38Z,,91.6
2026-09-04T21:40:38Z,7.11,91.62
2026-09-04T21:41:38Z,7.12,91.66
2026-09-04T21:42:38Z,7.11,
2026-09-04T21:43:38Z,7.12,91.75
2026-09-04T21:44:38Z,7.12,91.75
2026-09-04T21:45:38Z,,91.68
2026-09-04T21:46:38Z,7.12,91.69
2026-09-04T21:47:38Z,7.13,91.9
2026-09-04T21:48:38Z,7.12,
2026-09-04T21:49:38Z,7.12,91.81
2026-09-04T21:50:38Z,7.13,91.85
2026-09-04T21:51:38Z,,92.13
2026-09-04T21:52:38Z,7.14,92.06
2026-09-04T21:53:38Z,7.13,91.98
2026-09-04T21:54:38Z,7.13,91.98
2026-09-04T21:55:38Z,7.14,92.06
2026-09-04T21:56:38Z,7.14,92.07
2026-09-04T21:57:38Z,,92.02
2026-09-04T21:58:38Z,,92.04
2026-09-04T21:59:38Z,7.14,92.03
2026-09-04T22:00:38Z,7.14,92.03
2026-09-04T22:01:38Z,7.13,91.9
2026-09-04T22:02:38Z,7.13,91.96
2026-09-04T22:04:38Z,7.13,91.99
2026-09-04T22:05:38Z,7.14,92.05
2026-09-04T22:06:38Z,7.14,92.15
2026-09-04T22:07:38Z,7.14,92.12
2026-09-04T22:08:38Z,7.14,92.06
2026-09-04T22:10:38Z,7.14,
2026-09-04T22:11:38Z,7.14,92.06
2026-09-04T22:12:38Z,7.14,92.11
2026-09-04T22:13:38Z,7.14,92.06
2026-09-04T22:14:38Z,7.14,92.04
2026-09-04T22:17:38Z,7.14,92
2026-09-04T22:18:38Z,7.14,92.05
2026-09-04T22:19:38Z,7.14,92
2026-09-04T22:20:38Z,7.14,92.05
2026-09-04T22:22:38Z,7.13,
2026-09-04T22:23:38Z,7.13,91.93
2026-09-04T22:24:38Z,7.12,91.79
2026-09-04T22:25:38Z,7.12,91.72
2026-09-04T22:26:38Z,7.11,91.62
2026-09-04T22:28:38Z,7.1,91.48
2026-09-04T22:29:38Z,7.1,91.37
2026-09-04T22:30:38Z,7.1,91.38
2026-09-04T22:31:38Z,7.1,91.36
2026-09-04T22:33:38Z,7.1,91.38
2026-09-04T22:34:38Z,7.09,91.28
2026-09-04T22:35:38Z,7.08,91.12
2026-09-04T22:36:38Z,7.08,90.99
2026-09-04T22:37:38Z,7.07,90.85
2026-09-04T22:39:38Z,7.06,90.79
2026-09-04T22:40:38Z,7.06,90.73
2026-09-04T22:41:38Z,7.06,90.71
2026-09-04T22:42:38Z,7.05,90.6
2026-09-04T22:43:38Z,7.05,90.52
2026-09-04T22:45:38Z,7.05,90.54
2026-09-04T22:46:38Z,7.04,90.34
2026-09-04T22:47:38Z,7.03,90.17
2026-09-04T22:48:38Z,7.02,90.11
2026-09-04T22:49:38Z,7.03,90.16
2026-09-04T22:51:38Z,7.03,90.17
2026-09-04T22:52:38Z,7.02,90.08
2026-09-04T22:53:38Z,7.01,89.83
2026-09-04T22:54:38Z,7.02,89.98
2026-09-04T22:55:38Z,,89.78
2026-09-04T22:56:38Z,7.01,
2026-09-04T22:57:38Z,7.02,90.03
2026-09-04T22:58:38Z,7.03,90.16
2026-09-04T22:59:38Z,7.02,89.99
2026-09-04T23:00:38Z,7.02,90.09
2026-09-04T23:01:38Z,,90.1
2026-09-04T23:03:38Z,7.03,
2026-09-04T23:04:38Z,7.03,90.16
2026-09-04T23:05:38Z,7.03,90.18
2026-09-04T23:06:38Z,7.02,90.08
2026-09-04T23:07:38Z,7.01,89.96
2026-09-04T23:08:38Z,,90.07
2026-09-04T23:09:38Z,7.03,
2026-09-04T23:10:38Z,7.03,90.18
2026-09-04T23:11:38Z,7.03,90.15
2026-09-04T23:12:38Z,7.04,90.35
2026-09-04T23:13:38Z,7.04,90.4
2026-09-04T23:14:38Z,,90.32
2026-09-04T23:15:38Z,7.04,
2026-09-04T23:16:38Z,7.03,90.28
2026-09-04T23:17:38Z,7.02,90.11
2026-09-04T23:18:38Z,7.04,90.32
2026-09-04T23:19:38Z,7.04,90.39
2026-09-04T23:20:38Z,,90.35
2026-09-04T23:22:38Z,7.05,
2026-09-04T23:23:38Z,7.06,90.71
2026-09-04T23:24:38Z,7.05,90.62
2026-09-04T23:25:38Z,7.05,90.51
2026-09-04T23:26:38Z,7.05,90.54
2026-09-04T23:28:38Z,7.03,
2026-09-04T23:29:38Z,7.02,90.12
2026-09-04T23:30:38Z,7.03,90.25
2026-09-04T23:31:38Z,7.03,90.22
2026-09-04T23:32:38Z,7.03,90.22
2026-09-04T23:34:38Z,7.04,90.35
2026-09-04T23:35:38Z,7.03,90.24
2026-09-04T23:36:38Z,7.03,90.15
2026-09-04T23:37:38Z,7.01,89.94
2026-09-04T23:38:38Z,6.99,89.62
2026-09-04T23:40:38Z,7.01,89.87
2026-09-04T23:41:38Z,7,89.76
2026-09-04T23:42:38Z,7,89.73
2026-09-04T23:43:38Z,6.99,89.62
2026-09-04T23:44:38Z,6.99,89.48
2026-09-04T23:46:38Z,6.97,89.22
2026-09-04T23:47:38Z,6.9,88.06
2026-09-04T23:48:38Z,6.9,88.07
2026-09-04T23:49:38Z,6.9,88.04
2026-09-04T23:50:38Z,6.86,87.43
2026-09-05T00:00:38Z,6.78,86.03
2026-09-05T00:01:38Z,6.79,86.13
2026-09-05T00:02:38Z,6.78,85.98
2026-09-05T00:03:38Z,6.75,85.6
2026-09-05T00:04:38Z,6.76,85.71
2026-09-05T00:06:38Z,6.79,86.27
2026-09-05T00:07:38Z,6.74,85.28
2026-09-05T00:08:38Z,6.71,84.84
2026-09-05T00:09:38Z,6.7,84.76
2026-09-05T00:10:38Z,6.7,84.6
2026-09-05T00:13:38Z,6.68,84.3
2026-09-05T00:14:38Z,6.65,83.88
2026-09-05T00:15:38Z,6.65,83.9
2026-09-05T00:16:38Z,6.67,84.15
2026-09-05T00:17:38Z,6.7,84.63
2026-09-05T00:18:38Z,6.73,85.11
2026-09-05T00:19:38Z,6.63,83.52
2026-09-05T00:20:38Z,6.58,82.7
2026-09-05T00:21:38Z,6.57,82.49
2026-09-05T00:23:38Z,6.55,82.08
2026-09-05T00:24:38Z,6.57,82.55
2026-09-05T00:25:38Z,6.53,81.85
2026-09-05T00:26:38Z,6.58,82.61
2026-09-05T00:29:38Z,6.55,82.17
2026-09-05T00:30:38Z,6.57,82.55
2026-09-05T00:31:38Z,6.5,81.38
2026-09-05T00:32:38Z,6.5,81.34
2026-09-05T00:33:38Z,6.53,81.81
2026-09-05T00:35:38Z,6.55,82.08
2026-09-05T00:36:38Z,6.54,81.93
2026-09-05T00:37:38Z,6.5,81.27
2026-09-05T00:38:38Z,6.48,81.04
2026-09-05T00:39:38Z,6.49,81.22
2026-09-05T00:41:38Z,6.47,80.77
2026-09-05T00:42:38Z,6.46,80.68
2026-09-05T00:43:38Z,6.45,80.48
2026-09-05T00:44:38Z,6.44,80.33
2026-09-05T00:45:38Z,6.46,80.58
2026-09-05T00:47:38Z,6.44,80.3
2026-09-05T00:48:38Z,6.46,80.64
2026-09-05T00:49:38Z,6.41,79.83
2026-09-05T00:50:38Z,6.4,79.58
2026-09-05T00:51:38Z,6.41,79.86
2026-09-05T00:52:38Z,6.4,
2026-09-05T00:53:38Z,6.42,79.94
2026-09-05T00:54:38Z,6.44,80.39
2026-09-05T00:55:38Z,6.49,81.23
2026-09-05T00:56:38Z,6.53,81.83
2026-09-05T00:59:38Z,6.63,83.42
2026-09-05T01:00:38Z,6.65,83.88
2026-09-05T01:01:38Z,6.68,84.38
2026-09-05T01:02:38Z,6.7,84.74
2026-09-05T01:03:38Z,6.73,85.12
2026-09-05T01:05:38Z,6.77,85.81
2026-09-05T01:06:38Z,6.79,86.27
2026-09-05T01:07:38Z,6.81,86.48
2026-09-05T01:08:38Z,6.81,86.48
2026-09-05T01:09:38Z,6.79,86.21
2026-09-05T01:11:38Z,6.8,86.33
2026-09-05T01:12:38Z,6.78,86.04
2026-09-05T01:13:38Z,6.78,86
2026-09-05T01:14:38Z,6.78,85.99
2026-09-05T01:15:38Z,6.76,85.62
2026-09-05T01:17:38Z,6.74,85.27
2026-09-05T01:18:38Z,6.71,84.85
2026-09-05T01:19:38Z,6.7,84.65
2026-09-05T01:20:38Z,6.66,83.95
2026-09-05T01:21:38Z,6.67,84.17
2026-09-05T01:23:38Z,6.6,83.08
2026-09-05T01:24:38Z,6.53,81.87
2026-09-05T01:25:38Z,6.41,79.88
2026-09-05T01:26:38Z,6.42,79.97
2026-09-05T01:27:38Z,,80.88
2026-09-05T01:28:38Z,6.52,
2026-09-05T01:29:38Z,6.46,80.7
2026-09-05T01:30:38Z,6.45,80.45
2026-09-05T01:31:38Z,6.44,80.31
2026-09-05T01:32:38Z,6.44,80.27
2026-09-05T01:33:38Z,,80.1
2026-09-05T01:34:38Z,6.39,79.4
2026-09-05T01:35:38Z,6.43,80.06
2026-09-05T01:36:38Z,6.43,80.12
2026-09-05T01:37:38Z,6.46,80.66
2026-09-05T01:38:38Z,,80.22
2026-09-05T01:40:38Z,6.42,79.96
2026-09-05T01:41:38Z,6.44,80.33
2026-09-05T01:42:38Z,6.45,80.4
2026-09-05T01:43:38Z,6.48,80.97
2026-09-05T01:44:38Z,6.49,81.17
2026-09-05T01:46:38Z,6.51,81.44
2026-09-05T01:47:38Z,6.54,82
2026-09-05T01:48:38Z,6.57,82.45
2026-09-05T01:49:38Z,6.57,82.48
2026-09-05T01:50:38Z,,83.09
2026-09-05T01:51:38Z,6.63,
2026-09-05T01:52:38Z,6.61,83.2
2026-09-05T01:53:38Z,6.62,83.37
2026-09-05T01:54:38Z,6.64,83.68
2026-09-05T01:55:38Z,6.67,84.19
2026-09-05T01:56:38Z,,83.86
2026-09-05T01:57:38Z,6.67,
2026-09-05T01:58:38Z,6.69,84.5
2026-09-05T01:59:38Z,6.68,84.32
2026-09-05T02:00:38Z,6.68,84.38
2026-09-05T02:01:38Z,6.61,83.15
2026-09-05T02:02:38Z,,83.31
2026-09-05T02:04:38Z,6.63,
2026-09-05T02:05:38Z,6.63,83.57
2026-09-05T02:06:38Z,6.61,83.19
2026-09-05T02:07:38Z,6.58,82.62
2026-09-05T02:08:38Z,6.57,82.44
2026-09-05T02:09:38Z,,82.41
2026-09-05T02:11:38Z,6.57,
2026-09-05T02:12:38Z,6.59,82.85
2026-09-05T02:13:38Z,6.61,83.2
2026-09-05T02:14:38Z,6.58,82.68
2026-09-05T02:15:38Z,,83.03
2026-09-05T02:16:38Z,6.61,
2026-09-05T02:17:38Z,6.61,
2026-09-05T02:18:38Z,6.63,83.47
2026-09-05T02:19:38Z,6.65,83.87
2026-09-05T02:20:38Z,6.68,84.31
2026-09-05T02:21:38Z,,84.05
2026-09-05T02:23:38Z,6.7,84.6
2026-09-05T02:24:38Z,6.71,84.86
2026-09-05T02:25:38Z,6.74,85.33
2026-09-05T02:26:38Z,6.77,85.9
2026-09-05T02:27:38Z,,85.76
2026-09-05T02:28:38Z,6.75,
2026-09-05T02:29:38Z,6.75,85.58
2026-09-05T02:30:38Z,6.79,86.14
2026-09-05T02:31:38Z,6.79,86.26
2026-09-05T02:32:38Z,6.76,85.76
2026-09-05T02:34:38Z,6.73,
2026-09-05T02:35:38Z,6.73,85.12
2026-09-05T02:36:38Z,6.66,83.97
2026-09-05T02:37:38Z,6.64,83.63
2026-09-05T02:38:38Z,,82.97
2026-09-05T02:39:38Z,6.56,
2026-09-05T02:40:38Z,6.55,82.21
2026-09-05T02:41:38Z,6.52,81.71
2026-09-05T02:42:38Z,6.5,81.39
2026-09-05T02:43:38Z,6.5,81.33
2026-09-05T02:44:38Z,6.46,80.59
2026-09-05T02:45:38Z,6.48,80.95
2026-09-05T02:46:38Z,6.4,79.69
2026-09-05T02:47:38Z,6.38,79.22
2026-09-05T02:48:38Z,6.34,78.71
2026-09-05T02:49:38Z,,78.84
2026-09-05T02:50:38Z,6.31,
2026-09-05T02:51:38Z,6.27,77.48
2026-09-05T02:52:38Z,6.28,77.69
2026-09-05T02:53:38Z,6.33,78.54
2026-09-05T02:54:38Z,6.35,78.85
2026-09-05T02:55:38Z,,78.94
2026-09-05T02:57:38Z,6.28,77.62
2026-09-05T02:58:38Z,6.24,76.98
2026-09-05T02:59:38Z,6.25,77.05
2026-09-05T03:00:38Z,6.27,77.49
2026-09-05T03:01:38Z,6.23,76.84
2026-09-05T03:03:38Z,,76.23
2026-09-05T03:04:38Z,6.15,75.49
2026-09-05T03:05:38Z,6.2,76.26
2026-09-05T03:06:38Z,6.2,76.33
2026-09-05T03:07:38Z,6.2,76.26
2026-09-05T03:08:38Z,6.13,75.18
2026-09-05T03:09:38Z,6.16,75.62
2026-09-05T03:10:38Z,6.17,75.8
2026-09-05T03:11:38Z,6.16,75.63
2026-09-05T03:13:38Z,6.13,75.07
2026-09-05T03:14:38Z,6.08,74.26
2026-09-05T03:15:38Z,6.08,74.24
2026-09-05T03:16:38Z,6.07,74.06
2026-09-05T03:17:38Z,6.01,73.01
2026-09-05T03:19:38Z,,72.37
2026-09-05T03:20:38Z,5.95,72.04
2026-09-05T03:21:38Z,5.92,71.53
2026-09-05T03:22:38Z,5.91,71.45
2026-09-05T03:23:38Z,5.89,71.12
2026-09-05T03:24:38Z,5.9,71.2
2026-09-05T03:26:38Z,5.96,72.28
2026-09-05T03:27:38Z,5.95,72.07
2026-09-05T03:28:38Z,5.96,72.3
2026-09-05T03:29:38Z,6.35,72.25
2026-09-05T03:30:38Z,5.98,72.62
2026-09-05T03:32:38Z,5.98,72.59
2026-09-05T03:33:38Z,5.99,72.67
2026-09-05T03:34:38Z,6,72.92
2026-09-05T03:35:38Z,5.95,71.99
2026-09-05T03:36:38Z,5.98,72.51
2026-09-05T03:37:38Z,,71.63
2026-09-05T03:38:38Z,5.94,71.98
2026-09-05T03:39:38Z,5.94,71.83
2026-09-05T03:40:38Z,5.95,72.09
2026-09-05T03:41:38Z,5.92,71.5
2026-09-05T03:42:38Z,5.88,
2026-09-05T03:43:38Z,,71.57
2026-09-05T03:44:38Z,5.97,72.39
2026-09-05T03:45:38Z,5.92,71.55
2026-09-05T03:46:38Z,5.96,72.18
2026-09-05T03:47:38Z,5.94,71.96
2026-09-05T03:48:38Z,5.91,
2026-09-05T03:49:38Z,,71.32
2026-09-05T03:50:38Z,5.95,72.15
2026-09-05T03:51:38Z,5.95,72.11
2026-09-05T03:52:38Z,5.9,71.31
2026-09-05T03:53:38Z,5.91,71.39
2026-09-05T03:54:38Z,5.9,71.24
2026-09-05T03:55:38Z,5.94,71.86
2026-09-05T03:57:38Z,5.88,70.86
2026-09-05T03:58:38Z,5.85,70.35
2026-09-05T03:59:38Z,5.86,70.49
2026-09-05T04:00:38Z,5.84,70.15
2026-09-05T04:01:38Z,5.84,70.14
2026-09-05T04:03:38Z,5.83,70.06
2026-09-05T04:04:38Z,5.83,70.07
2026-09-05T04:05:38Z,5.82,69.81
2026-09-05T04:06:38Z,5.8,69.6
2026-09-05T04:07:38Z,5.81,69.79
2026-09-05T04:09:38Z,5.84,
2026-09-05T04:10:38Z,5.86,70.51
2026-09-05T04:11:38Z,5.86,70.51
2026-09-05T04:12:38Z,5.82,69.86
2026-09-05T04:13:38Z,5.85,70.44
2026-09-05T04:14:38Z,,70.71
2026-09-05T04:15:38Z,5.82,69.95
2026-09-05T04:16:38Z,5.79,69.44
2026-09-05T04:17:38Z,5.81,69.69
2026-09-05T04:18:38Z,5.75,68.79
2026-09-05T04:19:38Z,5.77,69.07
2026-09-05T04:22:38Z,5.76,68.83
2026-09-05T04:23:38Z,5.73,68.3
2026-09-05T04:24:38Z,5.77,68.98
2026-09-05T04:25:38Z,5.73,68.37
2026-09-05T04:26:38Z,,68.98
2026-09-05T04:28:38Z,5.67,67.33
2026-09-05T04:29:38Z,5.64,66.79
2026-09-05T04:30:38Z,5.64,66.9
2026-09-05T04:31:38Z,5.62,66.55
2026-09-05T04:34:38Z,5.59,66.08
2026-09-05T04:35:38Z,5.58,65.79
2026-09-05T04:36:38Z,5.5,64.43
2026-09-05T04:37:38Z,5.54,65.19
2026-09-05T04:39:38Z,5.59,65.97
2026-09-05T04:40:38Z,5.68,67.53
2026-09-05T04:41:38Z,5.7,67.83
2026-09-05T04:42:38Z,5.69,67.62
2026-09-05T04:43:38Z,5.64,66.92
2026-09-05T04:44:38Z,,66.59
2026-09-05T04:45:38Z,5.64,66.9
2026-09-05T04:46:38Z,5.65,67.06
2026-09-05T04:47:38Z,5.58,65.81
2026-09-05T04:48:38Z,5.64,66.91
2026-09-05T04:49:38Z,5.66,67.19
2026-09-05T04:51:38Z,5.6,66.24
2026-09-05T04:52:38Z,5.55,65.38
2026-09-05T04:53:38Z,5.56,65.57
2026-09-05T04:54:38Z,5.57,65.6
2026-09-05T04:55:38Z,5.59,66.05
2026-09-05T04:57:38Z,5.58,65.77
2026-09-05T04:58:38Z,5.58,65.87
2026-09-05T04:59:38Z,5.64,66.93
2026-09-05T05:00:38Z,5.63,66.65
2026-09-05T05:01:38Z,5.63,66.71
2026-09-05T05:03:38Z,5.64,66.87
2026-09-05T05:04:38Z,5.66,67.23
2026-09-05T05:05:38Z,5.65,67.05
2026-09-05T05:06:38Z,5.68,67.45
2026-09-05T05:07:38Z,5.7,67.81
2026-09-05T05:09:38Z,5.7,67.94
2026-09-05T05:10:38Z,5.67,67.42
2026-09-05T05:11:38Z,5.69,67.64
2026-09-05T05:12:38Z,5.71,68.01
2026-09-05T05:13:38Z,5.74,68.53
2026-09-05T05:15:38Z,5.75,
2026-09-05T05:16:38Z,5.8,69.62
2026-09-05T05:17:38Z,5.8,69.54
2026-09-05T05:18:38Z,5.8,69.62
2026-09-05T05:19:38Z,5.84,70.29
2026-09-05T05:20:38Z,5.84,70.29
2026-09-05T05:22:38Z,5.89,71.03
2026-09-05T05:23:38Z,5.82,69.95
2026-09-05T05:24:38Z,5.83,70.06
2026-09-05T05:25:38Z,5.85,70.33
2026-09-05T05:26:38Z,5.86,70.5
2026-09-05T05:29:38Z,5.85,70.33
2026-09-05T05:30:38Z,5.84,70.29
2026-09-05T05:31:38Z,5.87,70.71
2026-09-05T05:32:38Z,5.83,70.08
2026-09-05T05:34:38Z,5.87,70.76
2026-09-05T05:35:38Z,5.86,70.53
2026-09-05T05:36:38Z,5.87,70.77
2026-09-05T05:37:38Z,5.9,71.22
2026-09-05T05:38:38Z,5.91,71.45
2026-09-05T05:39:38Z,5.91,71.32
2026-09-05T05:41:38Z,5.9,71.18
2026-09-05T05:42:38Z,5.85,70.37
2026-09-05T05:43:38Z,5.86,70.61
2026-09-05T05:44:38Z,5.87,70.72
2026-09-05T05:45:38Z,5.88,70.81
2026-09-05T05:47:38Z,5.82,69.83
2026-09-05T05:48:38Z,5.81,69.67
2026-09-05T05:49:38Z,5.81,69.67
2026-09-05T05:50:38Z,5.8,69.49
2026-09-05T05:51:38Z,5.82,69.85
2026-09-05T05:54:38Z,5.87,70.77
2026-09-05T05:55:38Z,5.85,70.47
2026-09-05T05:56:38Z,5.82,69.95
2026-09-05T05:57:38Z,5.85,70.47
2026-09-05T06:01:38Z,,71.23
2026-09-05T06:02:38Z,5.91,71.38
2026-09-05T06:03:38Z,5.94,71.96
2026-09-05T06:04:38Z,5.97,72.47
2026-09-05T06:05:38Z,6.01,73.04
2026-09-05T06:08:38Z,6.08,74.19
2026-09-05T06:09:38Z,6.14,75.28
2026-09-05T06:10:38Z,6.16,75.68
2026-09-05T06:11:38Z,6.16,75.65
2026-09-05T06:12:38Z,6.18,
2026-09-05T06:13:38Z,,76.2
2026-09-05T06:14:38Z,6.21,76.45
2026-09-05T06:15:38Z,6.22,76.6
2026-09-05T06:16:38Z,6.25,77.05
2026-09-05T06:17:38Z,6.27,77.37
2026-09-05T06:19:38Z,,78.67
2026-09-05T06:20:38Z,6.41,79.78
2026-09-05T06:21:38Z,6.43,80.15
2026-09-05T06:22:38Z,6.47,80.88
2026-09-05T06:23:38Z,6.53,81.87
2026-09-05T06:24:38Z,6.55,82.13
2026-09-05T06:26:38Z,,82.54
2026-09-05T06:27:38Z,6.63,83.5
2026-09-05T06:28:38Z,6.68,84.29
2026-09-05T06:29:38Z,6.7,84.76
2026-09-05T06:30:38Z,6.79,86.13
2026-09-05T06:32:38Z,,86.37
2026-09-05T06:33:38Z,6.86,87.33
2026-09-05T06:34:38Z,6.8,86.43
2026-09-05T06:35:38Z,6.84,87.09
2026-09-05T06:36:38Z,6.89,87.86
2026-09-05T06:39:38Z,6.91,88.26
2026-09-05T06:40:38Z,6.92,88.37
2026-09-05T06:41:38Z,6.94,88.75
2026-09-05T06:42:38Z,6.96,88.99
2026-09-05T06:43:38Z,6.96,89.02
2026-09-05T06:46:38Z,6.97,89.24
2026-09-05T06:47:38Z,6.97,89.25
2026-09-05T06:48:38Z,6.97,89.18
2026-09-05T06:49:38Z,6.96,89.07
2026-09-05T06:50:38Z,6.97,89.17
2026-09-05T06:52:38Z,6.97,89.24
2026-09-05T06:53:38Z,6.98,89.33
2026-09-05T06:54:38Z,6.96,89.08
2026-09-05T06:55:38Z,6.97,89.16
2026-09-05T06:56:38Z,6.96,89.13
2026-09-05T06:59:38Z,6.92,88.41
2026-09-05T07:00:38Z,6.92,88.38
2026-09-05T07:01:38Z,6.91,88.18
2026-09-05T07:02:38Z,6.89,87.89
2026-09-05T07:03:38Z,6.9,
2026-09-05T07:05:38Z,,87.49
2026-09-05T07:06:38Z,6.87,87.49
2026-09-05T07:07:38Z,6.87,87.51
2026-09-05T07:08:38Z,6.86,87.44
2026-09-05T07:09:38Z,6.82,86.78
2026-09-05T07:10:38Z,6.82,
2026-09-05T07:12:38Z,,86.73
2026-09-05T07:13:38Z,6.81,86.54
2026-09-05T07:14:38Z,6.78,86.09
2026-09-05T07:15:38Z,6.78,86.08
2026-09-05T07:16:38Z,6.77,85.78
2026-09-05T07:19:38Z,6.71,84.85
2026-09-05T07:20:38Z,6.72,84.98
2026-09-05T07:21:38Z,6.71,84.87
2026-09-05T07:22:38Z,6.73,85.15
2026-09-05T07:23:38Z,6.75,85.52
2026-09-05T07:24:38Z,6.75,
2026-09-05T07:26:38Z,6.8,86.34
2026-09-05T07:27:38Z,6.8,86.39
2026-09-05T07:28:38Z,6.85,87.18
2026-09-05T07:29:38Z,6.86,87.35
2026-09-05T07:30:38Z,6.88,87.71
2026-09-05T07:33:38Z,6.9,88.03
2026-09-05T07:34:38Z,6.92,88.39
2026-09-05T07:35:38Z,6.94,88.67
2026-09-05T07:36:38Z,6.94,88.78
2026-09-05T07:37:38Z,6.95,
2026-09-05T07:39:38Z,6.94,88.72
2026-09-05T07:40:38Z,6.94,88.74
2026-09-05T07:41:38Z,6.97,89.21
2026-09-05T07:42:38Z,6.99,89.5
2026-09-05T07:43:38Z,7.01,89.9
2026-09-05T07:44:38Z,6.96,
2026-09-05T07:45:38Z,6.97,89.2
2026-09-05T07:46:38Z,6.99,89.56
2026-09-05T07:47:38Z,6.99,89.6
2026-09-05T07:48:38Z,7,89.8
2026-09-05T07:49:38Z,7.01,89.94
2026-09-05T07:51:38Z,,90.38
2026-09-05T07:52:38Z,7.03,90.2
2026-09-05T07:53:38Z,7.04,90.42
2026-09-05T07:54:38Z,7.03,90.23
2026-09-05T07:55:38Z,7.01,89.95
2026-09-05T07:56:38Z,7.03,
2026-09-05T07:58:38Z,,90.28
2026-09-05T07:59:38Z,7.03,90.31
2026-09-05T08:00:38Z,7.01,89.95
2026-09-05T08:01:38Z,7.01,89.88
2026-09-05T08:02:38Z,7.02,89.99
2026-09-05T08:03:38Z,7.03,
2026-09-05T08:04:38Z,,90.25
2026-09-05T08:05:38Z,7.02,90.05
2026-09-05T08:06:38Z,7.01,89.94
2026-09-05T08:07:38Z,7.02,89.98
2026-09-05T08:08:38Z,7.01,
2026-09-05T08:09:38Z,7.02,
2026-09-05T08:10:38Z,,90.16
2026-09-05T08:11:38Z,,90.1
2026-09-05T08:12:38Z,7.03,90.21
2026-09-05T08:13:38Z,7.02,89.99
2026-09-05T08:14:38Z,7.01,89.83
2026-09-05T08:15:38Z,7.01,
2026-09-05T08:16:38Z,,89.6
2026-09-05T08:17:38Z,,88.9
2026-09-05T08:18:38Z,6.93,88.57
2026-09-05T08:19:38Z,6.92,88.35
2026-09-05T08:20:38Z,6.89,87.91
2026-09-05T08:21:38Z,6.92,
2026-09-05T08:22:38Z,6.93,
2026-09-05T08:23:38Z,,88.44
2026-09-05T08:24:38Z,,88.4
2026-09-05T08:25:38Z,6.93,88.57
2026-09-05T08:26:38Z,6.91,88.2
2026-09-05T08:27:38Z,6.89,87.84
2026-09-05T08:28:38Z,6.88,
2026-09-05T08:29:38Z,6.89,87.89
2026-09-05T08:30:38Z,,87.98
2026-09-05T08:31:38Z,6.9,87.97
2026-09-05T08:32:38Z,6.91,88.27
2026-09-05T08:33:38Z,6.92,88.39
2026-09-05T08:34:38Z,6.92,
2026-09-05T08:35:38Z,6.91,
2026-09-05T08:36:38Z,,88.56
2026-09-05T08:37:38Z,6.91,88.27
2026-09-05T08:38:38Z,6.89,87.93
2026-09-05T08:39:38Z,6.9,88
2026-09-05T08:40:38Z,6.88,
2026-09-05T08:41:38Z,6.89,
2026-09-05T08:42:38Z,,87.8
2026-09-05T08:43:38Z,,87.81
2026-09-05T08:44:38Z,6.87,87.61
2026-09-05T08:45:38Z,6.89,87.89
2026-09-05T08:46:38Z,6.92,88.39
2026-09-05T08:47:38Z,6.91,
2026-09-05T08:48:38Z,,87.94
2026-09-05T08:49:38Z,6.9,88.08
2026-09-05T08:50:38Z,6.87,87.61
2026-09-05T08:51:38Z,6.85,87.16
2026-09-05T08:52:38Z,6.86,87.45
2026-09-05T08:53:38Z,6.86,
2026-09-05T08:54:38Z,,87.75
2026-09-05T08:55:38Z,6.87,87.57
2026-09-05T08:56:38Z,6.87,87.54
2026-09-05T08:57:38Z,6.89,87.81
2026-09-05T08:58:38Z,6.88,
2026-09-05T08:59:38Z,6.88,
2026-09-05T09:00:38Z,6.88,
2026-09-05T09:01:38Z,6.88,87.71
2026-09-05T09:02:38Z,,87.86
2026-09-05T09:03:38Z,,88.4
2026-09-05T09:04:38Z,6.92,88.39
2026-09-05T09:05:38Z,6.91,88.14
2026-09-05T09:06:38Z,6.9,
2026-09-05T09:07:38Z,6.93,88.48
2026-09-05T09:08:38Z,6.92,88.3
2026-09-05T09:09:38Z,,87.81
2026-09-05T09:10:38Z,,87.72
2026-09-05T09:11:38Z,6.88,87.67
2026-09-05T09:12:38Z,6.89,
2026-09-05T09:13:38Z,6.88,
2026-09-05T09:14:38Z,6.89,87.8
2026-09-05T09:15:38Z,6.89,87.91
2026-09-05T09:16:38Z,,88.06
2026-09-05T09:17:38Z,6.88,87.75
2026-09-05T09:18:38Z,6.88,
2026-09-05T09:19:38Z,6.88,
2026-09-05T09:20:38Z,6.9,87.96
2026-09-05T09:21:38Z,6.92,88.34
2026-09-05T09:22:38Z,,88.43
2026-09-05T09:23:38Z,,88.28
2026-09-05T09:24:38Z,6.91,88.22
2026-09-05T09:25:38Z,6.93,
2026-09-05T09:26:38Z,6.93,88.6
2026-09-05T09:27:38Z,6.95,88.91
2026-09-05T09:28:38Z,,89.1
2026-09-05T09:29:38Z,,88.73
2026-09-05T09:30:38Z,6.96,88.97
2026-09-05T09:31:38Z,6.94,
2026-09-05T09:32:38Z,6.93,
2026-09-05T09:33:38Z,6.92,88.32
2026-09-05T09:34:38Z,6.92,88.33
2026-09-05T09:35:38Z,,88.14
2026-09-05T09:36:38Z,,88.2
2026-09-05T09:37:38Z,6.9,88.06
2026-09-05T09:38:38Z,6.9,
2026-09-05T09:39:38Z,6.91,
2026-09-05T09:40:38Z,6.91,88.27
2026-09-05T09:41:38Z,6.92,88.32
2026-09-05T09:42:38Z,,88.52
2026-09-05T09:43:38Z,6.93,88.53
2026-09-05T09:44:38Z,6.93,88.49
2026-09-05T09:45:38Z,6.93,88.58
2026-09-05T09:46:38Z,6.93,88.51
2026-09-05T09:47:38Z,6.92,88.39
2026-09-05T09:48:38Z,,88.46
2026-09-05T09:49:38Z,6.92,88.36
2026-09-05T09:50:38Z,6.91,
2026-09-05T09:51:38Z,6.9,
2026-09-05T09:52:38Z,6.89,87.91
2026-09-05T09:53:38Z,6.9,88.06
2026-09-05T09:54:38Z,,88
2026-09-05T09:55:38Z,,88.07
2026-09-05T09:56:38Z,6.9,88.06
2026-09-05T09:57:38Z,6.92,
2026-09-05T09:58:38Z,6.92,
2026-09-05T09:59:38Z,6.92,88.33
2026-09-05T10:00:38Z,6.93,88.52
2026-09-05T10:01:38Z,,88.2
2026-09-05T10:02:38Z,,88.3
2026-09-05T10:03:38Z,6.91,88.24
2026-09-05T10:04:38Z,6.89,
2026-09-05T10:05:38Z,6.87,
2026-09-05T10:06:38Z,6.89,87.88
2026-09-05T10:07:38Z,6.87,87.56
2026-09-05T10:08:38Z,,87.37
2026-09-05T10:09:38Z,6.86,87.31
2026-09-05T10:10:38Z,6.87,
2026-09-05T10:11:38Z,6.86,
2026-09-05T10:12:38Z,6.86,87.39
2026-09-05T10:13:38Z,6.85,87.2
2026-09-05T10:14:38Z,,87.41
2026-09-05T10:15:38Z,6.88,87.64
2026-09-05T10:16:38Z,6.88,
2026-09-05T10:17:38Z,6.89,
2026-09-05T10:18:38Z,6.89,87.82
2026-09-05T10:19:38Z,6.87,87.53
2026-09-05T10:20:38Z,,87.48
2026-09-05T10:21:38Z,,87.5
2026-09-05T10:23:38Z,6.86,
2026-09-05T10:24:38Z,6.86,
2026-09-05T10:25:38Z,6.84,87.1
2026-09-05T10:26:38Z,6.82,86.77
2026-09-05T10:27:38Z,,86.71
2026-09-05T10:28:38Z,6.82,86.71
2026-09-05T10:29:38Z,6.83,86.8
2026-09-05T10:30:38Z,6.83,86.92
2026-09-05T10:31:38Z,6.84,87.1
2026-09-05T10:33:38Z,6.83,86.83
2026-09-05T10:34:38Z,6.82,86.63
2026-09-05T10:35:38Z,6.82,86.63
2026-09-05T10:36:38Z,6.81,86.6
2026-09-05T10:37:38Z,6.82,
2026-09-05T10:39:38Z,,86.63
2026-09-05T10:40:38Z,6.79,86.26
2026-09-05T10:41:38Z,6.78,86
2026-09-05T10:42:38Z,6.79,86.2
2026-09-05T10:43:38Z,6.79,86.17
2026-09-05T10:44:38Z,6.8,
2026-09-05T10:46:38Z,6.8,86.33
2026-09-05T10:47:38Z,6.82,86.71
2026-09-05T10:48:38Z,6.8,86.35
2026-09-05T10:49:38Z,6.79,86.25
2026-09-05T10:50:38Z,6.79,
2026-09-05T10:51:38Z,,86.39
2026-09-05T10:52:38Z,6.81,86.49
2026-09-05T10:53:38Z,6.81,86.5
2026-09-05T10:54:38Z,6.82,86.65
2026-09-05T10:55:38Z,6.82,86.76
2026-09-05T10:57:38Z,,86.85
2026-09-05T10:58:38Z,6.83,86.89
2026-09-05T10:59:38Z,6.84,86.96
2026-09-05T11:00:38Z,6.84,87.01
2026-09-05T11:01:38Z,6.84,86.97
2026-09-05T11:02:38Z,6.84,
2026-09-05T11:04:38Z,,87.24
2026-09-05T11:05:38Z,6.85,87.28
2026-09-05T11:06:38Z,6.85,87.26
2026-09-05T11:07:38Z,6.86,87.3
2026-09-05T11:08:38Z,6.86,87.39
2026-09-05T11:09:38Z,6.85,
2026-09-05T11:11:38Z,6.84,86.97
2026-09-05T11:12:38Z,6.83,86.8
2026-09-05T11:13:38Z,6.82,86.67
2026-09-05T11:14:38Z,6.82,86.74
2026-09-05T11:15:38Z,6.83,
2026-09-05T11:16:38Z,,87.02
2026-09-05T11:17:38Z,6.84,87.07
2026-09-05T11:18:38Z,6.85,87.13
2026-09-05T11:19:38Z,6.85,87.2
2026-09-05T11:20:38Z,6.85,87.14
2026-09-05T11:21:38Z,6.85,
2026-09-05T11:23:38Z,6.84,87.06
2026-09-05T11:24:38Z,6.85,87.14
2026-09-05T11:25:38Z,6.86,87.33
2026-09-05T11:26:38Z,6.86,87.43
2026-09-05T11:27:38Z,6.86,
2026-09-05T11:29:38Z,,87.72
2026-09-05T11:30:38Z,6.87,87.59
2026-09-05T11:31:38Z,6.87,87.49
2026-09-05T11:32:38Z,6.87,87.54
2026-09-05T11:33:38Z,6.87,87.62
2026-09-05T11:34:38Z,6.88,
2026-09-05T11:35:38Z,,87.7
2026-09-05T11:36:38Z,6.88,87.73
2026-09-05T11:37:38Z,6.87,87.58
2026-09-05T11:38:38Z,6.88,87.66
2026-09-05T11:39:38Z,6.88,87.71
2026-09-05T11:40:38Z,6.89,
2026-09-05T11:41:38Z,,88.11
2026-09-05T11:42:38Z,6.89,87.95
2026-09-05T11:43:38Z,6.9,88.05
2026-09-05T11:44:38Z,6.9,88.05
2026-09-05T11:45:38Z,6.91,88.14
2026-09-05T11:46:38Z,6.9,
2026-09-05T11:47:38Z,,88.16
2026-09-05T11:48:38Z,6.91,88.25
2026-09-05T11:49:38Z,6.92,88.3
2026-09-05T11:50:38Z,6.91,88.2
2026-09-05T11:51:38Z,6.9,88.08
2026-09-05T11:52:38Z,6.9,
2026-09-05T11:53:38Z,,88.02
2026-09-05T11:54:38Z,6.9,88.05
2026-09-05T11:55:38Z,6.9,88.03
2026-09-05T11:56:38Z,6.91,88.15
2026-09-05T11:57:38Z,6.9,88.07
2026-09-05T11:58:38Z,6.93,
2026-09-05T11:59:38Z,6.93,
2026-09-05T12:00:38Z,,88.52
2026-09-05T12:01:38Z,6.92,88.35
2026-09-05T12:02:38Z,6.91,88.25
2026-09-05T12:03:38Z,6.91,88.13
2026-09-05T12:04:38Z,6.9,88.06
2026-09-05T12:05:38Z,6.91,
2026-09-05T12:06:38Z,,88.41
2026-09-05T12:07:38Z,,88.27
2026-09-05T12:08:38Z,6.92,88.44
2026-09-05T12:09:38Z,6.93,88.57
2026-09-05T12:10:38Z,6.92,88.39
2026-09-05T12:11:38Z,6.91,
2026-09-05T12:12:38Z,,88.19
2026-09-05T12:13:38Z,6.91,88.14
2026-09-05T12:14:38Z,6.91,88.18
2026-09-05T12:15:38Z,6.91,88.18
2026-09-05T12:16:38Z,6.91,88.2
2026-09-05T12:17:38Z,6.9,
2026-09-05T12:19:38Z,,88.11
2026-09-05T12:20:38Z,6.91,88.23
2026-09-05T12:21:38Z,6.91,88.15
2026-09-05T12:22:38Z,6.91,88.14
2026-09-05T12:23:38Z,6.91,
2026-09-05T12:24:38Z,6.9,
2026-09-05T12:25:38Z,,88.17
2026-09-05T12:26:38Z,6.91,88.25
2026-09-05T12:27:38Z,6.91,88.27
2026-09-05T12:28:38Z,6.92,88.32
2026-09-05T12:29:38Z,6.92,88.32
2026-09-05T12:30:38Z,6.92,
2026-09-05T12:32:38Z,,88.31
2026-09-05T12:33:38Z,6.92,88.4
2026-09-05T12:34:38Z,6.93,88.53
2026-09-05T12:35:38Z,6.93,88.54
2026-09-05T12:36:38Z,6.93,
2026-09-05T12:38:38Z,,88.69
2026-09-05T12:39:38Z,6.94,88.67
2026-09-05T12:40:38Z,6.94,88.72
2026-09-05T12:41:38Z,6.94,88.67
2026-09-05T12:42:38Z,6.94,
2026-09-05T12:43:38Z,6.94,
2026-09-05T12:44:38Z,,88.53
2026-09-05T12:45:38Z,6.93,88.47
2026-09-05T12:46:38Z,6.94,88.64
2026-09-05T12:47:38Z,6.94,88.71
2026-09-05T12:48:38Z,6.95,
2026-09-05T12:49:38Z,6.94,88.71
2026-09-05T12:50:38Z,,88.78
2026-09-05T12:51:38Z,,88.75
2026-09-05T12:52:38Z,6.95,88.82
2026-09-05T12:53:38Z,6.96,89.11
2026-09-05T12:54:38Z,6.96,
2026-09-05T12:55:38Z,6.96,
2026-09-05T12:56:38Z,,88.97
2026-09-05T12:57:38Z,,88.94
2026-09-05T12:58:38Z,6.96,89.06
2026-09-05T12:59:38Z,6.96,89.12
2026-09-05T13:00:38Z,6.97,89.18
2026-09-05T13:01:38Z,6.97,
2026-09-05T13:02:38Z,6.97,
2026-09-05T13:04:38Z,,89.14
2026-09-05T13:05:38Z,6.96,89.09
2026-09-05T13:06:38Z,6.96,89.13
2026-09-05T13:07:38Z,6.95,88.9
2026-09-05T13:08:38Z,6.95,
2026-09-05T13:09:38Z,6.94,
2026-09-05T13:10:38Z,,88.87
2026-09-05T13:11:38Z,,88.89
2026-09-05T13:12:38Z,6.95,88.86
2026-09-05T13:13:38Z,6.95,88.81
2026-09-05T13:14:38Z,6.95,88.87
2026-09-05T13:15:38Z,6.95,
2026-09-05T13:16:38Z,6.96,
2026-09-05T13:17:38Z,,89.05
2026-09-05T13:18:38Z,,89.11
2026-09-05T13:19:38Z,6.96,89
2026-09-05T13:20:38Z,6.95,88.89
2026-09-05T13:21:38Z,6.95,88.86
2026-09-05T13:22:38Z,6.96,
2026-09-05T13:24:38Z,,88.85
2026-09-05T13:25:38Z,6.95,88.88
2026-09-05T13:26:38Z,6.95,88.91
2026-09-05T13:27:38Z,6.95,88.92
2026-09-05T13:28:38Z,6.95,88.91
2026-09-05T13:29:38Z,6.96,
2026-09-05T13:31:38Z,6.96,89.05
2026-09-05T13:32:38Z,6.95,88.89
2026-09-05T13:33:38Z,6.95,88.85
2026-09-05T13:34:38Z,6.94,88.68
2026-09-05T13:35:38Z,6.94,88.72
2026-09-05T13:37:38Z,6.93,88.63
2026-09-05T13:38:38Z,6.94,88.77
2026-09-05T13:39:38Z,6.94,88.73
2026-09-05T13:40:38Z,6.94,88.79
2026-09-05T13:41:38Z,6.94,88.73
2026-09-05T13:44:38Z,6.94,88.8
2026-09-05T13:45:38Z,6.94,88.69
2026-09-05T13:46:38Z,6.93,88.63
2026-09-05T13:47:38Z,6.92,88.42
2026-09-05T13:49:38Z,,88.36
2026-09-05T13:50:38Z,6.93,88.5
2026-09-05T13:51:38Z,6.93,88.52
2026-09-05T13:52:38Z,6.92,88.42
2026-09-05T13:53:38Z,6.93,88.59
2026-09-05T13:54:38Z,6.93,
2026-09-05T13:55:38Z,6.91,88.25
2026-09-05T13:56:38Z,6.91,88.2
2026-09-05T13:57:38Z,6.92,88.31
2026-09-05T13:58:38Z,6.92,88.31
2026-09-05T13:59:38Z,6.91,88.24
2026-09-05T14:00:38Z,6.91,88.21
2026-09-05T14:03:38Z,6.91,88.16
2026-09-05T14:04:38Z,6.91,88.15
2026-09-05T14:05:38Z,6.91,88.22
2026-09-05T14:06:38Z,6.91,88.17
2026-09-05T14:07:38Z,6.91,88.22
2026-09-05T14:10:38Z,6.92,88.32
2026-09-05T14:11:38Z,6.91,88.24
2026-09-05T14:12:38Z,6.9,88.06
2026-09-05T14:13:38Z,6.9,88.07
2026-09-05T14:14:38Z,6.9,88.09
2026-09-05T14:15:38Z,6.92,88.34
2026-09-05T14:16:38Z,6.93,88.49
2026-09-05T14:17:38Z,6.94,88.64
2026-09-05T14:18:38Z,6.94,88.64
2026-09-05T14:19:38Z,6.94,88.72
2026-09-05T14:20:38Z,,88.76
2026-09-05T14:22:38Z,6.93,
2026-09-05T14:23:38Z,6.92,88.37
2026-09-05T14:24:38Z,6.89,87.93
2026-09-05T14:25:38Z,6.89,87.88
2026-09-05T14:26:38Z,6.89,87.9
2026-09-05T14:29:38Z,6.88,87.74
2026-09-05T14:30:38Z,6.87,87.59
2026-09-05T14:31:38Z,6.87,87.52
2026-09-05T14:32:38Z,6.87,87.49
2026-09-05T14:34:38Z,,87.28
2026-09-05T14:35:38Z,6.84,87.1
2026-09-05T14:36:38Z,6.83,86.92
2026-09-05T14:37:38Z,6.83,86.81
2026-09-05T14:38:38Z,6.84,87.02
2026-09-05T14:39:38Z,6.83,86.91
2026-09-05T14:41:38Z,,86.87
2026-09-05T14:42:38Z,6.83,86.81
2026-09-05T14:43:38Z,6.83,86.84
2026-09-05T14:44:38Z,6.83,86.94
2026-09-05T14:45:38Z,6.84,87
2026-09-05T14:47:38Z,,86.8
2026-09-05T14:48:38Z,6.83,86.94
2026-09-05T14:49:38Z,6.83,86.89
2026-09-05T14:50:38Z,6.84,86.99
2026-09-05T14:51:38Z,6.84,87.02
2026-09-05T14:53:38Z,,87.23
2026-09-05T14:54:38Z,6.86,87.36
2026-09-05T14:55:38Z,6.85,87.28
2026-09-05T14:56:38Z,6.85,87.24
2026-09-05T14:57:38Z,6.84,87.09
2026-09-05T15:00:38Z,,87.14
2026-09-05T15:01:38Z,6.85,87.23
2026-09-05T15:02:38Z,6.85,87.13
2026-09-05T15:03:38Z,6.85,87.25
2026-09-05T15:04:38Z,6.84,87.11
2026-09-05T15:05:38Z,6.83,
2026-09-05T15:07:38Z,,87.12
2026-09-05T15:08:38Z,6.85,87.13
2026-09-05T15:09:38Z,6.85,87.13
2026-09-05T15:10:38Z,6.85,87.15
2026-09-05T15:11:38Z,6.86,87.36
2026-09-05T15:12:38Z,6.86,
2026-09-05T15:14:38Z,6.87,87.56
2026-09-05T15:15:38Z,6.86,87.44
2026-09-05T15:16:38Z,6.86,87.33
2026-09-05T15:17:38Z,6.86,87.3
2026-09-05T15:18:38Z,6.85,87.22
2026-09-05T15:21:38Z,6.83,86.92
2026-09-05T15:22:38Z,6.82,86.74
2026-09-05T15:23:38Z,6.82,86.73
2026-09-05T15:24:38Z,6.82,86.68
2026-09-05T15:25:38Z,6.83,86.8
2026-09-05T15:27:38Z,6.83,86.86
2026-09-05T15:28:38Z,6.82,86.7
2026-09-05T15:29:38Z,6.82,86.75
2026-09-05T15:30:38Z,6.82,86.7
2026-09-05T15:31:38Z,6.81,86.58
2026-09-05T15:34:38Z,6.83,86.8
2026-09-05T15:35:38Z,6.83,86.84
2026-09-05T15:36:38Z,6.84,86.96
2026-09-05T15:37:38Z,6.85,87.14
2026-09-05T15:38:38Z,6.85,87.24
2026-09-05T15:40:38Z,6.86,87.4
2026-09-05T15:41:38Z,6.87,87.48
2026-09-05T15:42:38Z,6.87,87.55
2026-09-05T15:43:38Z,6.87,87.56
2026-09-05T15:44:38Z,6.88,87.64
2026-09-05T15:46:38Z,6.87,87.48
2026-09-05T15:47:38Z,6.86,87.36
2026-09-05T15:48:38Z,6.85,87.25
2026-09-05T15:49:38Z,6.85,87.12
2026-09-05T15:50:38Z,6.84,87.02
2026-09-05T15:53:38Z,6.84,87.03
2026-09-05T15:54:38Z,6.83,86.79
2026-09-05T15:55:38Z,6.82,86.7
2026-09-05T15:56:38Z,6.82,86.62
2026-09-05T15:57:38Z,,86.6
2026-09-05T16:00:38Z,6.81,86.54
2026-09-05T16:01:38Z,6.82,86.74
2026-09-05T16:02:38Z,6.82,86.71
2026-09-05T16:03:38Z,6.81,86.55
2026-09-05T16:04:38Z,6.81,86.46
2026-09-05T16:06:38Z,6.82,
2026-09-05T16:07:38Z,6.82,86.65
2026-09-05T16:08:38Z,6.82,86.66
2026-09-05T16:09:38Z,6.8,86.44
2026-09-05T16:10:38Z,6.79,86.27
2026-09-05T16:11:38Z,,86.14
2026-09-05T16:13:38Z,6.77,85.83
2026-09-05T16:14:38Z,6.78,86
2026-09-05T16:15:38Z,6.78,86
2026-09-05T16:16:38Z,6.78,85.98
2026-09-05T16:17:38Z,6.79,86.13
2026-09-05T16:20:38Z,6.79,86.22
2026-09-05T16:21:38Z,6.8,86.3
2026-09-05T16:22:38Z,6.79,86.24
2026-09-05T16:23:38Z,6.8,86.31
2026-09-05T16:24:38Z,6.79,86.16
2026-09-05T16:26:38Z,6.78,86.02
2026-09-05T16:27:38Z,6.78,85.96
2026-09-05T16:28:38Z,6.77,85.83
2026-09-05T16:29:38Z,6.77,85.83
2026-09-05T16:30:38Z,6.76,85.75
2026-09-05T16:33:38Z,6.77,85.8
2026-09-05T16:34:38Z,6.76,85.73
2026-09-05T16:35:38Z,6.77,85.85
2026-09-05T16:36:38Z,6.76,85.72
2026-09-05T16:37:38Z,,85.53
2026-09-05T16:39:38Z,6.73,
2026-09-05T16:40:38Z,6.72,85.02
2026-09-05T16:41:38Z,6.73,85.16
2026-09-05T16:42:38Z,6.72,84.99
2026-09-05T16:43:38Z,6.7,84.76
2026-09-05T16:44:38Z,,84.82
2026-09-05T16:46:38Z,6.69,84.54
2026-09-05T16:47:38Z,6.69,84.54
2026-09-05T16:48:38Z,6.69,84.56
2026-09-05T16:49:38Z,6.71,84.91
2026-09-05T16:50:38Z,,84.9
2026-09-05T16:52:38Z,6.71,84.82
2026-09-05T16:53:38Z,6.72,84.94
2026-09-05T16:54:38Z,6.71,84.8
2026-09-05T16:55:38Z,6.71,84.88
2026-09-05T16:56:38Z,6.72,85.04
2026-09-05T16:59:38Z,6.73,85.26
2026-09-05T17:00:38Z,6.73,85.2
2026-09-05T17:01:38Z,6.74,85.38
2026-09-05T17:02:38Z,6.76,85.66
2026-09-05T17:03:38Z,6.76,85.74
2026-09-05T17:06:38Z,6.75,85.57
2026-09-05T17:07:38Z,6.75,85.5
2026-09-05T17:08:38Z,6.76,85.65
2026-09-05T17:09:38Z,6.76,85.73
2026-09-05T17:10:38Z,6.77,
2026-09-05T17:12:38Z,6.78,86.08
2026-09-05T17:13:38Z,6.79,86.12
2026-09-05T17:14:38Z,6.78,86.09
2026-09-05T17:15:38Z,6.78,86.05
2026-09-05T17:16:38Z,6.78,
2026-09-05T17:18:38Z,,86.08
2026-09-05T17:19:38Z,6.79,86.15
2026-09-05T17:20:38Z,6.79,86.13
2026-09-05T17:21:38Z,6.78,86.08
2026-09-05T17:22:38Z,6.79,86.14
2026-09-05T17:23:38Z,6.78,
2026-09-05T17:25:38Z,6.79,86.18
2026-09-05T17:26:38Z,6.8,86.36
2026-09-05T17:27:38Z,6.81,86.45
2026-09-05T17:28:38Z,6.81,86.49
2026-09-05T17:29:38Z,6.81,86.51
2026-09-05T17:31:38Z,6.81,86.47
2026-09-05T17:32:38Z,6.8,86.36
2026-09-05T17:33:38Z,6.81,86.5
2026-09-05T17:34:38Z,6.8,86.4
2026-09-05T17:35:38Z,6.81,86.45
2026-09-05T17:37:38Z,,86.44
2026-09-05T17:38:38Z,6.81,86.46
2026-09-05T17:39:38Z,6.81,86.54
2026-09-05T17:40:38Z,6.8,86.32
2026-09-05T17:41:38Z,6.8,86.42
2026-09-05T17:44:38Z,6.78,86.02
2026-09-05T17:45:38Z,6.78,86.03
2026-09-05T17:46:38Z,6.77,85.94
2026-09-05T17:47:38Z,6.77,85.94
2026-09-05T17:48:38Z,6.77,85.88
2026-09-05T17:50:38Z,,85.87
2026-09-05T17:51:38Z,6.77,85.8
2026-09-05T17:52:38Z,6.76,85.77
2026-09-05T17:53:38Z,6.77,85.8
2026-09-05T17:54:38Z,6.75,85.57
2026-09-05T17:55:38Z,6.75,
2026-09-05T17:58:38Z,6.75,85.47
2026-09-05T17:59:38Z,6.75,85.45
2026-09-05T18:00:38Z,6.74,85.28
2026-09-05T18:01:38Z,6.73,85.18
2026-09-05T18:02:38Z,6.73,85.17
2026-09-05T18:06:38Z,6.74,85.31
2026-09-05T18:07:38Z,6.73,85.26
2026-09-05T18:08:38Z,6.73,85.25
2026-09-05T18:09:38Z,6.73,85.13
2026-09-05T18:10:38Z,6.72,85
2026-09-05T18:13:38Z,,84.82
2026-09-05T18:14:38Z,6.71,84.81
2026-09-05T18:15:38Z,6.71,84.77
2026-09-05T18:16:38Z,6.7,84.76
2026-09-05T18:17:38Z,6.71,84.8
2026-09-05T18:20:38Z,6.7,84.72
2026-09-05T18:21:38Z,6.7,84.68
2026-09-05T18:22:38Z,6.7,84.72
2026-09-05T18:23:38Z,6.71,84.79
2026-09-05T18:24:38Z,6.7,84.7
2026-09-05T18:27:38Z,6.7,84.61
2026-09-05T18:28:38Z,6.7,84.62
2026-09-05T18:29:38Z,6.68,84.38
2026-09-05T18:30:38Z,6.68,84.37
2026-09-05T18:31:38Z,6.67,
2026-09-05T18:33:38Z,6.68,84.42
2026-09-05T18:34:38Z,6.69,84.5
2026-09-05T18:35:38Z,6.7,84.61
2026-09-05T18:36:38Z,6.7,84.61
2026-09-05T18:37:38Z,6.69,
2026-09-05T18:38:38Z,,84.56
2026-09-05T18:39:38Z,6.7,84.75
2026-09-05T18:40:38Z,6.71,84.85
2026-09-05T18:41:38Z,6.73,85.22
2026-09-05T18:42:38Z,6.74,85.27
2026-09-05T18:43:38Z,6.74,
2026-09-05T18:44:38Z,,85.41
2026-09-05T18:45:38Z,6.75,85.5
2026-09-05T18:46:38Z,6.75,85.6
2026-09-05T18:47:38Z,6.76,85.66
2026-09-05T18:48:38Z,6.76,85.75
2026-09-05T18:49:38Z,6.77,
2026-09-05T18:50:38Z,,85.73
2026-09-05T18:51:38Z,,85.59
2026-09-05T18:52:38Z,6.76,85.77
2026-09-05T18:53:38Z,6.75,85.58
2026-09-05T18:54:38Z,6.75,85.53
2026-09-05T18:55:38Z,6.74,
2026-09-05T18:56:38Z,6.74,
2026-09-05T18:57:38Z,,85.27
2026-09-05T18:58:38Z,6.72,85.06
2026-09-05T18:59:38Z,6.72,85.01
2026-09-05T19:00:38Z,6.72,85
2026-09-05T19:01:38Z,6.71,84.89
2026-09-05T19:02:38Z,6.71,
2026-09-05T19:04:38Z,,84.5
2026-09-05T19:05:38Z,6.69,84.55
2026-09-05T19:06:38Z,6.69,84.45
2026-09-05T19:07:38Z,6.67,84.17
2026-09-05T19:08:38Z,6.68,
2026-09-05T19:09:38Z,6.69,
2026-09-05T19:10:38Z,,84.52
2026-09-05T19:11:38Z,,84.44
2026-09-05T19:12:38Z,6.69,84.47
2026-09-05T19:13:38Z,6.69,84.49
2026-09-05T19:14:38Z,6.69,84.57
2026-09-05T19:15:38Z,6.7,
2026-09-05T19:16:38Z,6.69,
2026-09-05T19:17:38Z,,84.49
2026-09-05T19:18:38Z,6.7,84.76
2026-09-05T19:19:38Z,6.7,84.68
2026-09-05T19:20:38Z,7.21,84.54
2026-09-05T19:21:38Z,6.69,
2026-09-05T19:23:38Z,,85.05
2026-09-05T19:24:38Z,6.72,85
2026-09-05T19:25:38Z,6.72,85.01
2026-09-05T19:26:38Z,6.71,84.93
2026-09-05T19:27:38Z,6.71,
2026-09-05T19:28:38Z,6.7,
2026-09-05T19:29:38Z,,84.6
2026-09-05T19:30:38Z,,84.64
2026-09-05T19:31:38Z,6.69,84.58
2026-09-05T19:32:38Z,6.69,84.49
2026-09-05T19:33:38Z,6.69,84.46
2026-09-05T19:34:38Z,6.69,
2026-09-05T19:35:38Z,6.7,
2026-09-05T19:36:38Z,,84.46
2026-09-05T19:37:38Z,6.7,84.6
2026-09-05T19:38:38Z,6.7,84.6
2026-09-05T19:39:38Z,6.7,84.63
2026-09-05T19:40:38Z,6.69,84.49
2026-09-05T19:41:38Z,6.68,
2026-09-05T19:42:38Z,,84.11
2026-09-05T19:43:38Z,6.67,84.25
2026-09-05T19:44:38Z,6.68,84.27
2026-09-05T19:45:38Z,6.67,84.19
2026-09-05T19:46:38Z,6.67,
2026-09-05T19:47:38Z,6.66,
2026-09-05T19:48:38Z,,83.93
2026-09-05T19:49:38Z,,84.11
2026-09-05T19:50:38Z,6.65,83.86
2026-09-05T19:51:38Z,6.65,83.86
2026-09-05T19:52:38Z,6.66,84.02
2026-09-05T19:53:38Z,6.66,
2026-09-05T19:54:38Z,6.67,84.17
2026-09-05T19:55:38Z,,83.95
2026-09-05T19:56:38Z,,83.87
2026-09-05T19:57:38Z,6.65,83.87
2026-09-05T19:58:38Z,6.64,83.69
2026-09-05T19:59:38Z,6.66,83.94
2026-09-05T20:00:38Z,6.65,
2026-09-05T20:01:38Z,6.66,
2026-09-05T20:02:38Z,,83.57
2026-09-05T20:03:38Z,,83.24
2026-09-05T20:04:38Z,6.61,83.1
2026-09-05T20:05:38Z,6.61,83.1
2026-09-05T20:06:38Z,6.61,
2026-09-05T20:07:38Z,6.62,
2026-09-05T20:08:38Z,,83.38
2026-09-05T20:09:38Z,,83.35
2026-09-05T20:10:38Z,6.64,83.63
2026-09-05T20:11:38Z,6.65,83.8
2026-09-05T20:12:38Z,6.65,
2026-09-05T20:13:38Z,6.66,
2026-09-05T20:14:38Z,6.67,84.15
2026-09-05T20:15:38Z,,84.16
2026-09-05T20:16:38Z,,84.28
2026-09-05T20:17:38Z,6.69,84.56
2026-09-05T20:18:38Z,6.7,84.68
2026-09-05T20:19:38Z,6.7,
2026-09-05T20:20:38Z,6.7,
2026-09-05T20:21:38Z,6.7,84.67
2026-09-05T20:22:38Z,,84.57
2026-09-05T20:23:38Z,,84.61
2026-09-05T20:24:38Z,6.7,84.65
2026-09-05T20:25:38Z,6.71,84.78
2026-09-05T20:26:38Z,6.71,
2026-09-05T20:27:38Z,6.72,84.95
2026-09-05T20:28:38Z,,85.18
2026-09-05T20:29:38Z,,85.32
2026-09-05T20:30:38Z,6.75,85.6
2026-09-05T20:31:38Z,6.76,85.64
2026-09-05T20:32:38Z,6.75,
2026-09-05T20:33:38Z,6.72,
2026-09-05T20:34:38Z,6.71,84.86
2026-09-05T20:35:38Z,,84.91
2026-09-05T20:36:38Z,,84.61
2026-09-05T20:37:38Z,6.62,83.34
2026-09-05T20:38:38Z,6.59,82.85
2026-09-05T20:39:38Z,6.55,
2026-09-05T20:40:38Z,6.51,
2026-09-05T20:41:38Z,6.46,80.57
2026-09-05T20:42:38Z,,80.48
2026-09-05T20:43:38Z,,79.65
2026-09-05T20:44:38Z,6.32,78.36
2026-09-05T20:45:38Z,6.3,
2026-09-05T20:46:38Z,6.27,
2026-09-05T20:47:38Z,6.22,76.67
2026-09-05T20:48:38Z,,76.27
2026-09-05T20:49:38Z,,75.34
2026-09-05T20:50:38Z,6.13,75.18
2026-09-05T20:51:38Z,6.12,74.91
2026-09-05T20:52:38Z,6.09,
2026-09-05T20:53:38Z,6.1,74.57
2026-09-05T20:54:38Z,6.08,74.24
2026-09-05T20:55:38Z,,74.01
2026-09-05T20:56:38Z,,74.09
2026-09-05T20:57:38Z,6.06,73.95
2026-09-05T20:58:38Z,6.07,
2026-09-05T20:59:38Z,6.07,
2026-09-05T21:00:38Z,6.04,
2026-09-05T21:01:38Z,6.06,73.93
2026-09-05T21:02:38Z,,73.62
2026-09-05T21:03:38Z,,73.51
2026-09-05T21:04:38Z,5.96,72.27
2026-09-05T21:05:38Z,5.93,71.76
2026-09-05T21:06:38Z,5.95,
2026-09-05T21:07:38Z,5.94,
2026-09-05T21:08:38Z,5.97,72.38
2026-09-05T21:09:38Z,,72.26
2026-09-05T21:10:38Z,,72.4
2026-09-05T21:11:38Z,5.94,71.92
2026-09-05T21:12:38Z,5.91,
2026-09-05T21:13:38Z,5.9,71.27
2026-09-05T21:14:38Z,5.91,71.36
2026-09-05T21:15:38Z,5.91,71.34
2026-09-05T21:16:38Z,,71.53
2026-09-05T21:17:38Z,5.94,71.9
2026-09-05T21:18:38Z,5.94,
2026-09-05T21:19:38Z,5.92,
2026-09-05T21:20:38Z,5.91,71.33
2026-09-05T21:21:38Z,5.92,71.53
2026-09-05T21:22:38Z,,71.94
2026-09-05T21:23:38Z,,71.68
2026-09-05T21:24:38Z,5.91,71.48
2026-09-05T21:25:38Z,5.93,
2026-09-05T21:26:38Z,5.93,
2026-09-05T21:27:38Z,5.93,71.76
2026-09-05T21:28:38Z,5.95,72.01
2026-09-05T21:29:38Z,,72.15
2026-09-05T21:30:38Z,,71.95
2026-09-05T21:31:38Z,5.93,71.73
2026-09-05T21:32:38Z,5.94,
2026-09-05T21:33:38Z,5.93,
2026-09-05T21:34:38Z,5.94,71.9
2026-09-05T21:35:38Z,5.95,72
2026-09-05T21:36:38Z,,72.39
2026-09-05T21:37:38Z,,72.32
2026-09-05T21:38:38Z,5.98,
2026-09-05T21:39:38Z,5.97,
2026-09-05T21:40:38Z,5.98,72.57
2026-09-05T21:41:38Z,6,72.93
2026-09-05T21:42:38Z,,73.36
2026-09-05T21:43:38Z,,73.55
2026-09-05T21:44:38Z,6.07,74.09
2026-09-05T21:45:38Z,6.13,
2026-09-05T21:46:38Z,6.17,
2026-09-05T21:47:38Z,6.22,76.62
2026-09-05T21:48:38Z,6.25,77.16
2026-09-05T21:49:38Z,,77.26
2026-09-05T21:50:38Z,,77.55
2026-09-05T21:51:38Z,6.31,78.19
2026-09-05T21:52:38Z,6.31,
2026-09-05T21:53:38Z,6.36,79.04
2026-09-05T21:54:38Z,6.4,79.68
2026-09-05T21:55:38Z,6.45,80.42
2026-09-05T21:56:38Z,,80.9
2026-09-05T21:57:38Z,,81.31
2026-09-05T21:58:38Z,6.52,
2026-09-05T21:59:38Z,6.56,
2026-09-05T22:00:38Z,6.6,
2026-09-05T22:01:38Z,6.63,83.43
2026-09-05T22:02:38Z,6.65,83.82
2026-09-05T22:03:38Z,,84.38
2026-09-05T22:04:38Z,,84.76
2026-09-05T22:05:38Z,6.72,84.98
2026-09-05T22:06:38Z,6.75,
2026-09-05T22:07:38Z,6.78,85.99
2026-09-05T22:08:38Z,6.8,86.34
2026-09-05T22:09:38Z,6.82,86.67
2026-09-05T22:10:38Z,,86.75
2026-09-05T22:11:38Z,,87.01
2026-09-05T22:12:38Z,6.87,
2026-09-05T22:13:38Z,6.88,
2026-09-05T22:14:38Z,6.89,87.85
2026-09-05T22:15:38Z,6.9,88.08
2026-09-05T22:16:38Z,6.92,88.41
2026-09-05T22:17:38Z,,88.81
2026-09-05T22:19:38Z,6.98,
2026-09-05T22:20:38Z,6.98,
2026-09-05T22:21:38Z,6.99,89.64
2026-09-05T22:22:38Z,7.01,89.92
2026-09-05T22:23:38Z,7.02,89.98
2026-09-05T22:24:38Z,,90.15
2026-09-05T22:25:38Z,,90.37
2026-09-05T22:27:38Z,7.05,
2026-09-05T22:28:38Z,7.06,90.65
2026-09-05T22:29:38Z,7.07,90.83
2026-09-05T22:30:38Z,7.07,90.91
2026-09-05T22:31:38Z,7.07,90.94
2026-09-05T22:32:38Z,,90.97
2026-09-05T22:34:38Z,7.09,91.25
2026-09-05T22:35:38Z,7.1,91.41
2026-09-05T22:36:38Z,7.11,91.52
2026-09-05T22:37:38Z,7.11,91.55
2026-09-05T22:38:38Z,,91.61
2026-09-05T22:39:38Z,,91.68
2026-09-05T22:40:38Z,7.12,
2026-09-05T22:41:38Z,7.13,91.85
2026-09-05T22:42:38Z,7.14,92.13
2026-09-05T22:43:38Z,7.13,91.97
2026-09-05T22:44:38Z,7.14,92.06
2026-09-05T22:45:38Z,,92.1
2026-09-05T22:47:38Z,7.13,
2026-09-05T22:48:38Z,7.14,92.05
2026-09-05T22:49:38Z,7.13,91.84
2026-09-05T22:50:38Z,7.13,91.9
2026-09-05T22:51:38Z,7.13,91.94
2026-09-05T22:54:38Z,7.15,92.26
2026-09-05T22:55:38Z,7.15,92.21
2026-09-05T22:56:38Z,7.14,92.13
2026-09-05T22:57:38Z,7.16,92.36
2026-09-05T22:58:38Z,7.15,92.31
2026-09-05T22:59:38Z,7.16,92.35
2026-09-05T23:00:38Z,7.15,92.29
2026-09-05T23:01:38Z,7.15,
2026-09-05T23:02:38Z,,92.25
2026-09-05T23:03:38Z,7.17,92.5
2026-09-05T23:04:38Z,7.16,92.36
2026-09-05T23:05:38Z,7.15,92.27
2026-09-05T23:06:38Z,7.16,92.42
2026-09-05T23:09:38Z,7.17,92.6
2026-09-05T23:10:38Z,7.16,92.46
2026-09-05T23:11:38Z,7.16,92.48
2026-09-05T23:12:38Z,7.16,92.4
2026-09-05T23:13:38Z,7.16,
2026-09-05T23:15:38Z,7.15,92.27
2026-09-05T23:16:38Z,7.15,92.33
2026-09-05T23:17:38Z,7.16,92.34
2026-09-05T23:18:38Z,7.17,92.5
2026-09-05T23:19:38Z,7.16,92.42
2026-09-05T23:22:38Z,7.14,92.14
2026-09-05T23:23:38Z,7.15,92.18
2026-09-05T23:24:38Z,7.15,92.31
2026-09-05T23:25:38Z,7.15,92.27
2026-09-05T23:26:38Z,7.15,92.3
2026-09-05T23:28:38Z,7.14,92.03
2026-09-05T23:29:38Z,7.13,91.92
2026-09-05T23:30:38Z,7.14,92.04
2026-09-05T23:31:38Z,7.14,92.1
2026-09-05T23:33:38Z,7.13,91.99
2026-09-05T23:34:38Z,7.13,91.84
2026-09-05T23:35:38Z,7.12,91.82
2026-09-05T23:36:38Z,7.13,91.91
2026-09-05T23:37:38Z,7.13,91.93
2026-09-05T23:39:38Z,7.14,92.1
2026-09-05T23:40:38Z,7.15,92.17
2026-09-05T23:41:38Z,7.14,92.13
2026-09-05T23:42:38Z,7.15,92.17
2026-09-06T00:00:38Z,7.17,92.51
2026-09-06T00:01:38Z,,92.49
2026-09-06T00:02:38Z,7.16,
2026-09-06T00:03:38Z,7.17,92.51
2026-09-06T00:04:38Z,7.17,92.63
2026-09-06T00:05:38Z,7.18,92.68
2026-09-06T00:06:38Z,7.18,92.67
2026-09-06T00:07:38Z,,92.75
2026-09-06T00:08:38Z,7.17,
2026-09-06T00:09:38Z,7.17,92.64
2026-09-06T00:10:38Z,7.17,92.66
2026-09-06T00:11:38Z,7.17,92.57
2026-09-06T00:12:38Z,,92.77
2026-09-06T00:13:38Z,7.19,
2026-09-06T00:14:38Z,7.18,92.76
2026-09-06T00:15:38Z,7.18,92.75
2026-09-06T00:16:38Z,7.18,92.83
2026-09-06T00:17:38Z,7.18,92.82
2026-09-06T00:18:38Z,,92.72
2026-09-06T00:21:38Z,7.19,92.94
2026-09-06T00:22:38Z,7.19,92.99
2026-09-06T00:23:38Z,7.19,92.88
2026-09-06T00:24:38Z,7.19,92.84
2026-09-06T00:25:38Z,7.18,
2026-09-06T00:26:38Z,7.18,92.77
2026-09-06T00:27:38Z,7.19,92.88
2026-09-06T00:28:38Z,7.19,92.85
2026-09-06T00:29:38Z,7.18,92.8
2026-09-06T00:30:38Z,,92.89
2026-09-06T00:31:38Z,7.19,
2026-09-06T00:32:38Z,7.19,92.88
2026-09-06T00:33:38Z,7.18,92.83
2026-09-06T00:34:38Z,7.18,92.69
2026-09-06T00:35:38Z,7.18,92.8
2026-09-06T00:36:38Z,7.19,
2026-09-06T00:37:38Z,7.18,92.79
2026-09-06T00:38:38Z,7.17,92.62
2026-09-06T00:39:38Z,7.18,92.76
2026-09-06T00:40:38Z,7.19,92.9
2026-09-06T00:42:38Z,7.18,92.82
2026-09-06T00:43:38Z,7.18,92.8
2026-09-06T00:44:38Z,7.19,92.95
2026-09-06T00:45:38Z,7.19,93
2026-09-06T00:47:38Z,7.2,93.03
2026-09-06T00:48:38Z,7.2,93.07
2026-09-06T00:49:38Z,7.2,93.04
2026-09-06T00:50:38Z,7.2,93.03
2026-09-06T00:51:38Z,7.2,93.15
2026-09-06T00:54:38Z,7.2,93.08
2026-09-06T00:55:38Z,7.2,93.04
2026-09-06T00:56:38Z,7.18,92.81
2026-09-06T00:57:38Z,7.19,92.85
2026-09-06T00:58:38Z,7.18,92.83
2026-09-06T00:59:38Z,7.19,
2026-09-06T01:01:38Z,,92.77
2026-09-06T01:02:38Z,7.18,92.78
2026-09-06T01:03:38Z,7.18,92.77
2026-09-06T01:04:38Z,7.18,92.81
2026-09-06T01:05:38Z,7.19,92.88
2026-09-06T01:06:38Z,7.19,
2026-09-06T01:08:38Z,,92.88
2026-09-06T01:09:38Z,7.18,92.82
2026-09-06T01:10:38Z,7.19,92.87
2026-09-06T01:11:38Z,7.19,92.9
2026-09-06T01:12:38Z,7.19,
2026-09-06T01:13:38Z,7.19,
2026-09-06T01:14:38Z,,92.95
2026-09-06T01:15:38Z,7.19,92.93
2026-09-06T01:16:38Z,7.19,92.86
2026-09-06T01:17:38Z,7.18,92.69
2026-09-06T01:18:38Z,7.18,
2026-09-06T01:19:38Z,7.19,92.96
2026-09-06T01:20:38Z,,93.07
2026-09-06T01:21:38Z,,93.1
2026-09-06T01:22:38Z,7.19,92.92
2026-09-06T01:23:38Z,7.2,93.06
2026-09-06T01:24:38Z,7.2,93.05
2026-09-06T01:25:38Z,7.19,
2026-09-06T01:26:38Z,7.19,92.87
2026-09-06T01:27:38Z,,92.8
2026-09-06T01:28:38Z,,92.79
2026-09-06T01:29:38Z,7.18,92.81
2026-09-06T01:30:38Z,7.18,92.77
2026-09-06T01:31:38Z,7.19,
2026-09-06T01:32:38Z,7.19,
2026-09-06T01:33:38Z,7.18,92.81
2026-09-06T01:34:38Z,,92.77
2026-09-06T01:35:38Z,7.19,92.84
2026-09-06T01:36:38Z,7.18,92.83
2026-09-06T01:37:38Z,7.18,92.73
2026-09-06T01:38:38Z,7.18,
2026-09-06T01:39:38Z,7.18,92.68
2026-09-06T01:40:38Z,,92.67
2026-09-06T01:41:38Z,7.17,92.64
2026-09-06T01:42:38Z,7.17,92.59
2026-09-06T01:43:38Z,7.19,92.84
2026-09-06T01:44:38Z,7.17,
2026-09-06T01:45:38Z,7.17,92.54
2026-09-06T01:46:38Z,,92.59
2026-09-06T01:47:38Z,,92.51
2026-09-06T01:48:38Z,7.17,92.5
2026-09-06T01:49:38Z,7.16,92.47
2026-09-06T01:50:38Z,7.15,
2026-09-06T01:51:38Z,7.15,
2026-09-06T01:52:38Z,,92.2
2026-09-06T01:53:38Z,,92.51
2026-09-06T01:54:38Z,7.15,92.31
2026-09-06T01:55:38Z,7.16,92.42
2026-09-06T01:56:38Z,7.17,
2026-09-06T01:57:38Z,7.16,
2026-09-06T01:58:38Z,,92.59
2026-09-06T01:59:38Z,,92.61
2026-09-06T02:00:38Z,,92.37
2026-09-06T02:01:38Z,7.15,92.33
2026-09-06T02:02:38Z,7.16,92.36
2026-09-06T02:03:38Z,7.15,
2026-09-06T02:04:38Z,7.15,92.3
2026-09-06T02:05:38Z,7.15,92.23
2026-09-06T02:06:38Z,,91.94
2026-09-06T02:07:38Z,7.14,92.05
2026-09-06T02:08:38Z,7.13,91.93
2026-09-06T02:09:38Z,7.13,
2026-09-06T02:10:38Z,7.13,
2026-09-06T02:11:38Z,7.13,91.88
2026-09-06T02:12:38Z,,91.86
2026-09-06T02:13:38Z,,91.94
2026-09-06T02:14:38Z,7.13,91.9
2026-09-06T02:15:38Z,7.13,91.9
2026-09-06T02:16:38Z,7.13,
2026-09-06T02:17:38Z,7.13,
2026-09-06T02:18:38Z,,91.9
2026-09-06T02:19:38Z,,91.87
2026-09-06T02:20:38Z,7.13,91.86
2026-09-06T02:21:38Z,7.13,91.86
2026-09-06T02:22:38Z,7.13,
2026-09-06T02:23:38Z,7.13,
2026-09-06T02:24:38Z,7.12,91.68
2026-09-06T02:25:38Z,,91.8
2026-09-06T02:26:38Z,7.13,91.98
2026-09-06T02:27:38Z,7.13,91.91
2026-09-06T02:28:38Z,7.13,
2026-09-06T02:29:38Z,7.12,
2026-09-06T02:30:38Z,7.12,91.7
2026-09-06T02:31:38Z,,91.58
2026-09-06T02:32:38Z,,91.42
2026-09-06T02:33:38Z,7.11,91.62
2026-09-06T02:34:38Z,7.11,91.64
2026-09-06T02:35:38Z,7.12,
2026-09-06T02:36:38Z,7.13,
2026-09-06T02:37:38Z,7.13,91.87
2026-09-06T02:38:38Z,,91.98
2026-09-06T02:39:38Z,,91.89
2026-09-06T02:40:38Z,7.13,91.93
2026-09-06T02:41:38Z,7.13,91.87
2026-09-06T02:42:38Z,7.13,
2026-09-06T02:43:38Z,7.12,91.73
2026-09-06T02:44:38Z,,91.75
2026-09-06T02:45:38Z,7.13,91.95
2026-09-06T02:46:38Z,7.14,92.06
2026-09-06T02:47:38Z,7.14,92.12
2026-09-06T02:48:38Z,7.15,
2026-09-06T02:49:38Z,7.14,92.14
2026-09-06T02:50:38Z,,92.18
2026-09-06T02:51:38Z,,92.1
2026-09-06T02:52:38Z,7.14,92.04
2026-09-06T02:53:38Z,7.14,92.11
2026-09-06T02:54:38Z,7.15,
2026-09-06T02:55:38Z,7.16,
2026-09-06T02:56:38Z,7.16,92.39
2026-09-06T02:57:38Z,,92.26
2026-09-06T02:58:38Z,,92.14
2026-09-06T02:59:38Z,7.15,92.28
2026-09-06T03:00:38Z,7.16,92.36
2026-09-06T03:01:38Z,7.16,
2026-09-06T03:02:38Z,7.16,
2026-09-06T03:03:38Z,,92.44
2026-09-06T03:04:38Z,,92.39
2026-09-06T03:05:38Z,7.16,92.46
2026-09-06T03:06:38Z,7.16,92.41
2026-09-06T03:07:38Z,7.17,92.53
2026-09-06T03:08:38Z,7.17,
2026-09-06T03:09:38Z,7.17,
2026-09-06T03:10:38Z,,92.56
2026-09-06T03:11:38Z,,92.83
2026-09-06T03:12:38Z,7.17,92.62
2026-09-06T03:13:38Z,7.16,92.38
2026-09-06T03:14:38Z,7.16,92.47
2026-09-06T03:15:38Z,7.16,
2026-09-06T03:16:38Z,7.16,
2026-09-06T03:17:38Z,,92.37
2026-09-06T03:18:38Z,,92.42
2026-09-06T03:19:38Z,7.16,92.43
2026-09-06T03:20:38Z,7.14,92.15
2026-09-06T03:21:38Z,7.14,92.02
2026-09-06T03:22:38Z,7.13,
2026-09-06T03:23:38Z,7.14,
2026-09-06T03:24:38Z,,92.15
2026-09-06T03:25:38Z,,92.28
2026-09-06T03:26:38Z,7.15,92.17
2026-09-06T03:27:38Z,7.14,92.03
2026-09-06T03:28:38Z,7.13,
2026-09-06T03:29:38Z,7.13,
2026-09-06T03:30:38Z,,91.77
2026-09-06T03:31:38Z,,91.72
2026-09-06T03:32:38Z,7.12,91.69
2026-09-06T03:33:38Z,7.12,91.78
2026-09-06T03:34:38Z,7.12,91.74
2026-09-06T03:35:38Z,7.11,
2026-09-06T03:36:38Z,7.12,
2026-09-06T03:37:38Z,,91.48
2026-09-06T03:38:38Z,7.11,91.61
2026-09-06T03:39:38Z,7.12,91.76
2026-09-06T03:40:38Z,7.12,91.7
2026-09-06T03:41:38Z,7.11,91.64
2026-09-06T03:42:38Z,7.09,
2026-09-06T03:44:38Z,7.11,91.52
2026-09-06T03:45:38Z,7.12,91.66
2026-09-06T03:46:38Z,7.12,91.75
2026-09-06T03:47:38Z,7.11,91.56
2026-09-06T03:48:38Z,7.12,
2026-09-06T03:50:38Z,,91.7
2026-09-06T03:51:38Z,7.13,91.84
2026-09-06T03:52:38Z,7.11,91.59
2026-09-06T03:53:38Z,7.11,91.61
2026-09-06T03:54:38Z,7.1,91.33
2026-09-06T03:55:38Z,7.1,
2026-09-06T03:57:38Z,,91.31
2026-09-06T03:58:38Z,7.09,91.21
2026-09-06T03:59:38Z,7.09,91.26
2026-09-06T04:00:38Z,7.1,91.41
2026-09-06T04:01:38Z,7.1,91.34
2026-09-06T04:04:38Z,7.11,91.53
2026-09-06T04:05:38Z,7.09,91.21
2026-09-06T04:06:38Z,7.08,91.07
2026-09-06T04:07:38Z,7.08,91.04
2026-09-06T04:08:38Z,7.07,90.96
2026-09-06T04:11:38Z,7.08,91.1
2026-09-06T04:12:38Z,7.08,91.07
2026-09-06T04:13:38Z,7.08,91.14
2026-09-06T04:14:38Z,7.08,91.08
2026-09-06T04:15:38Z,7.08,91.12
2026-09-06T04:17:38Z,7.07,90.97
2026-09-06T04:18:38Z,7.08,91.14
2026-09-06T04:19:38Z,7.08,91.02
2026-09-06T04:20:38Z,7.08,91.07
2026-09-06T04:21:38Z,7.08,91.06
2026-09-06T04:24:38Z,7.09,91.17
2026-09-06T04:25:38Z,7.09,91.22
2026-09-06T04:26:38Z,7.07,90.87
2026-09-06T04:27:38Z,7.07,90.86
2026-09-06T04:28:38Z,7.08,90.99
2026-09-06T04:32:38Z,7.08,91.01
2026-09-06T04:33:38Z,7.07,90.98
2026-09-06T04:34:38Z,7.07,90.96
2026-09-06T04:35:38Z,7.07,90.92
2026-09-06T04:37:38Z,,90.96
2026-09-06T04:38:38Z,7.08,91.02
2026-09-06T04:39:38Z,7.07,90.97
2026-09-06T04:40:38Z,7.08,91.02
2026-09-06T04:41:38Z,7.08,91.11
2026-09-06T04:44:38Z,7.08,91.06
2026-09-06T04:45:38Z,7.08,91.11
2026-09-06T04:46:38Z,7.08,91.1
2026-09-06T04:47:38Z,7.08,91.01
2026-09-06T04:48:38Z,7.08,
2026-09-06T04:50:38Z,,91.21
2026-09-06T04:51:38Z,7.09,91.22
2026-09-06T04:52:38Z,7.09,91.22
2026-09-06T04:53:38Z,7.09,91.19
2026-09-06T04:54:38Z,7.09,91.22
2026-09-06T04:57:38Z,7.07,90.9
2026-09-06T04:58:38Z,7.08,91.06
2026-09-06T04:59:38Z,7.08,91.05
2026-09-06T05:00:38Z,7.08,91.08
2026-09-06T05:01:38Z,7.08,91
2026-09-06T05:04:38Z,7.09,91.2
2026-09-06T05:05:38Z,7.09,91.29
2026-09-06T05:06:38Z,7.09,91.3
2026-09-06T05:07:38Z,7.09,91.18
2026-09-06T05:08:38Z,7.09,91.31
2026-09-06T05:11:38Z,7.11,91.53
2026-09-06T05:12:38Z,7.1,91.34
2026-09-06T05:13:38Z,7.11,91.59
2026-09-06T05:14:38Z,7.13,91.83
2026-09-06T05:15:38Z,7.12,91.79
2026-09-06T05:17:38Z,7.12,
2026-09-06T05:18:38Z,7.13,91.85
2026-09-06T05:19:38Z,7.13,91.95
2026-09-06T05:20:38Z,7.13,91.92
2026-09-06T05:21:38Z,7.13,91.96
2026-09-06T05:24:38Z,7.13,91.97
2026-09-06T05:25:38Z,7.14,92
2026-09-06T05:26:38Z,7.14,92.07
2026-09-06T05:27:38Z,7.13,91.86
2026-09-06T05:28:38Z,7.13,91.9
2026-09-06T05:31:38Z,7.12,91.78
2026-09-06T05:32:38Z,7.13,91.89
2026-09-06T05:33:38Z,7.13,91.93
2026-09-06T05:34:38Z,7.13,91.86
2026-09-06T05:35:38Z,7.12,91.82
2026-09-06T05:37:38Z,7.1,
2026-09-06T05:38:38Z,7.11,91.54
2026-09-06T05:39:38Z,7.11,91.56
2026-09-06T05:40:38Z,7.12,91.74
2026-09-06T05:41:38Z,7.12,91.8
2026-09-06T05:43:38Z,7.13,91.89
2026-09-06T05:44:38Z,7.12,91.79
2026-09-06T05:45:38Z,7.11,91.64
2026-09-06T05:46:38Z,7.12,91.77
2026-09-06T05:47:38Z,7.12,91.75
2026-09-06T05:49:38Z,7.12,91.79
2026-09-06T05:50:38Z,7.12,91.79
2026-09-06T05:51:38Z,7.12,91.81
2026-09-06T05:52:38Z,7.13,91.97
2026-09-06T05:53:38Z,7.13,91.84
2026-09-06T05:57:38Z,7.12,91.66
2026-09-06T05:58:38Z,7.12,91.81
2026-09-06T05:59:38Z,7.13,91.87
2026-09-06T06:00:38Z,7.12,91.79
2026-09-06T06:01:38Z,7.12,91.79
2026-09-06T06:04:38Z,7.12,91.79
2026-09-06T06:05:38Z,7.12,91.8
2026-09-06T06:06:38Z,7.12,91.78
2026-09-06T06:07:38Z,7.12,91.71
2026-09-06T06:10:38Z,7.13,91.83
2026-09-06T06:11:38Z,7.13,91.85
2026-09-06T06:12:38Z,7.12,91.79
2026-09-06T06:13:38Z,7.13,91.85
2026-09-06T06:14:38Z,7.12,91.73
2026-09-06T06:18:38Z,7.15,92.17
2026-09-06T06:19:38Z,7.14,92.11
2026-09-06T06:20:38Z,7.15,92.19
2026-09-06T06:21:38Z,7.14,92
2026-09-06T06:24:38Z,7.14,92.03
2026-09-06T06:25:38Z,7.14,92.1
2026-09-06T06:26:38Z,7.15,92.17
2026-09-06T06:27:38Z,7.15,92.18
2026-09-06T06:28:38Z,7.15,92.27
2026-09-06T06:30:38Z,7.15,92.3
2026-09-06T06:31:38Z,7.14,92.16
2026-09-06T06:32:38Z,7.14,92.11
2026-09-06T06:33:38Z,7.14,92.1
2026-09-06T06:34:38Z,7.13,91.97
2026-09-06T06:37:38Z,7.14,92.04
2026-09-06T06:38:38Z,7.15,92.19
2026-09-06T06:39:38Z,7.14,92.09
2026-09-06T06:40:38Z,7.14,92.1
2026-09-06T06:41:38Z,7.14,92.15
2026-09-06T06:44:38Z,7.15,92.21
2026-09-06T06:45:38Z,7.15,92.19
2026-09-06T06:46:38Z,7.15,92.27
2026-09-06T06:47:38Z,7.15,92.32
2026-09-06T06:48:38Z,,92.33
2026-09-06T06:50:38Z,7.15,92.18
2026-09-06T06:51:38Z,7.16,92.36
2026-09-06T06:52:38Z,7.16,92.37
2026-09-06T06:53:38Z,7.16,92.44
2026-09-06T06:54:38Z,7.16,92.49
2026-09-06T06:57:38Z,7.18,92.72
2026-09-06T06:58:38Z,7.18,92.69
2026-09-06T06:59:38Z,7.16,92.48
2026-09-06T07:00:38Z,7.16,92.48
2026-09-06T07:01:38Z,7.17,92.57
2026-09-06T07:04:38Z,7.17,92.59
2026-09-06T07:05:38Z,7.18,92.73
2026-09-06T07:06:38Z,7.18,92.69
2026-09-06T07:07:38Z,7.18,92.74
2026-09-06T07:08:38Z,7.17,92.66
2026-09-06T07:10:38Z,7.17,92.66
2026-09-06T07:11:38Z,7.17,92.57
2026-09-06T07:12:38Z,7.17,92.55
2026-09-06T07:13:38Z,7.17,92.61
2026-09-06T07:14:38Z,7.17,92.65
2026-09-06T07:15:38Z,7.17,92.59
2026-09-06T07:16:38Z,7.18,92.82
2026-09-06T07:17:38Z,7.18,92.72
2026-09-06T07:18:38Z,7.17,92.53
2026-09-06T07:19:38Z,7.17,92.53
2026-09-06T07:20:38Z,7.16,
2026-09-06T07:22:38Z,7.16,92.35
2026-09-06T07:23:38Z,7.15,92.31
2026-09-06T07:24:38Z,7.16,92.39
2026-09-06T07:25:38Z,7.16,92.4
2026-09-06T07:26:38Z,7.16,92.45
2026-09-06T07:28:38Z,7.16,92.34
2026-09-06T07:29:38Z,7.15,92.23
2026-09-06T07:30:38Z,7.14,92.16
2026-09-06T07:31:38Z,7.15,92.28
2026-09-06T07:32:38Z,7.15,92.29
2026-09-06T07:34:38Z,7.15,92.31
2026-09-06T07:35:38Z,7.15,92.28
2026-09-06T07:36:38Z,7.16,92.4
2026-09-06T07:37:38Z,7.16,92.35
2026-09-06T07:38:38Z,7.15,92.25
2026-09-06T07:41:38Z,7.15,92.28
2026-09-06T07:42:38Z,7.16,92.37
2026-09-06T07:43:38Z,7.16,92.37
2026-09-06T07:44:38Z,7.15,92.26
2026-09-06T07:45:38Z,7.16,92.43
2026-09-06T07:46:38Z,7.16,92.43
2026-09-06T07:47:38Z,7.17,92.51
2026-09-06T07:48:38Z,7.16,92.48
2026-09-06T07:49:38Z,7.16,92.43
2026-09-06T07:50:38Z,7.16,92.43
2026-09-06T07:51:38Z,7.16,
2026-09-06T07:52:38Z,7.16,92.45
2026-09-06T07:53:38Z,7.17,92.51
2026-09-06T07:54:38Z,7.17,92.52
2026-09-06T07:55:38Z,7.16,92.46
2026-09-06T07:57:38Z,7.17,
2026-09-06T07:58:38Z,7.17,92.63
2026-09-06T07:59:38Z,7.18,92.68
2026-09-06T08:00:38Z,7.17,92.59
2026-09-06T08:01:38Z,7.17,92.63
2026-09-06T08:03:38Z,7.18,
2026-09-06T08:04:38Z,7.18,92.77
2026-09-06T08:05:38Z,7.17,92.6
2026-09-06T08:06:38Z,7.18,92.68
2026-09-06T08:07:38Z,7.18,92.69
2026-09-06T08:08:38Z,,92.71
2026-09-06T08:10:38Z,7.18,92.76
2026-09-06T08:11:38Z,7.18,92.72
2026-09-06T08:12:38Z,7.19,92.94
2026-09-06T08:13:38Z,7.19,92.88
2026-09-06T08:14:38Z,7.19,92.86
2026-09-06T08:16:38Z,7.19,92.89
2026-09-06T08:17:38Z,7.19,92.85
2026-09-06T08:18:38Z,7.19,92.87
2026-09-06T08:19:38Z,7.19,92.93
2026-09-06T08:20:38Z,7.19,92.99
2026-09-06T08:21:38Z,7.19,
2026-09-06T08:22:38Z,7.19,92.96
2026-09-06T08:23:38Z,7.19,92.96
2026-09-06T08:24:38Z,7.19,92.94
2026-09-06T08:25:38Z,7.19,92.88
2026-09-06T08:26:38Z,,92.78
2026-09-06T08:27:38Z,7.19,
2026-09-06T08:28:38Z,7.19,92.98
2026-09-06T08:29:38Z,7.2,93.01
2026-09-06T08:30:38Z,7.2,93.17
2026-09-06T08:31:38Z,7.2,93.15
2026-09-06T08:32:38Z,,92.92
2026-09-06T08:34:38Z,7.21,93.2
2026-09-06T08:35:38Z,7.2,93.11
2026-09-06T08:36:38Z,7.2,93.09
2026-09-06T08:37:38Z,7.2,93.12
2026-09-06T08:38:38Z,,93.09
2026-09-06T08:39:38Z,7.2,
2026-09-06T08:40:38Z,7.2,93.04
2026-09-06T08:41:38Z,7.19,92.99
2026-09-06T08:42:38Z,7.2,93.13
2026-09-06T08:43:38Z,7.2,93.1
2026-09-06T08:44:38Z,,93.01
2026-09-06T08:45:38Z,7.21,
2026-09-06T08:46:38Z,7.21,93.24
2026-09-06T08:47:38Z,7.2,93.15
2026-09-06T08:48:38Z,7.2,93.16
2026-09-06T08:49:38Z,7.21,93.21
2026-09-06T08:50:38Z,,93.37
2026-09-06T08:52:38Z,7.22,
2026-09-06T08:53:38Z,7.22,93.43
2026-09-06T08:54:38Z,7.22,93.48
2026-09-06T08:55:38Z,7.22,93.36
2026-09-06T08:56:38Z,7.21,93.27
2026-09-06T08:58:38Z,7.21,
2026-09-06T08:59:38Z,7.21,93.31
2026-09-06T09:00:38Z,7.21,93.31
2026-09-06T09:01:38Z,7.21,93.29
2026-09-06T09:02:38Z,7.2,93.16
2026-09-06T09:04:38Z,7.22,
2026-09-06T09:05:38Z,7.21,93.25
2026-09-06T09:06:38Z,7.22,93.37
2026-09-06T09:07:38Z,7.23,93.56
2026-09-06T09:08:38Z,,93.58
2026-09-06T09:09:38Z,,93.58
2026-09-06T09:10:38Z,7.23,
2026-09-06T09:11:38Z,7.22,93.38
2026-09-06T09:12:38Z,7.22,93.37
2026-09-06T09:13:38Z,7.21,93.34
2026-09-06T09:14:38Z,7.21,93.34
2026-09-06T09:15:38Z,,93.33
2026-09-06T09:16:38Z,7.21,
2026-09-06T09:17:38Z,7.21,93.31
2026-09-06T09:18:38Z,7.22,93.43
2026-09-06T09:19:38Z,7.21,93.28
2026-09-06T09:20:38Z,7.21,93.33
2026-09-06T09:21:38Z,,93.42
2026-09-06T09:22:38Z,7.21,
2026-09-06T09:23:38Z,7.22,93.44
2026-09-06T09:24:38Z,7.23,93.58
2026-09-06T09:25:38Z,7.21,93.3
2026-09-06T09:26:38Z,7.22,93.43
2026-09-06T09:27:38Z,,93.51
2026-09-06T09:29:38Z,7.22,
2026-09-06T09:30:38Z,7.24,93.68
2026-09-06T09:31:38Z,7.22,93.39
2026-09-06T09:32:38Z,7.21,93.26
2026-09-06T09:33:38Z,,93.51
2026-09-06T09:34:38Z,,93.51
2026-09-06T09:35:38Z,7.23,
2026-09-06T09:36:38Z,7.23,
2026-09-06T09:37:38Z,7.23,93.56
2026-09-06T09:38:38Z,7.22,93.37
2026-09-06T09:39:38Z,7.21,93.32
2026-09-06T09:40:38Z,,93.33
2026-09-06T09:41:38Z,7.22,
2026-09-06T09:42:38Z,7.22,93.45
2026-09-06T09:43:38Z,7.22,93.5
2026-09-06T09:44:38Z,7.23,93.55
2026-09-06T09:45:38Z,7.22,93.5
2026-09-06T09:46:38Z,,93.44
2026-09-06T09:47:38Z,7.22,
2026-09-06T09:48:38Z,7.23,
2026-09-06T09:49:38Z,7.23,93.55
2026-09-06T09:50:38Z,7.23,93.52
2026-09-06T09:51:38Z,7.22,93.44
2026-09-06T09:52:38Z,,93.43
2026-09-06T09:54:38Z,7.22,
2026-09-06T09:55:38Z,7.23,93.59
2026-09-06T09:56:38Z,7.23,93.54
2026-09-06T09:57:38Z,7.22,93.4
2026-09-06T09:58:38Z,,93.32
2026-09-06T09:59:38Z,,93.32
2026-09-06T10:00:38Z,,93.31
2026-09-06T10:01:38Z,7.22,
2026-09-06T10:02:38Z,7.22,
2026-09-06T10:03:38Z,7.23,93.59
2026-09-06T10:04:38Z,7.23,93.52
2026-09-06T10:05:38Z,7.22,93.49
2026-09-06T10:06:38Z,,93.28
2026-09-06T10:07:38Z,7.21,93.23
2026-09-06T10:08:38Z,7.21,
2026-09-06T10:09:38Z,7.21,93.25
2026-09-06T10:10:38Z,7.21,93.22
2026-09-06T10:11:38Z,7.21,93.22
2026-09-06T10:12:38Z,,93.23
2026-09-06T10:13:38Z,,93.32
2026-09-06T10:14:38Z,7.21,
2026-09-06T10:15:38Z,7.2,
2026-09-06T10:16:38Z,7.2,93.04
2026-09-06T10:17:38Z,7.19,92.97
2026-09-06T10:18:38Z,7.18,92.73
2026-09-06T10:19:38Z,,92.56
2026-09-06T10:20:38Z,,92.64
2026-09-06T10:21:38Z,7.18,
2026-09-06T10:22:38Z,7.17,
2026-09-06T10:23:38Z,7.17,92.61
2026-09-06T10:24:38Z,7.16,92.4
2026-09-06T10:25:38Z,7.16,92.48
2026-09-06T10:26:38Z,,92.29
2026-09-06T10:27:38Z,7.16,
2026-09-06T10:28:38Z,7.16,
2026-09-06T10:29:38Z,7.15,92.29
2026-09-06T10:30:38Z,7.15,92.17
2026-09-06T10:31:38Z,7.14,92.14
2026-09-06T10:32:38Z,,91.99
2026-09-06T10:33:38Z,,92.03
2026-09-06T10:34:38Z,7.14,
2026-09-06T10:35:38Z,7.14,
2026-09-06T10:36:38Z,7.13,91.95
2026-09-06T10:37:38Z,7.13,91.93
2026-09-06T10:38:38Z,7.13,91.94
2026-09-06T10:39:38Z,,91.89
2026-09-06T10:40:38Z,,91.83
2026-09-06T10:41:38Z,7.11,
2026-09-06T10:42:38Z,7.12,91.68
2026-09-06T10:43:38Z,7.11,91.64
2026-09-06T10:44:38Z,7.11,91.6
2026-09-06T10:45:38Z,7.1,91.45
2026-09-06T10:46:38Z,,91.31
2026-09-06T10:47:38Z,7.1,
2026-09-06T10:48:38Z,7.11,91.58
2026-09-06T10:49:38Z,7.1,91.46
2026-09-06T10:50:38Z,7.1,91.41
2026-09-06T10:51:38Z,7.1,91.48
2026-09-06T10:52:38Z,,91.35
2026-09-06T10:54:38Z,7.11,
2026-09-06T10:55:38Z,7.11,91.61
2026-09-06T10:56:38Z,7.12,91.68
2026-09-06T10:57:38Z,7.13,91.91
2026-09-06T10:58:38Z,,91.81
2026-09-06T10:59:38Z,,91.8
2026-09-06T11:00:38Z,,91.79
2026-09-06T11:02:38Z,7.14,
2026-09-06T11:03:38Z,7.15,92.18
2026-09-06T11:04:38Z,7.14,92.04
2026-09-06T11:05:38Z,7.14,92.09
2026-09-06T11:06:38Z,7.14,92.04
2026-09-06T11:07:38Z,,92.06
2026-09-06T11:08:38Z,7.14,
2026-09-06T11:09:38Z,7.14,92.1
2026-09-06T11:10:38Z,7.14,92.15
2026-09-06T11:11:38Z,7.15,92.31
2026-09-06T11:12:38Z,,92.28
2026-09-06T11:13:38Z,,92.38
2026-09-06T11:14:38Z,7.15,
2026-09-06T11:15:38Z,7.15,
2026-09-06T11:16:38Z,7.16,92.37
2026-09-06T11:17:38Z,7.16,92.46
2026-09-06T11:18:38Z,7.17,92.52
2026-09-06T11:19:38Z,,92.48
2026-09-06T11:20:38Z,,92.55
2026-09-06T11:21:38Z,7.17,
2026-09-06T11:22:38Z,7.17,
2026-09-06T11:23:38Z,7.16,92.39
2026-09-06T11:24:38Z,7.16,92.35
2026-09-06T11:25:38Z,7.16,92.47
2026-09-06T11:26:38Z,,92.51
2026-09-06T11:27:38Z,7.16,92.39
2026-09-06T11:28:38Z,7.16,
2026-09-06T11:29:38Z,7.17,92.52
2026-09-06T11:30:38Z,7.17,92.62
2026-09-06T11:31:38Z,7.17,92.53
2026-09-06T11:32:38Z,,92.45
2026-09-06T11:33:38Z,,92.44
2026-09-06T11:34:38Z,7.16,
2026-09-06T11:35:38Z,7.17,
2026-09-06T11:36:38Z,7.16,92.44
2026-09-06T11:37:38Z,7.16,92.41
2026-09-06T11:38:38Z,7.16,92.48
2026-09-06T11:39:38Z,,92.36
2026-09-06T11:40:38Z,,92.42
2026-09-06T11:41:38Z,7.16,
2026-09-06T11:42:38Z,7.16,
2026-09-06T11:43:38Z,7.15,92.26
2026-09-06T11:44:38Z,7.15,92.23
2026-09-06T11:45:38Z,7.16,92.36
2026-09-06T11:46:38Z,,92.16
2026-09-06T11:47:38Z,7.14,92.12
2026-09-06T11:48:38Z,7.14,
2026-09-06T11:49:38Z,7.14,92.13
2026-09-06T11:50:38Z,7.14,92.16
2026-09-06T11:51:38Z,7.15,92.19
2026-09-06T11:52:38Z,,92.15
2026-09-06T11:53:38Z,,92.1
2026-09-06T11:54:38Z,7.14,
2026-09-06T11:55:38Z,7.14,
2026-09-06T11:56:38Z,7.14,92.06
2026-09-06T11:57:38Z,7.14,92.01
2026-09-06T11:58:38Z,,92.09
2026-09-06T11:59:38Z,,92.09
2026-09-06T12:00:38Z,,92.05
2026-09-06T12:01:38Z,7.13,91.98
2026-09-06T12:02:38Z,7.13,91.98
2026-09-06T12:03:38Z,7.14,92.1
2026-09-06T12:04:38Z,7.14,92.04
2026-09-06T12:05:38Z,7.14,92.04
2026-09-06T12:07:38Z,7.14,92.08
2026-09-06T12:08:38Z,7.14,92.16
2026-09-06T12:09:38Z,7.14,92.05
2026-09-06T12:10:38Z,7.13,91.88
2026-09-06T12:11:38Z,7.13,91.86
2026-09-06T12:13:38Z,7.13,91.85
2026-09-06T12:14:38Z,7.13,91.86
2026-09-06T12:15:38Z,7.13,91.88
2026-09-06T12:16:38Z,7.14,92
2026-09-06T12:17:38Z,7.14,92.07
2026-09-06T12:19:38Z,7.13,
2026-09-06T12:20:38Z,7.13,91.89
2026-09-06T12:21:38Z,7.13,91.85
2026-09-06T12:22:38Z,7.13,91.85
2026-09-06T12:23:38Z,7.13,91.92
2026-09-06T12:24:38Z,,91.93
2026-09-06T12:26:38Z,7.12,91.79
2026-09-06T12:27:38Z,7.13,91.83
2026-09-06T12:28:38Z,7.13,91.83
2026-09-06T12:29:38Z,7.13,91.87
2026-09-06T12:30:38Z,7.13,91.89
2026-09-06T12:32:38Z,7.13,91.96
2026-09-06T12:33:38Z,7.13,91.95
2026-09-06T12:34:38Z,7.13,91.93
2026-09-06T12:35:38Z,7.13,91.92
2026-09-06T12:36:38Z,,91.98
2026-09-06T12:37:38Z,7.13,
2026-09-06T12:38:38Z,7.13,91.99
2026-09-06T12:39:38Z,7.13,91.98
2026-09-06T12:40:38Z,7.14,92.02
2026-09-06T12:41:38Z,7.14,92.03
2026-09-06T12:42:38Z,,92.02
2026-09-06T12:43:38Z,7.14,
2026-09-06T12:44:38Z,7.14,92.13
2026-09-06T12:45:38Z,7.14,92.11
2026-09-06T12:46:38Z,7.14,92.12
2026-09-06T12:47:38Z,7.14,92.03
2026-09-06T12:48:38Z,,91.99
2026-09-06T12:49:38Z,7.13,
2026-09-06T12:50:38Z,7.14,92.1
2026-09-06T12:51:38Z,7.14,92.02
2026-09-06T12:52:38Z,7.13,91.91
2026-09-06T12:53:38Z,7.13,91.93
2026-09-06T12:54:38Z,,91.88
2026-09-06T12:56:38Z,7.12,
2026-09-06T12:57:38Z,7.12,91.73
2026-09-06T12:58:38Z,7.12,91.66
2026-09-06T12:59:38Z,7.12,91.73
2026-09-06T13:00:38Z,7.12,91.69
2026-09-06T13:01:38Z,,91.67
2026-09-06T13:02:38Z,,91.69
2026-09-06T13:06:38Z,7.11,
2026-09-06T13:07:38Z,7.11,91.58
2026-09-06T13:08:38Z,7.11,91.55
2026-09-06T13:09:38Z,7.11,91.52
2026-09-06T13:10:38Z,7.11,91.54
2026-09-06T13:11:38Z,,91.5
2026-09-06T13:13:38Z,7.1,
2026-09-06T13:14:38Z,7.1,91.47
2026-09-06T13:15:38Z,7.1,91.49
2026-09-06T13:16:38Z,7.11,91.58
2026-09-06T13:17:38Z,7.1,91.47
2026-09-06T13:19:38Z,7.1,
2026-09-06T13:20:38Z,7.11,91.5
2026-09-06T13:21:38Z,7.11,91.53
2026-09-06T13:22:38Z,7.1,91.46
2026-09-06T13:23:38Z,7.11,91.56
2026-09-06T13:24:38Z,,91.63
2026-09-06T13:26:38Z,7.12,
2026-09-06T13:27:38Z,7.12,91.8
2026-09-06T13:28:38Z,7.13,91.83
2026-09-06T13:29:38Z,7.12,91.81
2026-09-06T13:30:38Z,7.13,91.87
2026-09-06T13:31:38Z,,91.75
2026-09-06T13:33:38Z,7.12,91.72
2026-09-06T13:34:38Z,7.11,91.64
2026-09-06T13:35:38Z,7.11,91.58
2026-09-06T13:36:38Z,7.12,91.67
2026-09-06T13:37:38Z,7.11,91.64
2026-09-06T13:38:38Z,7.12,91.76
2026-09-06T13:39:38Z,7.12,91.78
2026-09-06T13:40:38Z,7.11,91.64
2026-09-06T13:41:38Z,7.12,91.7
2026-09-06T13:42:38Z,7.12,91.72
2026-09-06T13:43:38Z,7.11,91.63
2026-09-06T13:45:38Z,7.11,91.54
2026-09-06T13:46:38Z,7.11,91.63
2026-09-06T13:47:38Z,7.11,91.5
2026-09-06T13:48:38Z,7.1,91.4
2026-09-06T13:49:38Z,7.1,91.49
2026-09-06T13:51:38Z,,91.36
2026-09-06T13:52:38Z,7.1,91.38
2026-09-06T13:53:38Z,7.1,91.46
2026-09-06T13:54:38Z,7.1,91.45
2026-09-06T13:55:38Z,7.11,91.52
2026-09-06T13:56:38Z,7.1,
2026-09-06T13:58:38Z,,90.92
2026-09-06T13:59:38Z,7.06,90.79
2026-09-06T14:00:38Z,7.06,90.67
2026-09-06T14:01:38Z,7.04,90.44
2026-09-06T14:02:38Z,7.03,
2026-09-06T14:04:38Z,7.01,89.86
2026-09-06T14:05:38Z,7.01,89.93
2026-09-06T14:06:38Z,7.01,89.86
2026-09-06T14:07:38Z,7.01,89.88
2026-09-06T14:08:38Z,7.01,
2026-09-06T14:09:38Z,7.01,
2026-09-06T14:10:38Z,,90.08
2026-09-06T14:11:38Z,,89.9
2026-09-06T14:12:38Z,7,89.78
2026-09-06T14:13:38Z,7.01,89.81
2026-09-06T14:14:38Z,7,89.66
2026-09-06T14:15:38Z,6.99,
2026-09-06T14:17:38Z,,89.36
2026-09-06T14:18:38Z,6.97,89.27
2026-09-06T14:19:38Z,6.97,89.17
2026-09-06T14:20:38Z,6.97,89.27
2026-09-06T14:21:38Z,6.96,
2026-09-06T14:23:38Z,,89.08
2026-09-06T14:24:38Z,6.96,88.99
2026-09-06T14:25:38Z,6.95,88.85
2026-09-06T14:26:38Z,6.94,88.68
2026-09-06T14:27:38Z,6.93,
2026-09-06T14:28:38Z,,88.41
2026-09-06T14:29:38Z,6.91,88.29
2026-09-06T14:30:38Z,6.91,88.26
2026-09-06T14:31:38Z,6.9,88.05
2026-09-06T14:32:38Z,6.9,87.97
2026-09-06T14:33:38Z,6.89,
2026-09-06T14:34:38Z,6.89,
2026-09-06T14:35:38Z,,88.04
2026-09-06T14:36:38Z,6.9,88.12
2026-09-06T14:37:38Z,6.91,88.21
2026-09-06T14:38:38Z,6.9,88.05
2026-09-06T14:39:38Z,6.9,88.02
2026-09-06T14:40:38Z,6.9,
2026-09-06T14:42:38Z,6.91,88.28
2026-09-06T14:43:38Z,6.92,88.32
2026-09-06T14:44:38Z,6.92,88.34
2026-09-06T14:45:38Z,6.92,88.4
2026-09-06T14:46:38Z,6.92,
2026-09-06T14:47:38Z,,88.38
2026-09-06T14:48:38Z,6.92,88.45
2026-09-06T14:49:38Z,6.93,88.6
2026-09-06T14:50:38Z,6.94,88.65
2026-09-06T14:51:38Z,6.95,88.82
2026-09-06T14:52:38Z,6.95,
2026-09-06T14:54:38Z,,89.22
2026-09-06T14:55:38Z,6.98,89.35
2026-09-06T14:56:38Z,6.98,89.39
2026-09-06T14:57:38Z,6.99,89.52
2026-09-06T14:58:38Z,6.99,
2026-09-06T14:59:38Z,6.99,
2026-09-06T15:01:38Z,,89.54
2026-09-06T15:02:38Z,6.99,89.58
2026-09-06T15:03:38Z,6.99,89.64
2026-09-06T15:04:38Z,7,89.72
2026-09-06T15:05:38Z,7,89.75
2026-09-06T15:06:38Z,6.99,
2026-09-06T15:08:38Z,,89.57
2026-09-06T15:09:38Z,6.99,89.61
2026-09-06T15:10:38Z,6.99,89.54
2026-09-06T15:11:38Z,6.99,89.57
2026-09-06T15:12:38Z,7,
2026-09-06T15:14:38Z,,89.69
2026-09-06T15:15:38Z,7.01,89.86
2026-09-06T15:16:38Z,7.01,89.91
2026-09-06T15:17:38Z,7.02,90
2026-09-06T15:18:38Z,7.03,90.16
2026-09-06T15:19:38Z,7.03,
2026-09-06T15:21:38Z,,90.28
2026-09-06T15:22:38Z,7.03,90.31
2026-09-06T15:23:38Z,7.04,90.33
2026-09-06T15:24:38Z,7.03,90.29
2026-09-06T15:25:38Z,7.04,90.38
2026-09-06T15:26:38Z,7.04,
2026-09-06T15:27:38Z,,90.33
2026-09-06T15:28:38Z,,90.4
2026-09-06T15:29:38Z,7.05,90.55
2026-09-06T15:30:38Z,7.05,90.57
2026-09-06T15:31:38Z,7.06,90.66
2026-09-06T15:32:38Z,7.05,
2026-09-06T15:33:38Z,7.05,
2026-09-06T15:34:38Z,,90.79
2026-09-06T15:35:38Z,7.07,90.85
2026-09-06T15:36:38Z,7.06,90.81
2026-09-06T15:37:38Z,7.07,90.88
2026-09-06T15:38:38Z,7.07,90.96
2026-09-06T15:39:38Z,7.07,
2026-09-06T15:41:38Z,,91.03
2026-09-06T15:42:38Z,7.08,91
2026-09-06T15:43:38Z,7.08,91
2026-09-06T15:44:38Z,7.08,91.08
2026-09-06T15:45:38Z,7.08,91.08
2026-09-06T15:46:38Z,7.08,
2026-09-06T15:48:38Z,,90.96
2026-09-06T15:49:38Z,7.08,91
2026-09-06T15:50:38Z,7.08,91.02
2026-09-06T15:51:38Z,7.08,91.14
2026-09-06T15:52:38Z,7.08,
2026-09-06T15:53:38Z,7.09,
2026-09-06T15:54:38Z,,91.24
2026-09-06T15:55:38Z,7.09,91.2
2026-09-06T15:56:38Z,7.09,91.2
2026-09-06T15:57:38Z,7.08,91.1
2026-09-06T15:58:38Z,7.08,91.11
2026-09-06T15:59:38Z,7.09,91.16
2026-09-06T16:00:38Z,7.09,
2026-09-06T16:02:38Z,,90.98
2026-09-06T16:03:38Z,7.07,90.96
2026-09-06T16:04:38Z,7.08,90.99
2026-09-06T16:05:38Z,7.08,91.01
2026-09-06T16:06:38Z,7.07,90.96
2026-09-06T16:07:38Z,7.07,
2026-09-06T16:08:38Z,7.07,90.92
2026-09-06T16:09:38Z,7.07,90.89
2026-09-06T16:10:38Z,7.07,90.9
2026-09-06T16:11:38Z,7.07,90.92
2026-09-06T16:13:38Z,7.07,
2026-09-06T16:14:38Z,7.07,90.97
2026-09-06T16:15:38Z,7.07,90.93
2026-09-06T16:16:38Z,7.07,90.88
2026-09-06T16:17:38Z,7.07,90.88
2026-09-06T16:20:38Z,7.07,90.93
2026-09-06T16:21:38Z,7.07,90.88
2026-09-06T16:22:38Z,7.06,90.8
2026-09-06T16:23:38Z,7.06,90.74
2026-09-06T16:24:38Z,7.06,90.79
2026-09-06T16:26:38Z,7.06,
2026-09-06T16:27:38Z,7.06,90.68
2026-09-06T16:28:38Z,7.06,90.7
2026-09-06T16:29:38Z,7.06,90.68
2026-09-06T16:30:38Z,7.05,90.6
2026-09-06T16:31:38Z,,90.63
2026-09-06T16:33:38Z,7.06,90.67
2026-09-06T16:34:38Z,7.06,90.67
2026-09-06T16:35:38Z,7.06,90.68
2026-09-06T16:36:38Z,7.06,90.72
2026-09-06T16:37:38Z,7.06,90.78
2026-09-06T16:39:38Z,7.07,
2026-09-06T16:40:38Z,7.06,90.72
2026-09-06T16:41:38Z,7.06,90.65
2026-09-06T16:42:38Z,7.05,90.63
2026-09-06T16:43:38Z,7.06,90.66
2026-09-06T16:44:38Z,,90.71
2026-09-06T16:46:38Z,7.06,
2026-09-06T16:47:38Z,7.06,90.78
2026-09-06T16:48:38Z,7.06,90.81
2026-09-06T16:49:38Z,7.06,90.7
2026-09-06T16:50:38Z,7.06,90.73
2026-09-06T16:51:38Z,,90.75
2026-09-06T16:54:38Z,7.06,
2026-09-06T16:55:38Z,7.06,
2026-09-06T16:56:38Z,7.06,90.79
2026-09-06T16:57:38Z,7.06,90.81
2026-09-06T16:58:38Z,7.07,90.83
2026-09-06T16:59:38Z,7.07,90.83
2026-09-06T17:00:38Z,,90.89
2026-09-06T17:03:38Z,7.06,
2026-09-06T17:04:38Z,7.07,90.86
2026-09-06T17:05:38Z,7.06,90.74
2026-09-06T17:06:38Z,7.06,90.71
2026-09-06T17:07:38Z,7.06,90.66
2026-09-06T17:08:38Z,,90.7
2026-09-06T17:09:38Z,,90.79
2026-09-06T17:10:38Z,7.06,
2026-09-06T17:11:38Z,7.06,
2026-09-06T17:12:38Z,7.06,90.73
2026-09-06T17:13:38Z,7.05,90.63
2026-09-06T17:14:38Z,7.05,90.59
2026-09-06T17:15:38Z,,90.58
2026-09-06T17:16:38Z,,90.62
2026-09-06T17:17:38Z,7.05,
2026-09-06T17:18:38Z,7.05,90.63
2026-09-06T17:19:38Z,7.05,90.56
2026-09-06T17:20:38Z,7.05,90.62
2026-09-06T17:21:38Z,7.05,90.59
2026-09-06T17:22:38Z,,90.59
2026-09-06T17:23:38Z,7.05,
2026-09-06T17:24:38Z,7.05,90.59
2026-09-06T17:25:38Z,7.05,90.63
2026-09-06T17:26:38Z,7.05,90.61
2026-09-06T17:27:38Z,7.05,90.6
2026-09-06T17:28:38Z,,90.59
2026-09-06T17:29:38Z,7.05,
2026-09-06T17:30:38Z,7.05,
2026-09-06T17:31:38Z,7.05,90.52
2026-09-06T17:32:38Z,7.05,90.53
2026-09-06T17:33:38Z,7.05,90.56
2026-09-06T17:34:38Z,,90.43
2026-09-06T17:35:38Z,,90.55
2026-09-06T17:36:38Z,7.05,
2026-09-06T17:37:38Z,7.05,90.51
2026-09-06T17:38:38Z,7.04,90.47
2026-09-06T17:39:38Z,7.05,90.52
2026-09-06T17:40:38Z,7.04,90.45
2026-09-06T17:41:38Z,,90.43
2026-09-06T17:42:38Z,7.04,
2026-09-06T17:43:38Z,7.04,90.44
2026-09-06T17:44:38Z,7.04,90.48
2026-09-06T17:45:38Z,7.04,90.46
2026-09-06T17:46:38Z,7.04,90.42
2026-09-06T17:47:38Z,,90.27
2026-09-06T17:48:38Z,7.03,
2026-09-06T17:49:38Z,7.03,90.3
2026-09-06T17:50:38Z,7.03,90.2
2026-09-06T17:51:38Z,7.02,90.14
2026-09-06T17:52:38Z,7.03,90.16
2026-09-06T17:53:38Z,,90.21
2026-09-06T17:54:38Z,,90.29
2026-09-06T17:56:38Z,7.04,90.32
2026-09-06T17:57:38Z,7.04,90.33
2026-09-06T17:58:38Z,7.03,90.27
2026-09-06T17:59:38Z,7.03,90.3
2026-09-06T18:00:38Z,7.03,90.28
2026-09-06T18:04:38Z,7.04,90.33
2026-09-06T18:05:38Z,7.04,90.41
2026-09-06T18:06:38Z,7.04,90.33
2026-09-06T18:07:38Z,7.04,90.37
2026-09-06T18:08:38Z,,90.35
2026-09-06T18:10:38Z,7.04,90.32
2026-09-06T18:11:38Z,7.03,90.27
2026-09-06T18:12:38Z,7.04,90.41
2026-09-06T18:13:38Z,7.04,90.4
2026-09-06T18:14:38Z,7.04,90.4
2026-09-06T18:16:38Z,7.05,
2026-09-06T18:17:38Z,7.04,90.43
2026-09-06T18:18:38Z,7.04,90.46
2026-09-06T18:19:38Z,7.04,90.45
2026-09-06T18:20:38Z,7.04,90.47
2026-09-06T18:21:38Z,,90.55
2026-09-06T18:23:38Z,7.05,
2026-09-06T18:24:38Z,7.06,90.69
2026-09-06T18:25:38Z,7.06,90.75
2026-09-06T18:26:38Z,7.06,90.69
2026-09-06T18:27:38Z,7.05,90.6
2026-09-06T18:29:38Z,7.05,
2026-09-06T18:30:38Z,7.05,90.51
2026-09-06T18:31:38Z,7.04,90.41
2026-09-06T18:32:38Z,7.04,90.33
2026-09-06T18:33:38Z,7.04,90.37
2026-09-06T18:34:38Z,,90.36
2026-09-06T18:36:38Z,7.03,90.3
2026-09-06T18:37:38Z,7.04,90.32
2026-09-06T18:38:38Z,7.04,90.34
2026-09-06T18:39:38Z,7.03,90.28
2026-09-06T18:40:38Z,,90.27
2026-09-06T18:42:38Z,7.03,
2026-09-06T18:43:38Z,7.02,90.06
2026-09-06T18:44:38Z,7.02,90.07
2026-09-06T18:45:38Z,7.02,90.08
2026-09-06T18:46:38Z,7.02,89.99
2026-09-06T18:48:38Z,7.02,
2026-09-06T18:49:38Z,7.02,90.11
2026-09-06T18:50:38Z,7.02,90.14
2026-09-06T18:51:38Z,7.03,90.15
2026-09-06T18:52:38Z,7.03,90.27
2026-09-06T18:53:38Z,,90.26
2026-09-06T18:54:38Z,7.03,
2026-09-06T18:55:38Z,7.03,90.24
2026-09-06T18:56:38Z,7.04,90.32
2026-09-06T18:57:38Z,7.04,90.45
2026-09-06T18:58:38Z,7.04,90.38
2026-09-06T18:59:38Z,,90.32
2026-09-06T19:01:38Z,7.03,
2026-09-06T19:02:38Z,7.03,
2026-09-06T19:03:38Z,7.04,
2026-09-06T19:04:38Z,7.04,90.35
2026-09-06T19:05:38Z,7.04,90.32
2026-09-06T19:06:38Z,7.04,90.36
2026-09-06T19:07:38Z,7.04,90.45
2026-09-06T19:09:38Z,7.03,90.26
2026-09-06T19:10:38Z,7.03,90.16
2026-09-06T19:11:38Z,7.02,90.14
2026-09-06T19:12:38Z,7.02,90.05
2026-09-06T19:13:38Z,,90.17
2026-09-06T19:15:38Z,7.03,90.24
2026-09-06T19:16:38Z,7.03,90.29
2026-09-06T19:17:38Z,7.04,90.36
2026-09-06T19:18:38Z,7.04,90.37
2026-09-06T19:19:38Z,7.04,90.42
2026-09-06T19:22:38Z,7.04,90.45
2026-09-06T19:23:38Z,7.04,90.47
2026-09-06T19:24:38Z,7.05,90.55
2026-09-06T19:25:38Z,7.04,90.42
2026-09-06T19:26:38Z,7.04,90.4
2026-09-06T19:29:38Z,7.05,90.51
2026-09-06T19:30:38Z,7.05,90.59
2026-09-06T19:31:38Z,7.05,90.6
2026-09-06T19:32:38Z,7.05,90.63
2026-09-06T19:34:38Z,7.06,
2026-09-06T19:35:38Z,7.06,90.67
2026-09-06T19:36:38Z,7.44,90.54
2026-09-06T19:37:38Z,7.05,90.59
2026-09-06T19:38:38Z,7.06,90.75
2026-09-06T19:41:38Z,7.06,90.73
2026-09-06T19:42:38Z,7.06,90.7
2026-09-06T19:43:38Z,7.06,90.65
2026-09-06T19:44:38Z,7.05,90.61
2026-09-06T19:45:38Z,,90.6
2026-09-06T19:47:38Z,7.43,90.46
2026-09-06T19:48:38Z,7.05,90.51
2026-09-06T19:49:38Z,7.05,90.49
2026-09-06T19:50:38Z,7.05,90.49
2026-09-06T19:51:38Z,7.04,90.43
2026-09-06T19:53:38Z,7.05,90.58
2026-09-06T19:54:38Z,7.05,90.59
2026-09-06T19:55:38Z,7.05,90.5
2026-09-06T19:56:38Z,7.05,90.59
2026-09-06T19:57:38Z,7.05,
2026-09-06T19:59:38Z,,90.31
2026-09-06T20:00:38Z,7.04,90.37
2026-09-06T20:01:38Z,7.04,90.34
2026-09-06T20:02:38Z,7.04,90.39
2026-09-06T20:03:38Z,7.04,90.41
2026-09-06T20:04:38Z,7.05,
2026-09-06T20:05:38Z,,90.56
2026-09-06T20:06:38Z,7.05,90.54
2026-09-06T20:07:38Z,7.05,90.53
2026-09-06T20:08:38Z,7.04,90.44
2026-09-06T20:09:38Z,7.04,90.47
2026-09-06T20:10:38Z,7.04,
2026-09-06T20:12:38Z,,90.46
2026-09-06T20:13:38Z,7.05,90.52
2026-09-06T20:14:38Z,7.05,90.59
2026-09-06T20:15:38Z,7.06,90.69
2026-09-06T20:16:38Z,7.06,90.73
2026-09-06T20:17:38Z,7.06,90.68
2026-09-06T20:18:38Z,7.06,90.66
2026-09-06T20:19:38Z,7.05,90.64
2026-09-06T20:20:38Z,,90.7
2026-09-06T20:21:38Z,7.06,
2026-09-06T20:22:38Z,7.06,90.79
2026-09-06T20:23:38Z,7.06,90.81
2026-09-06T20:24:38Z,7.07,90.82
2026-09-06T20:25:38Z,7.07,90.87
2026-09-06T20:26:38Z,,90.87
2026-09-06T20:28:38Z,7.06,90.81
2026-09-06T20:29:38Z,7.06,90.79
2026-09-06T20:30:38Z,7.07,90.83
2026-09-06T20:31:38Z,7.07,90.85
2026-09-06T20:32:38Z,,90.85
2026-09-06T20:34:38Z,7.07,90.86
2026-09-06T20:35:38Z,7.07,90.86
2026-09-06T20:36:38Z,7.07,90.87
2026-09-06T20:37:38Z,7.07,90.93
2026-09-06T20:38:38Z,7.07,90.82
2026-09-06T20:39:38Z,7.06,90.79
2026-09-06T20:40:38Z,7.06,90.73
2026-09-06T20:41:38Z,7.06,90.7
2026-09-06T20:42:38Z,7.06,90.73
2026-09-06T20:43:38Z,7.07,90.83
2026-09-06T20:45:38Z,7.06,90.77
2026-09-06T20:46:38Z,7.06,90.79
2026-09-06T20:47:38Z,7.06,90.79
2026-09-06T20:48:38Z,7.06,90.79
2026-09-06T20:49:38Z,7.06,90.67
2026-09-06T20:52:38Z,7.05,90.58
2026-09-06T20:53:38Z,7.05,90.61
2026-09-06T20:54:38Z,7.06,90.71
2026-09-06T20:55:38Z,7.06,90.71
2026-09-06T20:58:38Z,7.06,90.73
2026-09-06T20:59:38Z,7.06,90.75
2026-09-06T21:00:38Z,7.06,90.67
2026-09-06T21:01:38Z,7.06,90.69
2026-09-06T21:02:38Z,,90.62
2026-09-06T21:04:38Z,7.06,90.7
2026-09-06T21:05:38Z,7.06,90.72
2026-09-06T21:06:38Z,7.06,90.75
2026-09-06T21:07:38Z,7.06,90.77
2026-09-06T21:08:38Z,7.06,90.74
2026-09-06T21:10:38Z,7.07,
2026-09-06T21:11:38Z,7.06,90.79
2026-09-06T21:12:38Z,7.06,90.76
2026-09-06T21:13:38Z,7.06,90.77
2026-09-06T21:14:38Z,7.05,90.64
2026-09-06T21:15:38Z,,90.63
2026-09-06T21:17:38Z,7.06,90.73
2026-09-06T21:18:38Z,7.07,90.84
2026-09-06T21:19:38Z,7.07,90.88
2026-09-06T21:20:38Z,7.07,90.87
2026-09-06T21:21:38Z,,90.91
2026-09-06T21:23:38Z,7.07,90.92
2026-09-06T21:24:38Z,7.08,91
2026-09-06T21:25:38Z,7.07,90.97
2026-09-06T21:26:38Z,7.08,91
2026-09-06T21:27:38Z,,90.98
2026-09-06T21:28:38Z,7.08,
2026-09-06T21:29:38Z,7.09,91.17
2026-09-06T21:30:38Z,7.08,91.11
2026-09-06T21:31:38Z,7.08,91.08
2026-09-06T21:32:38Z,7.08,91.14
2026-09-06T21:33:38Z,,91.18
2026-09-06T21:34:38Z,7.08,
2026-09-06T21:35:38Z,7.09,91.18
2026-09-06T21:36:38Z,7.09,91.17
2026-09-06T21:37:38Z,7.09,91.17
2026-09-06T21:38:38Z,7.09,91.23
2026-09-06T21:39:38Z,7.09,91.19
2026-09-06T21:40:38Z,7.09,91.16
2026-09-06T21:41:38Z,7.09,91.31
2026-09-06T21:42:38Z,7.1,91.35
2026-09-06T21:43:38Z,7.1,91.44
2026-09-06T21:44:38Z,7.1,91.44
2026-09-06T21:45:38Z,7.1,91.46
2026-09-06T21:46:38Z,7.11,91.54
2026-09-06T21:47:38Z,7.1,91.48
2026-09-06T21:48:38Z,7.1,91.47
2026-09-06T21:49:38Z,7.11,91.55
2026-09-06T21:50:38Z,7.11,91.58
2026-09-06T21:51:38Z,7.11,91.53
2026-09-06T21:52:38Z,7.1,91.48
2026-09-06T21:53:38Z,7.11,91.51
2026-09-06T21:54:38Z,7.11,91.5
2026-09-06T21:55:38Z,7.1,91.41
2026-09-06T21:56:38Z,7.1,91.47
2026-09-06T21:57:38Z,7.11,91.5
2026-09-06T21:58:38Z,7.1,91.39
2026-09-06T21:59:38Z,7.1,91.34
2026-09-06T22:00:38Z,7.1,91.33
2026-09-06T22:01:38Z,7.1,91.36
2026-09-06T22:02:38Z,7.1,91.39
2026-09-06T22:03:38Z,7.1,91.39
2026-09-06T22:04:38Z,7.1,91.37
2026-09-06T22:05:38Z,7.1,91.38
2026-09-06T22:06:38Z,7.1,91.35
2026-09-06T22:07:38Z,7.1,91.43
2026-09-06T22:08:38Z,7.1,91.4
2026-09-06T22:09:38Z,7.1,91.33
2026-09-06T22:10:38Z,7.1,91.34
2026-09-06T22:11:38Z,7.09,91.32
2026-09-06T22:12:38Z,7.09,91.27
2026-09-06T22:13:38Z,7.09,91.25
2026-09-06T22:14:38Z,7.09,91.24
2026-09-06T22:15:38Z,7.1,91.34
2026-09-06T22:16:38Z,7.1,91.34
2026-09-06T22:17:38Z,7.09,91.29
2026-09-06T22:18:38Z,7.1,91.46
2026-09-06T22:19:38Z,7.1,91.36
2026-09-06T22:20:38Z,7.09,91.27
2026-09-06T22:21:38Z,7.09,91.27
2026-09-06T22:22:38Z,7.09,91.26
2026-09-06T22:23:38Z,7.08,91.14
2026-09-06T22:24:38Z,7.08,91.11
2026-09-06T22:25:38Z,7.08,91.12
2026-09-06T22:26:38Z,7.07,90.92
2026-09-06T22:27:38Z,,90.84
2026-09-06T22:28:38Z,7.06,90.8
2026-09-06T22:29:38Z,7.06,90.65
2026-09-06T22:30:38Z,7.05,90.53
2026-09-06T22:31:38Z,7.05,90.52
2026-09-06T22:33:38Z,7.03,90.24
2026-09-06T22:34:38Z,7.03,90.17
2026-09-06T22:35:38Z,7.01,89.91
2026-09-06T22:36:38Z,7.01,89.92
2026-09-06T22:37:38Z,7,89.75
2026-09-06T22:39:38Z,6.97,89.19
2026-09-06T22:40:38Z,6.97,89.19
2026-09-06T22:41:38Z,6.95,88.95
2026-09-06T22:42:38Z,6.94,88.73
2026-09-06T22:43:38Z,,88.57
2026-09-06T22:44:38Z,6.93,
2026-09-06T22:45:38Z,6.93,88.55
2026-09-06T22:46:38Z,6.94,88.71
2026-09-06T22:47:38Z,6.93,88.53
2026-09-06T22:48:38Z,6.93,88.61
2026-09-06T22:49:38Z,,88.63
2026-09-06T22:50:38Z,6.92,
2026-09-06T22:51:38Z,6.92,88.36
2026-09-06T22:52:38Z,6.91,88.16
2026-09-06T22:53:38Z,6.9,87.97
2026-09-06T22:54:38Z,6.91,88.15
2026-09-06T22:55:38Z,6.9,88.09
2026-09-06T22:56:38Z,6.89,
2026-09-06T22:57:38Z,6.88,
2026-09-06T22:58:38Z,6.87,87.59
2026-09-06T22:59:38Z,6.87,87.47
2026-09-06T23:00:38Z,6.87,87.48
2026-09-06T23:01:38Z,,87.49
2026-09-06T23:03:38Z,6.85,
2026-09-06T23:04:38Z,6.84,87.07
2026-09-06T23:05:38Z,6.82,86.77
2026-09-06T23:06:38Z,6.82,86.69
2026-09-06T23:07:38Z,6.81,86.57
2026-09-06T23:08:38Z,,85.72
2026-09-06T23:09:38Z,6.77,
2026-09-06T23:10:38Z,6.77,85.82
2026-09-06T23:11:38Z,6.75,85.49
2026-09-06T23:12:38Z,6.75,85.56
2026-09-06T23:13:38Z,6.76,85.7
2026-09-06T23:14:38Z,6.76,85.76
2026-09-06T23:15:38Z,6.76,85.69
2026-09-06T23:16:38Z,6.75,85.59
2026-09-06T23:17:38Z,6.73,
2026-09-06T23:19:38Z,6.75,85.55
2026-09-06T23:20:38Z,6.74,85.3
2026-09-06T23:21:38Z,6.74,85.39
2026-09-06T23:22:38Z,6.76,85.61
2026-09-06T23:23:38Z,6.74,
2026-09-06T23:25:38Z,6.71,84.81
2026-09-06T23:26:38Z,6.67,84.24
2026-09-06T23:27:38Z,6.67,84.13
2026-09-06T23:28:38Z,6.66,84.07
2026-09-06T23:29:38Z,6.67,84.24
2026-09-06T23:31:38Z,6.7,
2026-09-06T23:32:38Z,6.67,84.22
2026-09-06T23:33:38Z,6.69,84.51
2026-09-06T23:34:38Z,6.69,84.48
2026-09-06T23:35:38Z,6.67,84.24
2026-09-06T23:37:38Z,6.64,83.59
2026-09-06T23:38:38Z,6.62,83.33
2026-09-06T23:39:38Z,6.63,83.56
2026-09-06T23:40:38Z,6.63,83.54
2026-09-06T23:41:38Z,6.6,82.94
2026-09-06T23:43:38Z,6.6,82.96
2026-09-06T23:44:38Z,6.59,82.85
2026-09-06T23:45:38Z,6.6,83.05
2026-09-06T23:46:38Z,6.6,83.05
2026-09-06T23:47:38Z,6.57,82.53
2026-09-06T23:49:38Z,6.61,83.09
2026-09-06T23:50:38Z,6.54,81.95
2026-09-06T23:51:38Z,6.55,82.19
2026-09-06T23:52:38Z,6.52,81.67
2026-09-06T23:53:38Z,6.53,81.83
2026-09-06T23:55:38Z,6.53,81.83
2026-09-06T23:56:38Z,6.46,80.69
2026-09-06T23:57:38Z,6.46,80.6
2026-09-06T23:58:38Z,6.43,80.15
2026-09-06T23:59:38Z,6.43,80.22
2026-09-07T00:00:38Z,6.4,
2026-09-07T00:02:38Z,,79.59
2026-09-07T00:03:38Z,6.38,79.31
2026-09-07T00:04:38Z,6.38,79.31
2026-09-07T00:05:38Z,6.39,79.42
2026-09-07T00:06:38Z,6.33,78.48
2026-09-07T00:07:38Z,6.35,
2026-09-07T00:09:38Z,6.31,78.16
2026-09-07T00:10:38Z,6.34,78.67
2026-09-07T00:11:38Z,6.34,78.62
2026-09-07T00:12:38Z,6.33,78.44
2026-09-07T00:13:38Z,6.26,
2026-09-07T00:14:38Z,,77.5
2026-09-07T00:15:38Z,6.3,77.92
2026-09-07T00:16:38Z,6.28,77.6
2026-09-07T00:17:38Z,6.24,76.9
2026-09-07T00:18:38Z,6.28,77.64
2026-09-07T00:19:38Z,6.24,76.93
2026-09-07T00:21:38Z,,76.72
2026-09-07T00:22:38Z,6.18,75.95
2026-09-07T00:23:38Z,6.18,75.9
2026-09-07T00:24:38Z,6.15,75.39
2026-09-07T00:25:38Z,6.15,75.35
2026-09-07T00:26:38Z,6.13,
2026-09-07T00:27:38Z,,74.13
2026-09-07T00:28:38Z,,73.73
2026-09-07T00:29:38Z,6.04,73.55
2026-09-07T00:30:38Z,6.05,73.73
2026-09-07T00:31:38Z,6.06,73.99
2026-09-07T00:32:38Z,5.93,
2026-09-07T00:34:38Z,5.95,72.15
2026-09-07T00:35:38Z,5.93,71.76
2026-09-07T00:36:38Z,5.92,71.49
2026-09-07T00:37:38Z,5.83,69.99
2026-09-07T00:38:38Z,5.77,
2026-09-07T00:39:38Z,,67.72
2026-09-07T00:40:38Z,5.68,67.54
2026-09-07T00:41:38Z,5.62,66.49
2026-09-07T00:42:38Z,5.66,67.22
2026-09-07T00:43:38Z,5.67,67.29
2026-09-07T00:44:38Z,5.68,
2026-09-07T00:45:38Z,,66.41
2026-09-07T00:46:38Z,5.54,65.23
2026-09-07T00:47:38Z,5.5,64.58
2026-09-07T00:48:38Z,5.46,63.89
2026-09-07T00:49:38Z,5.47,64.08
2026-09-07T00:50:38Z,5.48,
2026-09-07T01:00:38Z,5.34,61.86
2026-09-07T01:01:38Z,5.32,61.52
2026-09-07T01:02:38Z,5.4,62.82
2026-09-07T01:03:38Z,5.41,
2026-09-07T01:04:38Z,,63.87
2026-09-07T01:05:38Z,5.33,61.6
2026-09-07T01:06:38Z,5.35,61.93
2026-09-07T01:07:38Z,5.37,62.29
2026-09-07T01:08:38Z,5.37,62.38
2026-09-07T01:09:38Z,5.42,
2026-09-07T01:10:38Z,,64.35
2026-09-07T01:11:38Z,,64.83
2026-09-07T01:12:38Z,5.52,64.88
2026-09-07T01:13:38Z,5.58,65.85
2026-09-07T01:14:38Z,5.48,64.16
2026-09-07T01:15:38Z,5.46,
2026-09-07T01:17:38Z,,63.64
2026-09-07T01:18:38Z,5.47,64.06
2026-09-07T01:19:38Z,5.47,64.03
2026-09-07T01:20:38Z,5.38,62.53
2026-09-07T01:21:38Z,5.28,60.79
2026-09-07T01:22:38Z,5.26,
2026-09-07T01:23:38Z,,60.33
2026-09-07T01:24:38Z,5.26,60.39
2026-09-07T01:25:38Z,5.2,59.4
2026-09-07T01:26:38Z,5.18,59.08
2026-09-07T01:27:38Z,5.19,59.33
2026-09-07T01:30:38Z,5.21,59.65
2026-09-07T01:31:38Z,5.24,60.16
2026-09-07T01:32:38Z,5.28,60.75
2026-09-07T01:33:38Z,5.32,61.48
2026-09-07T01:34:38Z,5.31,61.3
2026-09-07T01:37:38Z,5.22,59.85
2026-09-07T01:38:38Z,5.28,60.87
2026-09-07T01:39:38Z,5.23,60.03
2026-09-07T01:40:38Z,5.27,60.59
2026-09-07T01:41:38Z,5.28,60.74
2026-09-07T01:43:38Z,5.37,62.27
2026-09-07T01:44:38Z,5.39,62.73
2026-09-07T01:45:38Z,5.37,62.27
2026-09-07T01:46:38Z,5.35,61.94
2026-09-07T01:47:38Z,5.27,60.69
2026-09-07T01:49:38Z,,61.35
2026-09-07T01:50:38Z,5.3,61.14
2026-09-07T01:51:38Z,5.33,61.58
2026-09-07T01:52:38Z,5.26,60.47
2026-09-07T01:53:38Z,5.23,60
2026-09-07T01:54:38Z,5.15,
2026-09-07T01:56:38Z,,59.02
2026-09-07T01:57:38Z,5.09,57.53
2026-09-07T01:58:38Z,5.08,57.38
2026-09-07T01:59:38Z,5.15,58.55
2026-09-07T02:00:38Z,5.16,58.74
2026-09-07T02:01:38Z,5.13,
2026-09-07T02:03:38Z,,57.96
2026-09-07T02:04:38Z,5.12,58.03
2026-09-07T02:05:38Z,5.09,57.65
2026-09-07T02:06:38Z,5.07,57.21
2026-09-07T02:07:38Z,5,56.15
2026-09-07T02:09:38Z,,58.48
2026-09-07T02:10:38Z,5.15,58.68
2026-09-07T02:11:38Z,5.14,58.41
2026-09-07T02:12:38Z,5.13,58.32
2026-09-07T02:13:38Z,5.06,57.1
2026-09-07T02:14:38Z,5.09,
2026-09-07T02:15:38Z,,58.62
2026-09-07T02:16:38Z,,58.98
2026-09-07T02:17:38Z,5.2,59.4
2026-09-07T02:18:38Z,5.23,59.9
2026-09-07T02:19:38Z,5.19,59.36
2026-09-07T02:20:38Z,5.19,59.3
2026-09-07T02:21:38Z,5.23,
2026-09-07T02:23:38Z,5.32,61.55
2026-09-07T02:24:38Z,5.34,61.82
2026-09-07T02:25:38Z,5.29,61.03
2026-09-07T02:26:38Z,5.3,61.2
2026-09-07T02:27:38Z,5.29,
2026-09-07T02:28:38Z,,59.93
2026-09-07T02:29:38Z,5.24,60.15
2026-09-07T02:30:38Z,5.2,59.39
2026-09-07T02:31:38Z,5.24,60.1
2026-09-07T02:32:38Z,5.15,58.54
2026-09-07T02:33:38Z,5.18,
2026-09-07T02:35:38Z,,58.53
2026-09-07T02:36:38Z,5.13,58.24
2026-09-07T02:37:38Z,5.09,57.67
2026-09-07T02:38:38Z,5.14,58.38
2026-09-07T02:39:38Z,5.15,
2026-09-07T02:41:38Z,,59.58
2026-09-07T02:42:38Z,5.1,57.86
2026-09-07T02:43:38Z,5.12,58.19
2026-09-07T02:44:38Z,5.06,57.15
2026-09-07T02:45:38Z,5.06,57.05
2026-09-07T02:46:38Z,5.11,
2026-09-07T02:47:38Z,,58.03
2026-09-07T02:48:38Z,5.13,58.2
2026-09-07T02:49:38Z,5.06,57.18
2026-09-07T02:50:38Z,5.01,56.33
2026-09-07T02:51:38Z,5.02,56.43
2026-09-07T02:53:38Z,,55.13
2026-09-07T02:54:38Z,4.98,55.73
2026-09-07T02:55:38Z,4.89,54.21
2026-09-07T02:56:38Z,4.97,55.55
2026-09-07T02:57:38Z,4.96,55.49
2026-09-07T03:01:38Z,,56.48
2026-09-07T03:02:38Z,5.02,56.45
2026-09-07T03:03:38Z,5.03,56.64
2026-09-07T03:04:38Z,5.09,57.54
2026-09-07T03:05:38Z,5.14,58.52
2026-09-07T03:07:38Z,,57.58
2026-09-07T03:08:38Z,4.95,55.22
2026-09-07T03:09:38Z,4.94,55.17
2026-09-07T03:10:38Z,5,56.17
2026-09-07T03:11:38Z,5.03,56.62
2026-09-07T03:12:38Z,5.04,56.82
2026-09-07T03:13:38Z,5.05,56.88
2026-09-07T03:14:38Z,5.08,57.48
2026-09-07T03:15:38Z,5.1,57.78
2026-09-07T03:17:38Z,5.11,
2026-09-07T03:18:38Z,5.1,57.78
2026-09-07T03:19:38Z,5.09,57.54
2026-09-07T03:20:38Z,5.02,56.5
2026-09-07T03:21:38Z,5.05,57.01
2026-09-07T03:24:38Z,5.13,58.34
2026-09-07T03:25:38Z,5.09,57.58
2026-09-07T03:26:38Z,5.1,57.8
2026-09-07T03:27:38Z,5.12,58.12
2026-09-07T03:28:38Z,5.15,58.64
2026-09-07T03:30:38Z,5.19,59.22
2026-09-07T03:31:38Z,5.21,59.56
2026-09-07T03:32:38Z,5.12,58.13
2026-09-07T03:33:38Z,5.14,58.52
2026-09-07T03:34:38Z,5.15,58.69
2026-09-07T03:36:38Z,5.13,58.27
2026-09-07T03:37:38Z,5.13,58.23
2026-09-07T03:38:38Z,5.05,56.98
2026-09-07T03:39:38Z,5.03,56.58
2026-09-07T03:40:38Z,5.03,56.59
2026-09-07T03:42:38Z,5,56.09
2026-09-07T03:43:38Z,5.01,56.23
2026-09-07T03:44:38Z,4.95,55.28
2026-09-07T03:45:38Z,4.96,55.5
2026-09-07T03:46:38Z,4.96,55.4
2026-09-07T03:47:38Z,4.89,54.19
2026-09-07T03:48:38Z,4.88,54.08
2026-09-07T03:49:38Z,4.89,54.21
2026-09-07T03:50:38Z,4.85,53.6
2026-09-07T03:51:38Z,4.86,53.75
2026-09-07T03:53:38Z,4.92,54.83
2026-09-07T03:54:38Z,4.9,54.45
2026-09-07T03:55:38Z,4.86,53.68
2026-09-07T03:56:38Z,4.8,52.81
2026-09-07T03:58:38Z,,54.42
2026-09-07T03:59:38Z,4.81,52.93
2026-09-07T04:00:38Z,4.82,53.08
2026-09-07T04:01:38Z,4.86,53.76
2026-09-07T04:02:38Z,4.83,53.2
2026-09-07T04:03:38Z,4.81,52.89
2026-09-07T04:04:38Z,4.9,54.38
2026-09-07T04:05:38Z,4.92,54.71
2026-09-07T04:06:38Z,4.92,54.69
2026-09-07T04:07:38Z,4.96,55.5
2026-09-07T04:09:38Z,4.96,55.37
2026-09-07T04:10:38Z,4.92,54.82
2026-09-07T04:11:38Z,4.91,54.62
2026-09-07T04:12:38Z,4.97,55.64
2026-09-07T04:13:38Z,4.98,55.75
2026-09-07T04:15:38Z,4.92,54.8
2026-09-07T04:16:38Z,4.92,54.82
2026-09-07T04:17:38Z,4.95,55.25
2026-09-07T04:18:38Z,4.93,54.98
2026-09-07T04:19:38Z,4.96,55.5
2026-09-07T04:22:38Z,4.94,55.11
2026-09-07T04:23:38Z,4.96,55.35
2026-09-07T04:24:38Z,4.96,55.38
2026-09-07T04:25:38Z,4.96,55.35
2026-09-07T04:28:38Z,4.93,54.99
2026-09-07T04:29:38Z,4.96,55.35
2026-09-07T04:30:38Z,4.99,55.92
2026-09-07T04:31:38Z,5.01,56.24
2026-09-07T04:34:38Z,5.01,56.18
2026-09-07T04:35:38Z,5,56.13
2026-09-07T04:36:38Z,4.99,55.95
2026-09-07T04:37:38Z,5.01,56.25
2026-09-07T04:39:38Z,,56.72
2026-09-07T04:40:38Z,5.02,56.46
2026-09-07T04:41:38Z,5.02,56.45
2026-09-07T04:42:38Z,5.8,56.51
2026-09-07T04:43:38Z,5.01,56.22
2026-09-07T04:45:38Z,4.97,55.54
2026-09-07T04:46:38Z,5.03,56.54
2026-09-07T04:47:38Z,5.02,56.41
2026-09-07T04:48:38Z,5.05,56.93
2026-09-07T04:49:38Z,5.1,57.81
2026-09-07T04:51:38Z,5.17,58.95
2026-09-07T04:52:38Z,5.2,59.46
2026-09-07T04:53:38Z,5.22,59.87
2026-09-07T04:54:38Z,5.22,59.73
2026-09-07T04:55:38Z,5.21,59.58
2026-09-07T04:58:38Z,5.22,59.84
2026-09-07T04:59:38Z,5.25,60.28
2026-09-07T05:00:38Z,5.24,60.2
2026-09-07T05:01:38Z,5.25,60.25
2026-09-07T05:04:38Z,5.3,61.18
2026-09-07T05:05:38Z,5.31,61.35
2026-09-07T05:06:38Z,5.29,61.04
2026-09-07T05:07:38Z,5.32,61.43
2026-09-07T05:08:38Z,,61.86
2026-09-07T05:10:38Z,5.31,61.25
2026-09-07T05:11:38Z,5.32,61.4
2026-09-07T05:12:38Z,5.36,62.18
2026-09-07T05:13:38Z,5.37,62.4
2026-09-07T05:14:38Z,5.4,62.8
2026-09-07T05:15:38Z,5.37,62.32
2026-09-07T05:16:38Z,5.4,62.8
2026-09-07T05:17:38Z,5.38,62.49
2026-09-07T05:18:38Z,5.4,62.88
2026-09-07T05:19:38Z,5.39,62.69
2026-09-07T05:22:38Z,5.37,62.26
2026-09-07T05:23:38Z,5.37,62.26
2026-09-07T05:24:38Z,5.38,62.53
2026-09-07T05:25:38Z,5.39,62.71
2026-09-07T05:27:38Z,5.38,62.43
2026-09-07T05:28:38Z,5.39,62.61
2026-09-07T05:29:38Z,5.4,62.78
2026-09-07T05:30:38Z,5.4,62.77
2026-09-07T05:31:38Z,5.4,62.86
2026-09-07T05:33:38Z,5.39,62.65
2026-09-07T05:34:38Z,5.4,62.89
2026-09-07T05:35:38Z,5.43,63.25
2026-09-07T05:36:38Z,5.43,63.26
2026-09-07T05:38:38Z,5.42,63.22
2026-09-07T05:39:38Z,5.39,62.68
2026-09-07T05:40:38Z,5.37,62.28
2026-09-07T05:41:38Z,5.39,62.65
2026-09-07T05:44:38Z,5.44,63.55
2026-09-07T05:45:38Z,5.42,63.1
2026-09-07T05:46:38Z,5.43,63.32
2026-09-07T05:47:38Z,5.42,63.2
2026-09-07T05:48:38Z,5.45,63.58
2026-09-07T08:00:38Z,5.53,65
2026-09-07T08:03:38Z,5.48,
2026-09-07T08:04:38Z,5.49,64.35
2026-09-07T08:05:38Z,5.49,64.38
2026-09-07T08:06:38Z,5.5,64.55
2026-09-07T08:07:38Z,5.52,64.89
2026-09-07T08:10:38Z,5.46,
2026-09-07T08:11:38Z,5.44,63.55
2026-09-07T08:12:38Z,5.45,63.62
2026-09-07T08:13:38Z,5.44,63.57
2026-09-07T08:14:38Z,5.45,63.66
2026-09-07T08:15:38Z,,64.17
2026-09-07T08:18:38Z,5.51,64.67
2026-09-07T08:19:38Z,5.51,64.7
2026-09-07T08:20:38Z,5.52,64.84
2026-09-07T08:21:38Z,5.54,65.13
2026-09-07T08:22:38Z,,64.53
2026-09-07T08:24:38Z,5.48,64.23
2026-09-07T08:25:38Z,5.38,62.51
2026-09-07T08:26:38Z,5.39,62.68
2026-09-07T08:27:38Z,5.37,62.38
2026-09-07T08:28:38Z,5.4,62.78
2026-09-07T08:29:38Z,,62.87
2026-09-07T08:31:38Z,5.4,62.75
2026-09-07T08:32:38Z,5.41,62.92
2026-09-07T08:33:38Z,5.42,63.21
2026-09-07T08:34:38Z,5.38,62.52
2026-09-07T08:35:38Z,5.39,62.66
2026-09-07T08:38:38Z,5.35,61.98
2026-09-07T08:39:38Z,5.37,62.29
2026-09-07T08:40:38Z,5.39,62.66
2026-09-07T08:41:38Z,5.42,63.11
2026-09-07T08:44:38Z,5.39,62.73
2026-09-07T08:45:38Z,5.43,63.32
2026-09-07T08:46:38Z,5.41,63.07
2026-09-07T08:47:38Z,5.45,63.68
2026-09-07T08:48:38Z,,63.64
2026-09-07T08:50:38Z,5.44,63.46
2026-09-07T08:51:38Z,5.34,61.86
2026-09-07T08:52:38Z,5.31,61.27
2026-09-07T08:53:38Z,5.32,61.52
2026-09-07T08:54:38Z,5.34,61.83
2026-09-07T08:58:38Z,5.43,63.25
2026-09-07T08:59:38Z,5.42,63.1
2026-09-07T09:00:38Z,5.43,63.31
2026-09-07T09:01:38Z,5.4,62.9
2026-09-07T09:04:38Z,5.37,62.33
2026-09-07T09:05:38Z,5.4,62.86
2026-09-07T09:06:38Z,5.47,63.92
2026-09-07T09:07:38Z,5.47,64.01
2026-09-07T09:08:38Z,5.42,63.1
2026-09-07T09:11:38Z,,64.68
2026-09-07T09:12:38Z,5.45,63.74
2026-09-07T09:13:38Z,5.42,63.09
2026-09-07T09:14:38Z,5.38,62.47
2026-09-07T09:15:38Z,5.34,61.86
2026-09-07T09:18:38Z,,62.84
2026-09-07T09:19:38Z,5.36,62.16
2026-09-07T09:20:38Z,5.34,61.85
2026-09-07T09:21:38Z,5.37,62.24
2026-09-07T09:22:38Z,5.37,62.4
2026-09-07T09:24:38Z,,62.84
2026-09-07T09:25:38Z,5.42,63.21
2026-09-07T09:26:38Z,5.44,63.55
2026-09-07T09:27:38Z,5.45,63.63
2026-09-07T09:28:38Z,5.44,63.54
2026-09-07T09:29:38Z,5.47,
2026-09-07T09:31:38Z,,64.35
2026-09-07T09:32:38Z,5.47,63.94
2026-09-07T09:33:38Z,5.54,65.14
2026-09-07T09:34:38Z,5.55,65.28
2026-09-07T09:35:38Z,5.48,64.23
2026-09-07T09:38:38Z,5.46,63.8
2026-09-07T09:39:38Z,5.52,64.91
2026-09-07T09:40:38Z,5.42,63.13
2026-09-07T09:41:38Z,5.42,63.12
2026-09-07T09:42:38Z,5.46,
2026-09-07T09:44:38Z,5.46,63.9
2026-09-07T09:45:38Z,5.5,64.51
2026-09-07T09:46:38Z,5.45,63.68
2026-09-07T09:47:38Z,5.44,63.5
2026-09-07T09:48:38Z,5.47,
2026-09-07T09:50:38Z,5.44,63.45
2026-09-07T09:51:38Z,5.44,63.5
2026-09-07T09:52:38Z,5.45,63.64
2026-09-07T09:53:38Z,5.43,63.32
2026-09-07T09:54:38Z,5.45,63.64
2026-09-07T09:57:38Z,5.47,64.03
2026-09-07T09:58:38Z,5.44,63.54
2026-09-07T09:59:38Z,5.45,63.67
2026-09-07T10:00:38Z,5.48,64.12
2026-09-07T10:01:38Z,5.46,63.91
2026-09-07T10:04:38Z,5.48,64.24
2026-09-07T10:05:38Z,5.49,64.37
2026-09-07T10:06:38Z,5.51,64.59
2026-09-07T10:07:38Z,5.48,64.11
2026-09-07T10:08:38Z,5.49,64.38
2026-09-07T10:11:38Z,5.52,64.81
2026-09-07T10:12:38Z,5.52,64.83
2026-09-07T10:13:38Z,5.49,64.34
2026-09-07T10:14:38Z,5.54,65.16
2026-09-07T10:15:38Z,5.54,65.21
2026-09-07T10:16:38Z,5.53,64.96
2026-09-07T10:17:38Z,5.51,64.73
2026-09-07T10:18:38Z,5.54,65.14
2026-09-07T10:19:38Z,5.53,65.03
2026-09-07T10:20:38Z,5.49,64.37
2026-09-07T10:21:38Z,5.5,64.56
2026-09-07T10:22:38Z,5.45,63.64
2026-09-07T10:23:38Z,5.45,63.73
2026-09-07T10:24:38Z,5.48,64.17
2026-09-07T10:27:38Z,5.51,64.6
2026-09-07T10:28:38Z,5.5,64.53
2026-09-07T10:29:38Z,5.51,64.71
2026-09-07T10:30:38Z,5.49,64.26
2026-09-07T10:31:38Z,,64.16
2026-09-07T10:33:38Z,5.49,64.33
2026-09-07T10:34:38Z,5.49,64.38
2026-09-07T10:35:38Z,5.5,64.43
2026-09-07T10:36:38Z,5.51,64.65
2026-09-07T10:39:38Z,5.53,65.09
2026-09-07T10:40:38Z,5.57,65.71
2026-09-07T10:41:38Z,5.6,66.19
2026-09-07T10:42:38Z,5.59,66.1
2026-09-07T10:43:38Z,,66.28
2026-09-07T10:44:38Z,5.59,
2026-09-07T10:45:38Z,5.6,66.14
2026-09-07T10:46:38Z,5.55,65.38
2026-09-07T10:47:38Z,5.55,65.39
2026-09-07T10:48:38Z,5.58,65.89
2026-09-07T10:49:38Z,,65.48
2026-09-07T10:51:38Z,5.6,
2026-09-07T10:52:38Z,5.59,66.1
2026-09-07T10:53:38Z,5.63,66.64
2026-09-07T10:54:38Z,5.65,66.97
2026-09-07T10:55:38Z,5.62,66.58
2026-09-07T10:57:38Z,5.68,
2026-09-07T10:58:38Z,5.67,67.42
2026-09-07T10:59:38Z,5.68,67.55
2026-09-07T11:00:38Z,5.71,68.03
2026-09-07T11:01:38Z,5.71,68.08
2026-09-07T11:03:38Z,5.75,
2026-09-07T11:04:38Z,5.76,68.8
2026-09-07T11:05:38Z,5.77,69.09
2026-09-07T11:06:38Z,5.78,69.23
2026-09-07T11:07:38Z,5.79,69.31
2026-09-07T11:08:38Z,,69.44
2026-09-07T11:10:38Z,5.81,
2026-09-07T11:11:38Z,5.81,69.75
2026-09-07T11:12:38Z,5.8,69.63
2026-09-07T11:13:38Z,5.8,69.52
2026-09-07T11:14:38Z,5.8,69.62
2026-09-07T11:17:38Z,5.83,70.04
2026-09-07T11:18:38Z,5.85,70.35
2026-09-07T11:19:38Z,5.85,70.36
2026-09-07T11:20:38Z,5.85,70.4
2026-09-07T11:21:38Z,,70.72
2026-09-07T11:23:38Z,5.9,
2026-09-07T11:24:38Z,5.9,71.21
2026-09-07T11:25:38Z,5.92,71.52
2026-09-07T11:26:38Z,5.92,71.57
2026-09-07T11:27:38Z,5.93,71.65
2026-09-07T11:29:38Z,5.94,
2026-09-07T11:30:38Z,5.95,72.08
2026-09-07T11:31:38Z,5.96,72.27
2026-09-07T11:32:38Z,5.97,72.38
2026-09-07T11:33:38Z,5.99,72.76
2026-09-07T11:34:38Z,,72.85
2026-09-07T11:36:38Z,6.01,
2026-09-07T11:37:38Z,6.02,73.23
2026-09-07T11:38:38Z,6.03,73.37
2026-09-07T11:39:38Z,6.04,73.65
2026-09-07T11:40:38Z,6.05,73.67
2026-09-07T11:41:38Z,,73.95
2026-09-07T11:42:38Z,6.05,
2026-09-07T11:43:38Z,6.06,73.96
2026-09-07T11:44:38Z,6.06,73.9
2026-09-07T11:45:38Z,6.07,74.13
2026-09-07T11:46:38Z,6.08,74.2
2026-09-07T11:47:38Z,,74.16
2026-09-07T11:48:38Z,6.09,
2026-09-07T11:49:38Z,6.09,74.44
2026-09-07T11:50:38Z,6.09,74.45
2026-09-07T11:51:38Z,6.09,74.49
2026-09-07T11:52:38Z,6.1,74.51
2026-09-07T11:53:38Z,6.1,74.51
2026-09-07T11:54:38Z,6.1,74.57
2026-09-07T11:55:38Z,6.1,74.64
2026-09-07T11:56:38Z,6.1,74.51
2026-09-07T11:59:38Z,6.12,74.96
2026-09-07T12:00:38Z,6.12,74.9
2026-09-07T12:01:38Z,6.11,74.83
2026-09-07T12:02:38Z,6.11,74.83
2026-09-07T12:04:38Z,6.12,74.91
2026-09-07T12:05:38Z,6.12,74.88
2026-09-07T12:06:38Z,6.12,74.87
2026-09-07T12:07:38Z,6.11,74.83
2026-09-07T12:08:38Z,6.14,75.24
2026-09-07T12:11:38Z,6.15,75.45
2026-09-07T12:12:38Z,6.15,75.44
2026-09-07T12:13:38Z,6.14,75.31
2026-09-07T12:14:38Z,6.15,75.42
2026-09-07T12:15:38Z,6.16,
2026-09-07T13:00:38Z,6.1,74.56
2026-09-07T13:01:38Z,6.09,74.45
2026-09-07T13:04:38Z,6.11,74.73
2026-09-07T13:05:38Z,6.13,75.14
2026-09-07T13:06:38Z,6.12,74.88
2026-09-07T13:07:38Z,6.13,75.08
2026-09-07T13:09:38Z,6.13,
2026-09-07T13:10:38Z,6.14,75.22
2026-09-07T13:11:38Z,6.14,75.21
2026-09-07T13:12:38Z,6.14,75.26
2026-09-07T13:13:38Z,6.14,75.28
2026-09-07T13:14:38Z,,75.35
2026-09-07T13:15:38Z,6.16,
2026-09-07T13:16:38Z,6.17,75.71
2026-09-07T13:17:38Z,6.16,75.62
2026-09-07T13:18:38Z,6.17,75.85
2026-09-07T13:19:38Z,6.18,75.9
2026-09-07T13:20:38Z,,76.43
2026-09-07T13:22:38Z,6.22,76.57
2026-09-07T13:23:38Z,6.23,76.73
2026-09-07T13:24:38Z,6.23,76.73
2026-09-07T13:25:38Z,6.24,76.93
2026-09-07T13:26:38Z,6.26,77.21
2026-09-07T13:28:38Z,6.29,
2026-09-07T13:29:38Z,6.31,78.19
2026-09-07T13:30:38Z,6.32,78.34
2026-09-07T13:31:38Z,6.33,78.5
2026-09-07T13:32:38Z,6.33,78.44
2026-09-07T13:34:38Z,6.35,78.77
2026-09-07T13:35:38Z,6.35,78.73
2026-09-07T13:36:38Z,6.33,78.4
2026-09-07T13:37:38Z,6.33,78.42
2026-09-07T13:38:38Z,6.34,78.71
2026-09-07T13:41:38Z,6.34,78.69
2026-09-07T13:42:38Z,6.34,78.7
2026-09-07T13:43:38Z,6.35,78.85
2026-09-07T13:44:38Z,6.37,79.15
2026-09-07T13:45:38Z,,79.4
2026-09-07T13:47:38Z,6.39,79.51
2026-09-07T13:48:38Z,6.4,79.6
2026-09-07T13:49:38Z,6.4,79.62
2026-09-07T13:50:38Z,6.4,79.64
2026-09-07T13:51:38Z,,79.42
2026-09-07T13:52:38Z,6.39,
2026-09-07T13:53:38Z,6.4,79.57
2026-09-07T13:54:38Z,6.4,79.71
2026-09-07T13:55:38Z,6.41,79.79
2026-09-07T13:56:38Z,6.41,79.73
2026-09-07T13:58:38Z,6.42,
2026-09-07T13:59:38Z,6.41,79.87
2026-09-07T14:00:38Z,6.42,79.96
2026-09-07T14:01:38Z,6.41,79.88
2026-09-07T14:02:38Z,6.41,79.81
2026-09-07T14:03:38Z,,79.86
2026-09-07T14:05:38Z,6.41,
2026-09-07T14:06:38Z,6.42,79.93
2026-09-07T14:07:38Z,6.43,80.1
2026-09-07T14:08:38Z,6.43,80.09
2026-09-07T14:09:38Z,6.43,80.08
2026-09-07T14:10:38Z,,79.91
2026-09-07T14:11:38Z,6.4,
2026-09-07T14:12:38Z,6.4,79.65
2026-09-07T14:16:38Z,6.41,
2026-09-07T14:18:38Z,6.41,79.85
2026-09-07T14:19:38Z,,79.77
2026-09-07T14:20:38Z,,79.84
2026-09-07T14:21:38Z,6.42,
2026-09-07T14:22:38Z,6.41,79.84
2026-09-07T14:23:38Z,6.42,80.02
2026-09-07T14:24:38Z,6.43,80.14
2026-09-07T14:25:38Z,6.43,80.12
2026-09-07T14:26:38Z,,80.18
2026-09-07T14:27:38Z,6.42,
2026-09-07T14:28:38Z,6.42,79.89
2026-09-07T14:29:38Z,6.41,79.87
2026-09-07T14:30:38Z,6.41,79.78
2026-09-07T14:31:38Z,,79.73
2026-09-07T14:32:38Z,6.4,
2026-09-07T14:33:38Z,6.41,79.73
2026-09-07T14:34:38Z,6.4,79.58
2026-09-07T14:35:38Z,6.41,79.87
2026-09-07T14:36:38Z,,79.86
2026-09-07T14:38:38Z,6.42,79.97
2026-09-07T14:39:38Z,6.43,80.08
2026-09-07T14:40:38Z,6.42,79.99
2026-09-07T14:41:38Z,6.42,79.9
2026-09-07T14:43:38Z,6.42,80.02
2026-09-07T14:44:38Z,6.43,80.15
2026-09-07T14:45:38Z,6.44,80.34
2026-09-07T14:46:38Z,6.45,80.5
2026-09-07T14:47:38Z,,80.56
2026-09-07T14:49:38Z,6.46,80.57
2026-09-07T14:50:38Z,6.47,80.76
2026-09-07T14:51:38Z,6.46,80.71
2026-09-07T14:52:38Z,6.45,80.52
2026-09-07T14:53:38Z,,80.38
2026-09-07T14:54:38Z,6.43,
2026-09-07T14:55:38Z,6.43,80.06
2026-09-07T14:56:38Z,6.43,80.18
2026-09-07T14:57:38Z,6.43,80.12
2026-09-07T14:58:38Z,6.43,80.19
2026-09-07T14:59:38Z,6.44,80.26
2026-09-07T15:02:38Z,6.41,
2026-09-07T15:03:38Z,6.4,79.65
2026-09-07T15:04:38Z,6.4,79.64
2026-09-07T15:05:38Z,6.4,79.63
2026-09-07T15:06:38Z,6.4,79.6
2026-09-07T15:09:38Z,6.4,79.65
2026-09-07T15:10:38Z,6.4,79.64
2026-09-07T15:11:38Z,6.4,79.7
2026-09-07T15:12:38Z,6.41,79.82
2026-09-07T15:13:38Z,6.41,79.84
2026-09-07T15:15:38Z,6.42,
2026-09-07T15:16:38Z,6.43,80.11
2026-09-07T15:17:38Z,6.43,80.21
2026-09-07T15:18:38Z,6.43,80.11
2026-09-07T15:19:38Z,6.43,80.17
2026-09-07T15:22:38Z,6.45,80.47
2026-09-07T15:23:38Z,6.45,80.55
2026-09-07T15:24:38Z,6.45,80.48
2026-09-07T15:25:38Z,6.45,80.42
2026-09-07T15:27:38Z,6.44,
2026-09-07T15:28:38Z,6.44,80.34
2026-09-07T15:29:38Z,6.45,80.47
2026-09-07T15:30:38Z,6.44,80.37
2026-09-07T15:31:38Z,6.45,80.53
2026-09-07T15:33:38Z,6.45,
2026-09-07T15:34:38Z,6.45,80.53
2026-09-07T15:35:38Z,6.46,80.72
2026-09-07T15:36:38Z,6.47,80.84
2026-09-07T15:37:38Z,6.47,80.89
2026-09-07T15:39:38Z,6.48,81
2026-09-07T15:40:38Z,6.48,81.01
2026-09-07T15:41:38Z,6.49,81.07
2026-09-07T15:42:38Z,6.49,81.15
2026-09-07T15:43:38Z,,81.06
2026-09-07T15:44:38Z,6.49,
2026-09-07T15:45:38Z,6.5,81.4
2026-09-07T15:46:38Z,6.51,81.56
2026-09-07T15:47:38Z,6.52,81.6
2026-09-07T15:48:38Z,6.52,81.61
2026-09-07T15:49:38Z,,81.69
2026-09-07T15:52:38Z,6.53,
2026-09-07T15:53:38Z,6.55,82.21
2026-09-07T15:54:38Z,6.55,82.21
2026-09-07T15:55:38Z,6.56,82.32
2026-09-07T15:56:38Z,6.56,82.32
2026-09-07T15:59:38Z,6.57,
2026-09-07T16:00:38Z,7.22,82.58
2026-09-07T16:01:38Z,7.22,82.55
2026-09-07T16:02:38Z,8.01,82.6
2026-09-07T16:03:38Z,7.22,82.52
2026-09-07T16:04:38Z,,82.37
2026-09-07T16:05:38Z,6.54,
2026-09-07T16:06:38Z,6.52,
2026-09-07T16:07:38Z,6.52,81.7
2026-09-07T16:08:38Z,6.51,81.52
2026-09-07T16:09:38Z,6.51,81.5
2026-09-07T16:10:38Z,,81.49
2026-09-07T16:12:38Z,6.51,
2026-09-07T16:13:38Z,6.52,81.72
2026-09-07T16:14:38Z,6.53,81.78
2026-09-07T16:15:38Z,6.52,81.69
2026-09-07T16:16:38Z,,81.73
2026-09-07T16:18:38Z,6.53,
2026-09-07T16:19:38Z,6.54,81.97
2026-09-07T16:20:38Z,6.54,82.06
2026-09-07T16:21:38Z,6.55,82.12
2026-09-07T16:22:38Z,,82.2
2026-09-07T16:23:38Z,6.56,82.25
2026-09-07T16:24:38Z,6.56,
2026-09-07T16:25:38Z,6.55,82.23
2026-09-07T16:26:38Z,6.54,82.05
2026-09-07T16:27:38Z,6.54,81.94
2026-09-07T16:28:38Z,,81.91
2026-09-07T16:29:38Z,6.53,81.84
2026-09-07T16:30:38Z,6.53,
2026-09-07T16:31:38Z,6.52,
2026-09-07T16:32:38Z,6.52,81.6
2026-09-07T16:33:38Z,6.51,81.49
2026-09-07T16:34:38Z,,81.31
2026-09-07T16:35:38Z,,81.22
2026-09-07T16:36:38Z,6.49,81.15
2026-09-07T16:37:38Z,6.49,
2026-09-07T16:38:38Z,6.49,81.18
2026-09-07T16:39:38Z,6.49,81.2
2026-09-07T16:40:38Z,,81.06
2026-09-07T16:41:38Z,6.47,80.85
2026-09-07T16:42:38Z,6.47,80.76
2026-09-07T16:43:38Z,6.47,
2026-09-07T16:44:38Z,6.47,80.77
2026-09-07T16:45:38Z,6.48,80.9
2026-09-07T16:46:38Z,6.47,80.85
2026-09-07T16:47:38Z,6.47,80.84
2026-09-07T16:48:38Z,6.47,
2026-09-07T16:49:38Z,6.47,80.84
2026-09-07T16:50:38Z,6.48,80.92
2026-09-07T16:51:38Z,6.48,80.93
2026-09-07T16:52:38Z,6.48,80.98
2026-09-07T16:53:38Z,,80.9
2026-09-07T16:54:38Z,6.48,
2026-09-07T16:55:38Z,6.47,80.85
2026-09-07T16:56:38Z,6.47,80.84
2026-09-07T16:57:38Z,6.46,80.7
2026-09-07T16:58:38Z,6.47,80.76
2026-09-07T16:59:38Z,6.47,80.82
2026-09-07T17:00:38Z,,81.07
2026-09-07T17:02:38Z,6.52,
2026-09-07T17:03:38Z,6.54,81.97
2026-09-07T17:04:38Z,6.54,82.07
2026-09-07T17:05:38Z,6.55,82.17
2026-09-07T17:06:38Z,,82.05
2026-09-07T17:08:38Z,6.54,
2026-09-07T17:09:38Z,6.55,82.12
2026-09-07T17:10:38Z,6.55,82.17
2026-09-07T17:11:38Z,6.55,82.13
2026-09-07T17:12:38Z,,82.32
2026-09-07T17:13:38Z,6.54,
2026-09-07T17:14:38Z,6.52,81.64
2026-09-07T17:15:38Z,6.5,81.38
2026-09-07T17:16:38Z,6.49,81.16
2026-09-07T17:17:38Z,6.49,81.09
2026-09-07T17:18:38Z,,81.06
2026-09-07T17:20:38Z,6.48,
2026-09-07T17:21:38Z,6.49,81.07
2026-09-07T17:22:38Z,6.48,81
2026-09-07T17:23:38Z,6.47,80.87
2026-09-07T17:24:38Z,6.47,80.85
2026-09-07T17:25:38Z,,80.78
2026-09-07T17:26:38Z,6.47,
2026-09-07T17:27:38Z,6.48,80.94
2026-09-07T17:28:38Z,6.48,81.05
2026-09-07T17:29:38Z,6.48,80.95
2026-09-07T17:30:38Z,6.47,80.87
2026-09-07T17:31:38Z,,80.82
2026-09-07T17:33:38Z,6.48,80.93
2026-09-07T17:34:38Z,6.47,80.84
2026-09-07T17:35:38Z,6.49,81.12
2026-09-07T17:36:38Z,6.49,81.2
2026-09-07T17:38:38Z,6.5,
2026-09-07T17:39:38Z,6.51,81.49
2026-09-07T17:40:38Z,6.51,81.43
2026-09-07T17:41:38Z,6.51,81.45
2026-09-07T17:42:38Z,6.51,81.53
2026-09-07T17:44:38Z,6.53,
2026-09-07T17:45:38Z,6.54,81.94
2026-09-07T17:46:38Z,6.54,81.92
2026-09-07T17:47:38Z,6.54,82
2026-09-07T17:48:38Z,,82.2
2026-09-07T17:49:38Z,6.55,
2026-09-07T17:50:38Z,6.54,81.99
2026-09-07T17:51:38Z,6.54,82.04
2026-09-07T17:52:38Z,6.54,82.04
2026-09-07T17:53:38Z,6.54,81.99
2026-09-07T17:54:38Z,,82.01
2026-09-07T17:55:38Z,6.55,
2026-09-07T17:56:38Z,6.55,
2026-09-07T17:57:38Z,6.55,82.19
2026-09-07T17:58:38Z,6.56,82.32
2026-09-07T17:59:38Z,6.56,82.34
2026-09-07T18:00:38Z,6.57,82.44
2026-09-07T18:01:38Z,,82.46
2026-09-07T18:04:38Z,6.59,82.78
2026-09-07T18:05:38Z,6.59,82.84
2026-09-07T18:06:38Z,6.59,82.87
2026-09-07T18:07:38Z,6.6,82.93
2026-09-07T18:08:38Z,6.59,82.84
2026-09-07T18:11:38Z,6.59,82.77
2026-09-07T18:12:38Z,6.6,82.95
2026-09-07T18:13:38Z,6.61,83.1
2026-09-07T18:14:38Z,6.61,83.11
2026-09-07T18:15:38Z,6.61,83.15
2026-09-07T18:17:38Z,,83.31
2026-09-07T18:18:38Z,6.62,83.39
2026-09-07T18:19:38Z,6.63,83.45
2026-09-07T18:20:38Z,6.63,83.51
2026-09-07T18:21:38Z,6.63,83.49
2026-09-07T18:24:38Z,6.62,83.36
2026-09-07T18:25:38Z,6.62,83.38
2026-09-07T18:26:38Z,6.62,83.36
2026-09-07T18:27:38Z,6.63,83.49
2026-09-07T18:28:38Z,6.63,83.57
2026-09-07T18:29:38Z,6.64,83.62
2026-09-07T18:30:38Z,6.64,83.69
2026-09-07T18:32:38Z,6.64,83.71
2026-09-07T18:33:38Z,6.65,83.77
2026-09-07T18:34:38Z,6.64,83.74
2026-09-07T18:35:38Z,6.65,83.78
2026-09-07T18:36:38Z,6.67,84.11
2026-09-07T18:38:38Z,6.67,84.11
2026-09-07T18:39:38Z,6.67,84.19
2026-09-07T18:40:38Z,6.67,84.22
2026-09-07T18:41:38Z,6.67,84.19
2026-09-07T18:42:38Z,6.67,84.13
2026-09-07T18:44:38Z,6.66,
2026-09-07T18:45:38Z,6.66,84.01
2026-09-07T18:46:38Z,6.65,83.91
2026-09-07T18:47:38Z,6.65,83.82
2026-09-07T18:48:38Z,6.65,83.78
2026-09-07T18:51:38Z,6.64,83.7
2026-09-07T18:52:38Z,6.64,83.74
2026-09-07T18:53:38Z,6.65,83.77
2026-09-07T18:54:38Z,6.64,83.66
2026-09-07T18:55:38Z,6.64,83.72
2026-09-07T18:58:38Z,6.64,83.6
2026-09-07T18:59:38Z,6.64,83.6
2026-09-07T19:00:38Z,6.64,83.71
2026-09-07T19:01:38Z,6.65,83.86
2026-09-07T19:02:38Z,,83.93
2026-09-07T19:04:38Z,6.66,84.08
2026-09-07T19:05:38Z,6.67,84.1
2026-09-07T19:06:38Z,6.66,84.08
2026-09-07T19:07:38Z,6.67,84.15
2026-09-07T19:08:38Z,6.67,84.15
2026-09-07T19:11:38Z,6.67,84.23
2026-09-07T19:12:38Z,6.67,84.12
2026-09-07T19:13:38Z,6.66,84.03
2026-09-07T19:14:38Z,6.66,83.94
2026-09-07T19:15:38Z,6.66,83.93
2026-09-07T19:16:38Z,6.64,83.73
2026-09-07T19:18:38Z,6.63,83.5
2026-09-07T19:19:38Z,6.63,83.47
2026-09-07T19:20:38Z,6.63,83.5
2026-09-07T19:21:38Z,6.63,83.45
2026-09-07T19:24:38Z,6.63,83.45
2026-09-07T19:25:38Z,6.62,83.39
2026-09-07T19:26:38Z,6.62,83.4
2026-09-07T19:27:38Z,6.62,83.27
2026-09-07T19:28:38Z,6.62,83.28
2026-09-07T19:31:38Z,6.61,83.19
2026-09-07T19:32:38Z,6.6,83.05
2026-09-07T19:33:38Z,6.6,83.03
2026-09-07T19:34:38Z,6.61,83.11
2026-09-07T19:35:38Z,6.61,83.11
2026-09-07T19:37:38Z,6.59,82.87
2026-09-07T19:38:38Z,6.6,82.92
2026-09-07T19:39:38Z,6.6,82.92
2026-09-07T19:40:38Z,6.59,82.8
2026-09-07T19:41:38Z,6.59,82.75
2026-09-07T19:44:38Z,6.58,82.69
2026-09-07T19:45:38Z,6.59,82.76
2026-09-07T19:46:38Z,6.59,82.83
2026-09-07T19:47:38Z,6.59,82.86
2026-09-07T19:50:38Z,6.62,83.27
2026-09-07T19:51:38Z,6.63,83.44
2026-09-07T19:52:38Z,6.63,83.47
2026-09-07T19:53:38Z,6.63,83.54
2026-09-07T19:54:38Z,6.62,83.3
2026-09-07T19:57:38Z,6.61,83.14
2026-09-07T19:58:38Z,6.61,83.09
2026-09-07T19:59:38Z,6.6,83.05
2026-09-07T20:00:38Z,6.61,83.16
2026-09-07T20:01:38Z,6.61,83.14
2026-09-07T20:04:38Z,6.61,83.17
2026-09-07T20:05:38Z,6.6,83.08
2026-09-07T20:06:38Z,6.61,83.12
2026-09-07T20:07:38Z,6.6,82.97
2026-09-07T20:10:38Z,6.59,82.82
2026-09-07T20:11:38Z,7.24,82.87
2026-09-07T20:12:38Z,7.23,82.68
2026-09-07T20:13:38Z,7.24,82.76
2026-09-07T20:14:38Z,6.59,82.83
2026-09-07T20:17:38Z,6.58,82.63
2026-09-07T20:18:38Z,6.58,82.6
2026-09-07T20:19:38Z,6.58,82.68
2026-09-07T20:20:38Z,6.59,82.86
2026-09-07T20:23:38Z,6.59,82.91
2026-09-07T20:24:38Z,6.6,82.92
2026-09-07T20:25:38Z,6.59,82.8
2026-09-07T20:26:38Z,6.59,82.83
2026-09-07T20:29:38Z,6.59,82.79
2026-09-07T20:30:38Z,6.59,82.82
2026-09-07T20:31:38Z,6.59,82.86
2026-09-07T20:32:38Z,6.6,82.99
2026-09-07T20:33:38Z,,82.92
2026-09-07T20:35:38Z,6.59,
2026-09-07T20:36:38Z,6.6,82.96
2026-09-07T20:37:38Z,6.6,83.03
2026-09-07T20:38:38Z,6.6,83.02
2026-09-07T20:39:38Z,6.6,83.03
2026-09-07T20:41:38Z,6.61,
2026-09-07T20:42:38Z,6.61,83.18
2026-09-07T20:43:38Z,6.61,83.2
2026-09-07T20:44:38Z,6.61,83.11
2026-09-07T20:45:38Z,6.6,82.98
2026-09-07T20:47:38Z,6.59,82.91
2026-09-07T20:48:38Z,6.6,82.92
2026-09-07T20:49:38Z,6.6,82.99
2026-09-07T20:50:38Z,6.61,83.16
2026-09-07T20:51:38Z,6.61,83.22
2026-09-07T20:53:38Z,6.62,83.29
2026-09-07T20:54:38Z,6.62,83.3
2026-09-07T20:55:38Z,6.62,83.35
2026-09-07T20:56:38Z,6.62,83.41
2026-09-07T20:57:38Z,6.62,83.33
2026-09-07T21:00:38Z,6.62,83.31
2026-09-07T21:01:38Z,6.62,83.28
2026-09-07T21:02:38Z,6.62,83.28
2026-09-07T21:03:38Z,6.61,83.25
2026-09-07T21:04:38Z,6.61,83.19
2026-09-07T21:06:38Z,6.61,83.14
2026-09-07T21:07:38Z,6.61,83.23
2026-09-07T21:08:38Z,6.62,83.27
2026-09-07T21:09:38Z,6.62,83.33
2026-09-07T21:10:38Z,6.62,83.4
2026-09-07T21:13:38Z,6.64,83.62
2026-09-07T21:14:38Z,6.64,83.59
2026-09-07T21:15:38Z,6.63,83.49
2026-09-07T21:16:38Z,6.62,83.37
2026-09-07T21:17:38Z,6.61,83.14
2026-09-07T21:20:38Z,6.6,83.01
2026-09-07T21:21:38Z,6.59,82.79
2026-09-07T21:22:38Z,6.57,82.51
2026-09-07T21:23:38Z,6.57,82.42
2026-09-07T21:24:38Z,6.56,82.26
2026-09-07T21:26:38Z,6.56,82.3
2026-09-07T21:27:38Z,6.55,82.18
2026-09-07T21:28:38Z,6.54,82.05
2026-09-07T21:29:38Z,6.55,82.14
2026-09-07T21:30:38Z,6.55,82.24
2026-09-07T21:33:38Z,6.55,82.18
2026-09-07T21:34:38Z,6.55,82.16
2026-09-07T21:35:38Z,6.55,82.24
2026-09-07T21:36:38Z,6.56,82.28
2026-09-07T21:37:38Z,6.56,82.34
2026-09-07T21:39:38Z,6.55,82.2
2026-09-07T21:40:38Z,6.56,82.31
2026-09-07T21:41:38Z,6.56,82.37
2026-09-07T21:42:38Z,6.56,82.38
2026-09-07T21:43:38Z,6.57,82.56
2026-09-07T21:45:38Z,6.59,82.76
2026-09-07T21:46:38Z,6.59,82.81
2026-09-07T21:47:38Z,6.59,82.91
2026-09-07T21:48:38Z,6.61,83.09
2026-09-07T21:49:38Z,6.62,83.36
2026-09-07T21:52:38Z,6.63,83.56
2026-09-07T21:53:38Z,6.65,83.85
2026-09-07T21:54:38Z,6.64,83.71
2026-09-07T21:55:38Z,6.64,83.7
2026-09-07T21:58:38Z,,83.8
2026-09-07T21:59:38Z,6.65,83.85
2026-09-07T22:00:38Z,6.65,83.79
2026-09-07T22:01:38Z,6.65,83.81
2026-09-07T22:02:38Z,6.65,83.82
2026-09-07T22:04:38Z,6.66,83.99
2026-09-07T22:05:38Z,6.65,83.84
2026-09-07T22:06:38Z,6.65,83.91
2026-09-07T22:07:38Z,6.65,83.84
2026-09-07T22:08:38Z,6.65,83.82
2026-09-07T22:09:38Z,6.66,83.93
2026-09-07T22:10:38Z,6.65,83.78
2026-09-07T22:12:38Z,6.64,83.69
2026-09-07T22:13:38Z,6.64,83.69
2026-09-07T22:14:38Z,6.64,83.61
2026-09-07T22:15:38Z,6.63,83.51
2026-09-07T22:18:38Z,6.61,83.23
2026-09-07T22:19:38Z,6.61,83.21
2026-09-07T22:20:38Z,6.6,82.96
2026-09-07T22:21:38Z,6.58,82.65
2026-09-07T22:24:38Z,6.57,82.53
2026-09-07T22:25:38Z,6.55,82.17
2026-09-07T22:26:38Z,6.53,81.81
2026-09-07T22:27:38Z,6.52,81.59
2026-09-07T22:29:38Z,6.5,81.3
2026-09-07T22:30:38Z,6.49,81.23
2026-09-07T22:31:38Z,6.49,81.23
2026-09-07T22:32:38Z,6.48,80.98
2026-09-07T22:33:38Z,6.47,80.88
2026-09-07T22:35:38Z,6.46,
2026-09-07T22:36:38Z,6.47,80.76
2026-09-07T22:37:38Z,6.45,80.56
2026-09-07T22:38:38Z,6.45,80.43
2026-09-07T22:39:38Z,6.45,80.47
2026-09-07T22:42:38Z,6.43,80.09
2026-09-07T22:43:38Z,6.43,80.1
2026-09-07T22:44:38Z,6.41,79.86
2026-09-07T22:45:38Z,6.38,79.28
2026-09-07T22:46:38Z,,79.13
2026-09-07T22:47:38Z,6.37,
2026-09-07T22:48:38Z,6.36,79.04
2026-09-07T22:49:38Z,6.37,79.09
2026-09-07T22:50:38Z,6.37,79.1
2026-09-07T22:51:38Z,6.37,79.09
2026-09-07T22:53:38Z,6.37,79.18
2026-09-07T22:54:38Z,6.39,79.41
2026-09-07T22:55:38Z,6.4,79.62
2026-09-07T22:56:38Z,6.36,78.88
2026-09-07T22:57:38Z,,78.96
2026-09-07T22:59:38Z,6.36,
2026-09-07T23:00:38Z,6.34,78.57
2026-09-07T23:01:38Z,6.33,78.52
2026-09-07T23:02:38Z,6.3,78.01
2026-09-07T23:03:38Z,6.28,77.54
2026-09-07T23:04:38Z,,77.49
2026-09-07T23:06:38Z,6.24,76.97
2026-09-07T23:07:38Z,6.24,77
2026-09-07T23:08:38Z,6.22,76.55
2026-09-07T23:09:38Z,6.21,76.46
2026-09-07T23:10:38Z,,76.44
2026-09-07T23:11:38Z,6.16,
2026-09-07T23:12:38Z,6.16,75.64
2026-09-07T23:13:38Z,6.15,75.42
2026-09-07T23:14:38Z,6.16,75.66
2026-09-07T23:15:38Z,6.17,75.76
2026-09-07T23:16:38Z,,75.76
2026-09-07T23:17:38Z,6.16,
2026-09-07T23:18:38Z,6.16,75.56
2026-09-07T23:19:38Z,6.13,75.14
2026-09-07T23:20:38Z,6.1,74.57
2026-09-07T23:21:38Z,6.1,74.61
2026-09-07T23:22:38Z,,74.17
2026-09-07T23:24:38Z,6.05,
2026-09-07T23:25:38Z,6.05,73.7
2026-09-07T23:26:38Z,6.02,73.26
2026-09-07T23:27:38Z,5.98,72.58
2026-09-07T23:28:38Z,5.98,72.58
2026-09-07T23:29:38Z,,72.84
2026-09-07T23:30:38Z,6,
2026-09-07T23:31:38Z,5.99,
2026-09-07T23:32:38Z,5.98,72.64
2026-09-07T23:33:38Z,5.99,72.72
2026-09-07T23:34:38Z,5.97,72.48
2026-09-07T23:35:38Z,,71.84
2026-09-07T23:36:38Z,5.93,71.76
2026-09-07T23:37:38Z,5.93,
2026-09-07T23:38:38Z,5.94,71.86
2026-09-07T23:39:38Z,5.95,72.08
2026-09-07T23:40:38Z,5.92,71.61
2026-09-07T23:41:38Z,,71.28
2026-09-07T23:43:38Z,5.89,
2026-09-07T23:44:38Z,5.88,70.89
2026-09-07T23:45:38Z,5.89,71.06
2026-09-07T23:46:38Z,5.89,71.04
2026-09-07T23:47:38Z,,70.78
2026-09-07T23:49:38Z,5.88,
2026-09-07T23:50:38Z,5.87,70.71
2026-09-07T23:51:38Z,5.86,70.59
2026-09-07T23:52:38Z,5.87,70.69
2026-09-07T23:53:38Z,,70.04
2026-09-07T23:54:38Z,5.81,69.78
2026-09-07T23:55:38Z,5.8,
2026-09-07T23:56:38Z,5.78,69.22
2026-09-07T23:57:38Z,5.79,69.44
2026-09-07T23:58:38Z,5.78,69.23
2026-09-07T23:59:38Z,5.74,68.48
2026-09-08T00:00:38Z,5.75,68.67
2026-09-08T00:01:38Z,5.74,68.58
2026-09-08T00:02:38Z,5.74,68.48
2026-09-08T00:03:38Z,5.71,68.08
2026-09-08T00:04:38Z,5.66,67.27
2026-09-08T00:05:38Z,5.65,67.02
2026-09-08T00:06:38Z,5.67,67.34
2026-09-08T00:07:38Z,5.67,67.35
2026-09-08T00:08:38Z,5.66,67.22
2026-09-08T00:09:38Z,6.32,67.42
2026-09-08T00:10:38Z,5.68,67.59
2026-09-08T00:11:38Z,5.65,67.03
2026-09-08T00:12:38Z,5.63,66.71
2026-09-08T00:13:38Z,5.62,66.47
2026-09-08T00:14:38Z,5.6,66.22
2026-09-08T00:15:38Z,5.58,65.83
2026-09-08T00:16:38Z,5.61,66.34
2026-09-08T00:17:38Z,5.6,66.12
2026-09-08T00:18:38Z,5.58,65.79
2026-09-08T00:19:38Z,5.55,65.26
2026-09-08T00:20:38Z,5.54,65.15
2026-09-08T00:21:38Z,5.53,65.08
2026-09-08T00:22:38Z,5.51,64.6
2026-09-08T00:23:38Z,5.52,64.83
2026-09-08T00:24:38Z,5.53,65
2026-09-08T00:25:38Z,5.53,64.94
2026-09-08T00:26:38Z,5.5,64.49
2026-09-08T00:27:38Z,5.53,65.03
2026-09-08T00:28:38Z,5.52,64.77
2026-09-08T00:29:38Z,5.47,63.99
2026-09-08T00:30:38Z,5.43,63.38
2026-09-08T00:31:38Z,5.4,62.76
2026-09-08T00:32:38Z,5.37,62.3
2026-09-08T00:33:38Z,5.32,61.51
2026-09-08T00:34:38Z,5.29,60.94
2026-09-08T00:35:38Z,5.26,60.49
2026-09-08T00:36:38Z,5.26,60.48
2026-09-08T00:37:38Z,5.18,59.11
2026-09-08T00:38:38Z,5.17,58.9
2026-09-08T00:39:38Z,5.15,58.69
2026-09-08T00:40:38Z,5.13,58.25
2026-09-08T00:41:38Z,5.08,57.47
2026-09-08T00:42:38Z,5.02,56.37
2026-09-08T00:43:38Z,5,56.04
2026-09-08T00:44:38Z,4.96,55.35
2026-09-08T00:45:38Z,4.91,54.62
2026-09-08T00:46:38Z,4.92,54.8
2026-09-08T00:47:38Z,4.9,54.45
2026-09-08T00:48:38Z,4.87,53.91
2026-09-08T00:49:38Z,4.85,53.61
2026-09-08T00:50:38Z,4.87,53.86
2026-09-08T00:51:38Z,4.88,54.04
2026-09-08T00:52:38Z,4.89,54.24
2026-09-08T00:53:38Z,4.85,53.65
2026-09-08T00:54:38Z,4.82,53.05
2026-09-08T00:55:38Z,4.83,53.2
2026-09-08T00:56:38Z,4.8,52.77
2026-09-08T00:57:38Z,4.8,52.66
2026-09-08T00:58:38Z,4.8,52.77
2026-09-08T00:59:38Z,4.79,52.54
2026-09-08T01:00:38Z,4.76,52.13
2026-09-08T01:01:38Z,4.76,52.05
2026-09-08T01:02:38Z,4.75,51.83
2026-09-08T01:03:38Z,4.71,51.3
2026-09-08T01:04:38Z,4.69,50.92
2026-09-08T01:05:38Z,4.7,51.06
2026-09-08T01:06:38Z,4.72,51.41
2026-09-08T01:07:38Z,4.72,51.47
2026-09-08T01:08:38Z,4.71,51.24
2026-09-08T01:09:38Z,4.7,51.02
2026-09-08T01:10:38Z,4.71,51.14
2026-09-08T01:11:38Z,4.7,51.1
2026-09-08T01:12:38Z,4.71,51.23
2026-09-08T01:13:38Z,4.72,51.33
2026-09-08T01:14:38Z,4.67,50.51
2026-09-08T01:15:38Z,4.65,50.2
2026-09-08T01:16:38Z,4.68,50.75
2026-09-08T01:17:38Z,4.68,50.65
2026-09-08T01:18:38Z,4.69,50.82
2026-09-08T01:19:38Z,4.69,50.8
2026-09-08T01:20:38Z,4.67,50.6
2026-09-08T01:21:38Z,4.63,49.85
2026-09-08T01:22:38Z,4.64,49.97
2026-09-08T01:23:38Z,4.64,49.99
2026-09-08T01:24:38Z,4.6,49.41
2026-09-08T01:25:38Z,4.59,49.21
2026-09-08T01:26:38Z,4.54,48.28
2026-09-08T01:27:38Z,4.55,48.6
2026-09-08T01:28:38Z,4.56,48.71
2026-09-08T01:29:38Z,4.52,47.96
2026-09-08T01:30:38Z,4.52,48
2026-09-08T01:31:38Z,4.53,48.22
2026-09-08T01:32:38Z,4.52,48.01
2026-09-08T01:33:38Z,4.52,47.98
2026-09-08T01:34:38Z,4.52,48
2026-09-08T01:35:38Z,4.52,47.96
2026-09-08T01:36:38Z,4.54,48.29
2026-09-08T01:37:38Z,4.52,48.09
2026-09-08T01:38:38Z,4.49,47.57
2026-09-08T01:39:38Z,4.56,48.65
2026-09-08T01:40:38Z,4.62,49.71
2026-09-08T01:41:38Z,4.65,50.13
2026-09-08T01:42:38Z,4.64,50.03
2026-09-08T01:43:38Z,4.65,50.24
2026-09-08T01:44:38Z,4.61,49.52
2026-09-08T01:45:38Z,4.62,49.74
2026-09-08T01:46:38Z,4.62,49.63
2026-09-08T01:47:38Z,4.65,50.29
2026-09-08T01:48:38Z,4.65,50.13
2026-09-08T01:49:38Z,4.64,49.97
2026-09-08T01:50:38Z,4.63,49.84
2026-09-08T01:51:38Z,4.63,49.94
2026-09-08T01:52:38Z,5.4,49.73
2026-09-08T01:53:38Z,4.63,49.94
2026-09-08T01:54:38Z,4.64,50.08
2026-09-08T01:55:38Z,4.64,50.03
2026-09-08T01:56:38Z,4.64,50.06
2026-09-08T01:57:38Z,4.57,48.87
2026-09-08T01:58:38Z,4.54,48.35
2026-09-08T01:59:38Z,4.55,48.55
2026-09-08T02:00:38Z,4.54,48.36
2026-09-08T02:01:38Z,4.54,48.29
2026-09-08T02:02:38Z,4.57,48.92
2026-09-08T02:03:38Z,4.57,48.86
2026-09-08T02:04:38Z,4.58,48.96
2026-09-08T02:05:38Z,4.6,49.41
2026-09-08T02:06:38Z,4.6,49.38
2026-09-08T02:07:38Z,4.59,49.28
2026-09-08T02:08:38Z,4.5,47.73
2026-09-08T02:09:38Z,4.5,47.74
2026-09-08T02:10:38Z,4.52,48.07
2026-09-08T02:11:38Z,4.52,47.98
2026-09-08T02:12:38Z,4.5,47.65
2026-09-08T02:13:38Z,4.5,47.67
2026-09-08T02:14:38Z,4.49,47.48
2026-09-08T02:15:38Z,4.48,47.41
2026-09-08T02:16:38Z,4.48,47.4
2026-09-08T02:17:38Z,4.48,47.38
2026-09-08T02:18:38Z,4.45,46.8
2026-09-08T02:19:38Z,4.5,47.66
2026-09-08T02:20:38Z,4.54,48.32
2026-09-08T02:21:38Z,4.6,49.43
2026-09-08T02:22:38Z,4.6,49.35
2026-09-08T02:23:38Z,4.63,49.95
2026-09-08T02:24:38Z,4.7,51.02
2026-09-08T02:25:38Z,4.75,51.86
2026-09-08T02:26:38Z,4.8,52.72
2026-09-08T02:27:38Z,4.82,53.02
2026-09-08T02:28:38Z,4.85,53.54
2026-09-08T02:29:38Z,4.87,53.84
2026-09-08T02:30:38Z,4.92,54.71
2026-09-08T02:31:38Z,4.94,55.05
2026-09-08T02:32:38Z,4.96,55.44
2026-09-08T02:33:38Z,5.03,56.56
2026-09-08T02:34:38Z,5.04,56.84
2026-09-08T02:35:38Z,5,56.09
2026-09-08T02:36:38Z,5.02,56.39
2026-09-08T02:37:38Z,5.05,56.88
2026-09-08T02:38:38Z,5.07,57.32
2026-09-08T02:39:38Z,5.12,58.13
2026-09-08T02:40:38Z,5.12,58.18
2026-09-08T02:41:38Z,5.14,58.5
2026-09-08T02:42:38Z,5.16,58.86
2026-09-08T02:43:38Z,5.19,59.23
2026-09-08T02:44:38Z,5.22,59.83
2026-09-08T02:45:38Z,5.23,59.92
2026-09-08T02:46:38Z,5.23,59.96
2026-09-08T02:47:38Z,5.24,60.2
2026-09-08T02:48:38Z,5.25,60.36
2026-09-08T02:49:38Z,5.27,60.65
2026-09-08T02:50:38Z,5.27,60.59
2026-09-08T02:51:38Z,5.28,60.79
2026-09-08T02:52:38Z,5.29,60.99
2026-09-08T02:53:38Z,5.33,61.6
2026-09-08T02:54:38Z,5.36,62.21
2026-09-08T02:55:38Z,5.38,62.42
2026-09-08T02:56:38Z,5.41,63.04
2026-09-08T02:57:38Z,5.4,62.88
2026-09-08T02:58:38Z,5.42,63.22
2026-09-08T02:59:38Z,5.44,63.42
2026-09-08T03:00:38Z,5.42,63.09
2026-09-08T03:01:38Z,6.22,63.53
2026-09-08T03:02:38Z,5.46,63.91
2026-09-08T03:03:38Z,5.5,64.48
2026-09-08T03:04:38Z,5.52,64.87
2026-09-08T03:05:38Z,5.52,64.8
2026-09-08T03:07:38Z,5.52,64.79
2026-09-08T03:09:38Z,5.57,65.66
2026-09-08T03:10:38Z,5.6,66.13
2026-09-08T03:12:38Z,5.66,67.16
2026-09-08T03:13:38Z,5.67,67.34
2026-09-08T03:15:38Z,5.69,67.77
2026-09-08T03:16:38Z,5.71,68.07
2026-09-08T03:18:38Z,5.75,68.72
2026-09-08T03:19:38Z,5.77,68.97
2026-09-08T03:21:38Z,5.81,69.74
2026-09-08T03:22:38Z,6.61,70.1
2026-09-08T03:24:38Z,5.83,70.08
2026-09-08T03:25:38Z,6.62,70.18
2026-09-08T03:27:38Z,5.81,69.78
2026-09-08T03:29:38Z,5.85,70.37
2026-09-08T03:30:38Z,5.85,70.36
2026-09-08T03:32:38Z,5.83,69.98
2026-09-08T03:34:38Z,5.84,70.27
2026-09-08T03:35:38Z,5.85,70.39
2026-09-08T03:37:38Z,5.82,69.88
2026-09-08T03:38:38Z,5.82,69.87
2026-09-08T03:40:38Z,5.82,69.91
2026-09-08T03:41:38Z,5.81,69.64
2026-09-08T03:43:38Z,6.6,69.92
2026-09-08T03:44:38Z,5.84,70.28
2026-09-08T03:46:38Z,5.82,69.93
2026-09-08T03:47:38Z,5.81,69.72
2026-09-08T03:49:38Z,5.78,69.17
2026-09-08T03:50:38Z,6.57,69.34
2026-09-08T03:52:38Z,5.78,69.26
2026-09-08T03:53:38Z,5.75,68.79
2026-09-08T03:55:38Z,5.74,68.48
2026-09-08T03:56:38Z,5.7,67.84
2026-09-08T03:58:38Z,5.67,67.4
2026-09-08T03:59:38Z,5.67,67.33
2026-09-08T04:00:38Z,5.68,67.6
2026-09-08T04:02:38Z,5.64,66.87
2026-09-08T04:03:38Z,5.68,67.45
2026-09-08T04:05:38Z,5.65,67
2026-09-08T04:06:38Z,5.68,67.49
2026-09-08T04:08:38Z,5.57,65.65
2026-09-08T04:09:38Z,5.56,65.44
2026-09-08T04:11:38Z,5.55,65.3
2026-09-08T04:12:38Z,5.48,64.18
2026-09-08T04:14:38Z,5.47,63.98
2026-09-08T04:15:38Z,5.51,64.62
2026-09-08T04:18:38Z,5.48,64.24
2026-09-08T05:01:38Z,5.17,58.93
2026-09-08T05:03:38Z,5.16,58.82
2026-09-08T05:05:38Z,5.17,58.97
2026-09-08T05:06:38Z,5.23,59.93
2026-09-08T05:08:38Z,5.32,61.52
2026-09-08T05:09:38Z,5.33,61.65
2026-09-08T05:11:38Z,5.36,62.07
2026-09-08T05:12:38Z,5.32,61.44
2026-09-08T05:14:38Z,5.3,61.12
2026-09-08T05:15:38Z,5.28,60.88
2026-09-08T05:17:38Z,5.26,60.46
2026-09-08T05:18:38Z,5.27,60.7
2026-09-08T05:20:38Z,5.3,61.06
2026-09-08T05:21:38Z,5.31,61.29
2026-09-08T05:23:38Z,5.3,61.19
2026-09-08T05:24:38Z,5.3,61.15
2026-09-08T05:26:38Z,5.3,61.16
2026-09-08T05:27:38Z,5.29,61.05
2026-09-08T05:29:38Z,5.24,60.21
2026-09-08T05:31:38Z,5.19,59.35
2026-09-08T05:33:38Z,5.26,60.43
2026-09-08T05:35:38Z,5.27,60.71
2026-09-08T05:37:38Z,5.26,60.53
2026-09-08T05:39:38Z,5.22,59.87
2026-09-08T05:41:38Z,5.23,59.89
2026-09-08T05:43:38Z,6,59.88
2026-09-08T05:45:38Z,6.02,60.18
2026-09-08T05:47:38Z,5.24,60.17
2026-09-08T05:49:38Z,5.26,60.49
2026-09-08T05:50:38Z,5.28,60.77
2026-09-08T05:53:38Z,5.27,60.66
2026-09-08T05:56:38Z,5.19,59.26
2026-09-08T05:57:38Z,5.2,59.54
2026-09-08T06:00:38Z,5.21,59.57
2026-09-08T06:01:38Z,6,59.8
2026-09-08T06:04:38Z,5.22,59.75
2026-09-08T06:05:38Z,5.22,59.77
2026-09-08T06:07:38Z,5.2,59.42
2026-09-08T06:10:38Z,5.16,58.71
2026-09-08T06:11:38Z,5.14,58.4
2026-09-08T06:13:38Z,5.18,59.14
2026-09-08T06:15:38Z,5.17,58.98
2026-09-08T06:16:38Z,5.1,57.75
2026-09-08T06:18:38Z,5.1,57.73
2026-09-08T06:19:38Z,5.08,57.49
2026-09-08T06:21:38Z,5.09,57.56
2026-09-08T06:24:38Z,5.06,57.08
2026-09-08T06:25:38Z,5.02,56.41
2026-09-08T06:27:38Z,5.05,56.94
2026-09-08T06:28:38Z,5.02,56.39
2026-09-08T06:30:38Z,5.02,56.48
2026-09-08T06:31:38Z,5.02,56.47
2026-09-08T06:33:38Z,5.05,57.01
2026-09-08T06:35:38Z,5.05,56.87
2026-09-08T06:37:38Z,5.01,56.32
2026-09-08T06:39:38Z,5.04,56.7
2026-09-08T06:41:38Z,5.04,56.72
2026-09-08T06:43:38Z,5.01,56.18
2026-09-08T06:44:38Z,4.99,55.92
2026-09-08T06:46:38Z,4.95,55.2
2026-09-08T06:47:38Z,4.96,55.49
2026-09-08T06:49:38Z,4.99,56
2026-09-08T06:50:38Z,5.01,56.22
2026-09-08T06:52:38Z,5.02,56.37
2026-09-08T06:53:38Z,4.98,55.75
2026-09-08T06:55:38Z,5,56.04
2026-09-08T06:56:38Z,4.99,56
2026-09-08T06:58:38Z,5.04,56.79
2026-09-08T06:59:38Z,5.04,56.77
2026-09-08T07:00:38Z,5.04,56.77
2026-09-08T07:02:38Z,5.07,57.27
2026-09-08T07:03:38Z,5.08,57.36
2026-09-08T07:05:38Z,5.05,56.86
2026-09-08T07:06:38Z,5.02,56.49
2026-09-08T07:08:38Z,4.98,55.76
2026-09-08T07:09:38Z,5,56.12
2026-09-08T07:11:38Z,4.99,55.95
2026-09-08T07:12:38Z,5,56.06
2026-09-08T07:14:38Z,5.07,57.22
2026-09-08T07:15:38Z,5.07,57.24
2026-09-08T07:17:38Z,5.03,56.6
2026-09-08T07:18:38Z,5.03,56.54
2026-09-08T07:20:38Z,5.01,56.18
2026-09-08T07:21:38Z,4.9,54.48
2026-09-08T07:23:38Z,4.93,54.93
2026-09-08T07:24:38Z,4.96,55.37
2026-09-08T07:26:38Z,4.94,55.03
2026-09-08T07:27:38Z,4.99,55.99
2026-09-08T07:29:38Z,5.05,56.88
2026-09-08T07:30:38Z,5.07,57.3
2026-09-08T07:32:38Z,5.1,57.75
2026-09-08T07:33:38Z,5.12,58.07
2026-09-08T07:35:38Z,5.16,58.82
2026-09-08T07:36:38Z,5.17,58.92
2026-09-08T07:38:38Z,5.19,59.33
2026-09-08T07:39:38Z,5.23,59.96
2026-09-08T07:41:38Z,5.25,60.27
2026-09-08T07:42:38Z,6.02,60.19
2026-09-08T07:44:38Z,5.29,60.89
2026-09-08T07:45:38Z,6.09,61.34
2026-09-08T07:47:38Z,5.35,61.99
2026-09-08T07:49:38Z,5.38,62.53
2026-09-08T07:50:38Z,5.37,62.4
2026-09-08T07:53:38Z,5.45,63.72
2026-09-08T07:56:38Z,5.52,64.85
2026-09-08T07:58:38Z,5.57,65.76
2026-09-08T08:03:38Z,5.54,65.17
2026-09-08T08:07:38Z,5.56,65.45
2026-09-08T08:09:38Z,5.56,65.55
2026-09-08T08:10:38Z,5.58,65.84
2026-09-08T08:12:38Z,5.57,65.72
2026-09-08T08:13:38Z,5.54,65.15
2026-09-08T08:15:38Z,5.55,65.28
2026-09-08T08:16:38Z,5.52,64.9
2026-09-08T08:18:38Z,5.5,64.46
2026-09-08T08:19:38Z,5.49,64.34
2026-09-08T08:22:38Z,6.29,64.68
2026-09-08T08:23:38Z,5.52,64.85
2026-09-08T08:25:38Z,5.5,64.45
2026-09-08T08:26:38Z,5.5,64.44
2026-09-08T08:28:38Z,5.5,64.42
2026-09-08T08:29:38Z,5.49,64.34
2026-09-08T08:31:38Z,5.5,64.54
2026-09-08T08:34:38Z,7.24,65.3
2026-09-08T08:36:38Z,6.34,65.55
2026-09-08T08:38:38Z,5.56,65.48
2026-09-08T08:40:38Z,5.53,65.08
2026-09-08T08:42:38Z,5.51,64.65
2026-09-08T08:44:38Z,5.52,64.88
2026-09-08T08:45:38Z,5.53,64.95
2026-09-08T08:47:38Z,5.48,64.12
2026-09-08T08:48:38Z,5.49,64.34
2026-09-08T08:50:38Z,5.51,64.64
2026-09-08T08:51:38Z,5.47,64.04
2026-09-08T08:53:38Z,6.25,63.96
2026-09-08T08:54:38Z,6.24,63.88
2026-09-08T08:56:38Z,5.47,64.04
2026-09-08T09:00:38Z,5.47,64
2026-09-08T09:01:38Z,5.47,63.96
2026-09-08T09:03:38Z,5.48,64.19
2026-09-08T09:04:38Z,5.49,64.35
2026-09-08T09:06:38Z,5.48,64.19
2026-09-08T09:07:38Z,5.46,63.83
2026-09-08T09:09:38Z,5.46,63.75
2026-09-08T09:10:38Z,6.22,63.54
2026-09-08T09:12:38Z,5.47,63.98
2026-09-08T09:13:38Z,5.5,64.52
2026-09-08T09:15:38Z,6.33,65.28
2026-09-08T09:16:38Z,5.55,65.37
2026-09-08T09:18:38Z,5.57,65.74
2026-09-08T09:19:38Z,5.58,65.92
2026-09-08T09:21:38Z,5.59,66.06
2026-09-08T09:22:38Z,5.58,65.8
2026-09-08T09:24:38Z,5.57,65.73
2026-09-08T09:25:38Z,5.56,65.44
2026-09-08T09:27:38Z,6.35,65.67
2026-09-08T09:28:38Z,5.57,65.61
2026-09-08T09:30:38Z,6.34,65.52
2026-09-08T09:31:38Z,6.34,65.56
2026-09-08T09:33:38Z,5.57,65.76
2026-09-08T09:34:38Z,6.36,65.81
2026-09-08T09:35:38Z,5.59,66.01
2026-09-08T09:37:38Z,5.58,65.91
2026-09-08T09:38:38Z,5.6,66.22
2026-09-08T09:39:38Z,5.62,66.48
2026-09-08T09:41:38Z,5.64,66.88
2026-09-08T09:42:38Z,5.66,67.12
2026-09-08T09:44:38Z,6.47,67.71
2026-09-08T09:45:38Z,6.49,67.99
2026-09-08T09:46:38Z,5.72,68.2
2026-09-08T09:48:38Z,5.75,68.66
2026-09-08T09:49:38Z,5.73,68.43
2026-09-08T09:51:38Z,5.76,68.92
2026-09-08T09:52:38Z,5.77,68.97
2026-09-08T09:54:38Z,5.78,69.15
2026-09-08T09:55:38Z,6.55,69.06
2026-09-08T09:57:38Z,7.37,69.68
2026-09-08T09:58:38Z,6.59,69.76
2026-09-08T09:59:38Z,5.82,69.86
2026-09-08T10:02:38Z,5.82,69.85
2026-09-08T10:05:38Z,6.58,69.59
2026-09-08T10:06:38Z,7.5,69.67
2026-09-08T10:08:38Z,7.52,70.01
2026-09-08T10:09:38Z,6.61,70.04
2026-09-08T10:11:38Z,5.84,70.15
2026-09-08T10:14:38Z,5.83,70
2026-09-08T10:15:38Z,5.83,69.97
2026-09-08T10:17:38Z,6.59,69.78
2026-09-08T10:18:38Z,6.59,69.77
2026-09-08T10:21:38Z,5.81,69.66
2026-09-08T10:24:38Z,6.59,69.64
2026-09-08T10:25:38Z,6.56,69.16
2026-09-08T10:27:38Z,6.53,68.68
2026-09-08T10:28:38Z,6.5,68.18
2026-09-08T10:30:38Z,6.48,67.79
2026-09-08T10:31:38Z,6.48,67.83
2026-09-08T10:33:38Z,6.5,68.15
2026-09-08T11:00:38Z,5.85,70.34
2026-09-08T11:01:38Z,5.84,70.28
2026-09-08T11:02:38Z,5.84,70.2
2026-09-08T11:03:38Z,5.84,70.28
2026-09-08T11:04:38Z,5.85,70.41
2026-09-08T11:05:38Z,6.61,70.03
2026-09-08T11:06:38Z,5.82,69.89
2026-09-08T11:07:38Z,5.81,69.78
2026-09-08T11:08:38Z,5.81,69.77
2026-09-08T11:09:38Z,5.82,69.86
2026-09-08T11:10:38Z,,69.81
2026-09-08T11:11:38Z,5.8,69.6
2026-09-08T11:12:38Z,5.8,69.53
2026-09-08T11:13:38Z,5.81,
2026-09-08T11:14:38Z,5.81,69.68
2026-09-08T11:15:38Z,5.82,69.87
2026-09-08T11:16:38Z,,69.69
2026-09-08T11:17:38Z,,69.7
2026-09-08T11:18:38Z,5.8,69.61
2026-09-08T11:19:38Z,5.79,69.32
2026-09-08T11:20:38Z,5.78,
2026-09-08T11:21:38Z,5.76,
2026-09-08T11:22:38Z,5.76,68.91
2026-09-08T11:23:38Z,,69.03
2026-09-08T11:24:38Z,5.78,69.13
2026-09-08T11:25:38Z,5.78,69.27
2026-09-08T11:26:38Z,5.78,69.19
2026-09-08T11:27:38Z,5.78,
2026-09-08T11:28:38Z,5.78,69.19
2026-09-08T11:29:38Z,5.78,69.28
2026-09-08T11:30:38Z,,69.3
2026-09-08T11:31:38Z,5.79,69.35
2026-09-08T11:32:38Z,5.79,69.32
2026-09-08T11:33:38Z,5.76,
2026-09-08T11:34:38Z,5.76,
2026-09-08T11:35:38Z,5.76,
2026-09-08T11:36:38Z,5.76,68.92
2026-09-08T11:37:38Z,,68.89
2026-09-08T11:38:38Z,,68.91
2026-09-08T11:39:38Z,5.77,68.96
2026-09-08T11:40:38Z,5.77,69.12
2026-09-08T11:41:38Z,5.78,
2026-09-08T11:42:38Z,5.77,
2026-09-08T11:43:38Z,5.78,69.25
2026-09-08T11:44:38Z,,69.15
2026-09-08T11:45:38Z,,69.12
2026-09-08T11:46:38Z,,69.04
2026-09-08T11:47:38Z,5.76,68.88
2026-09-08T11:48:38Z,5.76,
2026-09-08T11:49:38Z,5.76,
2026-09-08T11:50:38Z,5.75,68.73
2026-09-08T11:51:38Z,5.75,68.7
2026-09-08T11:52:38Z,,68.66
2026-09-08T11:53:38Z,,68.56
2026-09-08T11:54:38Z,5.74,68.48
2026-09-08T11:55:38Z,5.74,68.49
2026-09-08T11:56:38Z,5.75,
2026-09-08T11:57:38Z,5.75,
2026-09-08T11:58:38Z,5.75,
2026-09-08T11:59:38Z,5.75,68.7
2026-09-08T12:00:38Z,,68.8
2026-09-08T12:01:38Z,,68.53
2026-09-08T12:02:38Z,,68.66
2026-09-08T12:03:38Z,,68.67
2026-09-08T12:04:38Z,5.75,68.75
2026-09-08T12:05:38Z,5.76,
2026-09-08T12:06:38Z,5.75,
2026-09-08T12:07:38Z,5.76,68.8
2026-09-08T12:08:38Z,5.76,68.93
2026-09-08T12:09:38Z,,69.1
2026-09-08T12:10:38Z,,68.92
2026-09-08T12:11:38Z,5.76,68.88
2026-09-08T12:12:38Z,5.77,
2026-09-08T12:13:38Z,5.78,
2026-09-08T12:14:38Z,5.78,69.24
2026-09-08T12:15:38Z,5.79,69.34
2026-09-08T12:16:38Z,,69.18
2026-09-08T12:17:38Z,,69.22
2026-09-08T12:18:38Z,,69.28
2026-09-08T12:19:38Z,5.79,69.33
2026-09-08T12:20:38Z,5.79,
2026-09-08T12:21:38Z,5.8,
2026-09-08T12:22:38Z,5.8,
2026-09-08T12:23:38Z,5.81,69.77
2026-09-08T12:24:38Z,5.81,69.7
2026-09-08T12:25:38Z,,69.83
2026-09-08T12:26:38Z,,69.86
2026-09-08T12:27:38Z,5.84,70.14
2026-09-08T12:28:38Z,5.83,
2026-09-08T12:29:38Z,5.84,
2026-09-08T12:30:38Z,5.85,70.31
2026-09-08T12:31:38Z,5.85,70.35
2026-09-08T12:32:38Z,,70.51
2026-09-08T12:33:38Z,,70.61
2026-09-08T12:34:38Z,5.87,70.71
2026-09-08T12:35:38Z,5.88,70.89
2026-09-08T12:36:38Z,5.88,
2026-09-08T12:37:38Z,5.88,
2026-09-08T12:38:38Z,5.89,
2026-09-08T12:39:38Z,5.89,70.99
2026-09-08T12:40:38Z,,70.98
2026-09-08T12:41:38Z,,70.95
2026-09-08T12:42:38Z,5.88,70.95
2026-09-08T12:43:38Z,5.89,
2026-09-08T12:44:38Z,5.89,
2026-09-08T12:45:38Z,5.89,
2026-09-08T12:46:38Z,5.88,70.97
2026-09-08T12:47:38Z,,71.05
2026-09-08T12:48:38Z,,71.22
2026-09-08T12:49:38Z,,71.24
2026-09-08T12:50:38Z,5.91,71.39
2026-09-08T12:51:38Z,5.91,
2026-09-08T12:52:38Z,5.92,
2026-09-08T12:53:38Z,5.93,71.65
2026-09-08T12:54:38Z,5.94,71.85
2026-09-08T12:55:38Z,,71.87
2026-09-08T12:56:38Z,,71.95
2026-09-08T12:57:38Z,,72.01
2026-09-08T12:58:38Z,5.95,
2026-09-08T12:59:38Z,5.95,
2026-09-08T13:00:38Z,5.95,
2026-09-08T13:01:38Z,5.96,
2026-09-08T13:02:38Z,5.97,
2026-09-08T13:03:38Z,,72.53
2026-09-08T13:04:38Z,,72.54
2026-09-08T13:05:38Z,,72.72
2026-09-08T13:06:38Z,5.99,72.69
2026-09-08T13:07:38Z,5.99,
2026-09-08T13:08:38Z,6,
2026-09-08T13:09:38Z,6,
2026-09-08T13:10:38Z,6.01,73
2026-09-08T13:11:38Z,,73.1
2026-09-08T13:12:38Z,,73.14
2026-09-08T13:13:38Z,6.02,73.18
2026-09-08T13:14:38Z,6.02,73.2
2026-09-08T13:15:38Z,6.02,
2026-09-08T13:16:38Z,6.01,
2026-09-08T13:17:38Z,6.02,
2026-09-08T13:18:38Z,,73.05
2026-09-08T13:19:38Z,,72.95
2026-09-08T13:20:38Z,,73.09
2026-09-08T13:21:38Z,6,72.96
2026-09-08T13:22:38Z,6.01,73.16
2026-09-08T13:23:38Z,6.01,
2026-09-08T13:24:38Z,6.02,
2026-09-08T13:25:38Z,6.01,
2026-09-08T13:26:38Z,,73.13
2026-09-08T13:27:38Z,,73.15
2026-09-08T13:28:38Z,6.02,73.19
2026-09-08T13:29:38Z,6.01,73.12
2026-09-08T13:30:38Z,6.02,73.18
2026-09-08T13:31:38Z,6.02,
2026-09-08T13:32:38Z,6.01,
2026-09-08T13:33:38Z,,73.28
2026-09-08T13:34:38Z,,73.06
2026-09-08T13:35:38Z,6.02,73.18
2026-09-08T13:36:38Z,6.02,73.18
2026-09-08T13:37:38Z,6.02,73.27
2026-09-08T13:38:38Z,6.02,
2026-09-08T13:39:38Z,6.02,73.33
2026-09-08T13:40:38Z,,73.43
2026-09-08T13:41:38Z,,73.45
2026-09-08T13:42:38Z,6.04,73.53
2026-09-08T13:43:38Z,6.03,73.48
2026-09-08T13:44:38Z,6.03,73.45
2026-09-08T13:45:38Z,6.04,
2026-09-08T13:46:38Z,6.04,73.54
2026-09-08T13:47:38Z,,73.68
2026-09-08T13:48:38Z,,73.82
2026-09-08T13:49:38Z,6.05,73.82
2026-09-08T13:50:38Z,6.05,73.76
2026-09-08T13:51:38Z,6.05,
2026-09-08T13:52:38Z,6.05,
2026-09-08T13:53:38Z,6.05,73.68
2026-09-08T13:54:38Z,,73.77
2026-09-08T13:55:38Z,,73.89
2026-09-08T13:56:38Z,6.06,73.93
2026-09-08T13:57:38Z,6.05,73.79
2026-09-08T13:58:38Z,6.06,
2026-09-08T13:59:38Z,6.05,
2026-09-08T14:00:38Z,6.06,73.97
2026-09-08T14:01:38Z,,73.86
2026-09-08T14:02:38Z,,73.98
2026-09-08T14:03:38Z,6.06,73.86
2026-09-08T14:04:38Z,6.06,73.84
2026-09-08T14:05:38Z,6.06,73.87
2026-09-08T14:06:38Z,6.04,
2026-09-08T14:07:38Z,6.05,
2026-09-08T14:08:38Z,,73.78
2026-09-08T14:09:38Z,,73.84
2026-09-08T14:10:38Z,,73.92
2026-09-08T14:11:38Z,6.06,73.9
2026-09-08T14:12:38Z,6.06,73.97
2026-09-08T14:13:38Z,6.06,
2026-09-08T14:14:38Z,6.05,
2026-09-08T14:15:38Z,6.06,
2026-09-08T14:16:38Z,,74.06
2026-09-08T14:17:38Z,,74.03
2026-09-08T14:18:38Z,,74.04
2026-09-08T14:19:38Z,,73.94
2026-09-08T14:20:38Z,6.05,73.83
2026-09-08T14:21:38Z,6.06,
2026-09-08T14:22:38Z,6.05,
2026-09-08T14:23:38Z,6.05,
2026-09-08T14:24:38Z,6.04,
2026-09-08T14:27:38Z,6.02,73.3
2026-09-08T14:28:38Z,6.02,73.25
2026-09-08T14:29:38Z,6.03,73.44
2026-09-08T14:30:38Z,6.04,73.55
2026-09-08T14:31:38Z,6.03,
2026-09-08T14:33:38Z,,73.51
2026-09-08T14:34:38Z,6.03,73.47
2026-09-08T14:35:38Z,6.04,73.6
2026-09-08T14:36:38Z,6.04,73.5
2026-09-08T14:37:38Z,6.03,73.44
2026-09-08T14:38:38Z,6.04,
2026-09-08T14:39:38Z,,73.46
2026-09-08T14:40:38Z,,73.61
2026-09-08T14:41:38Z,6.04,73.58
2026-09-08T14:42:38Z,6.04,73.61
2026-09-08T14:43:38Z,6.04,73.62
2026-09-08T14:44:38Z,6.05,
2026-09-08T14:45:38Z,6.04,73.66
2026-09-08T14:46:38Z,,73.69
2026-09-08T14:47:38Z,6.05,73.69
2026-09-08T14:48:38Z,6.04,73.65
2026-09-08T14:49:38Z,6.05,73.69
2026-09-08T14:50:38Z,6.05,
2026-09-08T14:51:38Z,6.04,
2026-09-08T14:52:38Z,,73.61
2026-09-08T14:53:38Z,,73.63
2026-09-08T14:54:38Z,6.05,73.81
2026-09-08T14:55:38Z,6.07,74.13
2026-09-08T14:56:38Z,6.05,73.82
2026-09-08T14:57:38Z,6.05,
2026-09-08T14:58:38Z,6.06,
2026-09-08T14:59:38Z,,73.76
2026-09-08T15:00:38Z,,73.83
2026-09-08T15:01:38Z,,73.78
2026-09-08T15:02:38Z,6.05,73.75
2026-09-08T15:03:38Z,6.05,73.72
2026-09-08T15:04:38Z,6.04,
2026-09-08T15:05:38Z,6.05,
2026-09-08T15:06:38Z,6.04,73.61
2026-09-08T15:07:38Z,,73.62
2026-09-08T15:08:38Z,6.05,73.7
2026-09-08T15:09:38Z,6.05,73.76
2026-09-08T15:10:38Z,6.05,73.81
2026-09-08T15:11:38Z,6.05,
2026-09-08T15:12:38Z,6.05,
2026-09-08T15:13:38Z,,73.84
2026-09-08T15:14:38Z,,74.01
2026-09-08T15:15:38Z,6.07,74.06
2026-09-08T15:16:38Z,6.06,73.99
2026-09-08T15:17:38Z,6.07,
2026-09-08T15:18:38Z,6.08,
2026-09-08T15:19:38Z,6.07,
2026-09-08T15:20:38Z,6.07,74.15
2026-09-08T15:21:38Z,,74.31
2026-09-08T15:22:38Z,,74.2
2026-09-08T15:23:38Z,6.08,74.23
2026-09-08T15:24:38Z,6.09,74.35
2026-09-08T15:25:38Z,6.09,
2026-09-08T15:26:38Z,6.09,
2026-09-08T15:27:38Z,6.09,74.36
2026-09-08T15:28:38Z,,74.46
2026-09-08T15:29:38Z,6.09,74.39
2026-09-08T15:30:38Z,6.08,74.21
2026-09-08T15:31:38Z,6.09,74.39
2026-09-08T15:32:38Z,6.08,
2026-09-08T15:33:38Z,6.87,
2026-09-08T15:34:38Z,6.09,74.48
2026-09-08T15:35:38Z,,74.53
2026-09-08T15:36:38Z,,74.51
2026-09-08T15:37:38Z,6.09,74.5
2026-09-08T15:38:38Z,6.1,74.59
2026-09-08T15:39:38Z,6.1,
2026-09-08T15:40:38Z,6.1,
2026-09-08T15:41:38Z,6.09,
2026-09-08T15:42:38Z,,74.53
2026-09-08T15:43:38Z,,74.63
2026-09-08T15:44:38Z,6.11,74.68
2026-09-08T15:45:38Z,6.1,74.65
2026-09-08T15:46:38Z,6.1,
2026-09-08T15:47:38Z,6.1,
2026-09-08T15:48:38Z,,74.62
2026-09-08T15:49:38Z,,74.45
2026-09-08T15:50:38Z,6.09,74.41
2026-09-08T15:51:38Z,6.09,74.49
2026-09-08T15:52:38Z,6.09,74.49
2026-09-08T15:53:38Z,6.1,
2026-09-08T15:54:38Z,6.1,74.52
2026-09-08T15:55:38Z,,74.43
2026-09-08T15:56:38Z,,74.44
2026-09-08T15:57:38Z,,74.5
2026-09-08T15:58:38Z,6.1,74.51
2026-09-08T15:59:38Z,6.09,74.44
2026-09-08T16:00:38Z,6.1,
2026-09-08T16:01:38Z,6.09,
2026-09-08T16:02:38Z,6.09,
2026-09-08T16:03:38Z,,74.34
2026-09-08T16:04:38Z,,74.22
2026-09-08T16:05:38Z,6.08,74.27
2026-09-08T16:06:38Z,6.08,74.28
2026-09-08T16:07:38Z,6.08,74.21
2026-09-08T16:08:38Z,6.07,
2026-09-08T16:09:38Z,6.08,
2026-09-08T16:10:38Z,,74.3
2026-09-08T16:11:38Z,,74.41
2026-09-08T16:12:38Z,6.09,74.42
2026-09-08T16:13:38Z,6.1,74.57
2026-09-08T16:14:38Z,6.1,74.62
2026-09-08T16:15:38Z,6.11,
2026-09-08T16:16:38Z,6.11,
2026-09-08T16:17:38Z,,74.64
2026-09-08T16:18:38Z,6.11,74.7
2026-09-08T16:19:38Z,6.1,74.67
2026-09-08T16:20:38Z,6.11,74.68
2026-09-08T16:21:38Z,6.11,74.84
2026-09-08T16:22:38Z,6.11,
2026-09-08T16:23:38Z,6.12,
2026-09-08T16:24:38Z,,74.92
2026-09-08T16:25:38Z,,74.87
2026-09-08T16:26:38Z,6.12,74.9
2026-09-08T16:27:38Z,6.12,74.88
2026-09-08T16:28:38Z,6.11,74.82
2026-09-08T16:29:38Z,6.1,
2026-09-08T16:30:38Z,6.1,74.53
2026-09-08T16:31:38Z,,74.39
2026-09-08T16:32:38Z,,74.27
2026-09-08T16:33:38Z,6.09,74.43
2026-09-08T16:34:38Z,6.09,74.39
2026-09-08T16:35:38Z,6.09,74.46
2026-09-08T16:36:38Z,6.09,
2026-09-08T16:37:38Z,6.08,74.2
2026-09-08T16:38:38Z,,74.25
2026-09-08T16:39:38Z,6.08,74.22
2026-09-08T16:40:38Z,6.07,74.07
2026-09-08T16:41:38Z,6.07,74.08
2026-09-08T16:42:38Z,6.07,
2026-09-08T16:43:38Z,6.07,
2026-09-08T16:44:38Z,,74.27
2026-09-08T16:45:38Z,,74.32
2026-09-08T16:46:38Z,6.08,74.2
2026-09-08T16:47:38Z,6.07,74.08
2026-09-08T16:48:38Z,6.07,74.12
2026-09-08T16:49:38Z,6.08,
2026-09-08T16:50:38Z,6.09,
2026-09-08T16:51:38Z,,74.45
2026-09-08T16:52:38Z,,74.52
2026-09-08T16:53:38Z,6.09,74.5
2026-09-08T16:54:38Z,6.08,74.29
2026-09-08T16:55:38Z,6.08,74.31
2026-09-08T16:56:38Z,6.08,
2026-09-08T16:57:38Z,6.09,
2026-09-08T16:58:38Z,,74.48
2026-09-08T16:59:38Z,,74.57
2026-09-08T17:00:38Z,6.1,74.65
2026-09-08T17:01:38Z,6.11,74.73
2026-09-08T17:02:38Z,6.12,74.86
2026-09-08T17:03:38Z,6.12,
2026-09-08T17:04:38Z,6.91,
2026-09-08T17:05:38Z,6.13,75.15
2026-09-08T17:06:38Z,,75.32
2026-09-08T17:07:38Z,6.14,75.34
2026-09-08T17:08:38Z,6.15,75.44
2026-09-08T17:09:38Z,6.15,75.49
2026-09-08T17:10:38Z,6.16,
2026-09-08T17:11:38Z,6.16,
2026-09-08T17:12:38Z,,75.62
2026-09-08T17:13:38Z,6.17,75.75
2026-09-08T17:14:38Z,6.17,75.85
2026-09-08T17:15:38Z,6.18,75.87
2026-09-08T17:16:38Z,6.18,75.96
2026-09-08T17:17:38Z,6.18,
2026-09-08T17:19:38Z,,76.23
2026-09-08T17:20:38Z,6.2,76.24
2026-09-08T17:21:38Z,6.19,76.15
2026-09-08T17:22:38Z,6.2,76.26
2026-09-08T17:23:38Z,6.19,76.13
2026-09-08T17:24:38Z,6.19,76.13
2026-09-08T17:25:38Z,6.19,
2026-09-08T17:27:38Z,,76.16
2026-09-08T17:28:38Z,6.18,76.02
2026-09-08T17:29:38Z,6.18,75.99
2026-09-08T17:30:38Z,6.19,76.09
2026-09-08T17:31:38Z,6.19,76.12
2026-09-08T17:32:38Z,6.19,
2026-09-08T17:34:38Z,6.19,76.13
2026-09-08T17:35:38Z,6.19,76.16
2026-09-08T17:36:38Z,6.19,76.13
2026-09-08T17:37:38Z,6.18,75.87
2026-09-08T17:38:38Z,6.17,75.82
2026-09-08T17:39:38Z,6.17,
2026-09-08T17:41:38Z,6.16,75.58
2026-09-08T17:42:38Z,6.16,75.68
2026-09-08T17:43:38Z,6.15,75.39
2026-09-08T17:44:38Z,6.14,75.3
2026-09-08T17:45:38Z,6.14,75.23
2026-09-08T17:47:38Z,,75.3
2026-09-08T17:48:38Z,6.14,75.22
2026-09-08T17:49:38Z,6.14,75.19
2026-09-08T17:50:38Z,6.14,75.28
2026-09-08T17:51:38Z,6.14,75.32
2026-09-08T17:52:38Z,6.14,
2026-09-08T17:54:38Z,,75.41
2026-09-08T17:55:38Z,6.15,75.38
2026-09-08T17:56:38Z,6.14,75.24
2026-09-08T17:57:38Z,6.14,75.23
2026-09-08T17:58:38Z,6.12,74.97
2026-09-08T17:59:38Z,6.12,74.95
2026-09-08T18:00:38Z,6.13,75.12
2026-09-08T18:04:38Z,,75.62
2026-09-08T18:05:38Z,6.17,75.81
2026-09-08T18:06:38Z,6.18,75.94
2026-09-08T18:07:38Z,6.18,75.93
2026-09-08T18:08:38Z,6.18,75.96
2026-09-08T18:09:38Z,6.19,76.18
2026-09-08T18:10:38Z,6.21,
2026-09-08T18:13:38Z,,75.87
2026-09-08T18:14:38Z,6.18,75.91
2026-09-08T18:15:38Z,6.17,75.84
2026-09-08T18:16:38Z,6.17,75.73
2026-09-08T18:17:38Z,6.17,75.78
2026-09-08T18:18:38Z,6.16,
2026-09-08T18:20:38Z,,75.65
2026-09-08T18:21:38Z,6.16,75.65
2026-09-08T18:22:38Z,6.16,75.68
2026-09-08T18:23:38Z,6.17,75.71
2026-09-08T18:24:38Z,6.16,75.64
2026-09-08T18:25:38Z,6.16,75.64
2026-09-08T18:28:38Z,,76.02
2026-09-08T18:29:38Z,6.19,76.03
2026-09-08T18:30:38Z,6.17,75.81
2026-09-08T18:31:38Z,6.17,75.73
2026-09-08T18:32:38Z,6.17,75.78
2026-09-08T18:36:38Z,,75.62
2026-09-08T18:37:38Z,6.17,75.71
2026-09-08T18:38:38Z,6.17,75.83
2026-09-08T18:39:38Z,6.18,75.87
2026-09-08T18:40:38Z,6.18,75.87
2026-09-08T18:41:38Z,6.18,
2026-09-08T18:44:38Z,,75.93
2026-09-08T18:45:38Z,6.19,76.08
2026-09-08T18:46:38Z,6.18,76.02
2026-09-08T18:47:38Z,6.18,75.99
2026-09-08T18:48:38Z,6.18,76.01
2026-09-08T18:51:38Z,6.2,76.2
2026-09-08T18:52:38Z,6.2,76.2
2026-09-08T18:53:38Z,6.19,76.11
2026-09-08T18:54:38Z,6.19,76.14
2026-09-08T18:55:38Z,6.19,76.17
2026-09-08T18:58:38Z,,76.3
2026-09-08T18:59:38Z,6.2,76.29
2026-09-08T19:00:38Z,6.2,76.23
2026-09-08T19:01:38Z,6.2,76.23
2026-09-08T19:02:38Z,6.2,76.29
2026-09-08T19:03:38Z,6.2,
2026-09-08T19:05:38Z,,76.32
2026-09-08T19:06:38Z,6.21,76.37
2026-09-08T19:07:38Z,6.21,76.5
2026-09-08T19:08:38Z,6.21,76.43
2026-09-08T19:09:38Z,6.21,76.51
2026-09-08T19:10:38Z,6.21,
2026-09-08T19:13:38Z,6.21,76.45
2026-09-08T19:14:38Z,6.21,76.39
2026-09-08T19:15:38Z,6.2,76.33
2026-09-08T19:16:38Z,6.2,76.3
2026-09-08T19:17:38Z,6.2,76.25
2026-09-08T19:21:38Z,6.16,75.65
2026-09-08T19:22:38Z,6.16,75.67
2026-09-08T19:23:38Z,6.15,75.48
2026-09-08T19:24:38Z,6.14,75.27
2026-09-08T19:25:38Z,6.13,75.09
2026-09-08T19:28:38Z,6.13,75.14
2026-09-08T19:29:38Z,6.12,74.99
2026-09-08T19:30:38Z,6.1,74.62
2026-09-08T19:31:38Z,6.1,74.6
2026-09-08T19:32:38Z,6.1,74.67
2026-09-08T19:35:38Z,6.12,74.93
2026-09-08T19:36:38Z,6.11,74.8
2026-09-08T19:37:38Z,6.1,74.67
2026-09-08T19:38:38Z,6.1,74.65
2026-09-08T19:39:38Z,6.1,74.6
2026-09-08T19:42:38Z,6.09,74.4
2026-09-08T19:43:38Z,6.08,74.25
2026-09-08T19:44:38Z,6.07,74.07
2026-09-08T19:45:38Z,6.07,74.06
2026-09-08T19:46:38Z,6.07,74.07
2026-09-08T19:49:38Z,6.07,74.04
2026-09-08T19:50:38Z,6.06,73.95
2026-09-08T19:51:38Z,6.85,74.03
2026-09-08T19:52:38Z,6.07,74.02
2026-09-08T19:53:38Z,6.07,74.08
2026-09-08T19:57:38Z,6.08,74.2
2026-09-08T19:58:38Z,6.08,74.24
2026-09-08T19:59:38Z,6.08,74.3
2026-09-08T20:00:38Z,6.08,74.27
2026-09-08T20:01:38Z,6.09,74.37
2026-09-08T20:05:38Z,6.09,74.4
2026-09-08T20:06:38Z,6.09,74.39
2026-09-08T20:07:38Z,6.09,74.46
2026-09-08T20:08:38Z,6.1,74.56
2026-09-08T20:09:38Z,6.1,74.58
2026-09-08T20:10:38Z,6.1,
2026-09-08T20:13:38Z,,74.8
2026-09-08T20:14:38Z,6.12,74.9
2026-09-08T20:15:38Z,6.12,74.91
2026-09-08T20:16:38Z,6.12,75.01
2026-09-08T20:17:38Z,6.13,75.02
2026-09-08T20:20:38Z,,75.27
2026-09-08T20:21:38Z,6.14,75.27
2026-09-08T20:22:38Z,6.14,75.3
2026-09-08T20:23:38Z,6.14,75.3
2026-09-08T20:24:38Z,6.15,75.39
2026-09-08T20:25:38Z,6.15,75.39
2026-09-08T20:28:38Z,6.16,75.54
2026-09-08T20:29:38Z,6.15,75.46
2026-09-08T20:30:38Z,6.16,75.52
2026-09-08T20:31:38Z,6.16,75.53
2026-09-08T20:32:38Z,6.15,75.36
2026-09-08T20:34:38Z,,75.47
2026-09-08T20:35:38Z,6.15,75.45
2026-09-08T20:36:38Z,6.15,75.51
2026-09-08T20:37:38Z,6.15,75.35
2026-09-08T20:38:38Z,6.14,75.3
2026-09-08T20:39:38Z,6.14,75.27
2026-09-08T20:42:38Z,,75.28
2026-09-08T20:43:38Z,6.13,75.11
2026-09-08T20:44:38Z,6.13,75.1
2026-09-08T20:45:38Z,6.14,75.19
2026-09-08T20:46:38Z,6.13,75.14
2026-09-08T20:47:38Z,6.13,
2026-09-08T20:49:38Z,,75.19
2026-09-08T20:50:38Z,6.14,75.24
2026-09-08T20:51:38Z,6.14,75.33
2026-09-08T20:52:38Z,6.15,75.35
2026-09-08T20:53:38Z,6.15,75.42
2026-09-08T20:54:38Z,6.15,
2026-09-08T20:56:38Z,,75.34
2026-09-08T20:57:38Z,,75.38
2026-09-08T20:58:38Z,6.15,75.39
2026-09-08T20:59:38Z,6.15,75.35
2026-09-08T21:00:38Z,6.15,75.39
2026-09-08T21:01:38Z,6.14,75.29
2026-09-08T21:02:38Z,6.14,
2026-09-08T21:04:38Z,6.16,75.61
2026-09-08T21:05:38Z,6.16,75.59
2026-09-08T21:06:38Z,6.16,75.54
2026-09-08T21:07:38Z,6.16,75.59
2026-09-08T21:08:38Z,6.16,75.55
2026-09-08T21:11:38Z,6.14,75.33
2026-09-08T21:12:38Z,6.14,75.3
2026-09-08T21:13:38Z,6.13,75.16
2026-09-08T21:14:38Z,6.13,75.07
2026-09-08T21:15:38Z,6.12,74.95
2026-09-08T21:18:38Z,6.13,75.02
2026-09-08T21:19:38Z,6.12,74.92
2026-09-08T21:20:38Z,6.11,74.84
2026-09-08T21:21:38Z,6.11,74.81
2026-09-08T21:22:38Z,6.11,74.82
2026-09-08T21:25:38Z,6.13,75.12
2026-09-08T21:26:38Z,6.12,75.01
2026-09-08T21:27:38Z,6.14,75.23
2026-09-08T21:28:38Z,6.14,75.19
2026-09-08T21:29:38Z,6.15,75.48
2026-09-08T21:30:38Z,6.16,75.58
2026-09-08T21:33:38Z,6.18,75.91
2026-09-08T21:34:38Z,6.18,75.98
2026-09-08T21:35:38Z,6.2,76.21
2026-09-08T21:36:38Z,6.19,76.15
2026-09-08T21:37:38Z,6.18,75.91
2026-09-08T21:39:38Z,6.16,75.63
2026-09-08T21:40:38Z,6.16,75.54
2026-09-08T21:41:38Z,6.17,75.77
2026-09-08T21:42:38Z,6.19,76.06
2026-09-08T21:43:38Z,6.2,76.23
2026-09-08T21:46:38Z,6.21,76.41
2026-09-08T21:47:38Z,6.21,76.36
2026-09-08T21:48:38Z,6.22,76.59
2026-09-08T21:49:38Z,6.22,76.62
2026-09-08T21:50:38Z,6.2,76.34
2026-09-08T21:53:38Z,6.2,76.25
2026-09-08T21:54:38Z,6.2,76.26
2026-09-08T21:55:38Z,6.19,76.12
2026-09-08T21:56:38Z,6.19,76.05
2026-09-08T21:57:38Z,6.2,76.32
2026-09-08T22:00:38Z,6.2,76.26
2026-09-08T22:01:38Z,6.21,76.45
2026-09-08T22:02:38Z,6.22,76.55
2026-09-08T22:03:38Z,6.23,76.73
2026-09-08T22:04:38Z,6.23,76.75
2026-09-08T22:07:38Z,6.2,76.23
2026-09-08T22:08:38Z,6.2,76.33
2026-09-08T22:09:38Z,6.22,76.59
2026-09-08T22:10:38Z,6.21,76.39
2026-09-08T22:11:38Z,6.2,76.22
2026-09-08T22:14:38Z,6.17,75.84
2026-09-08T22:15:38Z,6.19,76.07
2026-09-08T22:16:38Z,6.18,75.91
2026-09-08T22:17:38Z,6.18,75.87
2026-09-08T22:18:38Z,6.21,76.43
2026-09-08T22:21:38Z,6.2,76.2
2026-09-08T22:22:38Z,6.18,75.9
2026-09-08T22:23:38Z,6.17,75.77
2026-09-08T22:24:38Z,6.18,75.88
2026-09-08T22:25:38Z,6.17,75.83
2026-09-08T22:28:38Z,6.2,76.26
2026-09-08T22:29:38Z,6.18,75.99
2026-09-08T22:30:38Z,6.18,76.02
2026-09-08T22:31:38Z,6.16,75.64
2026-09-08T22:32:38Z,6.15,75.36
2026-09-08T22:34:38Z,6.2,76.22
2026-09-08T22:35:38Z,6.21,76.43
2026-09-08T22:36:38Z,6.21,76.46
2026-09-08T22:37:38Z,6.19,76.18
2026-09-08T22:38:38Z,6.15,75.5
2026-09-08T22:39:38Z,6.12,74.9
2026-09-08T22:40:38Z,6.07,74.07
2026-09-08T22:41:38Z,6.04,73.6
2026-09-08T22:43:38Z,6.04,73.61
2026-09-08T22:44:38Z,6.08,74.2
2026-09-08T22:45:38Z,6.06,73.91
2026-09-08T22:46:38Z,6.06,73.93
2026-09-08T22:47:38Z,6.08,74.22
2026-09-08T22:49:38Z,6.08,74.24
2026-09-08T22:50:38Z,6.06,73.92
2026-09-08T22:51:38Z,6.08,74.23
2026-09-08T22:52:38Z,6.06,74
2026-09-08T22:53:38Z,6.03,73.41
2026-09-08T22:54:38Z,5.96,
2026-09-08T22:56:38Z,5.85,70.34
2026-09-08T22:57:38Z,5.85,70.36
2026-09-08T22:58:38Z,5.85,70.36
2026-09-08T22:59:38Z,5.89,71.11
2026-09-08T23:00:38Z,5.87,70.77
2026-09-08T23:03:38Z,5.95,72.03
2026-09-08T23:04:38Z,5.91,71.45
2026-09-08T23:05:38Z,5.85,70.39
2026-09-08T23:06:38Z,5.86,70.48
2026-09-08T23:07:38Z,5.82,69.92
2026-09-08T23:09:38Z,5.78,
2026-09-08T23:10:38Z,5.78,69.26
2026-09-08T23:11:38Z,5.78,69.18
2026-09-08T23:12:38Z,5.77,69.07
2026-09-08T23:13:38Z,5.73,68.36
2026-09-08T23:14:38Z,5.74,68.57
2026-09-08T23:15:38Z,,69.02
2026-09-08T23:17:38Z,5.76,68.89
2026-09-08T23:18:38Z,5.76,68.86
2026-09-08T23:19:38Z,5.75,68.75
2026-09-08T23:20:38Z,5.75,68.75
2026-09-08T23:21:38Z,5.75,68.76
2026-09-08T23:23:38Z,5.67,
2026-09-08T23:24:38Z,5.69,67.66
2026-09-08T23:25:38Z,5.68,67.54
2026-09-08T23:26:38Z,5.65,67.03
2026-09-08T23:27:38Z,5.62,66.53
2026-09-08T23:28:38Z,,66.22
2026-09-08T23:29:38Z,5.59,66.02
2026-09-08T23:30:38Z,5.6,66.2
2026-09-08T23:31:38Z,5.59,66.02
2026-09-08T23:32:38Z,5.59,66.08
2026-09-08T23:33:38Z,5.62,66.55
2026-09-08T23:35:38Z,,66.66
2026-09-08T23:36:38Z,5.62,66.52
2026-09-08T23:37:38Z,5.62,66.45
2026-09-08T23:38:38Z,5.63,66.77
2026-09-08T23:39:38Z,5.65,67.09
2026-09-08T23:40:38Z,5.63,66.73
2026-09-08T23:42:38Z,5.67,67.31
2026-09-08T23:43:38Z,5.67,67.44
2026-09-08T23:44:38Z,5.68,67.46
2026-09-08T23:45:38Z,5.64,66.87
2026-09-08T23:46:38Z,5.6,66.2
2026-09-08T23:48:38Z,5.59,66.07
2026-09-08T23:49:38Z,5.59,65.95
2026-09-08T23:50:38Z,5.55,65.35
2026-09-08T23:51:38Z,5.55,65.31
2026-09-08T23:52:38Z,5.52,64.83
2026-09-08T23:54:38Z,6.31,65.03
2026-09-08T23:55:38Z,6.32,65.14
2026-09-08T23:56:38Z,5.53,65.08
2026-09-08T23:57:38Z,5.53,65.06
2026-09-08T23:58:38Z,5.52,64.9
2026-09-08T23:59:38Z,5.5,64.51
2026-09-09T00:02:38Z,5.51,64.66
2026-09-09T00:03:38Z,5.52,64.91
2026-09-09T00:04:38Z,5.51,64.71
2026-09-09T00:05:38Z,5.48,64.2
2026-09-09T00:06:38Z,5.5,64.52
2026-09-09T00:09:38Z,5.47,64.07
2026-09-09T00:10:38Z,5.46,63.9
2026-09-09T00:11:38Z,5.47,64.05
2026-09-09T00:12:38Z,5.48,64.12
2026-09-09T00:13:38Z,5.46,63.84
2026-09-09T00:15:38Z,5.5,
2026-09-09T00:16:38Z,5.48,64.23
2026-09-09T00:17:38Z,5.47,63.92
2026-09-09T00:18:38Z,5.45,63.72
2026-09-09T00:19:38Z,5.44,63.47
2026-09-09T00:20:38Z,5.46,63.75
2026-09-09T00:22:38Z,5.45,
2026-09-09T00:23:38Z,5.46,63.79
2026-09-09T00:24:38Z,5.47,63.96
2026-09-09T00:25:38Z,5.46,63.8
2026-09-09T00:26:38Z,5.39,62.68
2026-09-09T00:27:38Z,,62.51
2026-09-09T00:29:38Z,5.35,
2026-09-09T00:30:38Z,5.35,62.01
2026-09-09T00:31:38Z,5.36,62.07
2026-09-09T00:32:38Z,5.31,61.24
2026-09-09T00:33:38Z,5.3,61.07
2026-09-09T00:34:38Z,5.27,60.65
2026-09-09T00:35:38Z,5.25,60.32
2026-09-09T00:36:38Z,5.23,60.01
2026-09-09T00:37:38Z,5.22,59.77
2026-09-09T00:38:38Z,5.19,59.37
2026-09-09T00:40:38Z,5.12,58.18
2026-09-09T00:41:38Z,5.18,59.09
2026-09-09T00:42:38Z,5.2,59.47
2026-09-09T00:43:38Z,5.2,59.49
2026-09-09T00:44:38Z,5.2,59.44
2026-09-09T00:46:38Z,,60.2
2026-09-09T00:47:38Z,5.25,60.33
2026-09-09T00:48:38Z,5.26,60.45
2026-09-09T00:49:38Z,5.25,60.25
2026-09-09T00:50:38Z,5.27,60.64
2026-09-09T00:51:38Z,5.26,60.5
2026-09-09T00:53:38Z,,59.25
2026-09-09T00:54:38Z,5.2,59.46
2026-09-09T00:55:38Z,5.16,58.75
2026-09-09T00:56:38Z,5.14,58.44
2026-09-09T00:57:38Z,5.11,57.87
2026-09-09T01:00:38Z,,58.85
2026-09-09T01:01:38Z,5.16,58.83
2026-09-09T01:02:38Z,5.17,58.94
2026-09-09T01:03:38Z,5.19,59.35
2026-09-09T01:04:38Z,5.2,59.5
2026-09-09T01:05:38Z,5.22,
2026-09-09T02:02:38Z,5.44,63.43
2026-09-09T02:32:38Z,5.05,56.96
2026-09-09T02:38:38Z,5.21,59.7
2026-09-09T02:42:38Z,5.33,61.72
2026-09-09T02:44:38Z,,61.87
2026-09-09T02:50:38Z,5.61,66.42
2026-09-09T02:52:38Z,,66.83
2026-09-09T02:54:38Z,5.59,66.02
2026-09-09T02:56:38Z,5.52,64.79
2026-09-09T03:05:38Z,5.3,61.15
2026-09-09T03:08:38Z,5.26,60.55
2026-09-09T03:10:38Z,5.1,57.75
2026-09-09T03:11:38Z,4.98,55.76
2026-09-09T03:12:38Z,,55.11
2026-09-09T03:16:38Z,4.76,52
2026-09-09T03:17:38Z,4.77,52.3
2026-09-09T03:24:38Z,,49.41
2026-09-09T03:26:38Z,4.62,
2026-09-09T03:34:38Z,5.56,50.14
2026-09-09T03:37:38Z,,48.64
2026-09-09T03:40:38Z,4.54,48.4
2026-09-09T03:41:38Z,4.52,48.09
2026-09-09T03:47:38Z,4.59,49.17
2026-09-09T03:48:38Z,4.58,49.01
2026-09-09T03:49:38Z,4.55,48.52
2026-09-09T03:50:38Z,4.59,49.12
2026-09-09T03:51:38Z,,49.36
2026-09-09T03:52:38Z,4.59,
2026-09-09T03:53:38Z,4.62,49.65
2026-09-09T03:54:38Z,4.59,49.19
2026-09-09T03:55:38Z,4.59,49.16
2026-09-09T03:56:38Z,4.57,48.87
2026-09-09T03:57:38Z,,48.92
2026-09-09T03:59:38Z,4.68,
2026-09-09T04:00:38Z,4.7,
2026-09-09T04:01:38Z,4.69,50.86
2026-09-09T04:02:38Z,4.69,50.88
2026-09-09T04:03:38Z,4.69,50.89
2026-09-09T04:04:38Z,4.64,50.12
2026-09-09T04:05:38Z,,51.41
2026-09-09T04:07:38Z,4.77,
2026-09-09T04:08:38Z,4.81,52.97
2026-09-09T04:09:38Z,4.8,52.8
2026-09-09T04:10:38Z,4.86,53.7
2026-09-09T04:11:38Z,4.91,54.66
2026-09-09T04:12:38Z,,55.1
2026-09-09T04:14:38Z,5.04,
2026-09-09T04:15:38Z,5.08,57.4
2026-09-09T04:16:38Z,5.12,58.1
2026-09-09T04:17:38Z,5.15,58.7
2026-09-09T04:18:38Z,5.2,59.38
2026-09-09T04:19:38Z,,59.92
2026-09-09T04:21:38Z,5.27,
2026-09-09T04:22:38Z,5.28,60.87
2026-09-09T04:23:38Z,5.29,61.05
2026-09-09T04:24:38Z,5.31,61.26
2026-09-09T04:25:38Z,5.34,61.8
2026-09-09T04:26:38Z,,62.18
2026-09-09T04:28:38Z,5.41,
2026-09-09T04:29:38Z,5.41,63.03
2026-09-09T04:30:38Z,5.41,63.07
2026-09-09T04:31:38Z,5.43,63.26
2026-09-09T04:32:38Z,5.42,63.16
2026-09-09T04:33:38Z,,63.43
2026-09-09T04:34:38Z,,63.6
2026-09-09T04:36:38Z,5.43,
2026-09-09T04:37:38Z,5.42,63.23
2026-09-09T04:38:38Z,5.42,63.16
2026-09-09T04:39:38Z,5.41,62.92
2026-09-09T04:40:38Z,5.41,62.93
2026-09-09T04:41:38Z,,62.14
2026-09-09T04:43:38Z,5.26,
2026-09-09T04:44:38Z,5.23,59.99
2026-09-09T04:45:38Z,5.15,58.63
2026-09-09T04:46:38Z,5.08,57.4
2026-09-09T04:47:38Z,5.02,56.44
2026-09-09T04:48:38Z,,55.5
2026-09-09T04:50:38Z,4.96,
2026-09-09T04:51:38Z,4.97,55.63
2026-09-09T04:52:38Z,4.97,55.64
2026-09-09T04:53:38Z,4.98,55.74
2026-09-09T04:54:38Z,5,56.09
2026-09-09T04:55:38Z,,56.11
2026-09-09T04:57:38Z,5.01,
2026-09-09T04:58:38Z,5.04,56.72
2026-09-09T04:59:38Z,5.05,56.98
2026-09-09T05:00:38Z,5.08,57.5
2026-09-09T05:01:38Z,5.08,57.43
2026-09-09T05:03:38Z,5.05,
2026-09-09T05:04:38Z,5.01,56.3
2026-09-09T05:05:38Z,5.01,56.29
2026-09-09T05:06:38Z,5,56.03
2026-09-09T05:07:38Z,4.99,55.91
2026-09-09T05:09:38Z,4.96,
2026-09-09T05:10:38Z,5.01,56.22
2026-09-09T05:11:38Z,5.96,57
2026-09-09T05:12:38Z,5.09,57.58
2026-09-09T05:13:38Z,5.1,57.72
2026-09-09T05:14:38Z,5.11,57.88
2026-09-09T05:16:38Z,5.15,
2026-09-09T05:17:38Z,6.08,58.88
2026-09-09T05:18:38Z,6.09,59.16
2026-09-09T05:19:38Z,6.12,59.64
2026-09-09T05:20:38Z,5.24,60.17
2026-09-09T05:21:38Z,,60.24
2026-09-09T05:23:38Z,5.28,
2026-09-09T05:24:38Z,5.32,61.52
2026-09-09T05:25:38Z,5.39,62.71
2026-09-09T05:26:38Z,6.38,63.97
2026-09-09T05:27:38Z,6.46,65.33
2026-09-09T05:28:38Z,,68.84
2026-09-09T05:29:38Z,5.83,
2026-09-09T05:30:38Z,5.9,71.29
2026-09-09T05:31:38Z,5.97,72.36
2026-09-09T05:32:38Z,6.05,73.76
2026-09-09T05:33:38Z,6.03,73.49
2026-09-09T05:34:38Z,,74.49
2026-09-09T05:35:38Z,6.22,
2026-09-09T05:36:38Z,6.21,
2026-09-09T05:37:38Z,6.19,76.04
2026-09-09T05:38:38Z,6.16,75.56
2026-09-09T05:39:38Z,6.21,76.52
2026-09-09T05:40:38Z,,75.85
2026-09-09T05:41:38Z,,75.53
2026-09-09T05:42:38Z,6.12,
2026-09-09T05:43:38Z,6.07,74.02
2026-09-09T05:44:38Z,6.07,74.1
2026-09-09T05:45:38Z,6.14,75.33
2026-09-09T05:46:38Z,6.12,74.87
2026-09-09T05:47:38Z,,75.46
2026-09-09T05:48:38Z,6.12,
2026-09-09T05:49:38Z,6.07,74.16
2026-09-09T05:50:38Z,6.07,74.17
2026-09-09T05:51:38Z,5.97,72.35
2026-09-09T05:52:38Z,5.89,71.11
2026-09-09T05:53:38Z,,71.34
2026-09-09T05:54:38Z,5.89,71.03
2026-09-09T05:55:38Z,5.86,
2026-09-09T05:56:38Z,5.86,
2026-09-09T05:57:38Z,5.95,72.1
2026-09-09T05:58:38Z,5.94,71.93
2026-09-09T05:59:38Z,5.94,71.97
2026-09-09T06:00:38Z,,72.4
2026-09-09T06:01:38Z,,72.8
2026-09-09T06:02:38Z,6.02,
2026-09-09T06:03:38Z,5.99,
2026-09-09T06:04:38Z,6.02,73.33
2026-09-09T06:05:38Z,6.1,74.54
2026-09-09T06:06:38Z,6.09,74.39
2026-09-09T06:07:38Z,,74.65
2026-09-09T06:08:38Z,6.11,74.79
2026-09-09T06:09:38Z,6.18,
2026-09-09T06:10:38Z,6.25,
2026-09-09T06:11:38Z,6.3,77.92
2026-09-09T06:12:38Z,6.26,77.3
2026-09-09T06:13:38Z,,76.57
2026-09-09T06:14:38Z,,76.47
2026-09-09T06:15:38Z,6.22,76.69
2026-09-09T06:16:38Z,6.25,
2026-09-09T06:17:38Z,6.25,
2026-09-09T06:18:38Z,6.34,78.61
2026-09-09T06:19:38Z,6.22,76.65
2026-09-09T06:20:38Z,6.18,75.87
2026-09-09T06:21:38Z,,75.36
2026-09-09T06:22:38Z,,75.5
2026-09-09T06:23:38Z,6.13,
2026-09-09T06:24:38Z,6.07,
2026-09-09T06:25:38Z,6.13,75.14
2026-09-09T06:26:38Z,6.05,73.82
2026-09-09T06:27:38Z,6.03,73.47
2026-09-09T06:28:38Z,,73.92
2026-09-09T06:29:38Z,,73.35
2026-09-09T08:00:38Z,6.61,
2026-09-09T08:01:38Z,,70.42
2026-09-09T08:02:38Z,,70.56
2026-09-09T08:03:38Z,5.86,70.51
2026-09-09T08:04:38Z,5.84,70.28
2026-09-09T08:05:38Z,5.85,70.34
2026-09-09T08:06:38Z,5.87,
2026-09-09T08:07:38Z,5.85,70.43
2026-09-09T08:08:38Z,,70.76
2026-09-09T08:09:38Z,5.86,70.63
2026-09-09T08:10:38Z,5.85,70.34
2026-09-09T08:11:38Z,6.63,70.4
2026-09-09T08:12:38Z,5.85,
2026-09-09T08:13:38Z,5.88,
2026-09-09T08:14:38Z,,70.92
2026-09-09T08:15:38Z,,70.75
2026-09-09T08:16:38Z,5.89,70.98
2026-09-09T08:17:38Z,5.88,70.97
2026-09-09T08:18:38Z,5.89,
2026-09-09T08:19:38Z,5.89,
2026-09-09T08:20:38Z,6.67,
2026-09-09T08:21:38Z,,71.5
2026-09-09T08:22:38Z,,71.32
2026-09-09T08:23:38Z,5.91,71.37
2026-09-09T08:24:38Z,5.92,71.56
2026-09-09T08:25:38Z,5.91,71.33
2026-09-09T08:26:38Z,5.91,
2026-09-09T08:27:38Z,5.89,70.99
2026-09-09T08:28:38Z,,71.46
2026-09-09T08:29:38Z,,71.8
2026-09-09T08:30:38Z,5.92,71.54
2026-09-09T08:31:38Z,5.92,71.58
2026-09-09T08:32:38Z,5.92,
2026-09-09T08:33:38Z,5.91,
2026-09-09T08:34:38Z,5.92,71.58
2026-09-09T08:35:38Z,,71.66
2026-09-09T08:36:38Z,,71.8
2026-09-09T08:37:38Z,5.94,71.82
2026-09-09T08:38:38Z,5.93,71.79
2026-09-09T08:39:38Z,6.73,72.12
2026-09-09T08:40:38Z,5.95,
2026-09-09T08:41:38Z,5.94,
2026-09-09T08:42:38Z,,71.92
2026-09-09T08:43:38Z,,71.92
2026-09-09T08:44:38Z,5.93,71.75
2026-09-09T08:45:38Z,5.93,71.76
2026-09-09T08:46:38Z,5.91,
2026-09-09T08:47:38Z,5.9,
2026-09-09T08:48:38Z,5.87,70.71
2026-09-09T08:49:38Z,,70.79
2026-09-09T08:50:38Z,5.86,70.56
2026-09-09T08:51:38Z,5.84,70.22
2026-09-09T08:52:38Z,6.62,70.16
2026-09-09T08:53:38Z,5.85,
2026-09-09T08:54:38Z,5.86,70.59
2026-09-09T08:55:38Z,5.87,70.75
2026-09-09T08:56:38Z,,70.72
2026-09-09T08:57:38Z,,70.71
2026-09-09T08:58:38Z,5.85,70.34
2026-09-09T08:59:38Z,5.84,70.29
2026-09-09T09:00:38Z,5.86,
2026-09-09T09:01:38Z,5.86,
2026-09-09T09:02:38Z,5.88,70.81
2026-09-09T09:03:38Z,,70.99
2026-09-09T09:04:38Z,,71
2026-09-09T09:05:38Z,5.88,70.86
2026-09-09T09:06:38Z,5.89,70.99
2026-09-09T09:07:38Z,5.9,
2026-09-09T09:08:38Z,5.9,
2026-09-09T09:09:38Z,5.91,71.4
2026-09-09T09:10:38Z,,71.52
2026-09-09T09:11:38Z,,71.67
2026-09-09T09:12:38Z,5.94,71.86
2026-09-09T09:13:38Z,5.93,71.76
2026-09-09T09:14:38Z,5.94,71.85
2026-09-09T09:15:38Z,6.71,71.73
2026-09-09T09:16:38Z,5.93,
2026-09-09T09:17:38Z,,71.88
2026-09-09T09:18:38Z,5.94,71.91
2026-09-09T09:19:38Z,5.94,71.84
2026-09-09T09:20:38Z,5.93,71.79
2026-09-09T09:21:38Z,6.72,71.86
2026-09-09T09:22:38Z,5.93,71.72
2026-09-09T09:23:38Z,5.93,71.75
2026-09-09T09:24:38Z,5.94,71.84
2026-09-09T09:25:38Z,,71.58
2026-09-09T09:26:38Z,5.94,
2026-09-09T09:27:38Z,5.95,72.12
2026-09-09T09:28:38Z,5.95,72.11
2026-09-09T09:29:38Z,5.95,72.11
2026-09-09T09:30:38Z,5.97,72.33
2026-09-09T09:31:38Z,,72.21
2026-09-09T09:32:38Z,5.96,72.22
2026-09-09T09:33:38Z,5.96,72.22
2026-09-09T09:34:38Z,5.96,72.31
2026-09-09T09:35:38Z,5.98,72.53
2026-09-09T09:36:38Z,5.98,72.62
2026-09-09T09:37:38Z,5.98,72.59
2026-09-09T09:38:38Z,6,72.83
2026-09-09T09:39:38Z,6,72.9
2026-09-09T09:40:38Z,5.99,72.71
2026-09-09T09:41:38Z,6,72.91
2026-09-09T09:42:38Z,5.99,
2026-09-09T09:43:38Z,5.99,72.76
2026-09-09T09:44:38Z,5.99,72.76
2026-09-09T09:45:38Z,6.01,73.05
2026-09-09T09:46:38Z,5.98,72.61
2026-09-09T09:47:38Z,5.97,72.49
2026-09-09T09:48:38Z,5.99,72.79
2026-09-09T09:49:38Z,6,72.93
2026-09-09T09:50:38Z,6,72.91
2026-09-09T09:51:38Z,6,72.97
2026-09-09T09:52:38Z,6.01,73.07
2026-09-09T09:53:38Z,5.98,72.5
2026-09-09T09:54:38Z,5.97,72.49
2026-09-09T09:55:38Z,5.97,72.49
2026-09-09T09:56:38Z,5.98,72.63
2026-09-09T09:57:38Z,6,72.9
2026-09-09T09:58:38Z,6.02,73.18
2026-09-09T09:59:38Z,6.02,73.26
2026-09-09T10:00:38Z,6.02,73.3
2026-09-09T10:01:38Z,,73.52
2026-09-09T10:02:38Z,6.04,73.54
2026-09-09T10:03:38Z,6.03,73.42
2026-09-09T10:04:38Z,6.01,73.09
2026-09-09T10:05:38Z,6.02,73.26
2026-09-09T10:06:38Z,6.03,73.37
2026-09-09T10:07:38Z,6.04,73.59
2026-09-09T10:08:38Z,6.03,
2026-09-09T10:09:38Z,6.03,73.48
2026-09-09T10:10:38Z,6.03,73.39
2026-09-09T10:11:38Z,6.02,73.3
2026-09-09T10:12:38Z,6.04,73.62
2026-09-09T10:13:38Z,6.04,73.58
2026-09-09T10:14:38Z,6.04,73.59
2026-09-09T10:16:38Z,6.03,73.48
2026-09-09T10:17:38Z,6.04,73.57
2026-09-09T10:18:38Z,6.04,73.6
2026-09-09T10:19:38Z,6.04,73.62
2026-09-09T10:20:38Z,6.04,73.64
2026-09-09T10:21:38Z,6.06,73.87
2026-09-09T10:22:38Z,6.05,73.68
2026-09-09T10:23:38Z,6.04,73.58
2026-09-09T10:24:38Z,6.04,73.66
2026-09-09T10:25:38Z,6.04,73.55
2026-09-09T10:26:38Z,6.04,73.55
2026-09-09T10:27:38Z,6.04,73.58
2026-09-09T10:28:38Z,6.03,73.34
2026-09-09T10:29:38Z,6.03,73.43
2026-09-09T10:30:38Z,6.02,73.22
2026-09-09T10:31:38Z,6.01,73.01
2026-09-09T10:32:38Z,,72.87
2026-09-09T10:33:38Z,5.99,72.78
2026-09-09T10:34:38Z,6,72.83
2026-09-09T10:35:38Z,6,72.96
2026-09-09T10:36:38Z,6.01,73.03
2026-09-09T10:37:38Z,6.01,73.06
2026-09-09T10:38:38Z,6.01,73.16
2026-09-09T10:39:38Z,6.02,73.22
2026-09-09T10:40:38Z,6.02,73.23
2026-09-09T10:41:38Z,6.02,73.32
2026-09-09T10:42:38Z,6.02,73.32
2026-09-09T10:43:38Z,6.02,73.23
2026-09-09T10:44:38Z,6.03,73.35
2026-09-09T10:45:38Z,6.04,73.53
2026-09-09T10:46:38Z,6.02,73.19
2026-09-09T10:47:38Z,6.03,73.36
2026-09-09T10:48:38Z,6.04,73.57
2026-09-09T10:49:38Z,6.03,73.44
2026-09-09T10:50:38Z,6.04,73.59
2026-09-09T10:51:38Z,6.06,73.86
2026-09-09T10:52:38Z,6.06,73.84
2026-09-09T10:53:38Z,6.06,73.92
2026-09-09T10:54:38Z,6.07,74.04
2026-09-09T10:55:38Z,6.13,75.03
2026-09-09T10:56:38Z,,75.52
2026-09-09T10:57:38Z,6.21,
2026-09-09T10:58:38Z,6.25,77.07
2026-09-09T10:59:38Z,6.3,77.91
2026-09-09T11:00:38Z,6.32,78.34
2026-09-09T11:01:38Z,6.31,78.06
2026-09-09T11:02:38Z,6.36,78.9
2026-09-09T11:03:38Z,6.38,79.36
2026-09-09T11:04:38Z,6.36,78.9
2026-09-09T11:05:38Z,6.4,79.72
2026-09-09T11:06:38Z,6.41,79.86
2026-09-09T11:07:38Z,6.45,80.49
2026-09-09T11:08:38Z,7.27,
2026-09-09T11:09:38Z,7.29,81.51
2026-09-09T11:10:38Z,7.3,81.67
2026-09-09T11:11:38Z,6.53,81.81
2026-09-09T11:12:38Z,,82.34
2026-09-09T11:13:38Z,6.59,82.83
2026-09-09T11:14:38Z,6.57,82.56
2026-09-09T11:15:38Z,6.61,83.09
2026-09-09T11:16:38Z,6.6,83.07
2026-09-09T11:17:38Z,6.62,83.34
2026-09-09T11:18:38Z,6.61,83.12
2026-09-09T11:19:38Z,6.58,82.62
2026-09-09T11:20:38Z,6.62,83.27
2026-09-09T11:21:38Z,7.37,82.87
2026-09-09T11:22:38Z,7.37,82.78
2026-09-09T11:23:38Z,6.6,82.94
2026-09-09T11:24:38Z,6.59,82.83
2026-09-09T11:25:38Z,7.37,82.9
2026-09-09T11:26:38Z,6.59,82.91
2026-09-09T11:27:38Z,6.6,83
2026-09-09T11:28:38Z,6.6,82.99
2026-09-09T11:29:38Z,6.59,
2026-09-09T11:30:38Z,6.6,82.94
2026-09-09T11:31:38Z,6.6,82.93
2026-09-09T11:32:38Z,6.6,83.04
2026-09-09T11:33:38Z,,82.9
2026-09-09T11:34:38Z,6.59,82.85
2026-09-09T11:35:38Z,6.6,
2026-09-09T11:36:38Z,6.59,82.87
2026-09-09T11:37:38Z,6.58,82.68
2026-09-09T11:38:38Z,6.58,82.69
2026-09-09T11:39:38Z,,82.79
2026-09-09T11:40:38Z,,82.94
2026-09-09T11:41:38Z,6.6,
2026-09-09T11:42:38Z,6.6,
2026-09-09T11:43:38Z,6.6,83.05
2026-09-09T11:44:38Z,7.38,82.92
2026-09-09T11:45:38Z,6.6,83.05
2026-09-09T11:46:38Z,,83.05
2026-09-09T11:47:38Z,6.61,
2026-09-09T11:48:38Z,6.6,
2026-09-09T11:49:38Z,6.6,83
2026-09-09T11:50:38Z,6.6,82.98
2026-09-09T11:51:38Z,6.6,82.94
2026-09-09T11:52:38Z,,82.8
2026-09-09T11:53:38Z,6.58,
2026-09-09T11:54:38Z,6.58,82.68
2026-09-09T11:55:38Z,6.58,82.68
2026-09-09T11:56:38Z,6.57,82.57
2026-09-09T11:57:38Z,6.58,82.66
2026-09-09T11:58:38Z,,82.68
2026-09-09T11:59:38Z,,82.55
2026-09-09T12:01:38Z,6.57,
2026-09-09T12:02:38Z,6.57,82.53
2026-09-09T12:03:38Z,6.56,82.39
2026-09-09T12:04:38Z,6.56,82.26
2026-09-09T12:05:38Z,6.57,82.46
2026-09-09T12:06:38Z,,82.26
2026-09-09T12:07:38Z,6.58,
2026-09-09T12:08:38Z,6.58,
2026-09-09T12:09:38Z,6.56,82.36
2026-09-09T12:10:38Z,6.56,82.25
2026-09-09T12:11:38Z,6.55,82.24
2026-09-09T12:12:38Z,6.57,82.45
2026-09-09T12:14:38Z,6.52,81.64
2026-09-09T12:15:38Z,6.52,81.64
2026-09-09T12:16:38Z,6.53,81.76
2026-09-09T12:17:38Z,6.52,81.71
2026-09-09T12:18:38Z,,81.55
2026-09-09T12:19:38Z,,81.58
2026-09-09T12:20:38Z,6.52,
2026-09-09T12:21:38Z,6.52,
2026-09-09T12:22:38Z,6.52,81.59
2026-09-09T12:23:38Z,6.52,81.68
2026-09-09T12:24:38Z,6.52,81.68
2026-09-09T12:25:38Z,,81.77
2026-09-09T12:26:38Z,,81.55
2026-09-09T12:27:38Z,6.52,
2026-09-09T12:28:38Z,6.53,81.76
2026-09-09T12:29:38Z,6.51,81.46
2026-09-09T12:30:38Z,6.5,81.27
2026-09-09T12:31:38Z,6.5,81.28
2026-09-09T12:32:38Z,,81.38
2026-09-09T12:33:38Z,6.5,
2026-09-09T12:34:38Z,6.49,81.23
2026-09-09T12:35:38Z,6.51,81.51
2026-09-09T12:36:38Z,6.5,81.36
2026-09-09T12:37:38Z,6.49,81.15
2026-09-09T12:38:38Z,,81.05
2026-09-09T12:39:38Z,6.49,
2026-09-09T12:40:38Z,6.49,81.1
2026-09-09T12:41:38Z,6.48,81.04
2026-09-09T12:42:38Z,6.49,81.08
2026-09-09T12:43:38Z,6.49,81.07
2026-09-09T12:44:38Z,,80.92
2026-09-09T12:45:38Z,6.48,
2026-09-09T12:46:38Z,6.47,80.8
2026-09-09T12:47:38Z,6.46,80.68
2026-09-09T12:48:38Z,6.45,80.54
2026-09-09T12:49:38Z,6.45,80.5
2026-09-09T12:50:38Z,6.45,80.45
2026-09-09T12:51:38Z,,79.86
2026-09-09T12:52:38Z,7.18,
2026-09-09T12:53:38Z,6.39,79.43
2026-09-09T12:54:38Z,6.39,79.49
2026-09-09T12:55:38Z,6.4,79.65
2026-09-09T12:56:38Z,6.4,79.59
2026-09-09T12:57:38Z,,79.6
2026-09-09T12:59:38Z,6.39,
2026-09-09T13:00:38Z,6.4,79.6
2026-09-09T13:01:38Z,6.39,79.48
2026-09-09T13:02:38Z,6.38,79.34
2026-09-09T13:03:38Z,6.37,79.19
2026-09-09T13:04:38Z,,79.09
2026-09-09T13:05:38Z,6.38,
2026-09-09T13:06:38Z,6.36,
2026-09-09T13:07:38Z,6.36,78.96
2026-09-09T13:08:38Z,6.37,79.15
2026-09-09T13:09:38Z,6.37,79.09
2026-09-09T13:10:38Z,6.36,79.02
2026-09-09T13:11:38Z,,78.97
2026-09-09T13:12:38Z,6.35,
2026-09-09T13:13:38Z,6.36,
2026-09-09T13:14:38Z,6.34,78.66
2026-09-09T13:15:38Z,6.35,78.75
2026-09-09T13:16:38Z,6.34,78.68
2026-09-09T13:17:38Z,,78.96
2026-09-09T13:18:38Z,,78.41
2026-09-09T13:19:38Z,6.32,
2026-09-09T13:20:38Z,6.34,
2026-09-09T13:21:38Z,6.32,78.31
2026-09-09T13:22:38Z,6.32,78.29
2026-09-09T13:23:38Z,6.32,78.32
2026-09-09T13:24:38Z,,78.31
2026-09-09T13:25:38Z,6.33,78.38
2026-09-09T13:26:38Z,6.32,
2026-09-09T13:27:38Z,6.33,78.48
2026-09-09T13:28:38Z,6.34,78.56
2026-09-09T13:29:38Z,6.33,78.49
2026-09-09T13:30:38Z,,78.43
2026-09-09T13:31:38Z,,78.39
2026-09-09T13:32:38Z,6.33,
2026-09-09T13:33:38Z,6.33,
2026-09-09T13:34:38Z,6.33,78.45
2026-09-09T13:35:38Z,6.34,78.62
2026-09-09T13:36:38Z,6.34,78.67
2026-09-09T13:37:38Z,,78.72
2026-09-09T13:38:38Z,6.33,78.54
2026-09-09T13:39:38Z,6.32,
2026-09-09T13:40:38Z,6.32,78.29
2026-09-09T13:41:38Z,6.32,78.23
2026-09-09T13:42:38Z,6.32,78.29
2026-09-09T13:43:38Z,,78.42
2026-09-09T13:44:38Z,6.32,78.22
2026-09-09T13:45:38Z,6.32,
2026-09-09T13:46:38Z,6.33,78.41
2026-09-09T13:47:38Z,6.33,78.44
2026-09-09T13:48:38Z,6.33,78.48
2026-09-09T13:49:38Z,,78.54
2026-09-09T13:50:38Z,6.34,78.62
2026-09-09T13:51:38Z,6.33,
2026-09-09T13:52:38Z,6.34,78.62
2026-09-09T13:53:38Z,6.34,78.62
2026-09-09T13:54:38Z,6.33,78.46
2026-09-09T13:55:38Z,,78.45
2026-09-09T13:56:38Z,,78.46
2026-09-09T13:57:38Z,6.33,
2026-09-09T13:58:38Z,6.32,
2026-09-09T13:59:38Z,6.32,78.24
2026-09-09T14:00:38Z,6.34,78.57
2026-09-09T14:01:38Z,6.35,78.76
2026-09-09T14:02:38Z,,79.27
2026-09-09T14:03:38Z,,79.41
2026-09-09T14:04:38Z,6.42,80.03
2026-09-09T14:05:38Z,6.52,
2026-09-09T14:06:38Z,7.38,83.02
2026-09-09T14:07:38Z,7.48,84.73
2026-09-09T14:08:38Z,6.76,85.74
2026-09-09T14:09:38Z,,86.45
2026-09-09T14:10:38Z,6.83,86.91
2026-09-09T14:11:38Z,6.85,
2026-09-09T14:12:38Z,6.87,87.57
2026-09-09T14:13:38Z,6.87,87.6
2026-09-09T14:14:38Z,6.87,87.52
2026-09-09T14:15:38Z,,87.66
2026-09-09T14:16:38Z,,87.75
2026-09-09T14:17:38Z,6.88,
2026-09-09T14:18:38Z,6.87,
2026-09-09T14:19:38Z,7.51,87.32
2026-09-09T14:20:38Z,7.5,87.24
2026-09-09T14:21:38Z,6.84,87.02
2026-09-09T14:22:38Z,,87
2026-09-09T14:23:38Z,,86.9
2026-09-09T14:24:38Z,6.81,
2026-09-09T14:25:38Z,6.82,
2026-09-09T14:26:38Z,6.83,86.85
2026-09-09T14:27:38Z,6.83,86.9
2026-09-09T14:28:38Z,6.83,86.87
2026-09-09T14:29:38Z,,86.65
2026-09-09T14:30:38Z,6.82,86.65
2026-09-09T14:31:38Z,6.81,
2026-09-09T14:32:38Z,6.81,86.54
2026-09-09T14:33:38Z,6.8,86.32
2026-09-09T14:34:38Z,6.78,86.04
2026-09-09T14:35:38Z,6.77,85.9
2026-09-09T14:36:38Z,,85.9
2026-09-09T14:37:38Z,6.77,
2026-09-09T14:38:38Z,6.76,
2026-09-09T14:39:38Z,6.76,85.65
2026-09-09T14:40:38Z,6.75,85.55
2026-09-09T14:41:38Z,6.76,85.61
2026-09-09T14:42:38Z,,85.52
2026-09-09T14:43:38Z,,85.86
2026-09-09T14:44:38Z,6.75,
2026-09-09T14:45:38Z,6.75,85.56
2026-09-09T14:46:38Z,6.75,85.55
2026-09-09T14:47:38Z,6.76,85.62
2026-09-09T14:48:38Z,6.74,85.39
2026-09-09T14:49:38Z,,85.35
2026-09-09T14:50:38Z,6.75,
2026-09-09T14:51:38Z,6.75,
2026-09-09T14:52:38Z,6.75,85.5
2026-09-09T14:53:38Z,6.75,85.52
2026-09-09T14:54:38Z,6.73,85.17
2026-09-09T14:55:38Z,,85.41
2026-09-09T14:56:38Z,,85.21
2026-09-09T14:58:38Z,6.74,
2026-09-09T14:59:38Z,6.74,
2026-09-09T15:00:38Z,6.75,85.48
2026-09-09T15:01:38Z,6.74,85.31
2026-09-09T15:02:38Z,6.74,85.36
2026-09-09T15:03:38Z,,85.11
2026-09-09T15:04:38Z,,84.94
2026-09-09T15:05:38Z,6.65,
2026-09-09T15:06:38Z,6.64,
2026-09-09T15:07:38Z,6.64,83.74
2026-09-09T15:08:38Z,6.64,83.67
2026-09-09T15:09:38Z,6.64,83.6
2026-09-09T15:10:38Z,,83.87
2026-09-09T15:11:38Z,,83.76
2026-09-09T15:12:38Z,6.65,
2026-09-09T15:13:38Z,6.63,
2026-09-09T15:14:38Z,6.64,83.64
2026-09-09T15:15:38Z,6.64,83.65
2026-09-09T15:16:38Z,6.65,83.82
2026-09-09T15:17:38Z,,83.89
2026-09-09T15:18:38Z,,84.1
2026-09-09T15:19:38Z,6.67,
2026-09-09T15:20:38Z,6.65,83.9
2026-09-09T15:21:38Z,6.66,83.96
2026-09-09T15:22:38Z,6.66,83.97
2026-09-09T15:23:38Z,,83.95
2026-09-09T15:24:38Z,,84.08
2026-09-09T15:25:38Z,6.66,84
2026-09-09T15:26:38Z,6.65,
2026-09-09T15:27:38Z,6.66,83.98
2026-09-09T15:28:38Z,6.66,83.97
2026-09-09T15:29:38Z,6.66,84.01
2026-09-09T15:30:38Z,,84.05
2026-09-09T15:31:38Z,,83.99
2026-09-09T15:32:38Z,6.66,
2026-09-09T15:33:38Z,6.65,
2026-09-09T15:34:38Z,6.64,83.73
2026-09-09T15:35:38Z,6.65,83.85
2026-09-09T15:36:38Z,6.66,83.95
2026-09-09T15:37:38Z,,83.88
2026-09-09T15:38:38Z,6.65,83.84
2026-09-09T15:39:38Z,6.64,
2026-09-09T15:40:38Z,6.65,83.92
2026-09-09T15:41:38Z,6.66,83.97
2026-09-09T15:42:38Z,6.67,84.15
2026-09-09T15:43:38Z,,84.12
2026-09-09T15:44:38Z,6.66,83.98
2026-09-09T15:45:38Z,6.66,
2026-09-09T15:46:38Z,6.67,84.18
2026-09-09T15:47:38Z,6.67,84.19
2026-09-09T15:48:38Z,6.67,84.13
2026-09-09T15:49:38Z,,84.17
2026-09-09T15:50:38Z,,83.94
2026-09-09T15:51:38Z,6.65,83.81
2026-09-09T15:52:38Z,6.65,
2026-09-09T15:53:38Z,6.64,
2026-09-09T15:54:38Z,6.63,83.56
2026-09-09T15:55:38Z,6.63,83.56
2026-09-09T15:56:38Z,,83.6
2026-09-09T15:57:38Z,,83.69
2026-09-09T15:59:38Z,6.65,
2026-09-09T16:00:38Z,6.65,
2026-09-09T16:01:38Z,6.65,
2026-09-09T16:02:38Z,6.64,83.74
2026-09-09T16:03:38Z,6.64,83.63
2026-09-09T16:04:38Z,,83.72
2026-09-09T16:05:38Z,,83.61
2026-09-09T16:06:38Z,6.64,83.66
2026-09-09T16:07:38Z,6.64,
2026-09-09T16:08:38Z,6.65,
2026-09-09T16:09:38Z,6.65,83.8
2026-09-09T16:10:38Z,6.66,84.07
2026-09-09T16:11:38Z,,84.29
2026-09-09T16:12:38Z,,84.16
2026-09-09T16:13:38Z,6.67,84.22
2026-09-09T16:14:38Z,6.66,
2026-09-09T16:15:38Z,6.65,
2026-09-09T16:16:38Z,6.65,83.91
2026-09-09T16:17:38Z,6.65,83.82
2026-09-09T16:18:38Z,,83.77
2026-09-09T16:19:38Z,,83.51
2026-09-09T16:20:38Z,6.64,83.62
2026-09-09T16:21:38Z,6.62,
2026-09-09T16:22:38Z,6.61,
2026-09-09T16:23:38Z,6.61,83.25
2026-09-09T16:24:38Z,6.6,83.08
2026-09-09T16:25:38Z,,82.86
2026-09-09T16:26:38Z,6.58,82.64
2026-09-09T16:27:38Z,6.58,82.62
2026-09-09T16:28:38Z,6.58,
2026-09-09T16:29:38Z,6.58,82.59
2026-09-09T16:30:38Z,6.58,82.72
2026-09-09T16:31:38Z,,82.8
2026-09-09T16:32:38Z,,82.95
2026-09-09T16:33:38Z,6.6,82.95
2026-09-09T16:34:38Z,6.58,
2026-09-09T16:35:38Z,6.58,
2026-09-09T16:36:38Z,6.59,82.89
2026-09-09T16:37:38Z,,83.02
2026-09-09T16:38:38Z,,83.06
2026-09-09T16:39:38Z,6.59,82.86
2026-09-09T16:40:38Z,6.58,82.74
2026-09-09T16:41:38Z,6.59,
2026-09-09T16:42:38Z,6.59,
2026-09-09T16:43:38Z,6.57,82.55
2026-09-09T16:44:38Z,,82.56
2026-09-09T16:45:38Z,,82.55
2026-09-09T16:46:38Z,6.58,82.63
2026-09-09T16:47:38Z,6.55,82.24
2026-09-09T16:48:38Z,6.56,
2026-09-09T16:49:38Z,6.57,82.47
2026-09-09T16:50:38Z,6.56,82.32
2026-09-09T16:51:38Z,,82.28
2026-09-09T16:52:38Z,6.55,82.24
2026-09-09T16:53:38Z,6.55,82.15
2026-09-09T16:54:38Z,6.55,
2026-09-09T16:55:38Z,6.55,
2026-09-09T16:56:38Z,6.56,82.36
2026-09-09T16:57:38Z,,82.38
2026-09-09T16:58:38Z,,82.55
2026-09-09T16:59:38Z,6.58,82.73
2026-09-09T17:00:38Z,6.58,82.68
2026-09-09T17:01:38Z,6.58,
2026-09-09T17:02:38Z,6.59,
2026-09-09T17:03:38Z,6.6,82.99
2026-09-09T17:04:38Z,6.61,83.09
2026-09-09T17:05:38Z,,83.2
2026-09-09T17:06:38Z,7.28,83.49
2026-09-09T17:07:38Z,6.63,83.48
2026-09-09T17:08:38Z,6.63,
2026-09-09T17:09:38Z,7.28,
2026-09-09T17:10:38Z,6.62,83.33
2026-09-09T17:11:38Z,,83.4
2026-09-09T17:12:38Z,,83.4
2026-09-09T17:13:38Z,6.62,83.35
2026-09-09T17:14:38Z,6.64,83.62
2026-09-09T17:15:38Z,6.64,
2026-09-09T17:16:38Z,6.64,
2026-09-09T17:17:38Z,6.63,83.53
2026-09-09T17:18:38Z,,83.59
2026-09-09T17:19:38Z,7.29,83.61
2026-09-09T17:20:38Z,7.28,83.46
2026-09-09T17:21:38Z,6.63,83.47
2026-09-09T17:22:38Z,6.62,
2026-09-09T17:23:38Z,6.63,
2026-09-09T17:24:38Z,6.63,83.5
2026-09-09T17:25:38Z,,83.29
2026-09-09T17:26:38Z,,83.33
2026-09-09T17:27:38Z,6.62,83.29
2026-09-09T17:28:38Z,6.62,83.29
2026-09-09T17:29:38Z,6.62,
2026-09-09T17:30:38Z,6.62,
2026-09-09T17:31:38Z,6.62,83.32
2026-09-09T17:32:38Z,,83.23
2026-09-09T17:33:38Z,,83.2
2026-09-09T17:34:38Z,6.61,83.25
2026-09-09T17:35:38Z,6.62,83.29
2026-09-09T17:36:38Z,6.62,
2026-09-09T17:37:38Z,6.62,
2026-09-09T17:38:38Z,,83.19
2026-09-09T17:39:38Z,,83.27
2026-09-09T17:40:38Z,6.62,83.33
2026-09-09T17:41:38Z,6.62,83.36
2026-09-09T17:42:38Z,6.62,83.33
2026-09-09T17:43:38Z,6.62,
2026-09-09T17:44:38Z,6.62,83.36
2026-09-09T17:45:38Z,,83.38
2026-09-09T17:46:38Z,,83.42
2026-09-09T17:47:38Z,6.63,83.46
2026-09-09T17:48:38Z,6.62,83.4
2026-09-09T17:49:38Z,6.62,
2026-09-09T17:50:38Z,6.63,
2026-09-09T17:51:38Z,6.62,83.36
2026-09-09T17:52:38Z,,83.3
2026-09-09T17:53:38Z,,83.16
2026-09-09T17:54:38Z,6.61,83.23
2026-09-09T17:55:38Z,6.62,83.38
2026-09-09T17:56:38Z,6.63,
2026-09-09T17:57:38Z,6.62,
2026-09-09T17:59:38Z,,83.38
2026-09-09T18:00:38Z,,83.44
2026-09-09T18:01:38Z,,83.61
2026-09-09T18:02:38Z,6.63,83.52
2026-09-09T18:03:38Z,6.62,83.38
2026-09-09T18:04:38Z,6.62,
2026-09-09T18:05:38Z,6.63,
2026-09-09T18:06:38Z,6.62,83.4
2026-09-09T18:07:38Z,,83.54
2026-09-09T18:08:38Z,,83.41
2026-09-09T18:09:38Z,6.62,83.41
2026-09-09T18:10:38Z,6.61,83.24
2026-09-09T18:11:38Z,6.61,83.24
2026-09-09T18:12:38Z,6.62,
2026-09-09T18:13:38Z,6.61,83.19
2026-09-09T18:14:38Z,,83.07
2026-09-09T18:15:38Z,,82.92
2026-09-09T18:16:38Z,6.59,82.91
2026-09-09T18:17:38Z,6.6,82.93
2026-09-09T18:18:38Z,6.58,
2026-09-09T18:19:38Z,6.57,82.52
2026-09-09T18:20:38Z,6.56,82.41
2026-09-09T18:21:38Z,,82.26
2026-09-09T18:22:38Z,6.56,82.27
2026-09-09T18:23:38Z,6.56,82.25
2026-09-09T18:24:38Z,6.56,
2026-09-09T18:25:38Z,6.57,
2026-09-09T18:26:38Z,6.58,82.59
2026-09-09T18:27:38Z,,82.48
2026-09-09T18:28:38Z,,82.53
2026-09-09T18:29:38Z,6.57,82.48
2026-09-09T18:30:38Z,6.57,82.45
2026-09-09T18:31:38Z,6.56,
2026-09-09T18:32:38Z,6.55,
2026-09-09T18:33:38Z,6.56,82.25
2026-09-09T18:34:38Z,,82.26
2026-09-09T18:35:38Z,,82.27
2026-09-09T18:36:38Z,6.56,82.39
2026-09-09T18:37:38Z,6.56,82.31
2026-09-09T18:38:38Z,6.56,
2026-09-09T18:39:38Z,6.56,82.33
2026-09-09T18:40:38Z,,82.3
2026-09-09T18:41:38Z,,82.29
2026-09-09T18:42:38Z,6.56,82.28
2026-09-09T18:43:38Z,6.56,82.3
2026-09-09T18:44:38Z,6.56,82.38
2026-09-09T18:45:38Z,6.56,82.33
2026-09-09T18:46:38Z,,82.32
2026-09-09T18:47:38Z,,82.39
2026-09-09T18:48:38Z,6.57,82.47
2026-09-09T18:49:38Z,6.57,82.47
2026-09-09T18:50:38Z,6.57,82.54
2026-09-09T18:51:38Z,6.57,
2026-09-09T18:52:38Z,,82.44
2026-09-09T18:53:38Z,,82.46
2026-09-09T18:54:38Z,6.57,82.42
2026-09-09T18:55:38Z,6.56,82.39
2026-09-09T18:56:38Z,6.56,82.4
2026-09-09T18:57:38Z,6.57,
2026-09-09T18:58:38Z,6.57,
2026-09-09T18:59:38Z,6.58,82.62
2026-09-09T19:00:38Z,6.59,82.78
2026-09-09T19:01:38Z,6.59,82.81
2026-09-09T19:02:38Z,6.59,82.91
2026-09-09T19:03:38Z,6.61,83.09
2026-09-09T19:04:38Z,6.61,
2026-09-09T19:05:38Z,6.61,83.22
2026-09-09T19:06:38Z,6.61,83.23
2026-09-09T19:07:38Z,6.61,83.17
2026-09-09T19:08:38Z,6.6,83
2026-09-09T19:09:38Z,6.58,82.74
2026-09-09T19:11:38Z,6.56,82.3
2026-09-09T19:12:38Z,6.56,82.25
2026-09-09T19:13:38Z,6.55,82.12
2026-09-09T19:14:38Z,6.55,82.11
2026-09-09T19:15:38Z,6.54,82.06
2026-09-09T19:17:38Z,6.55,82.13
2026-09-09T19:18:38Z,6.54,82.05
2026-09-09T19:19:38Z,6.54,82.04
2026-09-09T19:20:38Z,6.54,81.94
2026-09-09T19:21:38Z,6.54,81.97
2026-09-09T19:23:38Z,6.54,82.01
2026-09-09T19:24:38Z,6.55,82.13
2026-09-09T19:25:38Z,6.55,82.09
2026-09-09T19:26:38Z,6.55,82.16
2026-09-09T19:27:38Z,6.56,82.35
2026-09-09T19:28:38Z,6.55,82.21
2026-09-09T19:29:38Z,6.55,82.18
2026-09-09T19:30:38Z,6.55,82.12
2026-09-09T19:31:38Z,6.54,82.01
2026-09-09T19:32:38Z,6.54,82
2026-09-09T19:34:38Z,6.54,82.01
2026-09-09T19:35:38Z,6.54,81.91
2026-09-09T19:36:38Z,6.53,81.8
2026-09-09T19:37:38Z,6.53,81.76
2026-09-09T19:38:38Z,6.53,81.82
2026-09-09T19:39:38Z,6.53,81.75
2026-09-09T19:41:38Z,6.52,81.73
2026-09-09T19:42:38Z,6.53,81.76
2026-09-09T19:43:38Z,6.52,81.72
2026-09-09T19:44:38Z,7.17,81.7
2026-09-09T19:45:38Z,6.53,81.8
2026-09-09T19:47:38Z,6.53,81.9
2026-09-09T19:48:38Z,6.53,81.84
2026-09-09T19:49:38Z,6.53,81.82
2026-09-09T19:50:38Z,6.54,81.91
2026-09-09T19:51:38Z,6.54,82
2026-09-09T19:53:38Z,6.54,82.04
2026-09-09T19:54:38Z,6.54,82.05
2026-09-09T19:55:38Z,6.55,82.17
2026-09-09T19:56:38Z,6.55,82.19
2026-09-09T19:57:38Z,6.55,82.21
2026-09-09T20:00:38Z,,82.23
2026-09-09T20:01:38Z,6.56,82.26
2026-09-09T20:02:38Z,6.56,82.34
2026-09-09T20:03:38Z,6.56,82.4
2026-09-09T20:04:38Z,6.56,82.38
2026-09-09T20:05:38Z,6.56,
2026-09-09T20:07:38Z,6.56,82.36
2026-09-09T20:08:38Z,6.57,82.49
2026-09-09T20:09:38Z,6.57,82.54
2026-09-09T20:10:38Z,6.58,82.58
2026-09-09T20:11:38Z,6.58,
2026-09-09T20:13:38Z,6.58,82.69
2026-09-09T20:14:38Z,6.59,82.76
2026-09-09T20:15:38Z,6.59,82.77
2026-09-09T20:16:38Z,6.59,82.83
2026-09-09T20:17:38Z,6.59,
2026-09-09T20:19:38Z,,82.86
2026-09-09T20:20:38Z,,82.91
2026-09-09T20:21:38Z,6.6,82.94
2026-09-09T20:22:38Z,6.6,82.99
2026-09-09T20:23:38Z,6.6,83.04
2026-09-09T20:24:38Z,6.6,83.05
2026-09-09T20:25:38Z,6.61,
2026-09-09T20:26:38Z,,83.19
2026-09-09T20:27:38Z,6.61,83.2
2026-09-09T20:28:38Z,6.61,83.19
2026-09-09T20:29:38Z,6.61,83.22
2026-09-09T20:30:38Z,6.61,83.18
2026-09-09T20:31:38Z,6.61,
2026-09-09T20:32:38Z,,83.27
2026-09-09T20:33:38Z,6.62,83.28
2026-09-09T20:34:38Z,6.62,83.3
2026-09-09T20:35:38Z,6.61,83.24
2026-09-09T20:36:38Z,6.61,83.23
2026-09-09T20:37:38Z,6.62,83.26
2026-09-09T20:38:38Z,6.62,83.27
2026-09-09T20:39:38Z,6.61,83.22
2026-09-09T20:40:38Z,,83.01
2026-09-09T20:41:38Z,6.6,83.01
2026-09-09T20:42:38Z,6.59,82.83
2026-09-09T20:43:38Z,6.59,82.78
2026-09-09T20:44:38Z,6.59,82.8
2026-09-09T20:45:38Z,6.58,82.72
2026-09-09T20:47:38Z,6.59,
2026-09-09T20:48:38Z,6.59,82.84
2026-09-09T20:49:38Z,6.59,82.82
2026-09-09T20:50:38Z,6.59,82.83
2026-09-09T20:51:38Z,6.59,82.79
2026-09-09T20:53:38Z,6.58,82.59
2026-09-09T20:54:38Z,6.57,82.52
2026-09-09T20:55:38Z,6.57,82.49
2026-09-09T20:56:38Z,6.56,82.41
2026-09-09T20:57:38Z,6.56,82.38
2026-09-09T21:00:38Z,6.55,82.19
2026-09-09T21:01:38Z,6.55,82.09
2026-09-09T21:02:38Z,6.54,82.02
2026-09-09T21:03:38Z,6.54,82
2026-09-09T21:04:38Z,6.52,81.71
2026-09-09T21:07:38Z,6.5,81.35
2026-09-09T21:08:38Z,6.5,81.25
2026-09-09T21:09:38Z,6.49,81.16
2026-09-09T21:10:38Z,7.13,80.94
2026-09-09T21:11:38Z,7.13,80.91
2026-09-09T21:13:38Z,,80.79
2026-09-09T21:14:38Z,6.47,80.73
2026-09-09T21:15:38Z,6.46,80.7
2026-09-09T21:16:38Z,6.47,80.73
2026-09-09T21:17:38Z,6.46,80.7
2026-09-09T21:19:38Z,6.46,80.61
2026-09-09T21:20:38Z,6.45,80.53
2026-09-09T21:21:38Z,6.45,80.54
2026-09-09T21:22:38Z,6.45,80.54
2026-09-09T21:23:38Z,6.45,80.51
2026-09-09T21:24:38Z,6.45,80.47
2026-09-09T21:25:38Z,6.44,80.33
2026-09-09T21:26:38Z,6.45,80.42
2026-09-09T21:28:38Z,6.45,80.5
2026-09-09T21:29:38Z,6.44,80.36
2026-09-09T21:30:38Z,6.44,80.38
2026-09-09T21:31:38Z,6.44,80.35
2026-09-09T21:32:38Z,6.44,80.34
2026-09-09T21:34:38Z,6.44,80.31
2026-09-09T21:35:38Z,6.44,80.27
2026-09-09T21:36:38Z,6.43,80.21
2026-09-09T21:37:38Z,6.43,80.16
2026-09-09T21:38:38Z,6.42,80.04
2026-09-09T21:39:38Z,6.41,79.88
2026-09-09T21:40:38Z,6.42,
2026-09-09T21:41:38Z,6.42,79.95
2026-09-09T21:42:38Z,6.41,79.85
2026-09-09T21:43:38Z,6.41,79.73
2026-09-09T21:44:38Z,6.4,79.65
2026-09-09T21:45:38Z,,79.66
2026-09-09T21:47:38Z,6.43,80.09
2026-09-09T21:48:38Z,6.41,79.73
2026-09-09T21:49:38Z,7.06,79.85
2026-09-09T21:50:38Z,6.41,79.77
2026-09-09T21:51:38Z,6.42,79.95
2026-09-09T21:53:38Z,6.41,79.73
2026-09-09T21:54:38Z,6.4,79.58
2026-09-09T21:55:38Z,6.39,79.5
2026-09-09T21:56:38Z,6.4,79.59
2026-09-09T21:57:38Z,6.39,79.55
2026-09-09T21:59:38Z,6.41,
2026-09-09T22:00:38Z,6.43,80.06
2026-09-09T22:01:38Z,6.41,79.84
2026-09-09T22:02:38Z,6.41,79.78
2026-09-09T22:03:38Z,6.42,79.99
2026-09-09T22:04:38Z,,79.86
2026-09-09T22:06:38Z,6.41,79.81
2026-09-09T22:07:38Z,6.41,79.81
2026-09-09T22:08:38Z,6.42,79.98
2026-09-09T22:09:38Z,6.43,80.08
2026-09-09T22:10:38Z,,79.94
2026-09-09T22:11:38Z,6.43,
2026-09-09T22:12:38Z,6.43,80.22
2026-09-09T22:13:38Z,6.42,80
2026-09-09T22:14:38Z,6.42,80.05
2026-09-09T22:15:38Z,6.42,80.05
2026-09-09T22:16:38Z,,80.11
2026-09-09T22:17:38Z,6.43,
2026-09-09T22:18:38Z,6.44,80.38
2026-09-09T22:19:38Z,6.43,80.06
2026-09-09T22:20:38Z,6.43,80.06
2026-09-09T22:21:38Z,6.43,80.17
2026-09-09T22:22:38Z,,79.98
2026-09-09T22:23:38Z,6.43,
2026-09-09T22:24:38Z,6.43,80.07
2026-09-09T22:25:38Z,6.43,80.09
2026-09-09T22:26:38Z,6.44,80.25
2026-09-09T22:27:38Z,6.96,80.27
2026-09-09T22:28:38Z,,80.24
2026-09-09T22:29:38Z,6.44,80.23
2026-09-09T22:30:38Z,6.44,80.27
2026-09-09T22:31:38Z,6.46,80.59
2026-09-09T22:32:38Z,6.44,80.35
2026-09-09T22:33:38Z,6.48,81.05
2026-09-09T22:34:38Z,,81.36
2026-09-09T22:35:38Z,6.52,81.72
2026-09-09T22:36:38Z,6.54,
2026-09-09T22:37:38Z,6.52,81.72
2026-09-09T22:38:38Z,6.56,82.29
2026-09-09T22:39:38Z,6.59,82.82
2026-09-09T22:40:38Z,,83.08
2026-09-09T22:41:38Z,6.6,
2026-09-09T22:42:38Z,6.64,83.59
2026-09-09T22:43:38Z,6.64,83.74
2026-09-09T22:44:38Z,6.65,83.86
2026-09-09T22:45:38Z,6.66,84.07
2026-09-09T22:46:38Z,,84.28
2026-09-09T22:47:38Z,6.64,
2026-09-09T22:48:38Z,6.67,84.2
2026-09-09T22:49:38Z,6.66,83.97
2026-09-09T22:50:38Z,6.64,83.6
2026-09-09T22:51:38Z,6.64,83.75
2026-09-09T22:52:38Z,,83.19
2026-09-09T22:53:38Z,7.11,
2026-09-09T22:54:38Z,6.61,83.15
2026-09-09T22:55:38Z,6.59,82.85
2026-09-09T22:56:38Z,6.58,82.65
2026-09-09T22:57:38Z,6.58,82.72
2026-09-09T22:58:38Z,,82.54
2026-09-09T22:59:38Z,,82.03
2026-09-09T23:01:38Z,6.55,
2026-09-09T23:02:38Z,6.52,
2026-09-09T23:03:38Z,6.53,81.82
2026-09-09T23:04:38Z,6.53,81.85
2026-09-09T23:05:38Z,6.53,81.82
2026-09-09T23:06:38Z,,81.26
2026-09-09T23:07:38Z,6.47,
2026-09-09T23:08:38Z,6.47,
2026-09-09T23:09:38Z,6.47,80.85
2026-09-09T23:10:38Z,6.46,80.64
2026-09-09T23:11:38Z,6.96,80.23
2026-09-09T23:12:38Z,,80.49
2026-09-09T23:13:38Z,,80.85
2026-09-09T23:14:38Z,6.45,
2026-09-09T23:15:38Z,6.47,
2026-09-09T23:16:38Z,6.47,80.74
2026-09-09T23:17:38Z,6.45,80.46
2026-09-09T23:18:38Z,6.44,80.34
2026-09-09T23:19:38Z,,80.15
2026-09-09T23:20:38Z,,79.93
2026-09-09T23:21:38Z,6.42,
2026-09-09T23:22:38Z,6.44,
2026-09-09T23:23:38Z,6.41,79.84
2026-09-09T23:24:38Z,6.42,79.98
2026-09-09T23:25:38Z,6.42,80.01
2026-09-09T23:26:38Z,,79.76
2026-09-09T23:27:38Z,6.41,79.81
2026-09-09T23:28:38Z,6.4,
2026-09-09T23:29:38Z,6.88,78.95
2026-09-09T23:30:38Z,6.36,78.97
2026-09-09T23:31:38Z,6.35,78.86
2026-09-09T23:32:38Z,,78.7
2026-09-09T23:33:38Z,6.36,79.02
2026-09-09T23:34:38Z,6.36,
2026-09-09T23:35:38Z,6.38,79.37
2026-09-09T23:36:38Z,6.38,79.25
2026-09-09T23:37:38Z,6.37,79.16
2026-09-09T23:38:38Z,,79.1
2026-09-09T23:39:38Z,,78.63
2026-09-09T23:40:38Z,,78.52
2026-09-09T23:41:38Z,6.3,77.91
2026-09-09T23:42:38Z,6.29,77.71
2026-09-09T23:43:38Z,6.25,77.09
2026-09-09T23:44:38Z,6.25,77.15
2026-09-09T23:45:38Z,,76.92
2026-09-09T23:46:38Z,6.2,76.32
2026-09-09T23:47:38Z,6.2,76.28
2026-09-09T23:48:38Z,6.18,75.92
2026-09-09T23:49:38Z,6.19,76.15
2026-09-09T23:50:38Z,6.17,75.79
2026-09-09T23:51:38Z,6.11,
2026-09-09T23:52:38Z,6.11,74.8
2026-09-09T23:53:38Z,6.1,74.66
2026-09-09T23:54:38Z,6.13,75.07
2026-09-09T23:55:38Z,6.11,74.78
2026-09-09T23:56:38Z,,74.24
2026-09-09T23:58:38Z,6.08,
2026-09-09T23:59:38Z,6.05,73.69
2026-09-10T00:00:38Z,6.06,73.98
2026-09-10T00:01:38Z,6.05,73.67
2026-09-10T00:02:38Z,,73.2
2026-09-10T00:03:38Z,,73.16
2026-09-10T00:04:38Z,6.02,
2026-09-10T00:05:38Z,6.07,74.12
2026-09-10T00:06:38Z,6.02,73.21
2026-09-10T00:07:38Z,6.52,72.9
2026-09-10T00:08:38Z,6.47,72.12
2026-09-10T00:09:38Z,,72.58
2026-09-10T00:10:38Z,6.51,
2026-09-10T00:11:38Z,6.49,72.47
2026-09-10T00:12:38Z,5.99,72.69
2026-09-10T00:13:38Z,5.95,71.99
2026-09-10T00:14:38Z,6.44,71.54
2026-09-10T00:15:38Z,,72
2026-09-10T00:16:38Z,6.48,
2026-09-10T00:17:38Z,6.46,71.96
2026-09-10T00:18:38Z,6.46,71.89
2026-09-10T00:19:38Z,5.93,71.79
2026-09-10T00:20:38Z,6.46,71.98
2026-09-10T00:21:38Z,,71.65
2026-09-10T00:23:38Z,5.9,
2026-09-10T00:24:38Z,5.91,71.39
2026-09-10T00:25:38Z,5.89,71.05
2026-09-10T00:26:38Z,5.89,71.09
2026-09-10T00:27:38Z,5.9,71.17
2026-09-10T01:00:38Z,6.22,65.65
2026-09-10T01:02:38Z,6.39,66.29
2026-09-10T01:03:38Z,5.62,66.55
2026-09-10T01:04:38Z,5.64,66.94
2026-09-10T01:05:38Z,5.64,66.89
2026-09-10T01:06:38Z,5.67,67.3
2026-09-10T01:08:38Z,5.7,
2026-09-10T01:09:38Z,6.46,67.56
2026-09-10T01:10:38Z,6.47,67.73
2026-09-10T01:11:38Z,6.47,67.62
2026-09-10T01:12:38Z,7.26,67.92
2026-09-10T01:14:38Z,5.7,67.81
2026-09-10T01:15:38Z,5.68,67.49
2026-09-10T01:16:38Z,6.45,67.34
2026-09-10T01:17:38Z,6.49,68.08
2026-09-10T01:18:38Z,6.45,67.34
2026-09-10T01:19:38Z,,67.62
2026-09-10T01:20:38Z,5.67,
2026-09-10T01:21:38Z,5.7,67.81
2026-09-10T01:22:38Z,5.7,67.95
2026-09-10T01:23:38Z,5.69,67.73
2026-09-10T01:24:38Z,6.49,68.11
2026-09-10T01:25:38Z,6.5,68.18
2026-09-10T01:27:38Z,6.56,
2026-09-10T01:28:38Z,5.79,69.36
2026-09-10T01:29:38Z,5.79,69.37
2026-09-10T01:30:38Z,6.6,69.81
2026-09-10T01:31:38Z,6.62,70.14
2026-09-10T01:32:38Z,,70.34
2026-09-10T01:34:38Z,5.85,70.46
2026-09-10T01:35:38Z,5.85,70.32
2026-09-10T01:36:38Z,5.82,69.91
2026-09-10T01:37:38Z,5.87,70.66
2026-09-10T01:38:38Z,,71.13
2026-09-10T01:40:38Z,5.95,72.06
2026-09-10T01:41:38Z,6.01,73.09
2026-09-10T01:42:38Z,6.09,74.43
2026-09-10T01:43:38Z,6.03,73.46
2026-09-10T01:44:38Z,6.08,74.19
2026-09-10T01:46:38Z,6.12,
2026-09-10T01:47:38Z,6.98,76.21
2026-09-10T01:48:38Z,6.18,75.95
2026-09-10T01:49:38Z,6.14,75.21
2026-09-10T01:50:38Z,6.17,75.8
2026-09-10T01:51:38Z,,75.27
2026-09-10T01:52:38Z,6.17,
2026-09-10T01:53:38Z,6.16,75.67
2026-09-10T01:54:38Z,6.2,76.22
2026-09-10T01:55:38Z,6.8,75.44
2026-09-10T01:56:38Z,6.77,74.85
2026-09-10T01:57:38Z,,74.32
2026-09-10T01:59:38Z,6.05,
2026-09-10T02:00:38Z,6.07,74.08
2026-09-10T02:01:38Z,6.06,73.89
2026-09-10T02:02:38Z,6.03,73.49
2026-09-10T02:03:38Z,6.07,74.04
2026-09-10T02:04:38Z,,73.69
2026-09-10T02:05:38Z,6.04,
2026-09-10T02:06:38Z,6.02,73.19
2026-09-10T02:07:38Z,6.69,73.52
2026-09-10T02:08:38Z,6.01,73.15
2026-09-10T02:09:38Z,5.96,72.29
2026-09-10T02:10:38Z,5.96,72.3
2026-09-10T02:11:38Z,6.62,72.47
2026-09-10T02:12:38Z,5.99,72.67
2026-09-10T03:07:38Z,5.47,63.92
2026-09-10T03:08:38Z,5.44,63.48
2026-09-10T03:09:38Z,5.44,63.5
2026-09-10T03:10:38Z,5.48,64.13
2026-09-10T03:11:38Z,6.26,64.11
2026-09-10T03:12:38Z,6.3,64.89
2026-09-10T03:13:38Z,6.3,64.84
2026-09-10T03:14:38Z,6.34,65.48
2026-09-10T03:15:38Z,6.33,65.27
2026-09-10T03:16:38Z,6.35,65.74
2026-09-10T03:17:38Z,6.36,65.8
2026-09-10T03:18:38Z,5.6,66.11
2026-09-10T03:19:38Z,6.36,65.83
2026-09-10T03:20:38Z,,65.67
2026-09-10T03:21:38Z,5.6,
2026-09-10T03:22:38Z,6.41,66.66
2026-09-10T03:23:38Z,6.37,65.94
2026-09-10T03:24:38Z,6.4,66.49
2026-09-10T03:25:38Z,6.38,66.17
2026-09-10T03:26:38Z,6.39,
2026-09-10T03:27:38Z,5.62,66.53
2026-09-10T03:28:38Z,6.38,66.16
2026-09-10T03:29:38Z,6.35,65.68
2026-09-10T03:30:38Z,5.59,65.95
2026-09-10T03:31:38Z,,65.91
2026-09-10T03:32:38Z,6.34,65.54
2026-09-10T03:33:38Z,6.33,65.32
2026-09-10T03:34:38Z,6.31,65
2026-09-10T03:35:38Z,5.51,64.64
2026-09-10T03:36:38Z,,64.16
2026-09-10T03:37:38Z,6.28,
2026-09-10T03:38:38Z,5.46,63.83
2026-09-10T03:39:38Z,5.44,63.45
2026-09-10T03:40:38Z,5.47,63.97
2026-09-10T03:41:38Z,6.25,64.02
2026-09-10T03:42:38Z,,64.45
2026-09-10T03:43:38Z,5.47,
2026-09-10T03:44:38Z,6.23,63.74
2026-09-10T03:45:38Z,5.49,64.29
2026-09-10T03:46:38Z,5.52,64.86
2026-09-10T03:47:38Z,6.33,65.28
2026-09-10T03:48:38Z,,64.38
2026-09-10T03:49:38Z,5.5,
2026-09-10T03:50:38Z,5.49,64.26
2026-09-10T03:51:38Z,5.41,62.98
2026-09-10T03:52:38Z,6.22,63.47
2026-09-10T03:53:38Z,5.44,63.51
2026-09-10T03:54:38Z,,63.91
2026-09-10T03:55:38Z,5.48,64.17
2026-09-10T03:56:38Z,5.5,64.48
2026-09-10T03:57:38Z,5.56,65.47
2026-09-10T03:58:38Z,5.66,67.24
2026-09-10T03:59:38Z,6.6,69.96
2026-09-10T04:00:38Z,,71.08
2026-09-10T04:02:38Z,6.84,
2026-09-10T04:03:38Z,6.15,75.38
2026-09-10T04:04:38Z,6.26,77.21
2026-09-10T04:05:38Z,6.29,77.77
2026-09-10T04:06:38Z,6.31,78.16
2026-09-10T04:08:38Z,7.02,
2026-09-10T04:09:38Z,6.31,78.13
2026-09-10T04:10:38Z,6.34,78.59
2026-09-10T04:11:38Z,6.39,79.4
2026-09-10T04:12:38Z,6.33,78.54
2026-09-10T04:14:38Z,6.38,79.23
2026-09-10T04:15:38Z,7.12,78.67
2026-09-10T04:16:38Z,7.12,78.64
2026-09-10T04:17:38Z,6.37,79.1
2026-09-10T04:18:38Z,6.94,77.83
2026-09-10T04:20:38Z,6.34,
2026-09-10T04:21:38Z,6.31,78.13
2026-09-10T04:22:38Z,6.36,79.02
2026-09-10T04:23:38Z,6.34,78.64
2026-09-10T04:24:38Z,6.3,77.93
2026-09-10T04:25:38Z,,77.07
2026-09-10T04:27:38Z,6.24,76.89
2026-09-10T04:28:38Z,6.22,76.57
2026-09-10T04:29:38Z,6.17,75.78
2026-09-10T04:30:38Z,6.17,75.81
2026-09-10T04:31:38Z,6.19,76.17
2026-09-10T04:33:38Z,6.11,74.82
2026-09-10T04:34:38Z,6.75,74.53
2026-09-10T04:35:38Z,6.74,74.43
2026-09-10T04:36:38Z,6.7,73.82
2026-09-10T04:37:38Z,6.71,73.93
2026-09-10T04:38:38Z,6.03,
2026-09-10T04:39:38Z,6.03,73.34
2026-09-10T04:40:38Z,6.67,73.17
2026-09-10T04:41:38Z,6.64,72.76
2026-09-10T04:42:38Z,6.64,72.82
2026-09-10T04:43:38Z,,72.87
2026-09-10T04:44:38Z,6.62,72.41
2026-09-10T04:45:38Z,6,72.99
2026-09-10T04:46:38Z,5.98,72.54
2026-09-10T04:47:38Z,5.94,71.95
2026-09-10T04:48:38Z,6.58,71.71
2026-09-10T04:50:38Z,6.55,71.31
2026-09-10T04:51:38Z,6.54,71.08
2026-09-10T04:52:38Z,5.86,70.64
2026-09-10T04:53:38Z,5.84,70.29
2026-09-10T04:54:38Z,5.85,70.34
2026-09-10T04:56:38Z,6.5,
2026-09-10T04:57:38Z,6.48,70.09
2026-09-10T04:58:38Z,5.8,69.59
2026-09-10T04:59:38Z,5.82,69.8
2026-09-10T05:00:38Z,5.78,69.26
2026-09-10T05:01:38Z,,67.96
2026-09-10T05:02:38Z,5.61,
2026-09-10T05:03:38Z,6.17,64.89
2026-09-10T05:04:38Z,6.18,65.05
2026-09-10T05:05:38Z,7.7,64.3
2026-09-10T05:06:38Z,6.93,64.5
2026-09-10T05:07:38Z,,63.93
2026-09-10T05:08:38Z,5.42,
2026-09-10T05:09:38Z,6.06,63.03
2026-09-10T05:10:38Z,6.25,64.02
2026-09-10T05:11:38Z,6.25,64.06
2026-09-10T05:12:38Z,5.49,64.3
2026-09-10T05:13:38Z,,64.13
2026-09-10T05:14:38Z,,63.99
2026-09-10T05:15:38Z,5.48,
2026-09-10T05:16:38Z,6.29,64.6
2026-09-10T05:17:38Z,5.48,64.21
2026-09-10T05:18:38Z,5.44,63.47
2026-09-10T05:19:38Z,5.41,63.01
2026-09-10T05:20:38Z,,61.83
2026-09-10T05:21:38Z,5.32,
2026-09-10T05:22:38Z,5.29,60.99
2026-09-10T05:23:38Z,6.11,61.62
2026-09-10T05:24:38Z,5.33,61.63
2026-09-10T05:25:38Z,5.31,61.24
2026-09-10T05:26:38Z,,60.98
2026-09-10T05:27:38Z,6.05,
2026-09-10T05:28:38Z,6.09,61.32
2026-09-10T05:29:38Z,6.09,61.36
2026-09-10T05:30:38Z,5.31,61.38
2026-09-10T05:31:38Z,5.29,61.05
2026-09-10T05:32:38Z,6.03,
2026-09-10T05:33:38Z,6.05,60.57
2026-09-10T05:34:38Z,5.29,61.02
2026-09-10T05:35:38Z,5.29,60.95
2026-09-10T05:36:38Z,5.26,60.47
2026-09-10T05:37:38Z,,60.23
2026-09-10T05:38:38Z,5.23,
2026-09-10T05:39:38Z,5.93,58.58
2026-09-10T05:40:38Z,5.92,58.47
2026-09-10T05:41:38Z,5.89,57.94
2026-09-10T05:42:38Z,5.9,58.05
2026-09-10T05:43:38Z,,58.58
2026-09-10T05:44:38Z,5.14,58.37
2026-09-10T05:45:38Z,5.13,58.31
2026-09-10T05:46:38Z,5.14,58.41
2026-09-10T05:47:38Z,6.02,57.92
2026-09-10T05:48:38Z,,58.37
2026-09-10T05:49:38Z,6.06,
2026-09-10T05:50:38Z,6.04,58.37
2026-09-10T05:51:38Z,6.06,58.7
2026-09-10T05:52:38Z,6.12,59.7
2026-09-10T05:53:38Z,,59.94
2026-09-10T05:54:38Z,6.05,58.45
2026-09-10T05:55:38Z,6.03,58.09
2026-09-10T05:56:38Z,6,57.57
2026-09-10T05:57:38Z,6.02,57.99
2026-09-10T05:58:38Z,,57.96
2026-09-10T05:59:38Z,,58.42
2026-09-10T06:00:38Z,6.05,
2026-09-10T06:01:38Z,5.08,57.39
2026-09-10T06:02:38Z,5.07,57.29
2026-09-10T06:03:38Z,5.08,57.42
2026-09-10T06:04:38Z,5.1,57.86
2026-09-10T06:05:38Z,5.14,58.5
2026-09-10T06:06:38Z,5.17,58.95
2026-09-10T06:07:38Z,5.17,58.93
2026-09-10T06:08:38Z,5.17,59.02
2026-09-10T06:09:38Z,5.18,59.14
2026-09-10T06:10:38Z,6.13,59.84
2026-09-10T06:11:38Z,5.23,59.9
2026-09-10T06:12:38Z,5.21,59.68
2026-09-10T06:13:38Z,5.22,59.82
2026-09-10T06:14:38Z,5.17,59
2026-09-10T06:15:38Z,5.21,59.58
2026-09-10T06:16:38Z,5.1,57.71
2026-09-10T06:17:38Z,5.09,57.58
2026-09-10T06:18:38Z,,58.19
2026-09-10T06:19:38Z,5.15,58.59
2026-09-10T06:20:38Z,5.13,58.25
2026-09-10T06:21:38Z,5.14,58.5
2026-09-10T06:22:38Z,5.12,58.04
2026-09-10T06:23:38Z,5.08,57.51
2026-09-10T06:24:38Z,5.12,58.19
2026-09-10T06:25:38Z,5.11,57.91
2026-09-10T06:26:38Z,5.99,57.4
2026-09-10T06:27:38Z,6.01,57.76
2026-09-10T06:28:38Z,6.02,57.95
2026-09-10T06:29:38Z,5.09,57.67
2026-09-10T06:30:38Z,6.04,58.21
2026-09-10T06:31:38Z,5.08,57.39
2026-09-10T06:32:38Z,5.03,56.6
2026-09-10T06:33:38Z,4.96,55.48
2026-09-10T06:34:38Z,4.96,55.42
2026-09-10T06:35:38Z,4.92,54.67
2026-09-10T06:36:38Z,4.88,54.16
2026-09-10T06:37:38Z,4.87,53.95
2026-09-10T06:38:38Z,4.87,53.87
2026-09-10T06:39:38Z,4.87,53.88
2026-09-10T06:40:38Z,4.83,53.22
2026-09-10T06:41:38Z,4.82,53.03
2026-09-10T06:42:38Z,4.8,52.81
2026-09-10T06:43:38Z,4.72,51.39
2026-09-10T06:44:38Z,4.72,51.33
2026-09-10T06:45:38Z,4.72,51.36
2026-09-10T06:46:38Z,4.69,50.83
2026-09-10T06:47:38Z,4.67,50.51
2026-09-10T06:48:38Z,4.67,50.63
2026-09-10T06:49:38Z,4.69,50.9
2026-09-10T06:50:38Z,5.66,51.97
2026-09-10T06:51:38Z,5.73,53.06
2026-09-10T06:52:38Z,5.73,53.02
2026-09-10T06:53:38Z,5.72,52.95
2026-09-10T06:54:38Z,5.77,53.69
2026-09-10T06:55:38Z,4.86,53.68
2026-09-10T06:56:38Z,4.91,54.54
2026-09-10T06:57:38Z,5.82,54.6
2026-09-10T06:58:38Z,5.85,55.03
2026-09-10T06:59:38Z,4.98,55.78
2026-09-10T07:00:38Z,4.98,55.83
2026-09-10T07:01:38Z,5.94,56.57
2026-09-10T07:02:38Z,5.05,56.89
2026-09-10T07:03:38Z,5.96,56.97
2026-09-10T07:04:38Z,5.99,57.46
2026-09-10T07:05:38Z,5.11,57.98
2026-09-10T07:06:38Z,5.14,58.37
2026-09-10T07:07:38Z,6.08,58.9
2026-09-10T07:08:38Z,5.22,59.73
2026-09-10T07:09:38Z,5.2,59.47
2026-09-10T07:10:38Z,5.23,59.93
2026-09-10T07:11:38Z,6.14,59.94
2026-09-10T07:12:38Z,5.24,60.13
2026-09-10T07:13:38Z,5.24,60.06
2026-09-10T07:14:38Z,5.25,60.32
2026-09-10T07:15:38Z,5.27,60.57
2026-09-10T07:16:38Z,6.14,60.05
2026-09-10T07:17:38Z,6.18,60.6
2026-09-10T07:18:38Z,5.28,60.83
2026-09-10T07:19:38Z,5.3,61.21
2026-09-10T07:20:38Z,5.32,61.5
2026-09-10T07:21:38Z,5.32,61.56
2026-09-10T07:22:38Z,5.34,61.79
2026-09-10T07:23:38Z,6.27,62.09
2026-09-10T07:24:38Z,5.36,62.17
2026-09-10T07:25:38Z,6.27,62.16
2026-09-10T07:26:38Z,5.37,62.33
2026-09-10T07:27:38Z,,62.34
2026-09-10T07:28:38Z,6.23,61.51
2026-09-10T07:29:38Z,5.33,61.6
2026-09-10T07:30:38Z,5.34,61.78
2026-09-10T07:31:38Z,5.36,62.14
2026-09-10T07:32:38Z,5.37,
2026-09-10T07:33:38Z,6.27,62.12
2026-09-10T07:34:38Z,6.32,62.93
2026-09-10T07:35:38Z,5.45,63.66
2026-09-10T07:36:38Z,5.46,63.87
2026-09-10T07:37:38Z,6.38,63.98
2026-09-10T07:38:38Z,6.36,63.63
2026-09-10T07:39:38Z,5.46,63.89
2026-09-10T07:40:38Z,5.48,64.17
2026-09-10T07:41:38Z,5.49,64.37
2026-09-10T07:42:38Z,5.5,64.45
2026-09-10T07:43:38Z,5.48,64.22
2026-09-10T07:44:38Z,5.49,64.31
2026-09-10T07:45:38Z,5.49,64.4
2026-09-10T07:46:38Z,6.42,64.64
2026-09-10T07:47:38Z,5.52,64.84
2026-09-10T07:48:38Z,6.41,64.5
2026-09-10T07:49:38Z,6.44,65.01
2026-09-10T07:50:38Z,6.46,65.38
2026-09-10T07:51:38Z,5.54,65.19
2026-09-10T07:52:38Z,5.56,65.51
2026-09-10T07:53:38Z,6.49,65.89
2026-09-10T07:54:38Z,6.34,65.53
2026-09-10T07:55:38Z,6.34,65.49
2026-09-10T07:57:38Z,6.34,65.5
2026-09-10T07:58:38Z,6.34,65.53
2026-09-10T07:59:38Z,7.28,65.96
2026-09-10T08:00:38Z,6.38,66.2
2026-09-10T08:01:38Z,6.38,66.27
2026-09-10T08:03:38Z,6.41,66.64
2026-09-10T08:04:38Z,6.43,66.96
2026-09-10T08:05:38Z,5.64,66.87
2026-09-10T08:06:38Z,5.62,66.56
2026-09-10T08:07:38Z,5.64,66.94
2026-09-10T08:08:38Z,6.44,67.26
2026-09-10T08:09:38Z,6.44,67.28
2026-09-10T08:10:38Z,6.46,67.47
2026-09-10T08:11:38Z,5.7,67.93
2026-09-10T08:12:38Z,5.72,68.24
2026-09-10T08:13:38Z,5.75,68.73
2026-09-10T08:14:38Z,6.53,68.67
2026-09-10T08:15:38Z,6.51,68.36
2026-09-10T08:16:38Z,6.5,68.22
2026-09-10T08:17:38Z,5.68,67.55
2026-09-10T08:18:38Z,6.46,67.5
2026-09-10T08:19:38Z,7.39,67.89
2026-09-10T08:20:38Z,6.49,68.02
2026-09-10T08:21:38Z,6.52,68.54
2026-09-10T08:23:38Z,7.43,68.51
2026-09-10T08:24:38Z,6.51,68.41
2026-09-10T08:25:38Z,6.51,68.36
2026-09-10T08:26:38Z,6.53,68.73
2026-09-10T08:27:38Z,6.52,68.56
2026-09-10T08:29:38Z,6.54,68.9
2026-09-10T08:30:38Z,6.57,69.39
2026-09-10T08:31:38Z,6.61,69.98
2026-09-10T08:32:38Z,5.83,69.99
2026-09-10T08:33:38Z,5.82,69.85
2026-09-10T08:35:38Z,6.59,69.76
2026-09-10T08:36:38Z,5.82,69.9
2026-09-10T08:37:38Z,5.77,69.03
2026-09-10T08:38:38Z,5.79,69.41
2026-09-10T08:39:38Z,5.8,69.51
2026-09-10T08:42:38Z,5.73,68.33
2026-09-10T08:43:38Z,5.72,68.28
2026-09-10T08:44:38Z,5.73,68.44
2026-09-10T08:45:38Z,5.71,68.08
2026-09-10T08:46:38Z,5.74,68.48
2026-09-10T08:48:38Z,5.75,68.74
2026-09-10T08:49:38Z,6.53,68.77
2026-09-10T08:50:38Z,5.76,68.94
2026-09-10T08:51:38Z,6.57,69.33
2026-09-10T08:52:38Z,6.54,68.85
2026-09-10T08:53:38Z,,69.21
2026-09-10T08:54:38Z,5.8,69.56
2026-09-10T08:55:38Z,5.82,69.89
2026-09-10T08:56:38Z,5.82,69.84
2026-09-10T08:57:38Z,5.81,69.74
2026-09-10T09:00:38Z,,70
2026-09-10T09:01:38Z,6.61,69.98
2026-09-10T09:02:38Z,5.84,70.22
2026-09-10T09:03:38Z,6.64,70.55
2026-09-10T09:04:38Z,5.87,70.66
2026-09-10T09:05:38Z,6.65,
2026-09-10T09:07:38Z,5.86,70.64
2026-09-10T09:08:38Z,5.87,70.72
2026-09-10T09:09:38Z,5.86,70.61
2026-09-10T09:10:38Z,5.85,70.39
2026-09-10T09:11:38Z,5.83,69.99
2026-09-10T09:13:38Z,6.62,70.3
2026-09-10T09:14:38Z,5.86,70.59
2026-09-10T09:15:38Z,5.84,70.16
2026-09-10T09:16:38Z,6.62,70.2
2026-09-10T09:17:38Z,6.62,70.26
2026-09-10T09:19:38Z,5.87,70.79
2026-09-10T09:20:38Z,6.67,71.14
2026-09-10T09:21:38Z,5.91,71.4
2026-09-10T09:22:38Z,6.72,71.95
2026-09-10T09:23:38Z,6.75,72.39
2026-09-10T09:25:38Z,,72.83
2026-09-10T09:26:38Z,6.8,73.29
2026-09-10T09:27:38Z,6.05,73.81
2026-09-10T09:28:38Z,6.1,74.56
2026-09-10T09:29:38Z,6.14,75.3
2026-09-10T09:30:38Z,6.21,76.38
2026-09-10T09:32:38Z,6.23,76.74
2026-09-10T09:33:38Z,6.26,77.34
2026-09-10T09:34:38Z,6.24,77.01
2026-09-10T09:35:38Z,6.23,76.84
2026-09-10T09:36:38Z,6.19,76.15
2026-09-10T09:38:38Z,6.28,77.54
2026-09-10T09:39:38Z,6.31,78.07
2026-09-10T09:40:38Z,6.31,78.18
2026-09-10T09:41:38Z,6.32,78.35
2026-09-10T09:42:38Z,6.29,77.81
2026-09-10T09:43:38Z,,77.59
2026-09-10T09:44:38Z,6.31,78.13
2026-09-10T09:45:38Z,6.96,78.14
2026-09-10T09:46:38Z,6.99,78.64
2026-09-10T09:47:38Z,6.37,79.19
2026-09-10T09:49:38Z,6.42,79.91
2026-09-10T09:50:38Z,6.47,80.84
2026-09-10T09:51:38Z,6.48,80.99
2026-09-10T09:52:38Z,6.53,81.75
2026-09-10T09:53:38Z,6.53,81.78
2026-09-10T09:54:38Z,7.17,81.7
2026-09-10T10:00:38Z,6.58,82.6
2026-09-10T10:03:38Z,6.57,82.56
2026-09-10T10:04:38Z,6.57,82.46
2026-09-10T10:05:38Z,6.56,82.38
2026-09-10T10:06:38Z,6.56,82.4
2026-09-10T10:07:38Z,6.54,81.93
2026-09-10T10:09:38Z,6.51,81.47
2026-09-10T10:10:38Z,6.5,81.37
2026-09-10T10:11:38Z,6.48,80.98
2026-09-10T10:12:38Z,6.48,80.97
2026-09-10T10:13:38Z,6.46,80.71
2026-09-10T10:15:38Z,,80.42
2026-09-10T10:16:38Z,6.43,80.21
2026-09-10T10:17:38Z,6.44,80.23
2026-09-10T10:18:38Z,6.44,80.28
2026-09-10T10:19:38Z,6.43,80.2
2026-09-10T10:21:38Z,7.2,80.04
2026-09-10T10:22:38Z,7.06,79.89
2026-09-10T10:23:38Z,6.42,79.94
2026-09-10T10:24:38Z,6.41,79.73
2026-09-10T10:26:38Z,6.4,79.63
2026-09-10T10:27:38Z,6.38,79.31
2026-09-10T10:28:38Z,7.15,79.14
2026-09-10T10:29:38Z,7.15,79.12
2026-09-10T10:30:38Z,6.38,79.35
2026-09-10T10:32:38Z,6.39,79.45
2026-09-10T10:33:38Z,6.4,79.57
2026-09-10T10:34:38Z,6.39,79.5
2026-09-10T10:35:38Z,6.39,79.51
2026-09-10T10:36:38Z,6.39,79.5
2026-09-10T10:38:38Z,6.4,79.63
2026-09-10T10:39:38Z,6.39,79.39
2026-09-10T10:40:38Z,6.4,79.62
2026-09-10T10:41:38Z,6.4,79.61
2026-09-10T10:42:38Z,6.38,79.35
2026-09-10T10:43:38Z,6.38,79.22
2026-09-10T10:44:38Z,6.37,79.11
2026-09-10T10:45:38Z,6.37,79.17
2026-09-10T10:46:38Z,6.37,79.21
2026-09-10T10:47:38Z,6.37,79.2
2026-09-10T10:48:38Z,7.15,79.2
2026-09-10T10:49:38Z,6.36,78.99
2026-09-10T10:50:38Z,6.37,79.06
2026-09-10T10:52:38Z,6.36,79.02
2026-09-10T10:53:38Z,7.15,79.12
2026-09-10T10:55:38Z,6.37,79.17
2026-09-10T10:57:38Z,6.38,79.27
2026-09-10T10:58:38Z,6.37,79.12
2026-09-10T10:59:38Z,6.37,79.08
2026-09-10T11:00:38Z,6.37,79.15
2026-09-10T11:01:38Z,7.14,78.96
2026-09-10T11:03:38Z,6.37,79.14
2026-09-10T11:04:38Z,6.37,79.11
2026-09-10T11:05:38Z,6.37,79.12
2026-09-10T11:06:38Z,6.37,79.18
2026-09-10T11:07:38Z,6.37,79.16
2026-09-10T11:09:38Z,6.37,79.13
2026-09-10T11:10:38Z,6.37,79.21
2026-09-10T11:11:38Z,6.37,79.09
2026-09-10T11:12:38Z,6.38,79.25
2026-09-10T11:13:38Z,6.38,79.22
2026-09-10T11:14:38Z,6.37,
2026-09-10T11:16:38Z,7.14,79.01
2026-09-10T11:17:38Z,7.15,79.1
2026-09-10T11:18:38Z,6.37,79.11
2026-09-10T11:19:38Z,6.37,79.13
2026-09-10T11:20:38Z,6.38,79.33
2026-09-10T11:23:38Z,6.38,79.31
2026-09-10T11:24:38Z,6.37,79.17
2026-09-10T11:25:38Z,6.37,79.1
2026-09-10T11:26:38Z,7.14,79.03
2026-09-10T11:27:38Z,6.37,79.21
2026-09-10T11:29:38Z,6.37,79.12
2026-09-10T11:30:38Z,6.38,79.27
2026-09-10T11:31:38Z,6.37,79.18
2026-09-10T11:32:38Z,6.38,79.28
2026-09-10T11:33:38Z,6.39,79.43
2026-09-10T11:36:38Z,6.38,79.35
2026-09-10T11:37:38Z,6.38,79.36
2026-09-10T11:38:38Z,6.38,79.34
2026-09-10T11:39:38Z,6.38,79.24
2026-09-10T11:40:38Z,6.39,79.41
2026-09-10T11:42:38Z,6.39,79.46
2026-09-10T11:43:38Z,7.17,79.49
2026-09-10T11:44:38Z,6.39,79.45
2026-09-10T11:45:38Z,6.4,79.61
2026-09-10T11:46:38Z,7.18,79.67
2026-09-10T11:48:38Z,6.4,79.63
2026-09-10T11:49:38Z,6.41,79.8
2026-09-10T11:50:38Z,6.42,79.92
2026-09-10T11:51:38Z,6.41,79.77
2026-09-10T11:52:38Z,6.41,79.73
2026-09-10T11:54:38Z,6.42,80
2026-09-10T11:55:38Z,6.42,80
2026-09-10T11:56:38Z,6.42,79.99
2026-09-10T11:57:38Z,6.43,80.11
2026-09-10T11:58:38Z,7.2,80
2026-09-10T11:59:38Z,6.43,80.17
2026-09-10T12:02:38Z,6.44,80.29
2026-09-10T12:03:38Z,6.44,80.27
2026-09-10T12:04:38Z,7.22,80.37
2026-09-10T12:05:38Z,6.45,80.48
2026-09-10T12:06:38Z,6.44,80.32
2026-09-10T12:08:38Z,6.44,80.32
2026-09-10T12:09:38Z,6.44,80.3
2026-09-10T12:10:38Z,6.44,80.23
2026-09-10T12:11:38Z,6.43,80.16
2026-09-10T12:12:38Z,6.43,80.2
2026-09-10T12:15:38Z,6.45,80.46
2026-09-10T12:16:38Z,6.45,80.48
2026-09-10T12:17:38Z,6.45,80.56
2026-09-10T12:18:38Z,7.23,80.54
2026-09-10T12:19:38Z,6.46,80.59
2026-09-10T12:21:38Z,6.45,80.5
2026-09-10T12:22:38Z,6.46,80.63
2026-09-10T12:23:38Z,6.46,80.72
2026-09-10T12:24:38Z,6.47,80.81
2026-09-10T12:25:38Z,6.48,80.92
2026-09-10T12:28:38Z,6.47,80.89
2026-09-10T12:29:38Z,6.47,80.85
2026-09-10T12:30:38Z,6.47,80.79
2026-09-10T12:31:38Z,6.46,80.7
2026-09-10T12:33:38Z,6.47,80.73
2026-09-10T12:34:38Z,7.26,80.91
2026-09-10T12:35:38Z,6.48,80.94
2026-09-10T12:36:38Z,6.47,80.87
2026-09-10T12:37:38Z,6.48,80.97
2026-09-10T12:39:38Z,6.46,
2026-09-10T12:40:38Z,6.46,80.64
2026-09-10T12:41:38Z,7.24,80.66
2026-09-10T12:42:38Z,6.47,80.84
2026-09-10T12:43:38Z,6.47,80.81
2026-09-10T12:44:38Z,6.46,80.72
2026-09-10T12:46:38Z,7.25,80.77
2026-09-10T12:47:38Z,7.26,80.93
2026-09-10T12:48:38Z,6.48,80.92
2026-09-10T12:49:38Z,7.13,80.96
2026-09-10T12:50:38Z,7.13,81.01
2026-09-10T12:51:38Z,7.9,
2026-09-10T12:52:38Z,7.91,80.91
2026-09-10T12:53:38Z,6.47,80.81
2026-09-10T12:54:38Z,7.12,80.83
2026-09-10T12:55:38Z,6.48,80.94
2026-09-10T12:56:38Z,,80.9
2026-09-10T12:57:38Z,7.13,
2026-09-10T12:58:38Z,7.12,80.9
2026-09-10T12:59:38Z,6.47,80.79
2026-09-10T13:00:38Z,6.47,80.85
2026-09-10T13:01:38Z,6.47,80.77
2026-09-10T13:02:38Z,,80.79
2026-09-10T13:04:38Z,7.1,80.45
2026-09-10T13:05:38Z,6.45,80.48
2026-09-10T13:06:38Z,7.1,80.51
2026-09-10T13:07:38Z,6.46,80.58
2026-09-10T13:08:38Z,7.11,80.59
2026-09-10T13:09:38Z,,80.64
2026-09-10T13:10:38Z,6.46,
2026-09-10T13:11:38Z,6.45,80.56
2026-09-10T13:12:38Z,6.46,80.68
2026-09-10T13:13:38Z,6.46,80.68
2026-09-10T13:14:38Z,6.45,80.4
2026-09-10T13:15:38Z,,80.48
2026-09-10T13:16:38Z,6.44,
2026-09-10T13:17:38Z,6.45,80.45
2026-09-10T13:18:38Z,6.44,80.39
2026-09-10T13:19:38Z,6.44,80.35
2026-09-10T13:20:38Z,6.45,80.45
2026-09-10T13:21:38Z,,80.41
2026-09-10T13:23:38Z,6.45,80.55
2026-09-10T13:24:38Z,6.45,80.53
2026-09-10T13:25:38Z,6.45,80.56
2026-09-10T13:26:38Z,6.44,80.34
2026-09-10T13:27:38Z,,80.45
2026-09-10T13:29:38Z,6.45,
2026-09-10T13:30:38Z,6.45,80.43
2026-09-10T13:31:38Z,6.45,80.49
2026-09-10T13:32:38Z,6.45,80.5
2026-09-10T13:33:38Z,6.46,80.59
2026-09-10T13:34:38Z,,80.54
2026-09-10T13:35:38Z,7.1,
2026-09-10T13:36:38Z,6.45,
2026-09-10T13:37:38Z,6.45,80.53
2026-09-10T13:38:38Z,6.45,80.44
2026-09-10T13:39:38Z,7.11,80.62
2026-09-10T13:40:38Z,,80.8
2026-09-10T13:41:38Z,6.48,80.94
2026-09-10T13:42:38Z,6.5,
2026-09-10T13:43:38Z,6.53,81.79
2026-09-10T13:44:38Z,6.55,82.24
2026-09-10T13:45:38Z,6.58,82.6
2026-09-10T13:46:38Z,,82.73
2026-09-10T13:47:38Z,6.6,83.05
2026-09-10T13:48:38Z,6.61,
2026-09-10T13:49:38Z,7.28,83.51
2026-09-10T13:50:38Z,7.29,83.64
2026-09-10T13:51:38Z,6.63,83.49
2026-09-10T13:52:38Z,,83.69
2026-09-10T13:53:38Z,6.64,83.66
2026-09-10T13:54:38Z,6.64,
2026-09-10T13:55:38Z,6.64,83.59
2026-09-10T13:56:38Z,6.61,83.25
2026-09-10T13:57:38Z,6.59,82.8
2026-09-10T13:58:38Z,,82.64
2026-09-10T13:59:38Z,7.17,81.58
2026-09-10T14:00:38Z,7.14,81.22
2026-09-10T14:01:38Z,7.14,
2026-09-10T14:02:38Z,7.13,
2026-09-10T14:03:38Z,7.03,79.38
2026-09-10T14:04:38Z,7.05,79.65
2026-09-10T14:05:38Z,6.43,80.15
2026-09-10T14:06:38Z,6.41,79.79
2026-09-10T14:08:38Z,6.38,79.29
2026-09-10T14:09:38Z,6.36,78.96
2026-09-10T14:10:38Z,6.38,79.29
2026-09-10T14:11:38Z,6.36,78.89
2026-09-10T14:12:38Z,6.37,79.07
2026-09-10T14:14:38Z,6.37,79.14
2026-09-10T14:15:38Z,6.38,79.28
2026-09-10T14:16:38Z,6.3,77.98
2026-09-10T14:17:38Z,6.29,77.86
2026-09-10T14:18:38Z,6.29,77.79
2026-09-10T14:20:38Z,,78.05
2026-09-10T14:21:38Z,6.3,77.97
2026-09-10T14:22:38Z,6.3,78
2026-09-10T14:23:38Z,6.94,77.87
2026-09-10T14:24:38Z,6.3,77.92
2026-09-10T14:25:38Z,6.29,
2026-09-10T14:26:38Z,6.3,77.94
2026-09-10T14:27:38Z,6.3,77.88
2026-09-10T14:28:38Z,6.3,77.98
2026-09-10T14:29:38Z,6.29,77.8
2026-09-10T14:30:38Z,6.29,77.86
2026-09-10T14:32:38Z,6.3,77.98
2026-09-10T14:33:38Z,6.31,78.04
2026-09-10T14:34:38Z,6.3,78.02
2026-09-10T14:35:38Z,6.3,77.97
2026-09-10T14:36:38Z,6.31,
2026-09-10T14:37:38Z,,78.33
2026-09-10T14:38:38Z,6.3,77.89
2026-09-10T14:39:38Z,6.31,78.04
2026-09-10T14:40:38Z,6.31,78.1
2026-09-10T14:41:38Z,6.31,78.16
2026-09-10T14:42:38Z,6.32,78.28
2026-09-10T14:43:38Z,6.31,78.08
2026-09-10T14:44:38Z,6.3,77.99
2026-09-10T14:45:38Z,6.3,77.95
2026-09-10T14:46:38Z,6.28,77.68
2026-09-10T14:47:38Z,6.3,
2026-09-10T14:48:38Z,6.3,77.93
2026-09-10T14:49:38Z,6.29,77.8
2026-09-10T14:50:38Z,6.29,77.73
2026-09-10T14:51:38Z,6.29,77.79
2026-09-10T14:52:38Z,6.29,
2026-09-10T14:53:38Z,,77.76
2026-09-10T14:54:38Z,6.29,77.83
2026-09-10T14:55:38Z,6.29,77.81
2026-09-10T14:56:38Z,6.28,77.7
2026-09-10T14:57:38Z,6.3,77.88
2026-09-10T15:00:38Z,,78.57
2026-09-10T15:01:38Z,6.35,78.85
2026-09-10T15:02:38Z,6.36,79.02
2026-09-10T15:03:38Z,7.03,79.36
2026-09-10T15:04:38Z,6.4,79.66
2026-09-10T15:06:38Z,6.39,79.43
2026-09-10T15:07:38Z,6.39,79.51
2026-09-10T15:08:38Z,6.41,79.81
2026-09-10T15:09:38Z,6.42,79.98
2026-09-10T15:10:38Z,6.42,79.99
2026-09-10T15:11:38Z,,80.02
2026-09-10T15:12:38Z,6.42,80.03
2026-09-10T15:13:38Z,6.41,79.85
2026-09-10T15:14:38Z,6.4,79.69
2026-09-10T15:15:38Z,6.42,79.97
2026-09-10T15:16:38Z,6.43,
2026-09-10T15:17:38Z,,80.08
2026-09-10T15:18:38Z,6.42,79.96
2026-09-10T15:19:38Z,6.42,80
2026-09-10T15:20:38Z,6.43,80.08
2026-09-10T15:21:38Z,6.42,80.05
2026-09-10T15:22:38Z,6.43,
2026-09-10T15:23:38Z,,80.12
2026-09-10T15:24:38Z,6.43,80.13
2026-09-10T15:25:38Z,6.43,80.07
2026-09-10T15:26:38Z,6.43,80.2
2026-09-10T15:27:38Z,6.43,80.2
2026-09-10T15:28:38Z,6.43,
2026-09-10T15:29:38Z,6.43,80.19
2026-09-10T15:30:38Z,6.44,80.23
2026-09-10T15:31:38Z,6.43,80.22
2026-09-10T15:32:38Z,6.44,80.37
2026-09-10T15:33:38Z,6.45,80.41
2026-09-10T15:34:38Z,6.44,80.33
2026-09-10T15:35:38Z,6.44,80.35
2026-09-10T15:36:38Z,6.45,80.45
2026-09-10T15:37:38Z,6.45,80.52
2026-09-10T15:38:38Z,6.45,80.56
2026-09-10T15:39:38Z,6.46,80.59
2026-09-10T15:40:38Z,,80.68
2026-09-10T15:41:38Z,6.46,80.57
2026-09-10T15:42:38Z,6.47,80.77
2026-09-10T15:43:38Z,6.47,80.73
2026-09-10T15:44:38Z,6.46,80.71
2026-09-10T15:45:38Z,6.47,
2026-09-10T15:46:38Z,,80.86
2026-09-10T15:47:38Z,6.47,80.88
2026-09-10T15:48:38Z,6.48,80.91
2026-09-10T15:49:38Z,6.48,80.95
2026-09-10T15:50:38Z,6.48,80.95
2026-09-10T15:51:38Z,6.48,
2026-09-10T15:52:38Z,6.47,80.88
2026-09-10T15:53:38Z,6.47,80.89
2026-09-10T15:54:38Z,6.47,80.88
2026-09-10T15:55:38Z,6.47,80.86
2026-09-10T15:56:38Z,6.48,80.99
2026-09-10T15:58:38Z,,81.12
2026-09-10T15:59:38Z,6.49,81.13
2026-09-10T16:00:38Z,6.48,81.05
2026-09-10T16:01:38Z,6.48,80.98
2026-09-10T16:02:38Z,6.48,80.93
2026-09-10T16:03:38Z,6.48,
2026-09-10T16:06:38Z,6.47,80.8
2026-09-10T16:07:38Z,6.48,80.9
2026-09-10T16:08:38Z,6.47,80.84
2026-09-10T16:09:38Z,6.47,80.75
2026-09-10T16:10:38Z,6.47,80.84
2026-09-10T16:11:38Z,6.48,80.9
2026-09-10T16:12:38Z,6.47,80.85
2026-09-10T16:13:38Z,6.47,80.87
2026-09-10T16:14:38Z,6.47,80.89
2026-09-10T16:15:38Z,6.47,80.88
2026-09-10T16:16:38Z,6.48,81.02
2026-09-10T16:17:38Z,6.48,80.95
2026-09-10T16:18:38Z,6.48,80.97
2026-09-10T16:19:38Z,6.48,81
2026-09-10T16:21:38Z,6.48,81.02
2026-09-10T16:22:38Z,6.48,80.98
2026-09-10T16:23:38Z,6.48,80.9
2026-09-10T16:24:38Z,6.46,80.68
2026-09-10T16:25:38Z,6.46,80.68
2026-09-10T16:27:38Z,6.46,80.63
2026-09-10T16:28:38Z,6.46,80.61
2026-09-10T16:29:38Z,6.46,80.65
2026-09-10T16:30:38Z,6.46,80.66
2026-09-10T16:31:38Z,6.46,80.62
2026-09-10T16:33:38Z,7.12,80.9
2026-09-10T16:34:38Z,6.48,80.96
2026-09-10T16:35:38Z,6.49,81.1
2026-09-10T16:36:38Z,6.49,81.17
2026-09-10T16:37:38Z,6.5,81.27
2026-09-10T16:38:38Z,6.51,81.54
2026-09-10T16:39:38Z,6.52,81.65
2026-09-10T16:40:38Z,6.53,81.78
2026-09-10T16:41:38Z,6.53,81.85
2026-09-10T16:42:38Z,6.54,81.96
2026-09-10T16:43:38Z,6.55,82.08
2026-09-10T16:44:38Z,6.56,82.27
2026-09-10T16:45:38Z,6.56,82.38
2026-09-10T16:46:38Z,6.57,82.51
2026-09-10T16:48:38Z,6.59,82.75
2026-09-10T16:49:38Z,6.59,82.79
2026-09-10T16:50:38Z,6.59,82.77
2026-09-10T16:51:38Z,6.59,82.82
2026-09-10T16:52:38Z,6.59,82.83
2026-09-10T16:53:38Z,6.6,82.96
2026-09-10T16:54:38Z,6.6,82.99
2026-09-10T16:55:38Z,6.6,83.05
2026-09-10T16:56:38Z,6.6,83.01
2026-09-10T16:57:38Z,6.6,83.08
2026-09-10T17:01:38Z,6.61,83.19
2026-09-10T17:02:38Z,6.61,83.21
2026-09-10T17:03:38Z,6.61,83.21
2026-09-10T17:04:38Z,6.62,83.29
2026-09-10T17:05:38Z,6.61,83.22
2026-09-10T17:08:38Z,6.61,83.24
2026-09-10T17:09:38Z,6.61,83.25
2026-09-10T17:10:38Z,6.62,83.3
2026-09-10T17:11:38Z,6.61,83.25
2026-09-10T17:12:38Z,6.62,83.28
2026-09-10T17:14:38Z,6.61,83.24
2026-09-10T17:15:38Z,6.61,83.16
2026-09-10T17:16:38Z,6.6,83.03
2026-09-10T17:17:38Z,6.6,82.95
2026-09-10T17:18:38Z,6.6,82.92
2026-09-10T17:19:38Z,6.6,82.92
2026-09-10T17:20:38Z,6.58,82.73
2026-09-10T17:21:38Z,6.58,82.69
2026-09-10T17:22:38Z,6.58,82.6
2026-09-10T17:23:38Z,6.57,82.51
2026-09-10T17:24:38Z,6.56,82.4
2026-09-10T17:25:38Z,6.56,82.35
2026-09-10T17:26:38Z,6.56,82.27
2026-09-10T17:27:38Z,6.56,82.26
2026-09-10T17:28:38Z,6.59,82.77
2026-09-10T17:29:38Z,6.6,82.92
2026-09-10T17:31:38Z,6.63,83.53
2026-09-10T17:32:38Z,6.64,83.62
2026-09-10T17:33:38Z,6.66,83.94
2026-09-10T17:34:38Z,6.67,84.16
2026-09-10T17:35:38Z,6.69,84.53
2026-09-10T17:37:38Z,6.74,85.31
2026-09-10T17:38:38Z,6.75,85.54
2026-09-10T17:39:38Z,6.76,85.76
2026-09-10T17:40:38Z,6.78,85.99
2026-09-10T17:41:38Z,6.77,85.91
2026-09-10T17:42:38Z,6.78,86.1
2026-09-10T17:43:38Z,6.79,86.16
2026-09-10T17:44:38Z,6.8,86.3
2026-09-10T17:45:38Z,6.8,86.3
2026-09-10T17:46:38Z,6.81,86.57
2026-09-10T17:48:38Z,6.82,86.75
2026-09-10T17:49:38Z,6.82,86.75
2026-09-10T17:50:38Z,6.83,86.89
2026-09-10T17:51:38Z,6.84,87.07
2026-09-10T17:52:38Z,6.84,86.98
2026-09-10T17:53:38Z,6.84,87.04
2026-09-10T17:54:38Z,6.84,87.04
2026-09-10T17:55:38Z,6.84,87.09
2026-09-10T17:56:38Z,6.85,87.17
2026-09-10T17:57:38Z,6.85,87.12
2026-09-10T18:00:38Z,6.85,87.24
2026-09-10T18:01:38Z,6.85,87.25
2026-09-10T18:02:38Z,6.85,87.26
2026-09-10T18:03:38Z,6.85,87.28
2026-09-10T18:04:38Z,6.85,87.21
2026-09-10T18:06:38Z,6.85,87.28
2026-09-10T18:07:38Z,6.86,87.43
2026-09-10T18:08:38Z,6.85,87.25
2026-09-10T18:09:38Z,6.85,87.21
2026-09-10T18:10:38Z,6.85,87.14
2026-09-10T18:12:38Z,6.83,86.86
2026-09-10T18:13:38Z,6.82,86.76
2026-09-10T18:14:38Z,6.81,86.61
2026-09-10T18:15:38Z,6.82,86.64
2026-09-10T18:16:38Z,6.82,86.65
2026-09-10T18:19:38Z,6.78,85.96
2026-09-10T18:20:38Z,6.77,85.93
2026-09-10T18:21:38Z,6.77,85.8
2026-09-10T18:22:38Z,6.75,85.46
2026-09-10T18:24:38Z,6.72,85.09
2026-09-10T18:25:38Z,6.72,84.96
2026-09-10T18:26:38Z,6.72,84.98
2026-09-10T18:27:38Z,6.71,84.84
2026-09-10T18:29:38Z,6.72,85.01
2026-09-10T18:30:38Z,6.72,85.05
2026-09-10T18:31:38Z,6.72,84.97
2026-09-10T18:32:38Z,6.72,85.07
2026-09-10T18:33:38Z,6.74,85.3
2026-09-10T18:35:38Z,6.73,85.2
2026-09-10T18:36:38Z,6.73,85.2
2026-09-10T18:37:38Z,6.73,85.25
2026-09-10T18:38:38Z,6.74,85.35
2026-09-10T18:39:38Z,6.74,85.43
2026-09-10T18:41:38Z,6.77,85.9
2026-09-10T18:42:38Z,6.78,85.99
2026-09-10T18:43:38Z,6.79,86.2
2026-09-10T18:44:38Z,6.81,86.47
2026-09-10T18:45:38Z,6.83,86.85
2026-09-10T18:46:38Z,6.84,87
2026-09-10T18:47:38Z,6.85,87.28
2026-09-10T18:48:38Z,6.87,87.59
2026-09-10T18:49:38Z,6.88,87.65
2026-09-10T18:50:38Z,6.88,87.74
2026-09-10T18:51:38Z,6.89,87.86
2026-09-10T18:52:38Z,6.88,87.74
2026-09-10T18:53:38Z,6.88,87.78
2026-09-10T18:54:38Z,6.87,87.61
2026-09-10T18:55:38Z,6.88,87.65
2026-09-10T18:56:38Z,6.88,87.65
2026-09-10T18:58:38Z,6.88,87.7
2026-09-10T18:59:38Z,6.88,87.7
2026-09-10T19:00:38Z,6.89,87.88
2026-09-10T19:01:38Z,6.9,88.02
2026-09-10T19:02:38Z,6.9,88.06
2026-09-10T19:04:38Z,6.9,88.11
2026-09-10T19:05:38Z,6.91,88.21
2026-09-10T19:06:38Z,6.91,88.22
2026-09-10T19:07:38Z,6.92,88.35
2026-09-10T19:08:38Z,6.92,88.33
2026-09-10T19:09:38Z,6.92,88.34
2026-09-10T19:10:38Z,6.92,88.4
2026-09-10T19:11:38Z,6.93,88.53
2026-09-10T19:12:38Z,6.93,88.49
2026-09-10T19:13:38Z,6.93,88.48
2026-09-10T19:14:38Z,6.92,88.45
2026-09-10T19:15:38Z,6.92,88.43
2026-09-10T19:16:38Z,6.92,88.44
2026-09-10T19:17:38Z,6.92,88.43
2026-09-10T19:18:38Z,6.92,88.44
2026-09-10T19:19:38Z,6.92,88.34
2026-09-10T19:21:38Z,6.91,88.29
2026-09-10T19:22:38Z,6.91,88.26
2026-09-10T19:23:38Z,6.91,88.22
2026-09-10T19:24:38Z,6.91,88.25
2026-09-10T19:25:38Z,6.91,88.26
2026-09-10T19:27:38Z,6.92,88.3
2026-09-10T19:28:38Z,6.91,88.25
2026-09-10T19:29:38Z,6.91,88.14
2026-09-10T19:30:38Z,6.91,88.2
2026-09-10T19:31:38Z,6.9,88.11
2026-09-10T19:32:38Z,6.9,
2026-09-10T19:33:38Z,6.9,88.02
2026-09-10T19:34:38Z,6.9,88.11
2026-09-10T19:35:38Z,6.89,87.95
2026-09-10T19:36:38Z,6.9,87.97
2026-09-10T19:38:38Z,6.89,87.87
2026-09-10T19:39:38Z,6.89,87.92
2026-09-10T19:40:38Z,6.89,87.84
2026-09-10T19:41:38Z,6.91,88.13
2026-09-10T19:42:38Z,7.57,88.32
2026-09-10T19:43:38Z,6.93,88.57
2026-09-10T19:44:38Z,6.94,88.67
2026-09-10T19:45:38Z,,88.84
2026-09-10T19:46:38Z,6.96,89.01
2026-09-10T19:47:38Z,6.97,89.14
2026-09-10T19:48:38Z,6.97,89.3
2026-09-10T19:49:38Z,6.99,89.55
2026-09-10T19:50:38Z,6.99,
2026-09-10T19:51:38Z,,89.73
2026-09-10T19:52:38Z,7.01,89.86
2026-09-10T19:53:38Z,7.01,89.94
2026-09-10T19:54:38Z,7.02,90.06
2026-09-10T19:55:38Z,7.02,90.12
2026-09-10T19:56:38Z,,90.23
2026-09-10T19:57:38Z,7.03,90.21
2026-09-10T19:58:38Z,7.03,90.22
2026-09-10T19:59:38Z,7.03,90.29
2026-09-10T20:00:38Z,7.04,90.45
2026-09-10T20:01:38Z,7.03,
2026-09-10T20:03:38Z,,90.28
2026-09-10T20:04:38Z,7.03,90.3
2026-09-10T20:05:38Z,7.04,90.38
2026-09-10T20:06:38Z,7.04,90.35
2026-09-10T20:07:38Z,7.04,90.39
2026-09-10T20:09:38Z,,90.44
2026-09-10T20:10:38Z,7.06,90.67
2026-09-10T20:11:38Z,7.06,90.69
2026-09-10T20:12:38Z,7.06,90.66
2026-09-10T20:13:38Z,7.06,90.7
2026-09-10T20:14:38Z,7.06,
2026-09-10T20:15:38Z,7.07,90.92
2026-09-10T20:16:38Z,7.07,90.9
2026-09-10T20:17:38Z,7.06,90.81
2026-09-10T20:18:38Z,7.07,90.87
2026-09-10T20:19:38Z,7.07,90.98
2026-09-10T20:21:38Z,7.07,90.91
2026-09-10T20:22:38Z,7.07,90.85
2026-09-10T20:23:38Z,7.07,90.94
2026-09-10T20:24:38Z,7.07,90.84
2026-09-10T20:25:38Z,7.06,90.68
2026-09-10T20:27:38Z,7.04,90.45
2026-09-10T20:28:38Z,7.05,90.51
2026-09-10T20:29:38Z,7.05,90.56
2026-09-10T20:30:38Z,7.05,90.52
2026-09-10T20:31:38Z,7.04,90.45
2026-09-10T20:33:38Z,7.03,90.27
2026-09-10T20:34:38Z,7.03,90.24
2026-09-10T20:35:38Z,7.03,90.19
2026-09-10T20:36:38Z,7.03,90.18
2026-09-10T20:37:38Z,7.03,90.15
2026-09-10T20:38:38Z,7.03,90.15
2026-09-10T20:39:38Z,7.02,90.09
2026-09-10T20:40:38Z,7.03,90.19
2026-09-10T20:41:38Z,7.02,90.14
2026-09-10T20:42:38Z,7.03,90.19
2026-09-10T20:44:38Z,7.03,90.17
2026-09-10T20:45:38Z,7.02,90.14
2026-09-10T20:46:38Z,7.02,90.13
2026-09-10T20:47:38Z,7.03,90.23
2026-09-10T20:49:38Z,7.03,90.31
2026-09-10T20:50:38Z,7.03,90.28
2026-09-10T20:51:38Z,7.03,90.31
2026-09-10T20:52:38Z,7.04,90.34
2026-09-10T20:54:38Z,7.03,90.3
2026-09-10T20:55:38Z,7.04,90.4
2026-09-10T20:56:38Z,7.04,90.4
2026-09-10T20:57:38Z,7.04,90.35
2026-09-10T20:58:38Z,7.04,90.32
2026-09-10T20:59:38Z,7.04,90.35
2026-09-10T21:01:38Z,7.03,90.25
2026-09-10T21:02:38Z,7.03,90.28
2026-09-10T21:03:38Z,7.03,90.3
2026-09-10T21:04:38Z,7.03,90.3
2026-09-10T21:05:38Z,7.04,90.34
2026-09-10T21:07:38Z,7.02,90.14
2026-09-10T21:08:38Z,7.03,90.18
2026-09-10T21:09:38Z,7.02,89.98
2026-09-10T21:10:38Z,7.01,89.9
2026-09-10T21:11:38Z,7,89.79
2026-09-10T21:13:38Z,7,89.71
2026-09-10T21:14:38Z,6.99,89.57
2026-09-10T21:15:38Z,6.99,89.6
2026-09-10T21:16:38Z,6.99,89.54
2026-09-10T21:17:38Z,6.98,89.41
2026-09-10T21:19:38Z,6.96,89.13
2026-09-10T21:20:38Z,6.96,89.05
2026-09-10T21:21:38Z,6.96,89.06
2026-09-10T21:22:38Z,6.96,88.97
2026-09-10T21:23:38Z,6.96,88.97
2026-09-10T21:25:38Z,6.96,89.07
2026-09-10T21:26:38Z,6.96,89.09
2026-09-10T21:27:38Z,7.48,89.11
2026-09-10T21:28:38Z,6.97,89.24
2026-09-10T21:29:38Z,6.98,89.34
2026-09-10T21:31:38Z,6.99,89.55
2026-09-10T21:32:38Z,6.99,89.63
2026-09-10T21:33:38Z,6.99,89.53
2026-09-10T21:34:38Z,6.99,89.57
2026-09-10T21:35:38Z,6.99,89.61
2026-09-10T21:37:38Z,6.99,
2026-09-10T21:38:38Z,7,89.67
2026-09-10T21:39:38Z,7,89.74
2026-09-10T21:40:38Z,7,89.78
2026-09-10T21:41:38Z,7,89.79
2026-09-10T21:43:38Z,7.01,89.91
2026-09-10T21:44:38Z,7.02,90.02
2026-09-10T21:45:38Z,7.02,90.13
2026-09-10T21:46:38Z,7.03,90.22
2026-09-10T21:47:38Z,7.04,90.33
2026-09-10T21:48:38Z,7.04,90.34
2026-09-10T21:49:38Z,7.04,90.35
2026-09-10T21:50:38Z,7.04,90.38
2026-09-10T21:51:38Z,7.06,90.76
2026-09-10T21:52:38Z,7.06,90.78
2026-09-10T21:54:38Z,7.05,90.62
2026-09-10T21:55:38Z,7.05,90.64
2026-09-10T21:56:38Z,7.05,90.54
2026-09-10T21:57:38Z,7.06,90.65
2026-09-10T21:58:38Z,,90.66
2026-09-10T22:00:38Z,7.05,90.63
2026-09-10T22:01:38Z,7.06,90.74
2026-09-10T22:02:38Z,7.06,90.68
2026-09-10T22:03:38Z,7.06,90.75
2026-09-10T22:04:38Z,7.06,90.65
2026-09-10T22:05:38Z,,90.6
2026-09-10T22:07:38Z,7.06,90.7
2026-09-10T22:08:38Z,7.05,90.61
2026-09-10T22:09:38Z,7.05,90.6
2026-09-10T22:10:38Z,7.05,90.63
2026-09-10T22:11:38Z,7.06,90.69
2026-09-10T22:13:38Z,7.07,90.98
2026-09-10T22:14:38Z,7.06,90.81
2026-09-10T22:15:38Z,7.07,90.95
2026-09-10T22:16:38Z,7.07,90.91
2026-09-10T22:17:38Z,7.08,91.01
2026-09-10T22:19:38Z,7.08,90.99
2026-09-10T22:20:38Z,7.08,91.04
2026-09-10T22:21:38Z,7.09,91.17
2026-09-10T22:22:38Z,7.09,91.2
2026-09-10T22:23:38Z,7.09,91.29
2026-09-10T22:25:38Z,7.09,91.25
2026-09-10T22:26:38Z,7.09,91.27
2026-09-10T22:27:38Z,7.09,91.31
2026-09-10T22:28:38Z,7.09,91.32
2026-09-10T22:29:38Z,7.1,91.33
2026-09-10T22:30:38Z,7.11,
2026-09-10T22:31:38Z,7.1,91.42
2026-09-10T22:32:38Z,7.1,91.33
2026-09-10T22:33:38Z,7.1,91.47
2026-09-10T22:34:38Z,7.1,91.39
2026-09-10T22:35:38Z,7.1,91.37
2026-09-10T22:37:38Z,7.1,91.38
2026-09-10T22:38:38Z,7.09,91.32
2026-09-10T22:39:38Z,7.12,91.7
2026-09-10T22:40:38Z,7.1,91.48
2026-09-10T22:41:38Z,7.09,91.29
2026-09-10T22:43:38Z,7.09,91.24
2026-09-10T22:44:38Z,7.09,91.25
2026-09-10T22:45:38Z,7.09,91.18
2026-09-10T22:46:38Z,7.09,91.19
2026-09-10T22:47:38Z,,91.12
2026-09-10T22:48:38Z,7.09,
2026-09-10T22:49:38Z,7.08,91.14
2026-09-10T22:50:38Z,7.09,91.17
2026-09-10T22:51:38Z,7.09,91.25
2026-09-10T22:52:38Z,7.09,91.19
2026-09-10T22:54:38Z,7.1,91.34
2026-09-10T22:55:38Z,7.09,91.17
2026-09-10T22:56:38Z,7.07,90.97
2026-09-10T22:57:38Z,7.08,91.04
2026-09-10T22:58:38Z,7.08,91.11
2026-09-10T23:01:38Z,7.08,91.09
2026-09-10T23:02:38Z,7.08,91.03
2026-09-10T23:03:38Z,7.08,91.12
2026-09-10T23:04:38Z,7.08,91.14
2026-09-10T23:05:38Z,7.08,91
2026-09-10T23:07:38Z,,90.99
2026-09-10T23:08:38Z,7.09,91.19
2026-09-10T23:09:38Z,7.08,91.01
2026-09-10T23:10:38Z,7.09,91.29
2026-09-10T23:11:38Z,7.07,90.92
2026-09-10T23:13:38Z,7.07,90.98
2026-09-10T23:14:38Z,7.06,90.73
2026-09-10T23:15:38Z,7.05,90.63
2026-09-10T23:16:38Z,7.06,90.75
2026-09-10T23:17:38Z,7.06,90.67
2026-09-10T23:19:38Z,7.05,90.58
2026-09-10T23:20:38Z,7.05,90.56
2026-09-10T23:21:38Z,7.05,90.63
2026-09-10T23:22:38Z,7.05,90.58
2026-09-10T23:23:38Z,7.05,90.59
2026-09-10T23:25:38Z,7.07,
2026-09-10T23:26:38Z,7.05,90.59
2026-09-10T23:27:38Z,7.05,90.62
2026-09-10T23:28:38Z,7.04,90.46
2026-09-10T23:29:38Z,7.04,90.44
2026-09-10T23:30:38Z,7.04,90.4
2026-09-10T23:32:38Z,7.03,90.26
2026-09-10T23:33:38Z,7.04,90.41
2026-09-10T23:34:38Z,7.02,90.11
2026-09-10T23:35:38Z,7.03,90.2
2026-09-10T23:36:38Z,7.02,90.01
2026-09-10T23:37:38Z,7.01,
2026-09-10T23:38:38Z,7.01,89.87
2026-09-10T23:39:38Z,7.01,89.86
2026-09-10T23:40:38Z,7.02,90.02
2026-09-10T23:41:38Z,7,89.77
2026-09-10T23:42:38Z,,89.6
2026-09-10T23:43:38Z,6.99,
2026-09-10T23:44:38Z,6.98,89.38
2026-09-10T23:45:38Z,6.98,89.38
2026-09-10T23:46:38Z,6.98,89.41
2026-09-10T23:47:38Z,6.97,89.3
2026-09-10T23:48:38Z,6.99,89.48
2026-09-10T23:49:38Z,6.99,89.64
2026-09-10T23:50:38Z,6.97,
2026-09-10T23:51:38Z,6.98,89.45
2026-09-10T23:52:38Z,6.97,89.25
2026-09-10T23:53:38Z,6.96,89.11
2026-09-10T23:54:38Z,6.98,89.33
2026-09-10T23:56:38Z,6.97,89.19
2026-09-10T23:57:38Z,6.98,89.41
2026-09-10T23:58:38Z,6.99,89.51
2026-09-10T23:59:38Z,6.96,89.04
2026-09-11T00:00:38Z,6.96,89.1
2026-09-11T00:02:38Z,6.97,89.25
2026-09-11T00:03:38Z,6.98,89.47
2026-09-11T00:04:38Z,6.98,89.31
2026-09-11T00:05:38Z,6.95,88.96
2026-09-11T00:06:38Z,6.96,89.1
2026-09-11T00:08:38Z,6.95,88.95
2026-09-11T00:09:38Z,6.96,89.12
2026-09-11T00:10:38Z,6.97,89.16
2026-09-11T00:11:38Z,6.95,88.94
2026-09-11T00:12:38Z,6.95,88.96
2026-09-11T00:14:38Z,6.97,89.17
2026-09-11T00:15:38Z,6.97,89.22
2026-09-11T00:16:38Z,6.96,89.07
2026-09-11T00:17:38Z,6.97,89.21
2026-09-11T00:19:38Z,6.98,89.41
2026-09-11T00:20:38Z,6.98,89.42
2026-09-11T00:21:38Z,7.01,89.81
2026-09-11T00:22:38Z,6.99,89.64
2026-09-11T00:23:38Z,6.98,89.32
2026-09-11T00:24:38Z,6.99,89.51
2026-09-11T00:25:38Z,6.98,89.45
2026-09-11T00:26:38Z,6.98,89.33
2026-09-11T00:27:38Z,6.97,89.25
2026-09-11T00:28:38Z,6.98,89.36
2026-09-11T00:29:38Z,6.98,89.43
2026-09-11T00:30:38Z,6.99,89.6
2026-09-11T00:31:38Z,7,
2026-09-11T00:32:38Z,7,89.66
2026-09-11T00:33:38Z,7.01,89.87
2026-09-11T00:34:38Z,7.03,90.17
2026-09-11T00:35:38Z,7.01,89.96
2026-09-11T00:37:38Z,6.99,89.64
2026-09-11T00:38:38Z,7.02,90.11
2026-09-11T00:39:38Z,7.05,90.55
2026-09-11T00:40:38Z,6.99,89.58
2026-09-11T00:41:38Z,6.98,89.31
2026-09-11T00:42:38Z,6.99,89.56
2026-09-11T00:43:38Z,6.99,89.63
2026-09-11T00:44:38Z,6.98,89.36
2026-09-11T00:45:38Z,6.99,89.57
2026-09-11T00:46:38Z,6.97,89.15
2026-09-11T00:47:38Z,6.96,88.97
2026-09-11T00:48:38Z,6.96,88.97
2026-09-11T00:49:38Z,6.95,88.82
2026-09-11T00:50:38Z,6.95,88.83
2026-09-11T00:51:38Z,,89.13
2026-09-11T00:52:38Z,6.93,
2026-09-11T00:53:38Z,6.92,88.46
2026-09-11T00:54:38Z,6.92,88.4
2026-09-11T00:55:38Z,6.91,88.2
2026-09-11T00:56:38Z,6.89,87.95
2026-09-11T01:00:38Z,6.91,88.21
2026-09-11T01:01:38Z,6.91,88.18
2026-09-11T01:02:38Z,6.9,88
2026-09-11T01:03:38Z,,88.24
2026-09-11T01:04:38Z,6.91,88.13
2026-09-11T01:05:38Z,6.91,88.17
2026-09-11T01:06:38Z,6.9,87.97
2026-09-11T01:07:38Z,6.9,88.07
2026-09-11T01:08:38Z,,88.13
2026-09-11T01:09:38Z,6.9,88.03
2026-09-11T01:10:38Z,6.89,87.94
2026-09-11T01:11:38Z,6.89,87.93
2026-09-11T01:12:38Z,6.9,88.07
2026-09-11T01:13:38Z,6.92,88.3
2026-09-11T01:14:38Z,,87.78
2026-09-11T01:15:38Z,6.89,
2026-09-11T01:16:38Z,6.9,87.98
2026-09-11T01:17:38Z,6.9,87.99
2026-09-11T01:18:38Z,6.89,87.9
2026-09-11T01:19:38Z,6.91,88.14
2026-09-11T01:20:38Z,,88.43
2026-09-11T01:21:38Z,6.91,
2026-09-11T01:22:38Z,6.89,87.92
2026-09-11T01:23:38Z,6.91,88.14
2026-09-11T01:24:38Z,6.89,87.95
2026-09-11T01:25:38Z,6.9,88.1
2026-09-11T01:26:38Z,,88.14
2026-09-11T01:27:38Z,6.89,
2026-09-11T01:28:38Z,7.15,87.91
2026-09-11T01:29:38Z,7.1,87.12
2026-09-11T01:30:38Z,7.12,87.38
2026-09-11T01:31:38Z,6.88,87.7
2026-09-11T01:32:38Z,,87.46
2026-09-11T01:33:38Z,6.86,87.33
2026-09-11T01:34:38Z,6.86,87.45
2026-09-11T01:35:38Z,6.87,87.62
2026-09-11T01:36:38Z,7.11,87.18
2026-09-11T01:37:38Z,7.1,87.07
2026-09-11T01:39:38Z,6.87,87.58
2026-09-11T01:40:38Z,6.88,87.65
2026-09-11T01:41:38Z,6.87,87.58
2026-09-11T01:42:38Z,7.13,87.47
2026-09-11T01:43:38Z,,87.89
2026-09-11T01:44:38Z,6.85,87.28
2026-09-11T01:45:38Z,6.9,88.02
2026-09-11T01:46:38Z,6.86,87.3
2026-09-11T01:47:38Z,6.87,87.62
2026-09-11T01:48:38Z,,87.79
2026-09-11T01:49:38Z,6.83,
2026-09-11T01:50:38Z,6.81,86.55
2026-09-11T01:51:38Z,7.04,86.09
2026-09-11T01:52:38Z,6.72,84.94
2026-09-11T01:53:38Z,6.64,83.66
2026-09-11T01:54:38Z,6.86,83.02
2026-09-11T01:55:38Z,7.15,83.48
2026-09-11T01:56:38Z,7.14,83.41
2026-09-11T01:57:38Z,6.9,83.74
2026-09-11T01:58:38Z,6.68,84.28
2026-09-11T01:59:38Z,6.7,84.63
2026-09-11T02:00:38Z,,84.61
2026-09-11T02:02:38Z,6.56,
2026-09-11T02:03:38Z,6.6,83.05
2026-09-11T02:04:38Z,6.6,83.01
2026-09-11T02:05:38Z,6.59,82.89
2026-09-11T02:06:38Z,,83.33
2026-09-11T02:07:38Z,6.53,
2026-09-11T02:08:38Z,6.56,
2026-09-11T02:09:38Z,6.53,81.82
2026-09-11T02:10:38Z,6.8,82.05
2026-09-11T02:11:38Z,6.53,81.8
2026-09-11T02:12:38Z,,81.15
2026-09-11T02:13:38Z,6.74,
2026-09-11T02:14:38Z,6.74,80.98
2026-09-11T02:15:38Z,6.49,81.22
2026-09-11T02:16:38Z,6.52,81.63
2026-09-11T02:17:38Z,6.4,79.69
2026-09-11T02:18:38Z,,79.55
2026-09-11T02:19:38Z,6.4,
2026-09-11T02:20:38Z,6.43,80.21
2026-09-11T02:21:38Z,6.45,80.53
2026-09-11T02:22:38Z,6.63,79.16
2026-09-11T02:23:38Z,6.67,79.73
2026-09-11T02:24:38Z,6.66,79.68
2026-09-11T02:25:38Z,6.72,
2026-09-11T02:26:38Z,6.38,79.36
2026-09-11T02:27:38Z,6.76,79.18
2026-09-11T02:28:38Z,7.17,79.47
2026-09-11T02:29:38Z,6.78,79.51
2026-09-11T02:30:38Z,6.8,79.88
2026-09-11T02:31:38Z,6.44,
2026-09-11T02:32:38Z,6.4,79.66
2026-09-11T02:33:38Z,6.82,80.06
2026-09-11T02:34:38Z,6.79,79.67
2026-09-11T02:35:38Z,,80.25
2026-09-11T02:36:38Z,6.45,80.52
2026-09-11T02:37:38Z,6.43,80.21
2026-09-11T02:38:38Z,6.81,79.92
2026-09-11T02:39:38Z,6.42,80
2026-09-11T02:40:38Z,6.44,80.32
2026-09-11T02:41:38Z,6.44,80.27
2026-09-11T02:42:38Z,6.81,
2026-09-11T02:43:38Z,6.8,79.8
2026-09-11T02:44:38Z,6.37,79.15
2026-09-11T02:45:38Z,6.38,79.36
2026-09-11T02:46:38Z,,79.74
2026-09-11T02:47:38Z,6.39,79.52
2026-09-11T02:48:38Z,6.75,
2026-09-11T02:49:38Z,7.29,79.35
2026-09-11T02:50:38Z,6.77,79.35
2026-09-11T02:51:38Z,6.75,79.02
2026-09-11T02:52:38Z,,79.26
2026-09-11T02:53:38Z,,79.16
2026-09-11T02:54:38Z,6.79,79.71
2026-09-11T02:55:38Z,6.81,
2026-09-11T02:56:38Z,6.82,80.15
2026-09-11T02:57:38Z,6.83,80.38
2026-09-11T02:58:38Z,,80.96
2026-09-11T02:59:38Z,6.47,80.86
2026-09-11T03:00:38Z,6.47,80.75
2026-09-11T03:01:38Z,6.47,
2026-09-11T03:02:38Z,6.48,80.93
2026-09-11T03:03:38Z,6.85,80.59
2026-09-11T03:04:38Z,,80.39
2026-09-11T03:05:38Z,6.84,80.44
2026-09-11T03:06:38Z,6.85,80.61
2026-09-11T03:07:38Z,6.44,
2026-09-11T03:08:38Z,6.45,
2026-09-11T03:09:38Z,6.91,79.43
2026-09-11T03:10:38Z,,79.1
2026-09-11T03:11:38Z,,79.26
2026-09-11T03:12:38Z,6.95,80.08
2026-09-11T03:13:38Z,6.94,79.91
2026-09-11T03:14:38Z,6.88,
2026-09-11T03:15:38Z,6.91,79.48
2026-09-11T03:16:38Z,6.93,79.82
2026-09-11T03:17:38Z,,79.71
2026-09-11T03:18:38Z,6.39,79.41
2026-09-11T03:19:38Z,6.33,78.52
2026-09-11T03:20:38Z,6.36,
2026-09-11T03:21:38Z,6.33,78.41
2026-09-11T03:22:38Z,6.35,78.73
2026-09-11T03:23:38Z,,78.18
2026-09-11T03:24:38Z,6.34,78.57
2026-09-11T03:25:38Z,6.35,78.77
2026-09-11T03:26:38Z,6.84,
2026-09-11T03:27:38Z,6.87,
2026-09-11T03:28:38Z,6.84,78.34
2026-09-11T03:29:38Z,,78.02
2026-09-11T03:30:38Z,6.3,77.97
2026-09-11T03:31:38Z,6.3,77.93
2026-09-11T03:32:38Z,6.85,
2026-09-11T03:33:38Z,6.84,
2026-09-11T03:34:38Z,6.32,78.36
2026-09-11T03:35:38Z,6.36,78.95
2026-09-11T03:36:38Z,,78.8
2026-09-11T03:37:38Z,6.33,78.54
2026-09-11T03:38:38Z,6.83,
2026-09-11T03:39:38Z,6.33,78.42
2026-09-11T03:40:38Z,6.35,78.86
2026-09-11T03:41:38Z,,78.24
2026-09-11T03:42:38Z,6.85,78.46
2026-09-11T03:43:38Z,6.35,78.78
2026-09-11T03:44:38Z,6.31,
2026-09-11T03:45:38Z,6.29,77.72
2026-09-11T03:46:38Z,6.27,77.4
2026-09-11T03:47:38Z,,77.46
2026-09-11T03:48:38Z,6.76,76.93
2026-09-11T03:49:38Z,6.77,77.04
2026-09-11T03:50:38Z,6.28,
2026-09-11T03:51:38Z,6.3,77.9
2026-09-11T03:52:38Z,,77.5
2026-09-11T03:53:38Z,6.81,77.77
2026-09-11T03:54:38Z,6.31,78.11
2026-09-11T03:55:38Z,6.84,78.25
2026-09-11T03:56:38Z,6.83,
2026-09-11T03:57:38Z,6.82,
2026-09-11T03:58:38Z,,78.29
2026-09-11T03:59:38Z,,78.58
2026-09-11T04:00:38Z,6.36,78.89
2026-09-11T04:01:38Z,6.86,78.64
2026-09-11T04:02:38Z,6.9,79.31
2026-09-11T04:03:38Z,6.92,
2026-09-11T04:04:38Z,6.89,79.13
2026-09-11T04:05:38Z,,78.93
2026-09-11T04:06:38Z,6.85,78.49
2026-09-11T04:07:38Z,6.86,78.57
2026-09-11T04:08:38Z,6.37,79.16
2026-09-11T04:09:38Z,6.34,
2026-09-11T04:10:38Z,6.87,78.87
2026-09-11T04:11:38Z,,78.08
2026-09-11T04:12:38Z,6.82,78.02
2026-09-11T04:13:38Z,6.31,78.17
2026-09-11T04:14:38Z,6.31,78.14
2026-09-11T04:15:38Z,6.32,
2026-09-11T04:16:38Z,6.78,
2026-09-11T04:17:38Z,,77.26
2026-09-11T04:18:38Z,,77.86
2026-09-11T04:19:38Z,6.29,77.71
2026-09-11T04:20:38Z,6.8,77.69
2026-09-11T04:21:38Z,6.81,77.8
2026-09-11T04:22:38Z,6.81,
2026-09-11T04:23:38Z,,77.95
2026-09-11T04:24:38Z,6.3,77.98
2026-09-11T04:25:38Z,6.32,78.34
2026-09-11T04:26:38Z,6.32,78.35
2026-09-11T04:27:38Z,6.85,78.42
2026-09-11T04:28:38Z,6.86,
2026-09-11T04:29:38Z,6.86,78.55
2026-09-11T04:30:38Z,,79.18
2026-09-11T04:31:38Z,6.37,79.09
2026-09-11T04:32:38Z,6.89,79.06
2026-09-11T04:33:38Z,6.89,79.12
2026-09-11T04:34:38Z,7.57,
2026-09-11T04:35:38Z,6.93,
2026-09-11T04:36:38Z,,79.74
2026-09-11T04:37:38Z,,79.52
2026-09-11T04:38:38Z,6.41,79.85
2026-09-11T04:39:38Z,6.39,79.49
2026-09-11T04:40:38Z,6.91,79.43
2026-09-11T04:41:38Z,6.91,
2026-09-11T04:42:38Z,6.4,79.66
2026-09-11T04:43:38Z,6.41,79.78
2026-09-11T04:44:38Z,6.4,79.61
2026-09-11T04:45:38Z,6.38,79.22
2026-09-11T04:46:38Z,6.91,79.41
2026-09-11T04:47:38Z,6.9,
2026-09-11T04:48:38Z,,79.46
2026-09-11T04:49:38Z,6.4,79.67
2026-09-11T04:50:38Z,6.39,79.44
2026-09-11T04:51:38Z,6.4,79.57
2026-09-11T04:52:38Z,6.41,79.81
2026-09-11T04:53:38Z,6.4,
2026-09-11T04:54:38Z,,79.61
2026-09-11T04:55:38Z,6.41,79.83
2026-09-11T04:56:38Z,6.42,79.9
2026-09-11T04:57:38Z,6.41,79.85
2026-09-11T04:58:38Z,6.43,80.06
2026-09-11T04:59:38Z,6.93,79.83
2026-09-11T05:00:38Z,6.96,
2026-09-11T05:02:38Z,,80.69
2026-09-11T05:03:38Z,6.46,80.64
2026-09-11T05:04:38Z,6.49,81.08
2026-09-11T05:05:38Z,6.51,81.56
2026-09-11T05:06:38Z,6.48,81.06
2026-09-11T05:07:38Z,6.5,
2026-09-11T05:09:38Z,,81.39
2026-09-11T05:10:38Z,6.5,81.34
2026-09-11T05:11:38Z,6.5,81.26
2026-09-11T05:12:38Z,7.02,81.36
2026-09-11T05:13:38Z,7.03,81.5
2026-09-11T05:14:38Z,7,
2026-09-11T05:15:38Z,7.03,
2026-09-11T05:16:38Z,,81.38
2026-09-11T05:17:38Z,,81.35
2026-09-11T05:18:38Z,6.5,81.4
2026-09-11T05:19:38Z,6.5,81.25
2026-09-11T05:20:38Z,7.03,81.49
2026-09-11T05:21:38Z,6.52,
2026-09-11T05:22:38Z,6.57,
2026-09-11T05:23:38Z,,82.35
2026-09-11T05:24:38Z,,82.08
2026-09-11T05:25:38Z,,82.36
2026-09-11T05:26:38Z,6.58,82.61
2026-09-11T05:27:38Z,6.56,82.34
2026-09-11T05:28:38Z,6.57,82.44
2026-09-11T05:29:38Z,6.58,82.58
2026-09-11T05:30:38Z,6.58,82.62
2026-09-11T05:31:38Z,6.56,82.36
2026-09-11T05:32:38Z,6.55,82.19
2026-09-11T05:33:38Z,6.54,81.96
2026-09-11T05:34:38Z,7.05,81.85
2026-09-11T05:35:38Z,6.55,82.16
2026-09-11T05:36:38Z,6.51,
2026-09-11T05:37:38Z,6.48,80.91
2026-09-11T05:38:38Z,6.47,80.8
2026-09-11T05:39:38Z,6.99,80.84
2026-09-11T05:40:38Z,6.47,80.89
2026-09-11T05:41:38Z,,80.59
2026-09-11T07:00:38Z,6.43,80.21
2026-09-11T07:01:38Z,6.45,80.52
2026-09-11T07:02:38Z,6.42,79.91
2026-09-11T07:03:38Z,6.45,80.48
2026-09-11T07:04:38Z,,80.45
2026-09-11T07:05:38Z,6.47,
2026-09-11T07:06:38Z,6.48,
2026-09-11T07:07:38Z,6.51,81.52
2026-09-11T07:08:38Z,6.54,82.03
2026-09-11T07:09:38Z,6.57,82.53
2026-09-11T07:10:38Z,6.61,83.1
2026-09-11T07:11:38Z,,83.38
2026-09-11T07:12:38Z,6.67,
2026-09-11T07:13:38Z,6.67,
2026-09-11T07:14:38Z,6.68,84.3
2026-09-11T07:15:38Z,6.71,84.87
2026-09-11T07:16:38Z,6.72,84.98
2026-09-11T07:17:38Z,,84.84
2026-09-11T07:18:38Z,,84.89
2026-09-11T07:19:38Z,6.68,
2026-09-11T07:20:38Z,6.7,84.6
2026-09-11T07:21:38Z,6.66,84.07
2026-09-11T07:22:38Z,6.63,83.44
2026-09-11T07:23:38Z,6.61,83.25
2026-09-11T07:24:38Z,,82.82
2026-09-11T07:25:38Z,6.51,
2026-09-11T07:26:38Z,6.83,
2026-09-11T07:27:38Z,6.79,79.63
2026-09-11T07:28:38Z,6.79,79.65
2026-09-11T07:29:38Z,6.37,79.19
2026-09-11T07:30:38Z,,78.97
2026-09-11T07:31:38Z,,78.83
2026-09-11T07:32:38Z,6.35,
2026-09-11T07:33:38Z,6.33,
2026-09-11T07:34:38Z,6.32,78.22
2026-09-11T07:35:38Z,6.31,78.2
2026-09-11T07:36:38Z,6.3,77.91
2026-09-11T07:37:38Z,,77.58
2026-09-11T07:38:38Z,6.27,77.43
2026-09-11T07:39:38Z,6.26,
2026-09-11T07:40:38Z,6.27,77.46
2026-09-11T07:41:38Z,6.64,77.08
2026-09-11T07:42:38Z,6.62,76.86
2026-09-11T07:43:38Z,,77.16
2026-09-11T07:44:38Z,6.26,77.31
2026-09-11T07:45:38Z,6.28,
2026-09-11T07:46:38Z,6.26,
2026-09-11T07:47:38Z,6.25,77.09
2026-09-11T07:48:38Z,6.26,77.31
2026-09-11T07:49:38Z,,77.12
2026-09-11T07:50:38Z,,76.9
2026-09-11T07:51:38Z,6.24,77.01
2026-09-11T07:52:38Z,6.23,
2026-09-11T07:53:38Z,6.61,76.65
2026-09-11T07:54:38Z,6.24,76.98
2026-09-11T07:55:38Z,6.22,76.6
2026-09-11T07:56:38Z,,76.44
2026-09-11T07:57:38Z,,76.51
2026-09-11T07:58:38Z,6.22,
2026-09-11T07:59:38Z,6.21,
2026-09-11T08:00:38Z,6.22,
2026-09-11T08:01:38Z,6.21,76.36
2026-09-11T08:02:38Z,6.21,76.38
2026-09-11T08:03:38Z,,76.31
2026-09-11T08:04:38Z,,76.16
2026-09-11T08:05:38Z,6.19,76.09
2026-09-11T08:06:38Z,6.22,
2026-09-11T08:07:38Z,6.2,76.2
2026-09-11T08:08:38Z,6.71,76.03
2026-09-11T08:09:38Z,6.19,76.15
2026-09-11T08:10:38Z,6.19,76.06
2026-09-11T08:11:38Z,,76.04
2026-09-11T08:12:38Z,6.69,
2026-09-11T08:13:38Z,6.69,75.74
2026-09-11T08:14:38Z,6.19,76.06
2026-09-11T08:15:38Z,6.72,76.2
2026-09-11T08:16:38Z,6.21,76.52
2026-09-11T08:17:38Z,,76.65
2026-09-11T08:19:38Z,6.23,
2026-09-11T08:20:38Z,6.21,76.5
2026-09-11T08:21:38Z,6.23,76.79
2026-09-11T08:22:38Z,6.23,76.74
2026-09-11T08:23:38Z,6.23,76.85
2026-09-11T08:24:38Z,,76.79
2026-09-11T08:25:38Z,6.75,
2026-09-11T08:26:38Z,6.79,
2026-09-11T08:27:38Z,6.79,77.5
2026-09-11T08:28:38Z,6.27,77.46
2026-09-11T08:29:38Z,6.81,77.82
2026-09-11T08:30:38Z,6.31,78.12
2026-09-11T08:31:38Z,,78.3
2026-09-11T08:33:38Z,6.85,
2026-09-11T08:34:38Z,6.33,78.47
2026-09-11T08:35:38Z,6.36,79
2026-09-11T08:36:38Z,6.36,78.9
2026-09-11T08:37:38Z,,78.63
2026-09-11T08:38:38Z,,78.62
2026-09-11T08:39:38Z,6.36,
2026-09-11T08:40:38Z,6.36,
2026-09-11T08:41:38Z,6.36,78.96
2026-09-11T08:42:38Z,6.36,78.95
2026-09-11T08:43:38Z,6.37,79.1
2026-09-11T08:44:38Z,,79.42
2026-09-11T08:45:38Z,6.37,79.09
2026-09-11T08:46:38Z,6.37,
2026-09-11T08:47:38Z,6.38,79.24
2026-09-11T08:48:38Z,6.89,79.17
2026-09-11T08:49:38Z,6.38,79.38
2026-09-11T08:50:38Z,,79.4
2026-09-11T08:51:38Z,,79.34
2026-09-11T08:52:38Z,6.38,
2026-09-11T08:53:38Z,6.4,79.61
2026-09-11T08:54:38Z,6.4,79.66
2026-09-11T08:55:38Z,6.41,79.84
2026-09-11T08:56:38Z,6.41,79.8
2026-09-11T08:57:38Z,,79.71
2026-09-11T08:58:38Z,6.4,
2026-09-11T08:59:38Z,6.4,
2026-09-11T09:00:38Z,6.41,
2026-09-11T09:01:38Z,6.41,79.79
2026-09-11T09:02:38Z,6.41,79.81
2026-09-11T09:03:38Z,,79.52
2026-09-11T09:04:38Z,6.39,79.52
2026-09-11T09:05:38Z,6.41,79.8
2026-09-11T09:06:38Z,6.92,
2026-09-11T09:07:38Z,6.93,79.73
2026-09-11T09:08:38Z,6.93,79.85
2026-09-11T09:09:38Z,6.43,80.12
2026-09-11T09:10:38Z,,80.37
2026-09-11T09:11:38Z,6.43,80.11
2026-09-11T09:12:38Z,6.42,
2026-09-11T09:13:38Z,6.41,
2026-09-11T09:14:38Z,6.41,79.88
2026-09-11T09:15:38Z,6.43,80.07
2026-09-11T09:16:38Z,,80.2
2026-09-11T09:17:38Z,,79.99
2026-09-11T09:18:38Z,6.95,80.1
2026-09-11T09:19:38Z,6.43,
2026-09-11T09:20:38Z,6.43,
2026-09-11T09:21:38Z,6.45,
2026-09-11T09:22:38Z,6.44,80.39
2026-09-11T09:23:38Z,,80.08
2026-09-11T09:24:38Z,,80.15
2026-09-11T09:25:38Z,6.44,80.29
2026-09-11T09:26:38Z,6.46,
2026-09-11T09:27:38Z,6.45,
2026-09-11T09:28:38Z,6.45,80.44
2026-09-11T09:29:38Z,6.98,80.63
2026-09-11T09:30:38Z,,80.78
2026-09-11T09:31:38Z,,80.78
2026-09-11T09:32:38Z,6.48,81.02
2026-09-11T09:33:38Z,6.5,
2026-09-11T09:34:38Z,6.51,81.53
2026-09-11T09:35:38Z,6.53,81.79
2026-09-11T09:36:38Z,6.53,81.85
2026-09-11T09:37:38Z,,81.7
2026-09-11T09:38:38Z,6.52,81.67
2026-09-11T09:39:38Z,7.05,81.89
2026-09-11T09:40:38Z,7.09,82.55
2026-09-11T09:41:38Z,7.12,83.08
2026-09-11T09:42:38Z,6.63,
2026-09-11T09:43:38Z,,83.7
2026-09-11T09:44:38Z,6.66,84.09
2026-09-11T09:45:38Z,6.69,84.46
2026-09-11T09:46:38Z,6.7,84.64
2026-09-11T09:47:38Z,6.71,84.9
2026-09-11T09:48:38Z,6.73,
2026-09-11T09:50:38Z,,85.41
2026-09-11T09:51:38Z,6.76,85.69
2026-09-11T09:52:38Z,6.77,85.89
2026-09-11T09:53:38Z,6.79,86.22
2026-09-11T09:54:38Z,6.82,86.72
2026-09-11T09:55:38Z,6.84,
2026-09-11T09:58:38Z,6.88,87.77
2026-09-11T09:59:38Z,6.9,88.09
2026-09-11T10:00:38Z,6.91,88.25
2026-09-11T10:01:38Z,6.9,88.11
2026-09-11T10:02:38Z,6.9,88.08
2026-09-11T10:05:38Z,6.92,88.38
2026-09-11T10:06:38Z,6.93,88.49
2026-09-11T10:07:38Z,6.93,88.62
2026-09-11T10:08:38Z,6.93,88.53
2026-09-11T10:09:38Z,6.93,88.61
2026-09-11T10:10:38Z,6.92,
2026-09-11T10:12:38Z,7.45,88.6
2026-09-11T10:13:38Z,7.43,88.19
2026-09-11T10:14:38Z,6.91,88.22
2026-09-11T10:15:38Z,6.92,88.38
2026-09-11T10:16:38Z,6.91,88.24
2026-09-11T10:19:38Z,6.92,88.38
2026-09-11T10:20:38Z,6.91,88.13
2026-09-11T10:21:38Z,6.93,88.56
2026-09-11T10:22:38Z,6.92,88.37
2026-09-11T10:23:38Z,6.92,88.33
2026-09-11T10:24:38Z,,88.54
2026-09-11T10:26:38Z,6.93,88.57
2026-09-11T10:27:38Z,6.93,88.5
2026-09-11T10:28:38Z,6.94,88.65
2026-09-11T10:29:38Z,6.93,88.47
2026-09-11T10:30:38Z,6.91,88.29
2026-09-11T10:33:38Z,6.92,88.46
2026-09-11T10:34:38Z,6.92,88.38
2026-09-11T10:35:38Z,6.91,88.2
2026-09-11T10:36:38Z,6.93,88.49
2026-09-11T10:37:38Z,6.92,88.37
2026-09-11T10:39:38Z,6.94,88.72
2026-09-11T10:40:38Z,6.93,88.58
2026-09-11T10:41:38Z,6.94,88.74
2026-09-11T10:42:38Z,7.47,88.82
2026-09-11T10:43:38Z,7.47,88.82
2026-09-11T10:45:38Z,6.96,
2026-09-11T10:46:38Z,6.95,88.94
2026-09-11T10:47:38Z,6.96,88.99
2026-09-11T10:48:38Z,6.97,89.14
2026-09-11T10:49:38Z,6.97,89.19
2026-09-11T10:50:38Z,6.97,89.16
2026-09-11T10:52:38Z,6.98,89.37
2026-09-11T10:53:38Z,6.99,89.51
2026-09-11T10:54:38Z,7,89.66
2026-09-11T10:55:38Z,7,89.79
2026-09-11T10:56:38Z,7,89.79
2026-09-11T10:59:38Z,7.04,90.34
2026-09-11T11:00:38Z,7.03,90.28
2026-09-11T11:01:38Z,7.02,90.05
2026-09-11T11:02:38Z,7.03,90.15
2026-09-11T11:03:38Z,7.04,90.32
2026-09-11T11:06:38Z,7.04,90.32
2026-09-11T11:07:38Z,7.04,90.39
2026-09-11T11:08:38Z,7.04,90.42
2026-09-11T11:09:38Z,7.03,90.3
2026-09-11T11:10:38Z,7.05,90.51
2026-09-11T11:13:38Z,7.04,90.35
2026-09-11T11:14:38Z,7.05,90.51
2026-09-11T11:15:38Z,7.04,90.47
2026-09-11T11:16:38Z,7.04,90.46
2026-09-11T11:17:38Z,7.04,90.39
2026-09-11T11:20:38Z,7.04,90.4
2026-09-11T11:21:38Z,7.04,90.34
2026-09-11T11:22:38Z,7.03,90.3
2026-09-11T11:23:38Z,7.05,90.59
2026-09-11T11:24:38Z,7.04,90.32
2026-09-11T11:27:38Z,7.01,89.84
2026-09-11T11:28:38Z,7.01,89.94
2026-09-11T11:29:38Z,7.02,90.02
2026-09-11T11:30:38Z,7.01,89.96
2026-09-11T11:31:38Z,7.02,90.03
2026-09-11T11:34:38Z,7.02,90.14
2026-09-11T11:35:38Z,7.03,90.24
2026-09-11T11:36:38Z,7.05,90.53
2026-09-11T11:37:38Z,7.05,90.64
2026-09-11T11:38:38Z,7.04,90.46
2026-09-11T11:41:38Z,7.03,90.16
2026-09-11T11:42:38Z,7.03,90.3
2026-09-11T11:43:38Z,7.04,90.47
2026-09-11T11:44:38Z,7.04,90.34
2026-09-11T11:45:38Z,7.04,90.42
2026-09-11T11:48:38Z,7.06,90.69
2026-09-11T11:49:38Z,7.06,90.65
2026-09-11T11:50:38Z,7.06,90.78
2026-09-11T11:51:38Z,7.06,90.66
2026-09-11T11:54:38Z,7.06,90.77
2026-09-11T11:55:38Z,7.08,91
2026-09-11T11:56:38Z,7.07,90.85
2026-09-11T11:57:38Z,7.06,90.76
2026-09-11T11:58:38Z,7.06,90.77
2026-09-11T11:59:38Z,7.06,90.69
2026-09-11T12:02:38Z,7.06,90.81
2026-09-11T12:03:38Z,7.07,90.84
2026-09-11T12:04:38Z,7.07,90.93
2026-09-11T12:05:38Z,7.08,91.03
2026-09-11T12:06:38Z,7.08,91.02
2026-09-11T12:09:38Z,7.08,91
2026-09-11T12:10:38Z,7.08,91.08
2026-09-11T12:11:38Z,7.08,91.06
2026-09-11T12:12:38Z,7.08,91.07
2026-09-11T12:13:38Z,7.09,91.25
2026-09-11T12:16:38Z,7.08,90.99
2026-09-11T12:17:38Z,7.08,90.99
2026-09-11T12:18:38Z,7.08,91.08
2026-09-11T12:19:38Z,7.08,91.03
2026-09-11T12:20:38Z,7.08,91.15
2026-09-11T12:24:38Z,7.09,91.17
2026-09-11T12:25:38Z,7.08,91.14
2026-09-11T12:26:38Z,7.09,91.17
2026-09-11T12:27:38Z,7.08,91.08
2026-09-11T12:30:38Z,7.08,
2026-09-11T12:31:38Z,7.07,90.96
2026-09-11T12:32:38Z,7.07,90.91
2026-09-11T12:33:38Z,7.08,91.01
2026-09-11T12:34:38Z,7.07,90.86
2026-09-11T12:35:38Z,7.07,90.97
2026-09-11T12:38:38Z,7.07,
2026-09-11T12:39:38Z,7.07,90.84
2026-09-11T12:40:38Z,7.06,90.81
2026-09-11T12:41:38Z,7.07,90.85
2026-09-11T12:42:38Z,7.07,90.84
2026-09-11T12:43:38Z,,90.84
2026-09-11T12:45:38Z,7.06,
2026-09-11T12:46:38Z,7.07,90.9
2026-09-11T12:47:38Z,7.07,90.89
2026-09-11T12:48:38Z,7.07,90.89
2026-09-11T12:49:38Z,7.07,90.96
2026-09-11T12:50:38Z,7.08,90.99
2026-09-11T12:53:38Z,7.08,91.07
2026-09-11T12:54:38Z,7.08,90.99
2026-09-11T12:55:38Z,7.07,90.85
2026-09-11T12:56:38Z,7.06,90.74
2026-09-11T12:57:38Z,,90.8
2026-09-11T13:01:38Z,7.06,90.68
2026-09-11T13:02:38Z,7.05,90.56
2026-09-11T13:03:38Z,7.05,90.62
2026-09-11T13:04:38Z,7.05,90.6
2026-09-11T13:05:38Z,7.06,90.7
2026-09-11T13:08:38Z,7.05,90.62
2026-09-11T13:09:38Z,7.04,90.43
2026-09-11T13:10:38Z,7.06,90.71
2026-09-11T13:11:38Z,7.05,90.6
2026-09-11T13:12:38Z,7.06,90.74
2026-09-11T13:15:38Z,7.05,90.55
2026-09-11T13:16:38Z,7.04,90.48
2026-09-11T13:17:38Z,7.05,90.64
2026-09-11T13:18:38Z,7.05,90.63
2026-09-11T13:19:38Z,7.06,90.72
2026-09-11T13:23:38Z,7.08,91.08
2026-09-11T13:24:38Z,7.08,91.06
2026-09-11T13:25:38Z,7.09,91.31
2026-09-11T13:26:38Z,7.08,91.12
2026-09-11T13:27:38Z,7.08,91.06
2026-09-11T13:30:38Z,7.08,91.07
2026-09-11T13:31:38Z,7.08,91.03
2026-09-11T13:32:38Z,7.08,91.04
2026-09-11T13:33:38Z,7.09,91.17
2026-09-11T13:34:38Z,7.08,91.12
2026-09-11T13:35:38Z,,91.23
2026-09-11T13:38:38Z,7.09,91.29
2026-09-11T13:39:38Z,7.09,91.26
2026-09-11T13:40:38Z,7.1,91.45
2026-09-11T13:41:38Z,7.1,91.41
2026-09-11T13:42:38Z,7.1,91.4
2026-09-11T13:45:38Z,7.11,91.52
2026-09-11T13:46:38Z,7.12,91.69
2026-09-11T13:47:38Z,7.12,91.68
2026-09-11T13:48:38Z,7.12,91.73
2026-09-11T13:49:38Z,7.12,91.7
2026-09-11T13:52:38Z,7.12,91.73
2026-09-11T13:53:38Z,7.13,91.86
2026-09-11T13:54:38Z,7.13,91.83
2026-09-11T13:55:38Z,7.12,91.8
2026-09-11T13:56:38Z,7.13,91.86
2026-09-11T14:00:38Z,7.13,91.99
2026-09-11T14:01:38Z,7.14,92.01
2026-09-11T14:02:38Z,7.14,92.02
2026-09-11T14:03:38Z,7.14,92.03
2026-09-11T14:04:38Z,7.13,91.92
2026-09-11T14:05:38Z,,91.97
2026-09-11T14:08:38Z,7.13,91.92
2026-09-11T14:09:38Z,7.13,91.96
2026-09-11T14:10:38Z,7.14,92.07
2026-09-11T14:11:38Z,7.14,92.01
2026-09-11T14:12:38Z,7.15,92.17
2026-09-11T14:15:38Z,7.15,92.19
2026-09-11T14:16:38Z,7.15,92.26
2026-09-11T14:17:38Z,7.14,92.15
2026-09-11T14:18:38Z,7.15,92.24
2026-09-11T14:19:38Z,7.14,92.16
2026-09-11T14:20:38Z,7.15,
2026-09-11T14:23:38Z,7.15,92.18
2026-09-11T14:24:38Z,7.15,92.21
2026-09-11T14:25:38Z,7.15,92.23
2026-09-11T14:26:38Z,7.15,92.3
2026-09-11T14:27:38Z,7.15,92.28
2026-09-11T14:31:38Z,7.16,92.46
2026-09-11T14:32:38Z,7.15,92.27
2026-09-11T14:33:38Z,7.16,92.36
2026-09-11T14:34:38Z,7.16,92.36
2026-09-11T14:35:38Z,7.15,92.27
2026-09-11T14:38:38Z,7.15,92.32
2026-09-11T14:39:38Z,7.16,92.35
2026-09-11T14:40:38Z,7.15,92.33
2026-09-11T14:41:38Z,7.16,92.35
2026-09-11T14:42:38Z,7.15,92.31
2026-09-11T14:45:38Z,7.16,92.41
2026-09-11T14:46:38Z,7.15,92.32
2026-09-11T14:47:38Z,7.15,92.26
2026-09-11T14:48:38Z,7.15,92.32
2026-09-11T14:49:38Z,7.15,92.26
2026-09-11T14:53:38Z,7.15,92.31
2026-09-11T14:54:38Z,7.16,92.38
2026-09-11T14:55:38Z,7.15,92.33
2026-09-11T14:56:38Z,7.15,92.24
2026-09-11T14:57:38Z,,92.36
2026-09-11T15:00:38Z,7.16,92.44
2026-09-11T15:01:38Z,7.16,92.43
2026-09-11T15:02:38Z,7.16,92.41
2026-09-11T15:03:38Z,7.16,92.49
2026-09-11T15:04:38Z,7.16,92.46
2026-09-11T15:05:38Z,,92.6
2026-09-11T15:08:38Z,7.17,92.56
2026-09-11T15:09:38Z,7.16,92.41
2026-09-11T15:10:38Z,7.16,92.47
2026-09-11T15:11:38Z,7.17,92.51
2026-09-11T15:12:38Z,7.17,92.5
2026-09-11T15:15:38Z,7.17,92.53
2026-09-11T15:16:38Z,7.16,92.43
2026-09-11T15:17:38Z,7.17,92.54
2026-09-11T15:18:38Z,7.17,92.58
2026-09-11T15:19:38Z,7.17,92.62
2026-09-11T15:20:38Z,7.17,92.51
2026-09-11T15:23:38Z,,92.65
2026-09-11T15:24:38Z,7.17,92.52
2026-09-11T15:25:38Z,7.17,92.61
2026-09-11T15:26:38Z,7.17,92.56
2026-09-11T15:27:38Z,7.17,92.64
2026-09-11T15:31:38Z,7.17,92.64
2026-09-11T15:32:38Z,7.17,92.58
2026-09-11T15:33:38Z,7.17,92.54
2026-09-11T15:34:38Z,7.14,92.1
2026-09-11T15:35:38Z,7.15,92.33
2026-09-11T15:39:38Z,7.14,92.16
2026-09-11T15:40:38Z,7.14,92.04
2026-09-11T15:41:38Z,7.13,91.93
2026-09-11T15:42:38Z,7.12,91.79
2026-09-11T15:43:38Z,7.12,91.71
2026-09-11T15:45:38Z,7.11,91.52
2026-09-11T15:46:38Z,7.11,91.54
2026-09-11T15:47:38Z,7.1,91.43
2026-09-11T15:48:38Z,7.09,91.2
2026-09-11T15:49:38Z,7.48,91.18
2026-09-11T15:50:38Z,7.09,91.26
2026-09-11T15:53:38Z,7.46,90.9
2026-09-11T15:54:38Z,7.08,91.03
2026-09-11T15:55:38Z,7.07,90.83
2026-09-11T15:56:38Z,7.06,90.69
2026-09-11T15:57:38Z,7.05,90.6
2026-09-11T16:02:38Z,7.43,90.39
2026-09-11T16:03:38Z,7.04,90.35
2026-09-11T16:04:38Z,7.04,90.42
2026-09-11T16:05:38Z,7.03,90.16
2026-09-11T16:06:38Z,7.02,90.13
2026-09-11T16:11:38Z,7.02,90.05
2026-09-11T16:12:38Z,7.02,90.06
2026-09-11T16:13:38Z,7.02,89.99
2026-09-11T16:14:38Z,7.4,89.96
2026-09-11T16:17:38Z,7.02,90.02
2026-09-11T16:18:38Z,7.01,89.96
2026-09-11T16:19:38Z,7.01,89.86
2026-09-11T16:20:38Z,7.02,90.04
2026-09-11T16:21:38Z,7.02,89.98
2026-09-11T16:23:38Z,7.01,
2026-09-11T16:24:38Z,7.01,89.89
2026-09-11T16:25:38Z,7.01,89.86
2026-09-11T16:26:38Z,7.01,89.95
2026-09-11T16:27:38Z,7.01,89.96
2026-09-11T16:30:38Z,7.01,89.86
2026-09-11T16:31:38Z,7.01,89.82
2026-09-11T16:32:38Z,7,89.72
2026-09-11T16:33:38Z,7,89.65
2026-09-11T16:34:38Z,6.99,89.6
2026-09-11T16:36:38Z,6.99,
2026-09-11T16:37:38Z,6.98,89.47
2026-09-11T16:38:38Z,6.99,89.55
2026-09-11T16:39:38Z,6.99,89.48
2026-09-11T16:40:38Z,6.99,89.5
2026-09-11T16:41:38Z,,89.51
2026-09-11T16:43:38Z,6.98,
2026-09-11T16:44:38Z,6.99,89.48
2026-09-11T16:45:38Z,6.98,89.39
2026-09-11T16:46:38Z,6.97,89.25
2026-09-11T16:47:38Z,6.97,89.24
2026-09-11T16:49:38Z,6.98,
2026-09-11T16:50:38Z,6.96,89.11
2026-09-11T16:51:38Z,6.96,89.03
2026-09-11T16:52:38Z,6.96,89.05
2026-09-11T16:53:38Z,6.96,89.04
2026-09-11T16:54:38Z,,88.95
2026-09-11T16:56:38Z,6.95,
2026-09-11T16:57:38Z,6.96,88.97
2026-09-11T16:58:38Z,6.95,88.94
2026-09-11T16:59:38Z,6.95,88.89
2026-09-11T17:00:38Z,6.95,88.92
2026-09-11T17:01:38Z,6.95,88.94
2026-09-11T17:04:38Z,6.95,88.95
2026-09-11T17:05:38Z,6.95,88.92
2026-09-11T17:06:38Z,6.95,88.92
2026-09-11T17:07:38Z,6.95,88.91
2026-09-11T17:08:38Z,6.95,88.9
2026-09-11T17:09:38Z,,88.87
2026-09-11T17:10:38Z,6.95,
2026-09-11T17:11:38Z,6.95,88.92
2026-09-11T17:12:38Z,6.96,88.97
2026-09-11T17:13:38Z,6.96,89.02
2026-09-11T17:14:38Z,6.96,89.02
2026-09-11T17:15:38Z,6.96,
2026-09-11T17:16:38Z,6.96,89
2026-09-11T17:17:38Z,6.96,89.03
2026-09-11T17:18:38Z,6.95,88.96
2026-09-11T17:19:38Z,6.95,88.88
2026-09-11T17:20:38Z,6.95,88.86
2026-09-11T17:22:38Z,6.95,88.84
2026-09-11T17:23:38Z,6.95,88.82
2026-09-11T17:24:38Z,6.94,88.77
2026-09-11T17:25:38Z,6.94,88.79
2026-09-11T17:26:38Z,6.94,88.7
2026-09-11T17:29:38Z,6.93,88.53
2026-09-11T17:30:38Z,6.93,88.53
2026-09-11T17:31:38Z,6.92,88.38
2026-09-11T17:32:38Z,6.92,88.36
2026-09-11T17:33:38Z,6.92,88.31
2026-09-11T17:36:38Z,6.92,88.34
2026-09-11T17:37:38Z,6.92,88.31
2026-09-11T17:38:38Z,6.91,88.22
2026-09-11T17:39:38Z,6.91,88.26
2026-09-11T17:40:38Z,6.91,88.15
2026-09-11T17:43:38Z,6.91,88.15
2026-09-11T17:44:38Z,6.91,88.2
2026-09-11T17:45:38Z,6.9,88.03
2026-09-11T17:46:38Z,6.91,88.13
2026-09-11T17:47:38Z,6.9,88.09
2026-09-11T17:49:38Z,,88.1
2026-09-11T17:50:38Z,6.91,88.15
2026-09-11T17:51:38Z,6.91,88.22
2026-09-11T17:52:38Z,6.92,88.33
2026-09-11T17:53:38Z,6.92,88.39
2026-09-11T17:54:38Z,6.93,88.51
2026-09-11T17:58:38Z,6.95,88.83
2026-09-11T17:59:38Z,6.95,88.94
2026-09-11T18:00:38Z,6.96,89.07
2026-09-11T18:01:38Z,6.97,89.15
2026-09-11T18:02:38Z,6.98,89.35
2026-09-11T18:06:38Z,,89.64
2026-09-11T18:07:38Z,7,89.69
2026-09-11T18:08:38Z,7,89.74
2026-09-11T18:09:38Z,7.01,89.89
2026-09-11T18:10:38Z,7.01,89.97
2026-09-11T18:11:38Z,7.01,89.94
2026-09-11T18:14:38Z,7.02,90.11
2026-09-11T18:15:38Z,7.03,90.21
2026-09-11T18:16:38Z,7.03,90.27
2026-09-11T18:17:38Z,7.04,90.39
2026-09-11T18:18:38Z,7.04,90.41
2026-09-11T18:19:38Z,7.05,
2026-09-11T18:22:38Z,7.05,90.55
2026-09-11T18:23:38Z,7.05,90.61
2026-09-11T18:24:38Z,7.06,90.7
2026-09-11T18:25:38Z,7.06,90.66
2026-09-11T18:26:38Z,7.06,
2026-09-11T18:28:38Z,,90.68
2026-09-11T18:29:38Z,7.05,90.64
2026-09-11T18:30:38Z,7.05,90.62
2026-09-11T18:31:38Z,7.05,90.56
2026-09-11T18:32:38Z,7.05,90.59
2026-09-11T18:35:38Z,,90.45
2026-09-11T18:36:38Z,7.04,90.44
2026-09-11T18:37:38Z,7.04,90.35
2026-09-11T18:38:38Z,7.03,90.26
2026-09-11T18:39:38Z,7.03,90.27
2026-09-11T18:40:38Z,7.03,
2026-09-11T18:42:38Z,7.02,90.06
2026-09-11T18:43:38Z,7.02,89.99
2026-09-11T18:44:38Z,7.01,89.89
2026-09-11T18:45:38Z,7,89.77
2026-09-11T18:46:38Z,7,
2026-09-11T18:48:38Z,6.99,89.48
2026-09-11T18:49:38Z,6.98,89.47
2026-09-11T18:50:38Z,6.98,89.39
2026-09-11T18:51:38Z,6.98,89.38
2026-09-11T18:52:38Z,6.98,89.31
2026-09-11T18:56:38Z,,89.23
2026-09-11T18:57:38Z,6.96,89.09
2026-09-11T18:58:38Z,6.96,89.04
2026-09-11T18:59:38Z,6.96,89.05
2026-09-11T19:00:38Z,6.96,89.1
2026-09-11T19:01:38Z,6.96,
2026-09-11T19:04:38Z,6.97,89.27
2026-09-11T19:05:38Z,6.98,89.31
2026-09-11T19:06:38Z,6.98,89.31
2026-09-11T19:07:38Z,6.98,89.33
2026-09-11T19:08:38Z,6.98,89.31
2026-09-11T19:12:38Z,6.96,89.09
2026-09-11T19:13:38Z,6.96,89.01
2026-09-11T19:14:38Z,6.95,88.93
2026-09-11T19:15:38Z,6.95,88.84
2026-09-11T19:16:38Z,6.95,88.81
2026-09-11T19:19:38Z,6.93,
2026-09-11T19:20:38Z,6.94,88.66
2026-09-11T19:21:38Z,6.94,88.79
2026-09-11T19:22:38Z,6.94,88.8
2026-09-11T19:23:38Z,6.95,88.89
2026-09-11T19:24:38Z,6.95,88.91
2026-09-11T19:27:38Z,6.96,
2026-09-11T19:28:38Z,6.97,89.22
2026-09-11T19:29:38Z,6.97,89.29
2026-09-11T19:30:38Z,6.98,89.35
2026-09-11T19:31:38Z,6.98,89.36
2026-09-11T19:32:38Z,,89.37
2026-09-11T19:34:38Z,6.98,
2026-09-11T19:35:38Z,6.99,89.5
2026-09-11T19:36:38Z,6.98,89.4
2026-09-11T19:37:38Z,6.98,89.34
2026-09-11T19:38:38Z,6.98,89.39
2026-09-11T19:39:38Z,6.98,89.42
2026-09-11T19:42:38Z,6.98,
2026-09-11T19:43:38Z,6.98,89.4
2026-09-11T19:44:38Z,6.98,89.35
2026-09-11T19:45:38Z,6.98,89.47
2026-09-11T19:46:38Z,6.98,89.35
2026-09-11T19:47:38Z,,89.38
2026-09-11T19:49:38Z,6.98,
2026-09-11T19:50:38Z,6.98,89.36
2026-09-11T19:51:38Z,6.98,89.32
2026-09-11T19:52:38Z,6.98,89.34
2026-09-11T19:53:38Z,6.97,89.27
2026-09-11T19:54:38Z,,89.12
2026-09-11T19:57:38Z,6.95,
2026-09-11T19:58:38Z,6.96,88.98
2026-09-11T19:59:38Z,6.96,89.02
2026-09-11T20:00:38Z,6.96,89
2026-09-11T20:01:38Z,6.96,88.99
2026-09-11T20:02:38Z,,88.93
2026-09-11T20:05:38Z,6.95,
2026-09-11T20:06:38Z,6.95,88.9
2026-09-11T20:07:38Z,6.95,88.9
2026-09-11T20:08:38Z,6.95,88.92
2026-09-11T20:09:38Z,6.95,88.88
2026-09-11T20:10:38Z,6.95,88.89
2026-09-11T20:13:38Z,6.95,
2026-09-11T20:14:38Z,6.95,88.94
2026-09-11T20:15:38Z,6.95,88.89
2026-09-11T20:16:38Z,6.95,88.88
2026-09-11T20:17:38Z,6.95,88.86
2026-09-11T20:18:38Z,,88.9
2026-09-11T20:21:38Z,6.95,
2026-09-11T20:22:38Z,6.95,88.95
2026-09-11T20:23:38Z,6.95,88.93
2026-09-11T20:24:38Z,6.95,88.93
2026-09-11T20:25:38Z,6.96,88.97
2026-09-11T20:26:38Z,,89.06
2026-09-11T20:28:38Z,6.96,
2026-09-11T20:29:38Z,6.95,88.94
2026-09-11T20:30:38Z,6.95,88.94
2026-09-11T20:31:38Z,6.95,88.96
2026-09-11T20:32:38Z,6.96,89.01
2026-09-11T20:35:38Z,6.96,89.1
2026-09-11T20:36:38Z,6.97,89.21
2026-09-11T20:37:38Z,6.98,89.32
2026-09-11T20:38:38Z,6.98,89.45
2026-09-11T20:39:38Z,7,89.68
2026-09-11T20:40:38Z,7,89.78
2026-09-11T20:41:38Z,7.01,89.92
2026-09-11T20:42:38Z,7.02,89.99
2026-09-11T20:43:38Z,7.02,
2026-09-11T20:45:38Z,7.02,90.1
2026-09-11T20:46:38Z,7.03,90.22
2026-09-11T20:47:38Z,7.03,90.2
2026-09-11T20:48:38Z,7.03,90.16
2026-09-11T20:49:38Z,7.03,90.19
2026-09-11T20:51:38Z,,90.27
2026-09-11T20:52:38Z,7.04,90.45
2026-09-11T20:53:38Z,7.04,90.48
2026-09-11T20:54:38Z,7.04,90.46
2026-09-11T20:55:38Z,7.05,90.56
2026-09-11T20:56:38Z,7.06,
2026-09-11T20:59:38Z,7.06,90.8
2026-09-11T21:00:38Z,7.07,90.88
2026-09-11T21:01:38Z,7.07,90.92
2026-09-11T21:02:38Z,7.07,90.82
2026-09-11T21:03:38Z,7.07,90.85
2026-09-11T21:06:38Z,,90.95
2026-09-11T21:07:38Z,7.08,91.01
2026-09-11T21:08:38Z,7.08,91.05
2026-09-11T21:09:38Z,7.08,91.03
2026-09-11T21:10:38Z,7.08,91.04
2026-09-11T21:11:38Z,7.08,91.06
2026-09-11T21:13:38Z,,91.02
2026-09-11T21:14:38Z,7.08,91.12
2026-09-11T21:15:38Z,7.08,91.07
2026-09-11T21:16:38Z,7.08,91.06
2026-09-11T21:17:38Z,7.08,91.01
2026-09-11T21:20:38Z,,90.91
2026-09-11T21:21:38Z,7.08,91.02
2026-09-11T21:22:38Z,7.08,91.04
2026-09-11T21:23:38Z,7.08,91.15
2026-09-11T21:24:38Z,7.09,91.19
2026-09-11T21:25:38Z,7.09,91.22
2026-09-11T21:28:38Z,7.08,91.15
2026-09-11T21:29:38Z,7.09,91.17
2026-09-11T21:30:38Z,7.09,91.17
2026-09-11T21:31:38Z,7.09,91.24
2026-09-11T21:32:38Z,7.09,91.22
2026-09-11T21:35:38Z,7.09,91.18
2026-09-11T21:36:38Z,7.09,91.22
2026-09-11T21:37:38Z,7.09,91.16
2026-09-11T21:38:38Z,7.08,91.15
2026-09-11T21:39:38Z,7.09,91.2
2026-09-11T21:42:38Z,7.1,91.37
2026-09-11T21:43:38Z,7.09,91.31
2026-09-11T21:44:38Z,7.1,91.39
2026-09-11T21:45:38Z,7.1,91.45
2026-09-11T21:46:38Z,7.11,91.58
2026-09-11T21:49:38Z,7.12,91.67
2026-09-11T21:50:38Z,7.12,91.69
2026-09-11T21:51:38Z,7.13,91.99
2026-09-11T21:52:38Z,7.13,91.9
2026-09-11T21:53:38Z,7.14,92.13
2026-09-11T21:55:38Z,,92.29
2026-09-11T21:56:38Z,,92.29
2026-09-11T21:57:38Z,7.16,92.4
2026-09-11T21:58:38Z,7.16,92.37
2026-09-11T21:59:38Z,7.17,92.56
2026-09-11T22:00:38Z,7.17,92.54
2026-09-11T22:01:38Z,7.17,
2026-09-11T22:03:38Z,7.17,92.54
2026-09-11T22:04:38Z,7.16,92.48
2026-09-11T22:06:38Z,7.17,92.57
2026-09-11T22:07:38Z,7.17,92.51
2026-09-11T22:10:38Z,7.17,92.52
2026-09-11T22:11:38Z,7.17,92.5
2026-09-11T22:12:38Z,7.17,92.57
2026-09-11T22:13:38Z,7.16,92.45
2026-09-11T22:14:38Z,7.16,92.45
2026-09-11T22:17:38Z,7.16,92.46
2026-09-11T22:18:38Z,7.17,92.58
2026-09-11T22:19:38Z,7.16,92.45
2026-09-11T22:20:38Z,7.16,92.39
2026-09-11T22:21:38Z,7.16,92.47
2026-09-11T22:24:38Z,7.17,92.55
2026-09-11T22:25:38Z,7.16,92.43
2026-09-11T22:26:38Z,7.15,92.25
2026-09-11T22:27:38Z,7.15,92.23
2026-09-11T22:28:38Z,7.15,92.17
2026-09-11T22:31:38Z,7.14,92.09
2026-09-11T22:32:38Z,7.14,92.05
2026-09-11T22:33:38Z,7.14,92.01
2026-09-11T22:34:38Z,7.14,92.01
2026-09-11T22:35:38Z,7.14,92.06
2026-09-11T22:38:38Z,7.14,92.16
2026-09-11T22:39:38Z,7.14,92.16
2026-09-11T22:40:38Z,7.15,92.25
2026-09-11T22:41:38Z,7.15,92.28
2026-09-11T22:42:38Z,7.16,92.39
2026-09-11T22:44:38Z,7.15,92.25
2026-09-11T22:45:38Z,7.15,92.29
2026-09-11T22:46:38Z,7.16,92.36
2026-09-11T22:47:38Z,7.16,92.4
2026-09-11T22:48:38Z,7.16,92.35
2026-09-11T22:49:38Z,7.16,92.35
2026-09-11T22:52:38Z,7.17,92.63
2026-09-11T22:53:38Z,7.16,92.48
2026-09-11T22:54:38Z,7.17,92.51
2026-09-11T22:55:38Z,7.16,92.36
2026-09-11T22:56:38Z,7.16,92.41
2026-09-11T22:59:38Z,,92.25
2026-09-11T23:00:38Z,7.16,92.39
2026-09-11T23:01:38Z,7.15,92.2
2026-09-11T23:02:38Z,7.15,92.31
2026-09-11T23:03:38Z,7.16,92.35
2026-09-11T23:04:38Z,7.15,92.27
2026-09-11T23:06:38Z,7.13,91.91
2026-09-11T23:07:38Z,7.11,91.65
2026-09-11T23:08:38Z,7.11,91.57
2026-09-11T23:09:38Z,7.11,91.55
2026-09-11T23:10:38Z,7.1,91.4
2026-09-11T23:13:38Z,7.09,91.18
2026-09-11T23:14:38Z,7.06,90.76
2026-09-11T23:15:38Z,7.05,90.56
2026-09-11T23:16:38Z,7.04,90.4
2026-09-11T23:17:38Z,7.02,90.08
2026-09-11T23:20:38Z,6.97,89.18
2026-09-11T23:21:38Z,6.95,88.87
2026-09-11T23:22:38Z,6.96,88.98
2026-09-11T23:23:38Z,6.94,88.68
2026-09-11T23:24:38Z,6.92,88.39
2026-09-11T23:27:38Z,6.9,87.96
2026-09-11T23:28:38Z,6.86,87.44
2026-09-11T23:29:38Z,6.84,86.97
2026-09-11T23:30:38Z,6.83,86.95
2026-09-11T23:31:38Z,6.79,86.13
2026-09-11T23:33:38Z,6.77,
2026-09-11T23:34:38Z,6.78,86.07
2026-09-11T23:35:38Z,6.78,86.03
2026-09-11T23:36:38Z,6.77,85.87
2026-09-11T23:37:38Z,6.76,85.63
2026-09-11T23:38:38Z,,85.88
2026-09-11T23:41:38Z,6.77,85.94
2026-09-11T23:42:38Z,6.78,86.05
2026-09-11T23:43:38Z,6.76,85.77
2026-09-11T23:44:38Z,6.76,85.65
2026-09-11T23:45:38Z,6.72,85.07
2026-09-11T23:46:38Z,6.74,85.3
2026-09-11T23:48:38Z,6.67,84.12
2026-09-11T23:49:38Z,6.66,83.95
2026-09-11T23:50:38Z,6.68,84.3
2026-09-11T23:51:38Z,6.64,83.67
2026-09-11T23:52:38Z,6.63,83.5
2026-09-11T23:54:38Z,6.69,84.52
2026-09-11T23:55:38Z,6.67,84.14
2026-09-11T23:56:38Z,6.67,84.16
2026-09-11T23:57:38Z,6.66,84.01
2026-09-11T23:58:38Z,6.66,
2026-09-12T00:01:38Z,6.66,84.02
2026-09-12T00:02:38Z,6.66,84.02
2026-09-12T00:03:38Z,6.66,84.06
2026-09-12T00:04:38Z,6.66,84.07
2026-09-12T00:05:38Z,6.66,84.02
2026-09-12T00:08:38Z,6.65,83.8
2026-09-12T00:09:38Z,6.68,84.32
2026-09-12T00:10:38Z,6.66,84.04
2026-09-12T00:11:38Z,6.67,84.2
2026-09-12T00:13:38Z,6.68,84.28
2026-09-12T00:14:38Z,6.69,84.48
2026-09-12T00:15:38Z,6.7,84.61
2026-09-12T00:16:38Z,6.7,84.76
2026-09-12T00:17:38Z,6.7,84.61
2026-09-12T00:20:38Z,6.68,84.4
2026-09-12T00:21:38Z,6.71,84.91
2026-09-12T00:22:38Z,6.65,83.87
2026-09-12T00:23:38Z,6.65,83.78
2026-09-12T00:24:38Z,6.66,84.03
2026-09-12T00:27:38Z,6.66,84.04
2026-09-12T00:28:38Z,6.62,83.41
2026-09-12T00:29:38Z,6.65,83.79
2026-09-12T00:30:38Z,6.65,83.88
2026-09-12T00:31:38Z,6.66,84.08
2026-09-12T00:34:38Z,6.64,83.75
2026-09-12T00:35:38Z,6.64,83.69
2026-09-12T00:36:38Z,6.66,84
2026-09-12T00:37:38Z,6.68,84.27
2026-09-12T00:38:38Z,,83.77
2026-09-12T00:40:38Z,6.62,83.39
2026-09-12T00:41:38Z,6.62,83.4
2026-09-12T00:42:38Z,6.63,83.56
2026-09-12T00:43:38Z,6.64,83.61
2026-09-12T00:44:38Z,6.65,83.81
2026-09-12T00:47:38Z,6.62,83.33
2026-09-12T00:48:38Z,6.62,83.33
2026-09-12T00:49:38Z,6.63,83.52
2026-09-12T00:50:38Z,6.62,83.3
2026-09-12T00:51:38Z,6.62,83.33
2026-09-12T00:53:38Z,6.62,83.3
2026-09-12T00:54:38Z,6.63,83.48
2026-09-12T00:55:38Z,6.62,83.31
2026-09-12T00:56:38Z,6.57,82.47
2026-09-12T00:57:38Z,6.56,82.28
2026-09-12T01:00:38Z,,82.09
2026-09-12T01:01:38Z,6.53,81.8
2026-09-12T01:02:38Z,6.52,81.62
2026-09-12T01:03:38Z,6.53,81.86
2026-09-12T01:04:38Z,6.51,81.48
2026-09-12T01:05:38Z,6.52,81.58
2026-09-12T01:08:38Z,6.51,81.44
2026-09-12T01:09:38Z,6.48,81.04
2026-09-12T01:10:38Z,6.46,80.67
2026-09-12T01:11:38Z,6.47,80.73
2026-09-12T01:14:38Z,6.49,81.16
2026-09-12T01:15:38Z,6.51,81.48
2026-09-12T01:16:38Z,6.44,80.29
2026-09-12T01:17:38Z,6.43,80.15
2026-09-12T01:20:38Z,6.4,79.69
2026-09-12T01:21:38Z,6.39,79.52
2026-09-12T01:22:38Z,6.38,79.28
2026-09-12T01:23:38Z,6.39,79.47
2026-09-12T01:24:38Z,6.38,79.29
2026-09-12T01:26:38Z,,79.43
2026-09-12T01:27:38Z,6.39,79.54
2026-09-12T01:28:38Z,6.41,79.77
2026-09-12T01:29:38Z,6.42,79.93
2026-09-12T01:30:38Z,6.4,79.66
2026-09-12T01:31:38Z,6.42,79.95
2026-09-12T01:33:38Z,,79.68
2026-09-12T01:34:38Z,6.37,79.15
2026-09-12T01:35:38Z,6.36,78.93
2026-09-12T01:36:38Z,6.34,78.58
2026-09-12T01:37:38Z,6.31,78.16
2026-09-12T01:38:38Z,6.26,
2026-09-12T01:39:38Z,,76.78
2026-09-12T01:40:38Z,6.17,75.85
2026-09-12T01:41:38Z,6.16,75.52
2026-09-12T01:42:38Z,6.14,75.26
2026-09-12T01:43:38Z,6.05,73.74
2026-09-12T01:44:38Z,6.01,73.06
2026-09-12T01:45:38Z,,72.93
2026-09-12T01:46:38Z,5.99,72.68
2026-09-12T01:47:38Z,5.98,72.63
2026-09-12T01:48:38Z,5.97,72.35
2026-09-12T01:49:38Z,5.99,72.7
2026-09-12T01:50:38Z,5.99,72.82
2026-09-12T01:51:38Z,5.98,
2026-09-12T01:52:38Z,,72.72
2026-09-12T01:53:38Z,6.01,73.16
2026-09-12T01:54:38Z,5.94,71.9
2026-09-12T01:55:38Z,5.94,71.88
2026-09-12T01:56:38Z,5.95,72.07
2026-09-12T01:57:38Z,5.98,
2026-09-12T01:58:38Z,,72.4
2026-09-12T01:59:38Z,5.97,72.48
2026-09-12T02:00:38Z,5.98,72.54
2026-09-12T02:01:38Z,5.91,71.42
2026-09-12T02:02:38Z,5.93,71.77
2026-09-12T02:03:38Z,5.94,
2026-09-12T02:04:38Z,,72.14
2026-09-12T02:05:38Z,,72.09
2026-09-12T02:06:38Z,5.92,71.62
2026-09-12T02:07:38Z,5.92,71.51
2026-09-12T02:08:38Z,5.9,71.26
2026-09-12T02:09:38Z,5.92,71.54
2026-09-12T02:10:38Z,5.9,
2026-09-12T02:12:38Z,,71.23
2026-09-12T02:13:38Z,5.89,71.07
2026-09-12T02:14:38Z,5.8,69.59
2026-09-12T02:15:38Z,5.82,69.87
2026-09-12T02:16:38Z,5.79,
2026-09-12T02:17:38Z,5.82,
2026-09-12T02:18:38Z,,69.84
2026-09-12T02:19:38Z,,70.34
2026-09-12T02:20:38Z,5.85,70.41
2026-09-12T02:21:38Z,5.79,69.43
2026-09-12T02:22:38Z,5.77,69.03
2026-09-12T02:23:38Z,5.74,
2026-09-12T02:24:38Z,5.73,68.37
2026-09-12T02:25:38Z,,68.84
2026-09-12T02:26:38Z,5.77,69.07
2026-09-12T02:27:38Z,5.81,69.78
2026-09-12T02:28:38Z,5.8,69.57
2026-09-12T02:29:38Z,5.81,
2026-09-12T02:30:38Z,5.81,
2026-09-12T02:31:38Z,,69.91
2026-09-12T02:32:38Z,,70.3
2026-09-12T02:33:38Z,5.85,70.43
2026-09-12T02:34:38Z,5.88,70.93
2026-09-12T02:35:38Z,5.9,71.26
2026-09-12T02:36:38Z,5.89,
2026-09-12T02:37:38Z,5.91,
2026-09-12T02:38:38Z,,71.8
2026-09-12T02:39:38Z,5.94,71.91
2026-09-12T02:40:38Z,5.97,72.47
2026-09-12T02:41:38Z,5.95,72.02
2026-09-12T02:42:38Z,5.95,72.02
2026-09-12T02:43:38Z,5.93,
2026-09-12T02:44:38Z,5.96,72.31
2026-09-12T02:45:38Z,5.94,71.95
2026-09-12T02:46:38Z,5.94,71.92
2026-09-12T02:47:38Z,5.91,71.47
2026-09-12T02:48:38Z,5.91,
2026-09-12T02:49:38Z,5.89,71.01
2026-09-12T02:50:38Z,5.84,70.3
2026-09-12T02:51:38Z,5.83,70.09
2026-09-12T02:52:38Z,5.8,69.59
2026-09-12T02:53:38Z,5.78,69.14
2026-09-12T02:54:38Z,5.76,
2026-09-12T02:55:38Z,5.75,68.78
2026-09-12T02:56:38Z,,68.59
2026-09-12T02:57:38Z,,68.09
2026-09-12T02:58:38Z,5.74,68.48
2026-09-12T02:59:38Z,5.68,67.48
2026-09-12T03:00:38Z,5.68,67.55
2026-09-12T03:01:38Z,5.69,67.67
2026-09-12T03:02:38Z,5.7,
2026-09-12T03:03:38Z,,67.8
2026-09-12T03:04:38Z,5.65,67.01
2026-09-12T03:05:38Z,5.63,66.74
2026-09-12T03:06:38Z,5.63,66.77
2026-09-12T03:07:38Z,5.62,66.47
2026-09-12T03:08:38Z,5.57,
2026-09-12T03:09:38Z,5.55,65.31
2026-09-12T03:10:38Z,,65.37
2026-09-12T03:11:38Z,5.58,65.8
2026-09-12T03:12:38Z,5.58,65.84
2026-09-12T03:13:38Z,5.61,66.39
2026-09-12T03:14:38Z,5.55,65.37
2026-09-12T03:15:38Z,5.58,
2026-09-12T03:16:38Z,,64.96
2026-09-12T03:17:38Z,5.52,64.79
2026-09-12T03:18:38Z,5.51,64.59
2026-09-12T03:19:38Z,5.49,64.4
2026-09-12T03:20:38Z,5.47,63.98
2026-09-12T03:21:38Z,5.44,
2026-09-12T03:23:38Z,,63.12
2026-09-12T03:24:38Z,5.43,63.4
2026-09-12T03:25:38Z,5.41,63.05
2026-09-12T03:26:38Z,5.44,63.45
2026-09-12T03:27:38Z,5.43,63.36
2026-09-12T03:28:38Z,5.42,
2026-09-12T03:29:38Z,,62.5
2026-09-12T03:30:38Z,5.37,62.24
2026-09-12T03:31:38Z,5.38,62.52
2026-09-12T03:32:38Z,5.36,62.13
2026-09-12T03:33:38Z,5.39,
2026-09-12T03:34:38Z,5.34,
2026-09-12T03:35:38Z,,61.79
2026-09-12T03:36:38Z,5.37,62.4
2026-09-12T03:37:38Z,5.39,62.63
2026-09-12T03:38:38Z,5.39,62.7
2026-09-12T03:39:38Z,5.4,62.81
2026-09-12T03:40:38Z,5.36,
2026-09-12T03:41:38Z,5.35,
2026-09-12T03:42:38Z,,61.83
2026-09-12T03:43:38Z,5.35,62.03
2026-09-12T03:44:38Z,5.36,62.11
2026-09-12T03:45:38Z,5.32,61.4
2026-09-12T03:46:38Z,5.33,61.65
2026-09-12T03:47:38Z,5.33,
2026-09-12T03:48:38Z,,61.98
2026-09-12T03:49:38Z,5.31,61.24
2026-09-12T03:50:38Z,5.35,61.91
2026-09-12T03:51:38Z,5.35,61.99
2026-09-12T03:52:38Z,5.34,61.88
2026-09-12T03:53:38Z,5.35,
2026-09-12T03:54:38Z,,61.55
2026-09-12T03:55:38Z,5.28,60.84
2026-09-12T03:56:38Z,5.25,60.34
2026-09-12T03:57:38Z,5.23,59.97
2026-09-12T03:58:38Z,5.25,
2026-09-12T03:59:38Z,5.24,
2026-09-12T04:00:38Z,5.24,
2026-09-12T04:01:38Z,,60.02
2026-09-12T04:02:38Z,,60.33
2026-09-12T04:03:38Z,,59.54
2026-09-12T04:04:38Z,5.22,59.78
2026-09-12T04:05:38Z,5.25,60.22
2026-09-12T04:06:38Z,5.22,
2026-09-12T04:07:38Z,5.26,
2026-09-12T04:08:38Z,5.24,60.14
2026-09-12T04:09:38Z,,60.17
2026-09-12T04:10:38Z,,60.6
2026-09-12T04:11:38Z,,60.32
2026-09-12T04:12:38Z,5.2,59.47
2026-09-12T04:13:38Z,5.23,
2026-09-12T04:14:38Z,5.26,60.46
2026-09-12T04:15:38Z,5.24,60.13
2026-09-12T04:16:38Z,5.24,60.21
2026-09-12T04:17:38Z,,59.08
2026-09-12T04:18:38Z,5.19,59.35
2026-09-12T04:19:38Z,5.17,
2026-09-12T04:20:38Z,5.15,
2026-09-12T04:21:38Z,5.15,58.55
2026-09-12T04:22:38Z,5.18,59.04
2026-09-12T04:23:38Z,5.2,59.42
2026-09-12T04:24:38Z,,59.07
2026-09-12T04:25:38Z,,59.15
2026-09-12T04:26:38Z,5.15,
2026-09-12T04:27:38Z,5.11,
2026-09-12T04:28:38Z,5.11,57.9
2026-09-12T04:29:38Z,5.14,58.53
2026-09-12T04:30:38Z,5.2,59.38
2026-09-12T04:31:38Z,,60.61
2026-09-12T04:32:38Z,,60.51
2026-09-12T04:33:38Z,5.26,
2026-09-12T04:34:38Z,5.3,61.11
2026-09-12T04:35:38Z,5.31,61.33
2026-09-12T04:36:38Z,5.32,61.47
2026-09-12T04:37:38Z,,62.58
2026-09-12T04:38:38Z,,62.74
2026-09-12T04:39:38Z,5.43,
2026-09-12T04:40:38Z,5.51,
2026-09-12T04:41:38Z,5.5,64.49
2026-09-12T04:42:38Z,5.5,64.44
2026-09-12T04:43:38Z,5.51,64.74
2026-09-12T04:44:38Z,5.53,65.06
2026-09-12T04:45:38Z,5.53,65.05
2026-09-12T04:46:38Z,5.55,65.37
2026-09-12T04:47:38Z,5.6,
2026-09-12T04:48:38Z,,66.59
2026-09-12T04:49:38Z,5.66,67.24
2026-09-12T04:50:38Z,5.68,67.54
2026-09-12T04:51:38Z,5.68,67.59
2026-09-12T04:52:38Z,5.64,66.93
2026-09-12T04:53:38Z,5.63,
2026-09-12T05:00:38Z,5.64,66.93
2026-09-12T05:01:38Z,5.62,66.56
2026-09-12T05:02:38Z,5.62,66.6
2026-09-12T05:03:38Z,,67.22
2026-09-12T05:04:38Z,5.66,67.24
2026-09-12T05:05:38Z,5.69,67.7
2026-09-12T05:06:38Z,5.65,66.95
2026-09-12T05:07:38Z,5.63,66.71
2026-09-12T05:08:38Z,5.6,66.14
2026-09-12T05:11:38Z,5.58,65.82
2026-09-12T05:12:38Z,5.56,65.54
2026-09-12T05:13:38Z,5.58,65.88
2026-09-12T05:14:38Z,5.57,65.67
2026-09-12T05:15:38Z,5.51,64.72
2026-09-12T05:17:38Z,5.52,64.91
2026-09-12T05:18:38Z,5.54,65.1
2026-09-12T05:19:38Z,5.46,63.81
2026-09-12T05:20:38Z,5.46,63.79
2026-09-12T05:21:38Z,5.45,63.58
2026-09-12T05:23:38Z,5.47,64.05
2026-09-12T05:24:38Z,5.43,63.38
2026-09-12T05:25:38Z,5.43,63.39
2026-09-12T05:26:38Z,5.41,63.04
2026-09-12T05:27:38Z,5.41,63.01
2026-09-12T05:29:38Z,5.41,62.92
2026-09-12T05:30:38Z,5.4,62.79
2026-09-12T05:31:38Z,5.35,62.05
2026-09-12T05:32:38Z,5.38,62.43
2026-09-12T05:33:38Z,5.4,62.86
2026-09-12T05:34:38Z,5.39,
2026-09-12T05:35:38Z,,63.03
2026-09-12T05:36:38Z,5.42,63.1
2026-09-12T05:37:38Z,5.44,63.55
2026-09-12T05:38:38Z,5.49,64.37
2026-09-12T05:39:38Z,5.48,64.11
2026-09-12T05:40:38Z,5.5,
2026-09-12T05:41:38Z,5.5,64.5
2026-09-12T05:42:38Z,5.52,64.85
2026-09-12T05:43:38Z,5.55,65.27
2026-09-12T05:44:38Z,5.56,65.51
2026-09-12T05:45:38Z,5.59,65.97
2026-09-12T05:47:38Z,5.67,67.35
2026-09-12T05:48:38Z,5.68,67.53
2026-09-12T05:49:38Z,5.72,68.21
2026-09-12T05:50:38Z,5.72,68.22
2026-09-12T05:51:38Z,5.74,68.53
2026-09-12T05:53:38Z,5.74,68.6
2026-09-12T05:54:38Z,5.77,69
2026-09-12T05:55:38Z,5.78,69.21
2026-09-12T05:56:38Z,5.74,68.56
2026-09-12T05:57:38Z,5.75,68.65
2026-09-12T05:59:38Z,,68.9
2026-09-12T06:00:38Z,5.77,68.97
2026-09-12T06:01:38Z,5.76,68.87
2026-09-12T06:02:38Z,5.78,69.28
2026-09-12T06:03:38Z,5.78,69.29
2026-09-12T06:04:38Z,5.75,68.7
2026-09-12T06:05:38Z,,68.07
2026-09-12T06:06:38Z,5.69,67.62
2026-09-12T06:07:38Z,6.49,68.11
2026-09-12T06:08:38Z,5.7,67.84
2026-09-12T06:09:38Z,5.68,67.61
2026-09-12T06:10:38Z,5.7,
2026-09-12T06:12:38Z,5.68,67.49
2026-09-12T06:13:38Z,5.69,67.71
2026-09-12T06:14:38Z,6.47,67.71
2026-09-12T06:15:38Z,5.67,67.42
2026-09-12T06:16:38Z,6.42,66.89
2026-09-12T06:18:38Z,,66.22
2026-09-12T06:19:38Z,5.57,65.69
2026-09-12T06:20:38Z,6.36,65.89
2026-09-12T06:21:38Z,5.57,65.7
2026-09-12T06:22:38Z,5.54,65.24
2026-09-12T06:23:38Z,5.59,
2026-09-12T06:24:38Z,,65.81
2026-09-12T06:25:38Z,6.39,66.44
2026-09-12T06:26:38Z,5.62,66.54
2026-09-12T06:27:38Z,5.62,66.57
2026-09-12T06:28:38Z,5.62,66.45
2026-09-12T06:29:38Z,5.64,66.87
2026-09-12T06:30:38Z,5.64,66.81
2026-09-12T06:31:38Z,5.63,66.62
2026-09-12T06:32:38Z,5.65,67.08
2026-09-12T06:33:38Z,5.71,67.96
2026-09-12T06:34:38Z,5.7,
2026-09-12T06:35:38Z,,68.5
2026-09-12T06:36:38Z,5.68,67.59
2026-09-12T06:37:38Z,5.66,67.15
2026-09-12T06:38:38Z,5.69,67.67
2026-09-12T06:39:38Z,5.69,67.66
2026-09-12T06:40:38Z,5.71,
2026-09-12T06:42:38Z,,69.33
2026-09-12T06:43:38Z,5.81,69.69
2026-09-12T06:44:38Z,5.81,69.76
2026-09-12T06:45:38Z,5.84,70.29
2026-09-12T06:46:38Z,5.83,
2026-09-12T06:47:38Z,,70
2026-09-12T06:48:38Z,5.84,70.15
2026-09-12T06:49:38Z,5.83,70.05
2026-09-12T06:50:38Z,5.85,70.4
2026-09-12T06:51:38Z,5.87,70.72
2026-09-12T06:52:38Z,5.87,
2026-09-12T06:53:38Z,,71.01
2026-09-12T06:54:38Z,5.91,71.43
2026-09-12T06:55:38Z,5.86,70.54
2026-09-12T06:56:38Z,5.86,70.5
2026-09-12T06:57:38Z,5.88,70.93
2026-09-12T06:58:38Z,5.88,
2026-09-12T06:59:38Z,5.89,
2026-09-12T07:00:38Z,,71.62
2026-09-12T07:01:38Z,,71.06
2026-09-12T07:02:38Z,5.88,70.91
2026-09-12T07:03:38Z,5.9,71.31
2026-09-12T07:04:38Z,5.93,71.71
2026-09-12T07:05:38Z,5.95,72.08
2026-09-12T07:06:38Z,5.98,
2026-09-12T07:07:38Z,,72.98
2026-09-12T07:08:38Z,5.98,72.56
2026-09-12T07:09:38Z,5.96,72.27
2026-09-12T07:10:38Z,5.96,72.32
2026-09-12T07:11:38Z,5.97,72.43
2026-09-12T07:12:38Z,5.97,
2026-09-12T07:13:38Z,,72.09
2026-09-12T07:14:38Z,5.98,72.54
2026-09-12T07:15:38Z,5.95,72.1
2026-09-12T07:16:38Z,5.96,72.23
2026-09-12T07:17:38Z,5.96,72.26
2026-09-12T07:18:38Z,5.96,
2026-09-12T07:19:38Z,,71.85
2026-09-12T07:20:38Z,5.97,72.34
2026-09-12T07:21:38Z,5.98,72.53
2026-09-12T07:22:38Z,6,72.87
2026-09-12T07:23:38Z,5.98,72.5
2026-09-12T07:24:38Z,5.97,
2026-09-12T07:25:38Z,5.95,72.14
2026-09-12T07:26:38Z,,72.16
2026-09-12T07:27:38Z,5.97,72.48
2026-09-12T07:28:38Z,5.98,72.53
2026-09-12T07:29:38Z,5.98,72.62
2026-09-12T07:30:38Z,5.99,72.7
2026-09-12T07:31:38Z,6.01,
2026-09-12T07:32:38Z,,73.69
2026-09-12T07:33:38Z,6.06,73.91
2026-09-12T07:34:38Z,6.08,74.23
2026-09-12T07:35:38Z,6.08,74.33
2026-09-12T07:36:38Z,6.09,74.36
2026-09-12T07:37:38Z,6.1,
2026-09-12T07:38:38Z,,74.98
2026-09-12T07:39:38Z,6.13,75.08
2026-09-12T07:40:38Z,6.14,75.25
2026-09-12T07:41:38Z,6.14,75.32
2026-09-12T07:42:38Z,6.15,75.43
2026-09-12T07:43:38Z,6.12,
2026-09-12T07:44:38Z,6.12,74.96
2026-09-12T07:45:38Z,,74.97
2026-09-12T07:46:38Z,6.11,74.73
2026-09-12T07:47:38Z,6.12,74.87
2026-09-12T07:48:38Z,6.12,74.87
2026-09-12T07:49:38Z,6.13,
2026-09-12T07:50:38Z,6.11,
2026-09-12T07:51:38Z,,74.88
2026-09-12T07:52:38Z,6.12,74.88
2026-09-12T07:53:38Z,6.12,74.97
2026-09-12T07:54:38Z,6.09,74.48
2026-09-12T07:55:38Z,6.11,74.73
2026-09-12T07:56:38Z,6.12,
2026-09-12T07:57:38Z,,74.55
2026-09-12T07:58:38Z,,74.53
2026-09-12T07:59:38Z,6.06,73.98
2026-09-12T08:00:38Z,6.07,74.08
2026-09-12T08:01:38Z,6.07,74.1
2026-09-12T08:02:38Z,6.11,
2026-09-12T08:03:38Z,6.09,
2026-09-12T08:04:38Z,,74.51
2026-09-12T08:05:38Z,,74.6
2026-09-12T08:06:38Z,6.11,74.83
2026-09-12T08:07:38Z,6.12,74.87
2026-09-12T08:08:38Z,6.14,75.22
2026-09-12T08:09:38Z,6.12,
2026-09-12T08:10:38Z,6.13,
2026-09-12T08:11:38Z,,75.6
2026-09-12T08:12:38Z,6.17,75.72
2026-09-12T08:13:38Z,6.15,75.4
2026-09-12T08:14:38Z,6.14,75.32
2026-09-12T08:15:38Z,6.15,75.47
2026-09-12T08:16:38Z,6.16,
2026-09-12T08:17:38Z,,75.72
2026-09-12T08:18:38Z,6.17,75.85
2026-09-12T08:19:38Z,6.18,75.93
2026-09-12T08:20:38Z,6.17,75.75
2026-09-12T08:21:38Z,6.16,75.63
2026-09-12T08:22:38Z,6.15,
2026-09-12T08:23:38Z,,75.5
2026-09-12T08:24:38Z,6.17,75.84
2026-09-12T08:25:38Z,6.19,76.04
2026-09-12T08:26:38Z,6.2,76.22
2026-09-12T08:27:38Z,6.21,76.51
2026-09-12T08:28:38Z,6.23,
2026-09-12T08:29:38Z,6.24,
2026-09-12T08:30:38Z,,77.07
2026-09-12T08:31:38Z,,76.87
2026-09-12T08:32:38Z,6.26,77.25
2026-09-12T08:33:38Z,6.28,77.62
2026-09-12T08:34:38Z,6.3,77.89
2026-09-12T08:35:38Z,6.28,
2026-09-12T08:37:38Z,6.3,77.89
2026-09-12T08:38:38Z,6.3,77.88
2026-09-12T08:39:38Z,6.29,77.74
2026-09-12T08:40:38Z,6.29,77.81
2026-09-12T08:41:38Z,6.29,
2026-09-12T08:42:38Z,,77.83
2026-09-12T08:43:38Z,6.3,77.88
2026-09-12T08:44:38Z,6.31,78.09
2026-09-12T08:45:38Z,6.32,78.33
2026-09-12T08:46:38Z,6.33,78.41
2026-09-12T08:47:38Z,6.33,
2026-09-12T08:48:38Z,,78.54
2026-09-12T08:49:38Z,6.33,78.46
2026-09-12T08:50:38Z,6.33,78.49
2026-09-12T08:51:38Z,6.33,78.51
2026-09-12T08:52:38Z,6.32,78.23
2026-09-12T08:53:38Z,6.33,
2026-09-12T08:54:38Z,,78.71
2026-09-12T08:55:38Z,6.32,78.31
2026-09-12T08:56:38Z,6.33,78.46
2026-09-12T08:57:38Z,6.34,78.58
2026-09-12T08:58:38Z,6.34,78.58
2026-09-12T08:59:38Z,6.34,78.69
2026-09-12T09:00:38Z,6.33,
2026-09-12T09:01:38Z,6.34,78.7
2026-09-12T09:02:38Z,6.37,79.11
2026-09-12T09:03:38Z,6.4,79.58
2026-09-12T09:04:38Z,6.36,79
2026-09-12T09:05:38Z,6.37,79.16
2026-09-12T09:07:38Z,6.38,79.33
2026-09-12T09:08:38Z,6.37,79.14
2026-09-12T09:09:38Z,6.39,79.42
2026-09-12T09:10:38Z,6.35,78.86
2026-09-12T09:11:38Z,6.37,79.17
2026-09-12T09:13:38Z,6.39,79.43
2026-09-12T09:14:38Z,6.39,79.53
2026-09-12T09:15:38Z,6.39,79.47
2026-09-12T09:16:38Z,6.39,79.53
2026-09-12T09:17:38Z,6.39,79.43
2026-09-12T09:19:38Z,6.39,79.39
2026-09-12T09:20:38Z,6.38,79.32
2026-09-12T09:21:38Z,6.39,79.39
2026-09-12T09:22:38Z,6.4,79.66
2026-09-12T09:23:38Z,6.42,79.91
2026-09-12T09:25:38Z,6.44,80.27
2026-09-12T09:26:38Z,6.44,80.37
2026-09-12T09:27:38Z,6.46,80.63
2026-09-12T09:28:38Z,6.45,80.47
2026-09-12T09:29:38Z,6.45,80.52
2026-09-12T09:32:38Z,6.47,80.76
2026-09-12T09:33:38Z,6.47,80.89
2026-09-12T09:34:38Z,6.48,81.02
2026-09-12T09:35:38Z,6.49,81.12
2026-09-12T09:38:38Z,6.52,81.65
2026-09-12T09:39:38Z,6.52,81.65
2026-09-12T09:40:38Z,6.52,81.6
2026-09-12T09:41:38Z,6.5,81.32
2026-09-12T09:43:38Z,6.51,81.42
2026-09-12T09:44:38Z,6.51,81.5
2026-09-12T09:45:38Z,6.53,81.9
2026-09-12T09:46:38Z,6.54,81.91
2026-09-12T09:47:38Z,6.54,82.03
2026-09-12T09:49:38Z,6.55,82.18
2026-09-12T09:50:38Z,6.53,81.89
2026-09-12T09:51:38Z,6.55,82.12
2026-09-12T09:52:38Z,6.53,81.8
2026-09-12T09:53:38Z,,82.05
2026-09-12T09:54:38Z,6.55,82.12
2026-09-12T09:55:38Z,6.55,82.2
2026-09-12T09:56:38Z,6.56,82.39
2026-09-12T09:57:38Z,6.58,82.59
2026-09-12T09:58:38Z,6.57,82.57
2026-09-12T09:59:38Z,6.57,82.43
2026-09-12T10:02:38Z,6.57,82.52
2026-09-12T10:03:38Z,6.57,82.55
2026-09-12T10:04:38Z,6.57,82.53
2026-09-12T10:05:38Z,6.57,82.57
2026-09-12T10:06:38Z,,82.77
2026-09-12T10:07:38Z,6.59,
2026-09-12T10:08:38Z,6.58,82.58
2026-09-12T10:09:38Z,6.58,82.73
2026-09-12T10:10:38Z,6.59,82.83
2026-09-12T10:11:38Z,6.59,82.75
2026-09-12T10:13:38Z,6.57,82.5
2026-09-12T10:14:38Z,6.56,82.32
2026-09-12T10:15:38Z,6.55,82.23
2026-09-12T10:16:38Z,6.54,82.01
2026-09-12T10:17:38Z,6.55,82.15
2026-09-12T10:19:38Z,6.55,82.12
2026-09-12T10:20:38Z,6.53,81.89
2026-09-12T10:21:38Z,6.55,82.08
2026-09-12T10:22:38Z,6.55,82.16
2026-09-12T10:23:38Z,6.54,81.99
2026-09-12T10:24:38Z,,82.06
2026-09-12T10:25:38Z,6.54,
2026-09-12T10:26:38Z,6.54,82.04
2026-09-12T10:27:38Z,6.55,82.13
2026-09-12T10:28:38Z,6.54,81.96
2026-09-12T10:29:38Z,6.55,82.11
2026-09-12T10:30:38Z,6.56,82.34
2026-09-12T10:32:38Z,6.55,82.09
2026-09-12T10:33:38Z,6.55,82.17
2026-09-12T10:34:38Z,6.55,82.11
2026-09-12T10:35:38Z,6.55,82.22
2026-09-12T10:36:38Z,6.55,82.2
2026-09-12T10:38:38Z,6.55,82.16
2026-09-12T10:39:38Z,6.56,82.3
2026-09-12T10:40:38Z,6.54,81.98
2026-09-12T10:41:38Z,6.55,82.08
2026-09-12T10:42:38Z,6.55,82.1
2026-09-12T10:44:38Z,6.54,81.95
2026-09-12T10:45:38Z,6.55,82.22
2026-09-12T10:46:38Z,6.54,82.06
2026-09-12T10:47:38Z,6.58,82.68
2026-09-12T10:48:38Z,6.6,83.06
2026-09-12T10:50:38Z,6.61,83.11
2026-09-12T10:51:38Z,6.62,83.34
2026-09-12T10:52:38Z,6.62,83.33
2026-09-12T10:53:38Z,6.62,83.26
2026-09-12T10:54:38Z,6.63,83.51
2026-09-12T10:57:38Z,6.63,83.51
2026-09-12T10:58:38Z,6.63,83.48
2026-09-12T10:59:38Z,6.63,83.48
2026-09-12T11:00:38Z,6.64,83.7
2026-09-12T11:01:38Z,6.64,83.59
2026-09-12T11:04:38Z,6.64,83.65
2026-09-12T11:05:38Z,6.66,83.99
2026-09-12T11:06:38Z,6.65,83.85
2026-09-12T11:07:38Z,6.64,83.74
2026-09-12T11:08:38Z,6.64,83.62
2026-09-12T11:10:38Z,,83.6
2026-09-12T11:11:38Z,6.62,83.33
2026-09-12T11:12:38Z,6.63,83.43
2026-09-12T11:13:38Z,6.63,83.54
2026-09-12T11:14:38Z,6.63,83.54
2026-09-12T11:15:38Z,6.63,
2026-09-12T11:17:38Z,6.63,83.53
2026-09-12T11:18:38Z,6.63,83.51
2026-09-12T11:19:38Z,6.63,83.45
2026-09-12T11:20:38Z,6.63,83.57
2026-09-12T11:21:38Z,6.64,
2026-09-12T11:23:38Z,,83.53
2026-09-12T11:24:38Z,6.63,83.49
2026-09-12T11:25:38Z,6.63,83.51
2026-09-12T11:26:38Z,6.63,83.53
2026-09-12T11:27:38Z,6.65,83.78
2026-09-12T11:29:38Z,,83.91
2026-09-12T11:30:38Z,6.65,83.84
2026-09-12T11:31:38Z,6.65,83.89
2026-09-12T11:32:38Z,6.65,83.9
2026-09-12T11:33:38Z,6.67,84.15
2026-09-12T11:34:38Z,6.67,
2026-09-12T11:36:38Z,,84.43
2026-09-12T11:37:38Z,6.69,84.5
2026-09-12T11:38:38Z,6.69,84.47
2026-09-12T11:39:38Z,6.7,84.63
2026-09-12T11:40:38Z,6.7,84.73
2026-09-12T11:41:38Z,6.69,
2026-09-12T11:42:38Z,,84.89
2026-09-12T11:43:38Z,6.7,84.75
2026-09-12T11:44:38Z,6.71,84.78
2026-09-12T11:45:38Z,6.71,84.79
2026-09-12T11:46:38Z,6.7,84.73
2026-09-12T11:47:38Z,6.7,84.63
2026-09-12T11:48:38Z,6.7,84.69
2026-09-12T11:49:38Z,,84.67
2026-09-12T11:50:38Z,6.72,84.99
2026-09-12T11:51:38Z,6.71,84.91
2026-09-12T11:52:38Z,6.7,84.72
2026-09-12T11:53:38Z,6.7,84.73
2026-09-12T11:54:38Z,6.7,84.71
2026-09-12T11:57:38Z,6.72,84.98
2026-09-12T11:58:38Z,6.72,85.08
2026-09-12T11:59:38Z,6.72,85.1
2026-09-12T12:00:38Z,6.72,85.01
2026-09-12T12:01:38Z,6.73,85.11
2026-09-12T12:03:38Z,6.7,84.73
2026-09-12T12:04:38Z,6.71,84.87
2026-09-12T12:05:38Z,6.72,85.03
2026-09-12T12:06:38Z,6.71,84.93
2026-09-12T12:07:38Z,6.7,84.75
2026-09-12T12:09:38Z,6.71,
2026-09-12T12:10:38Z,6.71,84.86
2026-09-12T12:11:38Z,6.71,84.8
2026-09-12T12:12:38Z,6.71,84.84
2026-09-12T12:13:38Z,6.72,85.03
2026-09-12T12:14:38Z,6.72,85.01
2026-09-12T12:15:38Z,6.72,85.05
2026-09-12T12:16:38Z,6.71,84.83
2026-09-12T12:17:38Z,6.71,84.85
2026-09-12T12:18:38Z,6.73,85.14
2026-09-12T12:19:38Z,6.71,84.92
2026-09-12T12:21:38Z,6.72,84.98
2026-09-12T12:22:38Z,6.71,84.87
2026-09-12T12:23:38Z,6.73,85.15
2026-09-12T12:24:38Z,6.72,84.98
2026-09-12T12:25:38Z,6.72,85.05
2026-09-12T12:27:38Z,6.73,85.17
2026-09-12T12:28:38Z,6.72,85.05
2026-09-12T12:29:38Z,6.73,85.15
2026-09-12T12:30:38Z,6.72,85.1
2026-09-12T12:31:38Z,6.73,85.15
2026-09-12T12:34:38Z,6.73,85.25
2026-09-12T12:35:38Z,6.73,85.14
2026-09-12T12:36:38Z,6.73,85.12
2026-09-12T12:37:38Z,6.73,85.12
2026-09-12T12:38:38Z,6.72,85.05
2026-09-12T12:40:38Z,,85.12
2026-09-12T12:41:38Z,6.72,85.02
2026-09-12T12:42:38Z,6.72,85
2026-09-12T12:43:38Z,6.72,84.96
2026-09-12T12:44:38Z,6.72,85.03
2026-09-12T12:45:38Z,6.72,85.09
2026-09-12T12:47:38Z,6.72,85.06
2026-09-12T12:48:38Z,6.72,85.07
2026-09-12T12:49:38Z,6.71,84.78
2026-09-12T12:50:38Z,6.72,84.95
2026-09-12T12:51:38Z,6.72,85.03
2026-09-12T12:52:38Z,6.72,84.98
2026-09-12T12:54:38Z,6.72,85
2026-09-12T12:55:38Z,6.72,85.05
2026-09-12T12:56:38Z,6.71,84.92
2026-09-12T12:57:38Z,6.72,85.04
2026-09-12T12:58:38Z,6.72,85.06
2026-09-12T12:59:38Z,6.72,85.08
2026-09-12T13:02:38Z,6.74,85.3
2026-09-12T13:03:38Z,6.73,85.2
2026-09-12T13:04:38Z,6.73,85.21
2026-09-12T13:05:38Z,6.74,85.42
2026-09-12T13:06:38Z,,85.31
2026-09-12T13:08:38Z,6.73,
2026-09-12T13:09:38Z,6.72,84.99
2026-09-12T13:10:38Z,6.73,85.22
2026-09-12T13:11:38Z,6.72,84.97
2026-09-12T13:12:38Z,6.73,85.12
2026-09-12T13:13:38Z,,85.1
2026-09-12T13:15:38Z,6.73,
2026-09-12T13:16:38Z,6.73,85.26
2026-09-12T13:17:38Z,6.74,85.32
2026-09-12T13:18:38Z,6.74,85.36
2026-09-12T13:19:38Z,6.73,85.24
2026-09-12T13:20:38Z,,85.19
2026-09-12T13:22:38Z,6.74,
2026-09-12T13:23:38Z,6.75,85.47
2026-09-12T13:24:38Z,6.73,85.2
2026-09-12T13:25:38Z,6.73,85.26
2026-09-12T13:26:38Z,6.73,85.14
2026-09-12T13:28:38Z,6.73,
2026-09-12T13:29:38Z,6.74,85.28
2026-09-12T13:30:38Z,6.74,85.27
2026-09-12T13:31:38Z,6.74,85.35
2026-09-12T13:32:38Z,6.73,85.24
2026-09-12T13:33:38Z,,85.31
2026-09-12T13:35:38Z,6.74,
2026-09-12T13:36:38Z,6.74,85.38
2026-09-12T13:37:38Z,6.73,85.17
2026-09-12T13:38:38Z,6.73,85.24
2026-09-12T13:39:38Z,6.72,85.06
2026-09-12T13:40:38Z,,85.01
2026-09-12T13:42:38Z,6.72,85.03
2026-09-12T13:43:38Z,6.73,85.15
2026-09-12T13:44:38Z,6.71,84.91
2026-09-12T13:45:38Z,6.72,84.98
2026-09-12T13:46:38Z,6.72,85.03
2026-09-12T13:48:38Z,6.72,85.06
2026-09-12T13:49:38Z,6.72,84.94
2026-09-12T13:50:38Z,6.72,84.94
2026-09-12T13:51:38Z,6.7,84.76
2026-09-12T13:52:38Z,6.7,84.71
2026-09-12T13:54:38Z,6.69,
2026-09-12T13:55:38Z,6.68,84.42
2026-09-12T13:56:38Z,6.69,84.45
2026-09-12T13:57:38Z,6.69,84.57
2026-09-12T13:58:38Z,6.69,84.59
2026-09-12T13:59:38Z,6.69,84.47
2026-09-12T14:00:38Z,,84.49
2026-09-12T14:03:38Z,6.66,
2026-09-12T14:04:38Z,6.65,83.91
2026-09-12T14:05:38Z,6.65,83.92
2026-09-12T14:06:38Z,6.66,83.94
2026-09-12T14:07:38Z,6.66,83.94
2026-09-12T14:08:38Z,,83.83
2026-09-12T14:10:38Z,6.65,
2026-09-12T14:11:38Z,6.65,83.86
2026-09-12T14:12:38Z,6.66,83.97
2026-09-12T14:13:38Z,6.66,84.01
2026-09-12T14:14:38Z,6.67,84.11
2026-09-12T14:15:38Z,,84.16
2026-09-12T14:17:38Z,6.67,
2026-09-12T14:18:38Z,6.67,84.12
2026-09-12T14:19:38Z,6.66,84.07
2026-09-12T14:20:38Z,6.67,84.11
2026-09-12T14:21:38Z,6.67,84.19
2026-09-12T14:22:38Z,,84.27
2026-09-12T14:24:38Z,6.67,
2026-09-12T14:25:38Z,6.69,84.44
2026-09-12T14:26:38Z,6.68,84.28
2026-09-12T14:27:38Z,6.67,84.16
2026-09-12T14:28:38Z,6.66,84.08
2026-09-12T14:29:38Z,6.66,84.03
2026-09-12T14:30:38Z,,84.13
2026-09-12T14:32:38Z,6.67,84.14
2026-09-12T14:33:38Z,6.67,84.16
2026-09-12T14:34:38Z,6.68,84.28
2026-09-12T14:35:38Z,6.68,84.29
2026-09-12T14:36:38Z,6.68,84.27
2026-09-12T14:38:38Z,6.66,
2026-09-12T14:39:38Z,6.65,83.88
2026-09-12T14:40:38Z,6.66,83.99
2026-09-12T14:41:38Z,6.66,84.01
2026-09-12T14:42:38Z,6.66,83.93
2026-09-12T14:43:38Z,6.66,83.93
2026-09-12T14:44:38Z,,83.79
2026-09-12T14:45:38Z,6.65,83.87
2026-09-12T14:46:38Z,6.65,83.78
2026-09-12T14:47:38Z,6.65,83.84
2026-09-12T14:48:38Z,6.65,83.87
2026-09-12T14:49:38Z,6.65,83.9
2026-09-12T14:52:38Z,6.66,83.99
2026-09-12T14:53:38Z,6.67,84.16
2026-09-12T14:54:38Z,6.65,83.89
2026-09-12T14:55:38Z,6.65,83.86
2026-09-12T14:56:38Z,6.64,83.73
2026-09-12T14:59:38Z,6.65,83.84
2026-09-12T15:00:38Z,6.66,84.06
2026-09-12T15:01:38Z,6.66,83.96
2026-09-12T15:02:38Z,6.66,84.03
2026-09-12T15:03:38Z,6.66,83.95
2026-09-12T15:04:38Z,6.66,
2026-09-12T15:07:38Z,6.66,84
2026-09-12T15:08:38Z,6.66,83.99
2026-09-12T15:09:38Z,6.67,84.13
2026-09-12T15:10:38Z,6.67,84.2
2026-09-12T15:11:38Z,6.67,84.18
2026-09-12T15:13:38Z,,84.12
2026-09-12T15:14:38Z,6.67,84.14
2026-09-12T15:15:38Z,6.67,84.1
2026-09-12T15:16:38Z,6.67,84.16
2026-09-12T15:17:38Z,6.67,84.22
2026-09-12T15:19:38Z,,84.22
2026-09-12T15:20:38Z,6.67,84.24
2026-09-12T15:21:38Z,6.67,84.12
2026-09-12T15:22:38Z,6.67,84.17
2026-09-12T15:23:38Z,6.67,84.19
2026-09-12T15:24:38Z,6.67,84.24
2026-09-12T15:25:38Z,6.67,84.2
2026-09-12T15:26:38Z,6.67,84.25
2026-09-12T15:27:38Z,6.67,84.17
2026-09-12T15:28:38Z,6.67,84.22
2026-09-12T15:30:38Z,6.67,84.19
2026-09-12T15:31:38Z,6.67,84.2
2026-09-12T15:32:38Z,6.67,84.22
2026-09-12T15:33:38Z,6.67,84.26
2026-09-12T15:34:38Z,6.67,84.12
2026-09-12T15:37:38Z,6.67,84.18
2026-09-12T15:38:38Z,6.67,84.17
2026-09-12T15:39:38Z,6.67,84.2
2026-09-12T15:40:38Z,6.68,84.28
2026-09-12T15:41:38Z,,84.35
2026-09-12T15:43:38Z,6.68,
2026-09-12T15:44:38Z,6.69,84.48
2026-09-12T15:45:38Z,6.69,84.49
2026-09-12T15:46:38Z,6.69,84.5
2026-09-12T15:47:38Z,6.69,84.54
2026-09-12T15:51:38Z,6.71,84.79
2026-09-12T15:52:38Z,6.72,84.98
2026-09-12T15:53:38Z,6.73,85.13
2026-09-12T15:54:38Z,6.73,85.25
2026-09-12T15:55:38Z,6.73,85.18
2026-09-12T15:58:38Z,6.75,
2026-09-12T15:59:38Z,6.75,85.5
2026-09-12T16:00:38Z,6.76,85.62
2026-09-12T16:01:38Z,6.76,85.74
2026-09-12T16:02:38Z,6.77,85.79
2026-09-12T16:03:38Z,,85.72
2026-09-12T16:05:38Z,6.76,
2026-09-12T16:06:38Z,6.76,85.64
2026-09-12T16:07:38Z,6.76,85.72
2026-09-12T16:08:38Z,6.76,85.77
2026-09-12T16:09:38Z,6.76,85.73
2026-09-12T16:10:38Z,6.76,85.75
2026-09-12T16:13:38Z,6.76,
2026-09-12T16:14:38Z,6.75,85.56
2026-09-12T16:15:38Z,6.75,85.5
2026-09-12T16:16:38Z,6.75,85.46
2026-09-12T16:17:38Z,6.74,85.4
2026-09-12T16:18:38Z,,85.29
2026-09-12T16:20:38Z,6.73,
2026-09-12T16:21:38Z,6.73,85.15
2026-09-12T16:22:38Z,6.72,85.04
2026-09-12T16:23:38Z,6.73,85.15
2026-09-12T16:24:38Z,6.72,85.02
2026-09-12T16:25:38Z,,84.99
2026-09-12T16:27:38Z,6.71,84.93
2026-09-12T16:28:38Z,6.7,84.69
2026-09-12T16:29:38Z,6.7,84.64
2026-09-12T16:33:38Z,6.68,
2026-09-12T16:34:38Z,6.67,84.15
2026-09-12T16:35:38Z,6.67,84.17
2026-09-12T16:38:38Z,6.67,84.16
2026-09-12T16:39:38Z,6.68,84.29
2026-09-12T17:38:38Z,6.61,
2026-09-12T17:40:38Z,,83.08
2026-09-12T17:41:38Z,,83.07
2026-09-12T17:42:38Z,6.6,82.95
2026-09-12T17:43:38Z,6.6,
2026-09-12T17:44:38Z,,82.87
2026-09-12T17:45:38Z,,82.82
2026-09-12T17:46:38Z,6.58,82.74
2026-09-12T17:48:38Z,6.58,82.72
2026-09-12T17:49:38Z,,82.68
2026-09-12T17:50:38Z,6.58,82.67
2026-09-12T17:51:38Z,6.58,82.71
2026-09-12T17:52:38Z,6.58,82.71
2026-09-12T17:53:38Z,6.58,
2026-09-12T17:54:38Z,6.57,82.51
2026-09-12T17:55:38Z,,82.48
2026-09-12T17:56:38Z,,82.34
2026-09-12T17:57:38Z,6.56,82.37
2026-09-12T17:58:38Z,6.56,82.32
2026-09-12T17:59:38Z,6.56,
2026-09-12T18:00:38Z,6.55,
2026-09-12T18:03:38Z,,81.97
2026-09-12T18:08:38Z,,81.76
2026-09-12T18:09:38Z,6.52,
2026-09-12T18:10:38Z,6.52,
2026-09-12T18:13:38Z,6.53,81.74
2026-09-12T18:14:38Z,6.53,81.84
2026-09-12T20:30:38Z,6.63,83.42
2026-09-12T20:34:38Z,6.63,83.53
2026-09-12T20:35:38Z,6.63,83.51
2026-09-12T20:37:38Z,6.63,83.55
2026-09-12T20:38:38Z,6.63,83.54
2026-09-12T20:39:38Z,6.63,83.49
2026-09-12T20:40:38Z,6.63,83.44
2026-09-12T20:41:38Z,6.63,83.45
2026-09-12T20:42:38Z,,83.38
2026-09-12T20:43:38Z,6.62,83.32
2026-09-12T20:44:38Z,6.62,83.26
2026-09-12T20:45:38Z,6.62,83.26
2026-09-12T20:46:38Z,6.61,83.21
2026-09-12T20:47:38Z,,83.18
2026-09-12T20:48:38Z,6.61,83.19
2026-09-12T20:49:38Z,6.61,83.19
2026-09-12T20:50:38Z,6.61,83.16
2026-09-12T20:51:38Z,6.61,83.16
2026-09-12T20:52:38Z,6.61,
2026-09-12T20:53:38Z,6.6,83.07
2026-09-12T20:54:38Z,6.61,83.18
2026-09-12T20:55:38Z,6.61,83.25
2026-09-12T20:56:38Z,6.62,83.26
2026-09-12T20:57:38Z,6.62,
2026-09-12T21:00:38Z,6.61,83.14
2026-09-12T21:01:38Z,6.61,83.19
2026-09-12T21:02:38Z,6.61,83.16
2026-09-12T21:03:38Z,6.61,83.16
2026-09-12T21:04:38Z,6.61,83.11
2026-09-12T21:06:38Z,6.6,83.07
2026-09-12T21:07:38Z,6.6,83.08
2026-09-12T21:08:38Z,6.61,83.15
2026-09-12T21:09:38Z,6.61,83.11
2026-09-12T21:10:38Z,6.61,83.19
2026-09-12T21:11:38Z,,83.25
2026-09-12T21:12:38Z,6.62,83.29
2026-09-12T21:13:38Z,6.62,83.27
2026-09-12T21:14:38Z,6.62,83.31
2026-09-12T21:15:38Z,6.62,83.31
2026-09-12T21:16:38Z,6.62,
2026-09-12T21:17:38Z,,83.2
2026-09-12T21:18:38Z,6.62,83.28
2026-09-12T21:19:38Z,6.61,83.23
2026-09-12T21:20:38Z,6.62,83.33
2026-09-12T21:21:38Z,6.62,83.37
2026-09-12T21:22:38Z,6.62,
2026-09-12T21:23:38Z,,83.27
2026-09-12T21:24:38Z,6.62,83.29
2026-09-12T21:25:38Z,6.62,83.3
2026-09-12T21:26:38Z,6.62,83.38
2026-09-12T21:27:38Z,6.62,83.39
2026-09-12T21:28:38Z,6.62,
2026-09-12T21:29:38Z,,83.3
2026-09-12T21:30:38Z,6.62,83.4
2026-09-12T21:31:38Z,6.62,83.41
2026-09-12T21:32:38Z,6.63,83.42
2026-09-12T21:33:38Z,6.63,83.47
2026-09-12T21:34:38Z,6.63,
2026-09-12T21:35:38Z,,83.56
2026-09-12T21:36:38Z,6.64,83.6
2026-09-12T21:37:38Z,6.64,83.69
2026-09-12T21:38:38Z,6.65,83.78
2026-09-12T21:39:38Z,6.65,83.78
2026-09-12T21:40:38Z,6.65,
2026-09-12T21:41:38Z,,83.86
2026-09-12T21:42:38Z,,84.04
2026-09-12T21:43:38Z,6.67,84.14
2026-09-12T21:44:38Z,6.67,84.26
2026-09-12T21:45:38Z,6.68,84.27
2026-09-12T21:46:38Z,6.67,
2026-09-12T21:47:38Z,,84.39
2026-09-12T21:48:38Z,6.68,84.4
2026-09-12T21:49:38Z,6.69,84.46
2026-09-12T21:50:38Z,6.69,84.46
2026-09-12T21:51:38Z,6.69,84.45
2026-09-12T21:52:38Z,6.68,
2026-09-12T21:53:38Z,,84.37
2026-09-12T21:54:38Z,6.67,84.24
2026-09-12T21:55:38Z,6.67,84.23
2026-09-12T21:56:38Z,6.67,84.24
2026-09-12T21:57:38Z,6.68,84.38
2026-09-12T21:58:38Z,6.69,
2026-09-12T21:59:38Z,6.68,84.42
2026-09-12T22:00:38Z,6.68,84.34
2026-09-12T22:01:38Z,6.68,84.28
2026-09-12T22:02:38Z,6.68,84.35
2026-09-12T22:03:38Z,6.68,84.34
2026-09-12T22:04:38Z,6.68,84.38
2026-09-12T22:05:38Z,6.68,84.28
2026-09-12T22:06:38Z,6.67,84.18
2026-09-12T22:07:38Z,6.67,84.13
2026-09-12T22:08:38Z,6.67,84.11
2026-09-12T22:09:38Z,6.66,84.08
2026-09-12T22:10:38Z,6.66,84.03
2026-09-12T22:11:38Z,6.66,83.98
2026-09-12T22:12:38Z,6.66,83.98
2026-09-12T22:13:38Z,6.66,
2026-09-12T22:14:38Z,6.66,84
2026-09-12T22:15:38Z,6.67,84.14
2026-09-12T22:16:38Z,6.66,84.08
2026-09-12T22:17:38Z,6.66,84
2026-09-12T22:18:38Z,,84.2
2026-09-12T22:19:38Z,6.67,
2026-09-12T22:20:38Z,6.68,84.42
2026-09-12T22:21:38Z,6.68,84.34
2026-09-12T22:22:38Z,6.68,84.32
2026-09-12T22:23:38Z,6.68,84.34
2026-09-12T22:24:38Z,,84.38
2026-09-12T22:26:38Z,6.69,
2026-09-12T22:27:38Z,6.69,84.52
2026-09-12T22:28:38Z,6.68,84.4
2026-09-12T22:29:38Z,6.67,84.12
2026-09-12T22:30:38Z,6.66,83.99
2026-09-12T22:31:38Z,,84.09
2026-09-12T22:32:38Z,6.66,
2026-09-12T22:33:38Z,6.65,83.83
2026-09-12T22:34:38Z,6.65,83.82
2026-09-12T22:35:38Z,6.65,83.84
2026-09-12T22:36:38Z,6.64,83.63
2026-09-12T22:37:38Z,,83.55
2026-09-12T22:38:38Z,6.63,
2026-09-12T22:39:38Z,6.63,83.54
2026-09-12T22:40:38Z,6.62,83.28
2026-09-12T22:41:38Z,6.6,82.98
2026-09-12T22:42:38Z,6.6,82.99
2026-09-12T22:43:38Z,,82.74
2026-09-12T22:44:38Z,6.59,
2026-09-12T22:45:38Z,6.58,82.74
2026-09-12T22:46:38Z,6.57,82.44
2026-09-12T22:47:38Z,6.55,82.2
2026-09-12T22:48:38Z,6.55,82.18
2026-09-12T22:49:38Z,6.55,82.11
2026-09-12T22:50:38Z,6.54,81.92
2026-09-12T22:52:38Z,6.53,81.89
2026-09-12T22:53:38Z,6.53,81.86
2026-09-12T22:54:38Z,6.52,81.67
2026-09-12T22:55:38Z,6.52,81.57
2026-09-12T22:56:38Z,6.53,81.79
2026-09-12T22:58:38Z,,81.51
2026-09-12T22:59:38Z,6.49,81.14
2026-09-12T23:00:38Z,6.5,81.28
2026-09-12T23:01:38Z,6.48,80.9
2026-09-12T23:02:38Z,6.47,80.76
2026-09-12T23:04:38Z,,80.18
2026-09-12T23:05:38Z,6.44,80.29
2026-09-12T23:06:38Z,6.45,80.56
2026-09-12T23:07:38Z,6.44,80.29
2026-09-12T23:08:38Z,6.41,79.82
2026-09-12T23:09:38Z,6.41,79.78
2026-09-12T23:12:38Z,6.37,79.07
2026-09-12T23:13:38Z,6.34,78.68
2026-09-12T23:14:38Z,6.35,78.74
2026-09-12T23:15:38Z,6.37,79.07
2026-09-12T23:16:38Z,6.35,
2026-09-12T23:17:38Z,6.32,78.27
2026-09-12T23:18:38Z,6.32,78.29
2026-09-12T23:19:38Z,6.31,78.1
2026-09-12T23:20:38Z,6.29,77.73
2026-09-12T23:21:38Z,6.28,77.57
2026-09-12T23:23:38Z,6.21,76.47
2026-09-12T23:24:38Z,6.19,76.09
2026-09-12T23:25:38Z,6.15,75.5
2026-09-12T23:26:38Z,6.14,75.23
2026-09-12T23:27:38Z,,74.93
2026-09-12T23:29:38Z,6.08,74.29
2026-09-12T23:30:38Z,6.07,74.06
2026-09-12T23:31:38Z,6.07,74.09
2026-09-12T23:32:38Z,6.03,73.47
2026-09-12T23:33:38Z,6.02,73.3
2026-09-12T23:34:38Z,,72.59
2026-09-12T23:36:38Z,6,72.97
2026-09-12T23:37:38Z,5.97,72.39
2026-09-12T23:38:38Z,5.99,72.67
2026-09-12T23:39:38Z,5.98,72.58
2026-09-12T23:40:38Z,5.94,71.82
2026-09-12T23:42:38Z,5.93,71.71
2026-09-12T23:43:38Z,5.91,71.46
2026-09-12T23:44:38Z,5.93,71.65
2026-09-12T23:45:38Z,5.94,71.89
2026-09-12T23:46:38Z,,71.32
2026-09-12T23:47:38Z,5.89,
2026-09-12T23:48:38Z,5.91,71.4
2026-09-12T23:49:38Z,5.89,71.03
2026-09-12T23:50:38Z,5.9,71.29
2026-09-12T23:51:38Z,5.92,71.6
2026-09-12T23:52:38Z,5.88,70.84
2026-09-12T23:53:38Z,5.86,70.63
2026-09-12T23:54:38Z,5.86,70.5
2026-09-12T23:55:38Z,5.86,70.52
2026-09-12T23:56:38Z,5.85,70.37
2026-09-12T23:58:38Z,5.82,69.91
2026-09-12T23:59:38Z,5.84,70.16
2026-09-13T00:00:38Z,5.86,70.52
2026-09-13T00:01:38Z,5.84,70.3
2026-09-13T00:02:38Z,5.81,69.73
2026-09-13T00:04:38Z,5.77,69.09
2026-09-13T00:05:38Z,5.78,69.21
2026-09-13T00:06:38Z,5.77,68.97
2026-09-13T00:07:38Z,5.79,69.46
2026-09-13T00:08:38Z,5.79,69.39
2026-09-13T00:09:38Z,5.78,69.21
2026-09-13T00:11:38Z,5.76,
2026-09-13T00:12:38Z,5.77,69.02
2026-09-13T00:13:38Z,5.74,68.49
2026-09-13T00:14:38Z,5.69,67.74
2026-09-13T00:15:38Z,5.7,67.92
2026-09-13T00:17:38Z,5.68,
2026-09-13T00:18:38Z,5.69,67.74
2026-09-13T00:19:38Z,5.69,67.68
2026-09-13T00:20:38Z,5.69,67.71
2026-09-13T00:21:38Z,5.7,67.94
2026-09-13T00:23:38Z,5.7,67.94
2026-09-13T00:24:38Z,5.66,67.15
2026-09-13T00:25:38Z,5.64,66.84
2026-09-13T00:26:38Z,5.65,67.07
2026-09-13T00:28:38Z,5.64,66.87
2026-09-13T00:29:38Z,5.65,67.03
2026-09-13T00:30:38Z,5.66,67.18
2026-09-13T00:31:38Z,5.62,66.47
2026-09-13T00:32:38Z,5.64,66.83
2026-09-13T00:34:38Z,5.56,65.53
2026-09-13T00:35:38Z,5.55,65.39
2026-09-13T00:36:38Z,5.56,65.49
2026-09-13T00:37:38Z,5.48,64.18
2026-09-13T00:38:38Z,5.47,63.94
2026-09-13T00:40:38Z,5.42,63.13
2026-09-13T00:41:38Z,5.41,63.06
2026-09-13T00:42:38Z,5.39,62.7
2026-09-13T00:43:38Z,5.37,62.36
2026-09-13T00:44:38Z,5.33,61.71
2026-09-13T00:45:38Z,5.27,60.63
2026-09-13T00:46:38Z,5.27,60.59
2026-09-13T00:47:38Z,5.28,60.73
2026-09-13T00:48:38Z,5.3,61.12
2026-09-13T00:49:38Z,5.28,60.76
2026-09-13T00:51:38Z,5.28,60.81
2026-09-13T00:52:38Z,5.26,60.49
2026-09-13T00:53:38Z,5.29,61.05
2026-09-13T00:54:38Z,5.24,60.13
2026-09-13T00:55:38Z,5.27,60.64
2026-09-13T00:58:38Z,5.21,59.64
2026-09-13T00:59:38Z,5.22,59.77
2026-09-13T01:00:38Z,5.23,60.04
2026-09-13T01:01:38Z,5.25,60.22
2026-09-13T01:02:38Z,5.25,60.27
2026-09-13T01:05:38Z,5.2,59.4
2026-09-13T01:06:38Z,5.22,59.84
2026-09-13T01:07:38Z,5.19,59.35
2026-09-13T01:16:38Z,5.19,59.32
2026-09-13T01:17:38Z,5.1,57.78
2026-09-13T01:18:38Z,5.1,57.83
2026-09-13T02:00:38Z,4.87,53.83
2026-09-13T02:01:38Z,4.9,54.44
2026-09-13T02:02:38Z,,54.5
2026-09-13T02:03:38Z,4.89,
2026-09-13T02:04:38Z,4.87,53.92
2026-09-13T02:05:38Z,4.86,53.67
2026-09-13T02:06:38Z,4.86,53.77
2026-09-13T02:07:38Z,4.87,53.87
2026-09-13T02:16:38Z,4.82,53.06
2026-09-13T02:17:38Z,4.8,52.66
2026-09-13T02:18:38Z,4.81,52.95
2026-09-13T02:19:38Z,4.83,53.18
2026-09-13T02:20:38Z,4.8,52.73
2026-09-13T02:21:38Z,4.81,52.83
2026-09-13T02:22:38Z,4.83,53.31
2026-09-13T02:23:38Z,4.81,52.9
2026-09-13T02:24:38Z,4.81,52.87
2026-09-13T02:25:38Z,4.82,53.06
2026-09-13T02:26:38Z,4.83,53.22
2026-09-13T02:27:38Z,4.8,52.69
2026-09-13T02:28:38Z,4.75,51.83
2026-09-13T02:30:38Z,4.79,52.57
2026-09-13T02:31:38Z,4.75,51.94
2026-09-13T02:32:38Z,4.78,52.36
2026-09-13T02:33:38Z,4.76,52.01
2026-09-13T02:34:38Z,4.75,
2026-09-13T02:35:38Z,4.71,51.17
2026-09-13T02:36:38Z,4.7,51.05
2026-09-13T02:37:38Z,4.71,51.2
2026-09-13T02:38:38Z,4.7,51.02
2026-09-13T02:39:38Z,4.71,51.17
2026-09-13T02:40:38Z,4.68,
2026-09-13T02:41:38Z,,50.44
2026-09-13T02:42:38Z,4.68,50.77
2026-09-13T02:43:38Z,4.7,51.03
2026-09-13T02:44:38Z,4.67,50.54
2026-09-13T02:45:38Z,4.68,50.7
2026-09-13T02:46:38Z,4.69,
2026-09-13T02:47:38Z,,51.75
2026-09-13T02:48:38Z,4.69,50.81
2026-09-13T02:49:38Z,4.66,50.46
2026-09-13T03:06:38Z,4.61,49.54
2026-09-13T03:07:38Z,4.64,50.11
2026-09-13T03:08:38Z,4.67,50.6
2026-09-13T03:09:38Z,4.65,50.15
2026-09-13T03:10:38Z,4.61,49.46
2026-09-13T03:11:38Z,4.63,49.82
2026-09-13T03:12:38Z,4.61,49.47
2026-09-13T03:13:38Z,4.59,49.16
2026-09-13T03:14:38Z,4.58,49.01
2026-09-13T03:15:38Z,4.59,49.2
2026-09-13T03:16:38Z,4.58,49.08
2026-09-13T03:17:38Z,4.57,48.84
2026-09-13T03:18:38Z,4.53,48.18
2026-09-13T03:19:38Z,4.54,48.4
2026-09-13T03:20:38Z,4.57,48.88
2026-09-13T03:21:38Z,4.55,48.57
2026-09-13T03:22:38Z,4.58,49.07
2026-09-13T03:23:38Z,4.55,48.58
2026-09-13T03:24:38Z,4.55,48.55
2026-09-13T03:25:38Z,4.54,48.41
2026-09-13T03:26:38Z,4.55,48.49
2026-09-13T03:27:38Z,,48.25
2026-09-13T03:28:38Z,,48.3
2026-09-13T03:29:38Z,4.55,48.61
2026-09-13T03:30:38Z,4.55,48.61
2026-09-13T03:31:38Z,4.53,
2026-09-13T03:32:38Z,4.53,48.17
2026-09-13T03:33:38Z,,48.4
2026-09-13T03:34:38Z,,48.05
2026-09-13T03:35:38Z,4.5,47.75
2026-09-13T03:36:38Z,4.52,48.09
2026-09-13T03:37:38Z,4.46,
2026-09-13T03:38:38Z,4.45,46.82
2026-09-13T03:39:38Z,4.48,47.35
2026-09-13T03:40:38Z,,47.51
2026-09-13T03:41:38Z,4.48,47.4
2026-09-13T03:42:38Z,4.47,47.13
2026-09-13T03:43:38Z,4.46,
2026-09-13T03:44:38Z,4.44,46.71
2026-09-13T03:45:38Z,4.46,47.02
2026-09-13T03:46:38Z,,46.89
2026-09-13T03:47:38Z,,47.27
2026-09-13T03:48:38Z,4.46,47.08
2026-09-13T03:49:38Z,4.48,
2026-09-13T03:50:38Z,4.46,
2026-09-13T03:51:38Z,4.45,46.79
2026-09-13T03:52:38Z,,46.89
2026-09-13T03:53:38Z,,46.83
2026-09-13T03:54:38Z,4.4,46.04
2026-09-13T03:55:38Z,4.42,46.39
2026-09-13T03:56:38Z,4.42,
2026-09-13T03:57:38Z,4.38,
2026-09-13T03:58:38Z,,45.5
2026-09-13T03:59:38Z,,45.7
2026-09-13T04:00:38Z,,45.09
2026-09-13T04:01:38Z,4.32,44.62
2026-09-13T04:02:38Z,4.36,
2026-09-13T04:03:38Z,4.34,
2026-09-13T04:04:38Z,4.34,45.05
2026-09-13T04:05:38Z,4.35,45.2
2026-09-13T04:06:38Z,,45.29
2026-09-13T04:07:38Z,,45.7
2026-09-13T04:08:38Z,4.38,45.66
2026-09-13T04:09:38Z,4.36,
2026-09-13T04:10:38Z,4.4,
2026-09-13T04:11:38Z,4.38,45.61
2026-09-13T04:12:38Z,,45.59
2026-09-13T04:13:38Z,,45.3
2026-09-13T04:14:38Z,4.4,45.93
2026-09-13T04:15:38Z,4.39,45.82
2026-09-13T04:16:38Z,4.39,
2026-09-13T04:17:38Z,4.41,
2026-09-13T04:18:38Z,4.41,46.22
2026-09-13T04:19:38Z,,46.37
2026-09-13T04:20:38Z,,46.62
2026-09-13T04:21:38Z,4.4,45.94
2026-09-13T04:22:38Z,4.42,
2026-09-13T04:23:38Z,4.43,
2026-09-13T04:24:38Z,4.43,46.44
2026-09-13T04:25:38Z,4.45,46.8
2026-09-13T04:26:38Z,,46.22
2026-09-13T04:27:38Z,,46.04
2026-09-13T04:28:38Z,4.43,46.48
2026-09-13T04:29:38Z,4.41,
2026-09-13T04:30:38Z,4.43,
2026-09-13T04:31:38Z,4.46,46.97
2026-09-13T04:32:38Z,,46.85
2026-09-13T04:33:38Z,,45.76
2026-09-13T04:34:38Z,4.37,45.55
2026-09-13T04:35:38Z,4.34,45.04
2026-09-13T04:36:38Z,4.32,
2026-09-13T04:37:38Z,4.32,
2026-09-13T04:38:38Z,4.34,45.06
2026-09-13T04:39:38Z,,45.42
2026-09-13T04:40:38Z,,44.77
2026-09-13T04:41:38Z,4.29,44.17
2026-09-13T04:42:38Z,4.26,43.63
2026-09-13T04:43:38Z,4.29,
2026-09-13T04:44:38Z,4.28,44.07
2026-09-13T04:45:38Z,4.31,44.57
2026-09-13T04:46:38Z,,44.48
2026-09-13T04:47:38Z,4.3,44.35
2026-09-13T04:48:38Z,4.29,44.16
2026-09-13T04:49:38Z,4.3,
2026-09-13T04:50:38Z,4.29,
2026-09-13T04:51:38Z,4.29,44.2
2026-09-13T04:52:38Z,,44.86
2026-09-13T04:53:38Z,,44.83
2026-09-13T04:54:38Z,4.33,44.79
2026-09-13T04:55:38Z,4.34,45.07
2026-09-13T04:56:38Z,4.35,
2026-09-13T04:57:38Z,4.37,45.47
2026-09-13T04:58:38Z,4.36,45.28
2026-09-13T04:59:38Z,4.36,45.38
2026-09-13T05:00:38Z,4.37,45.53
2026-09-13T05:01:38Z,4.41,46.12
2026-09-13T05:03:38Z,4.39,45.8
2026-09-13T05:04:38Z,4.37,45.51
2026-09-13T05:05:38Z,4.37,45.46
2026-09-13T05:06:38Z,4.35,45.24
2026-09-13T05:07:38Z,4.36,45.36
2026-09-13T05:09:38Z,4.31,
2026-09-13T05:10:38Z,4.24,43.28
2026-09-13T05:11:38Z,4.26,43.69
2026-09-13T05:12:38Z,4.29,44.22
2026-09-13T05:13:38Z,4.32,44.58
2026-09-13T05:14:38Z,4.35,45.16
2026-09-13T05:16:38Z,4.37,
2026-09-13T05:17:38Z,4.39,45.92
2026-09-13T05:18:38Z,4.39,45.86
2026-09-13T05:19:38Z,4.39,45.88
2026-09-13T05:20:38Z,4.43,46.47
2026-09-13T05:21:38Z,,45.99
2026-09-13T05:23:38Z,4.35,
2026-09-13T05:24:38Z,4.35,45.23
2026-09-13T05:25:38Z,4.35,45.11
2026-09-13T05:26:38Z,4.35,45.09
2026-09-13T05:27:38Z,,45.3
2026-09-13T05:29:38Z,4.38,
2026-09-13T05:30:38Z,4.37,45.53
2026-09-13T05:31:38Z,4.36,45.26
2026-09-13T05:32:38Z,4.34,45.02
2026-09-13T05:33:38Z,,44.82
2026-09-13T05:34:38Z,4.3,44.27
2026-09-13T05:35:38Z,4.32,
2026-09-13T05:36:38Z,4.27,43.87
2026-09-13T05:37:38Z,4.31,44.52
2026-09-13T05:38:38Z,4.3,44.27
2026-09-13T05:39:38Z,4.26,43.65
2026-09-13T05:40:38Z,4.28,44.01
2026-09-13T05:41:38Z,4.26,
2026-09-13T05:42:38Z,4.23,43.2
2026-09-13T05:43:38Z,4.22,43
2026-09-13T05:44:38Z,4.23,43.12
2026-09-13T05:45:38Z,4.23,43.09
2026-09-13T05:46:38Z,4.26,43.73
2026-09-13T05:47:38Z,4.3,
2026-09-13T05:48:38Z,4.34,44.94
2026-09-13T05:49:38Z,4.4,45.95
2026-09-13T05:50:38Z,4.4,45.95
2026-09-13T05:51:38Z,,46.32
2026-09-13T05:52:38Z,4.43,46.52
2026-09-13T05:53:38Z,4.43,
2026-09-13T05:54:38Z,4.46,46.98
2026-09-13T05:55:38Z,4.42,46.4
2026-09-13T05:56:38Z,4.44,46.68
2026-09-13T05:57:38Z,,46.89
2026-09-13T05:59:38Z,4.42,
2026-09-13T06:00:38Z,4.41,
2026-09-13T06:01:38Z,4.44,46.6
2026-09-13T06:02:38Z,4.39,45.92
2026-09-13T06:03:38Z,4.36,45.3
2026-09-13T06:04:38Z,,45.01
2026-09-13T06:05:38Z,,45.2
2026-09-13T06:06:38Z,4.34,
2026-09-13T06:07:38Z,4.34,
2026-09-13T06:08:38Z,4.3,44.31
2026-09-13T06:09:38Z,4.31,44.55
2026-09-13T06:10:38Z,4.35,45.22
2026-09-13T06:11:38Z,,45.38
2026-09-13T06:12:38Z,4.35,
2026-09-13T06:13:38Z,4.33,44.84
2026-09-13T06:14:38Z,4.35,45.11
2026-09-13T06:15:38Z,4.37,45.45
2026-09-13T06:16:38Z,4.4,45.98
2026-09-13T06:17:38Z,,46.29
2026-09-13T06:19:38Z,4.44,
2026-09-13T06:20:38Z,4.45,46.8
2026-09-13T06:21:38Z,4.43,46.51
2026-09-13T06:22:38Z,4.4,46.06
2026-09-13T06:23:38Z,4.46,47.1
2026-09-13T06:24:38Z,,47.24
2026-09-13T06:25:38Z,,47.1
2026-09-13T06:26:38Z,4.46,
2026-09-13T06:27:38Z,4.43,46.59
2026-09-13T06:28:38Z,4.35,45.15
2026-09-13T06:29:38Z,4.36,45.34
2026-09-13T06:30:38Z,4.25,43.46
2026-09-13T06:31:38Z,,43.58
2026-09-13T06:33:38Z,4.31,44.55
2026-09-13T06:34:38Z,4.41,46.25
2026-09-13T06:35:38Z,4.46,47.06
2026-09-13T06:36:38Z,4.48,47.28
2026-09-13T06:37:38Z,,46.87
2026-09-13T08:01:38Z,5.52,64.76
2026-09-13T08:02:38Z,5.52,64.79
2026-09-13T08:03:38Z,5.52,64.78
2026-09-13T08:04:38Z,6.46,65.32
2026-09-13T08:05:38Z,6.48,65.65
2026-09-13T08:08:38Z,5.59,66.06
2026-09-13T08:09:38Z,5.6,66.26
2026-09-13T08:10:38Z,5.61,66.35
2026-09-13T08:11:38Z,5.62,66.56
2026-09-13T08:12:38Z,5.63,
2026-09-13T08:14:38Z,5.64,66.92
2026-09-13T08:15:38Z,5.65,67.07
2026-09-13T08:16:38Z,5.67,67.42
2026-09-13T08:17:38Z,6.6,67.64
2026-09-13T08:18:38Z,5.69,67.74
2026-09-13T08:19:38Z,5.69,67.77
2026-09-13T08:21:38Z,5.69,67.64
2026-09-13T08:22:38Z,5.68,67.61
2026-09-13T08:23:38Z,5.7,67.79
2026-09-13T08:24:38Z,5.73,68.33
2026-09-13T08:25:38Z,5.73,68.41
2026-09-13T08:28:38Z,5.76,68.87
2026-09-13T08:29:38Z,5.78,69.29
2026-09-13T08:30:38Z,5.79,69.33
2026-09-13T08:31:38Z,5.77,69.01
2026-09-13T08:32:38Z,5.78,69.23
2026-09-13T08:34:38Z,5.82,69.88
2026-09-13T08:35:38Z,5.83,70.02
2026-09-13T08:36:38Z,5.84,70.23
2026-09-13T08:37:38Z,5.84,70.18
2026-09-13T08:38:38Z,5.85,70.44
2026-09-13T08:39:38Z,5.86,70.57
2026-09-13T08:41:38Z,5.88,70.82
2026-09-13T08:42:38Z,5.87,70.77
2026-09-13T08:43:38Z,5.88,70.81
2026-09-13T08:44:38Z,5.86,70.6
2026-09-13T08:45:38Z,5.87,70.71
2026-09-13T08:48:38Z,5.9,71.2
2026-09-13T08:49:38Z,5.92,71.58
2026-09-13T08:50:38Z,5.92,71.49
2026-09-13T08:51:38Z,5.92,71.61
2026-09-13T08:54:38Z,5.91,71.41
2026-09-13T08:55:38Z,5.91,71.32
2026-09-13T08:56:38Z,5.92,71.49
2026-09-13T08:57:38Z,5.92,71.55
2026-09-13T08:58:38Z,5.93,71.7
2026-09-13T08:59:38Z,,71.76
2026-09-13T09:02:38Z,5.95,72.06
2026-09-13T09:03:38Z,5.96,72.29
2026-09-13T09:04:38Z,5.97,72.41
2026-09-13T09:05:38Z,5.96,72.25
2026-09-13T09:06:38Z,5.93,71.79
2026-09-13T09:09:38Z,5.94,71.83
2026-09-13T09:10:38Z,5.95,72.02
2026-09-13T09:11:38Z,5.96,72.29
2026-09-13T09:12:38Z,5.98,72.57
2026-09-13T09:13:38Z,6.01,73.08
2026-09-13T09:14:38Z,,73.04
2026-09-13T09:16:38Z,6.01,73.04
2026-09-13T09:17:38Z,6.01,73.12
2026-09-13T09:18:38Z,6.03,73.35
2026-09-13T09:19:38Z,6.03,73.38
2026-09-13T09:20:38Z,6.04,73.62
2026-09-13T09:23:38Z,6.04,73.54
2026-09-13T09:24:38Z,6.05,73.75
2026-09-13T09:25:38Z,6.06,73.92
2026-09-13T09:26:38Z,6.09,74.36
2026-09-13T09:27:38Z,6.08,74.3
2026-09-13T09:30:38Z,6.1,74.58
2026-09-13T09:31:38Z,6.1,74.63
2026-09-13T09:32:38Z,6.11,74.83
2026-09-13T09:33:38Z,6.12,74.85
2026-09-13T09:34:38Z,6.12,74.89
2026-09-13T09:35:38Z,6.12,74.89
2026-09-13T09:36:38Z,6.12,74.91
2026-09-13T09:38:38Z,6.13,75.14
2026-09-13T09:39:38Z,6.14,75.32
2026-09-13T09:40:38Z,6.14,75.31
2026-09-13T09:41:38Z,6.14,75.3
2026-09-13T09:42:38Z,6.15,75.37
2026-09-13T09:45:38Z,6.16,75.59
2026-09-13T09:46:38Z,6.15,75.49
2026-09-13T09:47:38Z,6.15,75.37
2026-09-13T09:48:38Z,6.15,75.4
2026-09-13T09:49:38Z,6.12,74.98
2026-09-13T09:52:38Z,6.16,75.64
2026-09-13T09:53:38Z,6.18,75.94
2026-09-13T09:54:38Z,6.18,76.01
2026-09-13T09:55:38Z,6.19,76.16
2026-09-13T09:58:38Z,6.18,75.93
2026-09-13T09:59:38Z,6.19,76.08
2026-09-13T10:00:38Z,6.19,76.1
2026-09-13T10:01:38Z,6.2,76.22
2026-09-13T10:02:38Z,6.19,76.05
2026-09-13T10:05:38Z,6.2,76.21
2026-09-13T10:06:38Z,6.2,76.27
2026-09-13T10:07:38Z,6.21,76.37
2026-09-13T10:08:38Z,6.2,76.23
2026-09-13T10:09:38Z,6.19,76.15
2026-09-13T10:12:38Z,6.19,76.12
2026-09-13T10:13:38Z,6.18,75.9
2026-09-13T10:14:38Z,6.18,75.86
2026-09-13T10:15:38Z,6.18,75.99
2026-09-13T10:16:38Z,6.19,
2026-09-13T10:19:38Z,6.2,76.23
2026-09-13T10:20:38Z,6.2,76.24
2026-09-13T10:21:38Z,6.2,76.32
2026-09-13T10:22:38Z,6.2,76.25
2026-09-13T10:25:38Z,,76.14
2026-09-13T10:26:38Z,6.2,76.3
2026-09-13T10:27:38Z,6.2,76.24
2026-09-13T10:28:38Z,6.18,75.86
2026-09-13T10:29:38Z,6.18,75.92
2026-09-13T10:30:38Z,6.2,
2026-09-13T10:32:38Z,6.21,76.37
2026-09-13T10:33:38Z,6.22,76.65
2026-09-13T10:34:38Z,6.2,76.19
2026-09-13T10:35:38Z,6.19,76.18
2026-09-13T10:36:38Z,6.18,76
2026-09-13T10:38:38Z,6.2,76.25
2026-09-13T10:39:38Z,6.2,76.27
2026-09-13T10:40:38Z,6.21,76.41
2026-09-13T10:41:38Z,6.21,76.45
2026-09-13T10:42:38Z,6.21,76.46
2026-09-13T10:45:38Z,6.2,
2026-09-13T10:46:38Z,6.19,76.03
2026-09-13T10:47:38Z,6.17,75.78
2026-09-13T10:48:38Z,6.2,76.21
2026-09-13T10:49:38Z,6.19,76.07
2026-09-13T10:50:38Z,6.16,75.64
2026-09-13T10:52:38Z,6.15,
2026-09-13T10:53:38Z,6.15,75.48
2026-09-13T10:54:38Z,6.15,75.5
2026-09-13T10:55:38Z,6.14,75.23
2026-09-13T10:56:38Z,6.16,75.59
2026-09-13T10:57:38Z,,75.84
2026-09-13T10:59:38Z,6.18,
2026-09-13T11:00:38Z,6.19,76.04
2026-09-13T11:01:38Z,6.18,76.01
2026-09-13T11:02:38Z,6.18,75.99
2026-09-13T11:03:38Z,6.19,76.04
2026-09-13T11:04:38Z,6.18,75.92
2026-09-13T11:07:38Z,6.18,
2026-09-13T11:08:38Z,6.19,76.16
2026-09-13T11:09:38Z,6.21,76.36
2026-09-13T11:10:38Z,6.21,76.38
2026-09-13T11:11:38Z,6.2,76.33
2026-09-13T11:12:38Z,,76.39
2026-09-13T11:14:38Z,6.22,76.69
2026-09-13T11:15:38Z,6.23,76.85
2026-09-13T11:16:38Z,6.24,76.96
2026-09-13T11:17:38Z,6.25,77.07
2026-09-13T11:18:38Z,6.25,77.16
2026-09-13T11:19:38Z,,77.3
2026-09-13T11:20:38Z,6.26,
2026-09-13T11:21:38Z,6.25,77.19
2026-09-13T11:22:38Z,6.27,77.44
2026-09-13T11:23:38Z,6.27,77.44
2026-09-13T11:24:38Z,6.26,77.28
2026-09-13T11:25:38Z,6.26,77.23
2026-09-13T11:27:38Z,6.27,
2026-09-13T11:28:38Z,6.28,77.67
2026-09-13T11:29:38Z,6.28,77.63
2026-09-13T11:30:38Z,6.29,77.73
2026-09-13T11:31:38Z,6.31,78.14
2026-09-13T11:32:38Z,,78.14
2026-09-13T11:34:38Z,6.31,
2026-09-13T11:35:38Z,6.32,78.26
2026-09-13T11:36:38Z,6.32,78.33
2026-09-13T11:37:38Z,6.32,78.3
2026-09-13T11:38:38Z,6.32,78.29
2026-09-13T11:39:38Z,,78.4
2026-09-13T11:40:38Z,6.33,
2026-09-13T11:41:38Z,6.32,78.28
2026-09-13T11:42:38Z,6.32,78.26
2026-09-13T11:43:38Z,6.32,78.25
2026-09-13T11:44:38Z,6.32,78.37
2026-09-13T11:45:38Z,,78.35
2026-09-13T11:47:38Z,6.31,
2026-09-13T11:48:38Z,6.3,
2026-09-13T11:49:38Z,6.29,77.83
2026-09-13T11:50:38Z,6.31,78.17
2026-09-13T11:51:38Z,6.28,77.63
2026-09-13T11:52:38Z,6.31,78.04
2026-09-13T11:54:38Z,6.33,78.43
2026-09-13T11:55:38Z,7.12,78.65
2026-09-13T11:56:38Z,6.34,78.56
2026-09-13T11:57:38Z,6.35,78.85
2026-09-13T11:58:38Z,6.33,78.51
2026-09-13T12:01:38Z,7.12,78.64
2026-09-13T12:02:38Z,7.11,78.52
2026-09-13T12:03:38Z,6.33,78.54
2026-09-13T12:04:38Z,6.34,78.65
2026-09-13T12:05:38Z,6.35,78.8
2026-09-13T12:07:38Z,6.34,
2026-09-13T12:08:38Z,6.33,78.53
2026-09-13T12:09:38Z,6.34,78.61
2026-09-13T12:10:38Z,6.35,78.81
2026-09-13T12:11:38Z,6.34,78.63
2026-09-13T12:12:38Z,,78.77
2026-09-13T12:14:38Z,6.35,78.84
2026-09-13T12:15:38Z,6.34,78.66
2026-09-13T12:16:38Z,6.33,78.53
2026-09-13T12:17:38Z,6.32,78.31
2026-09-13T12:18:38Z,6.31,78.16
2026-09-13T12:20:38Z,6.31,78.16
2026-09-13T12:21:38Z,6.31,78.11
2026-09-13T12:22:38Z,6.31,78.17
2026-09-13T12:23:38Z,6.3,78.02
2026-09-13T12:24:38Z,6.3,78.02
2026-09-13T12:26:38Z,6.31,78.04
2026-09-13T12:27:38Z,6.3,77.88
2026-09-13T12:28:38Z,6.29,77.86
2026-09-13T12:29:38Z,6.29,77.77
2026-09-13T12:30:38Z,6.3,77.88
2026-09-13T12:33:38Z,6.31,78.06
2026-09-13T12:34:38Z,6.3,78.02
2026-09-13T12:35:38Z,6.31,78.07
2026-09-13T12:36:38Z,6.31,78.15
2026-09-13T12:37:38Z,6.32,78.28
2026-09-13T12:39:38Z,6.32,78.26
2026-09-13T12:40:38Z,6.32,78.3
2026-09-13T12:41:38Z,6.33,78.42
2026-09-13T12:42:38Z,6.33,78.51
2026-09-13T12:43:38Z,6.33,78.51
2026-09-13T12:44:38Z,6.32,78.35
2026-09-13T12:46:38Z,6.31,78.17
2026-09-13T12:47:38Z,6.32,78.27
2026-09-13T12:48:38Z,6.33,78.45
2026-09-13T12:49:38Z,6.34,78.57
2026-09-13T12:50:38Z,6.34,78.62
2026-09-13T12:52:38Z,6.34,78.59
2026-09-13T12:53:38Z,6.35,78.72
2026-09-13T12:54:38Z,6.38,79.3
2026-09-13T12:55:38Z,6.37,79.05
2026-09-13T12:56:38Z,6.37,79.2
2026-09-13T13:02:38Z,6.35,78.8
2026-09-13T13:03:38Z,6.35,78.74
2026-09-13T13:04:38Z,6.35,78.78
2026-09-13T13:05:38Z,6.36,78.94
2026-09-13T13:06:38Z,7.13,78.86
2026-09-13T13:09:38Z,6.35,78.85
2026-09-13T13:10:38Z,6.36,78.97
2026-09-13T13:11:38Z,6.36,78.89
2026-09-13T13:12:38Z,6.36,79.01
2026-09-13T13:13:38Z,6.37,79.11
2026-09-13T13:14:38Z,,79.15
2026-09-13T13:17:38Z,6.36,78.99
2026-09-13T13:18:38Z,6.37,79.17
2026-09-13T13:19:38Z,6.37,79.15
2026-09-13T13:20:38Z,6.38,79.37
2026-09-13T13:21:38Z,6.39,79.43
2026-09-13T13:24:38Z,6.38,79.33
2026-09-13T13:25:38Z,6.36,78.99
2026-09-13T13:26:38Z,6.37,79.15
2026-09-13T13:27:38Z,6.37,79.2
2026-09-13T13:28:38Z,,79.39
2026-09-13T13:30:38Z,6.36,
2026-09-13T13:31:38Z,6.36,78.88
2026-09-13T13:32:38Z,6.37,79.11
2026-09-13T13:33:38Z,6.37,79.16
2026-09-13T13:34:38Z,6.36,79
2026-09-13T13:35:38Z,,78.91
2026-09-13T13:37:38Z,6.36,
2026-09-13T13:38:38Z,6.36,78.93
2026-09-13T13:39:38Z,6.36,78.99
2026-09-13T13:40:38Z,6.37,79.11
2026-09-13T13:41:38Z,6.36,79
2026-09-13T13:42:38Z,,79.2
2026-09-13T13:44:38Z,6.39,
2026-09-13T13:45:38Z,6.4,79.6
2026-09-13T13:46:38Z,6.4,79.59
2026-09-13T13:47:38Z,6.4,79.58
2026-09-13T13:48:38Z,6.4,79.64
2026-09-13T13:49:38Z,,79.38
2026-09-13T13:51:38Z,6.39,
2026-09-13T13:52:38Z,6.39,79.51
2026-09-13T13:53:38Z,6.38,79.31
2026-09-13T13:54:38Z,6.39,79.42
2026-09-13T13:55:38Z,6.39,79.55
2026-09-13T13:56:38Z,,79.4
2026-09-13T13:58:38Z,6.41,
2026-09-13T13:59:38Z,6.41,
2026-09-13T14:00:38Z,6.41,79.83
2026-09-13T14:01:38Z,6.41,79.88
2026-09-13T14:02:38Z,6.41,79.88
2026-09-13T14:03:38Z,,79.96
2026-09-13T14:04:38Z,,80.07
2026-09-13T14:05:38Z,6.43,
2026-09-13T14:06:38Z,6.43,
2026-09-13T14:07:38Z,6.43,80.19
2026-09-13T14:08:38Z,6.44,80.26
2026-09-13T14:09:38Z,6.44,80.27
2026-09-13T14:10:38Z,6.43,80.21
2026-09-13T14:11:38Z,6.43,80.2
2026-09-13T14:12:38Z,6.43,80.15
2026-09-13T14:13:38Z,6.42,80.05
2026-09-13T14:14:38Z,6.43,80.11
2026-09-13T14:15:38Z,6.44,
2026-09-13T14:16:38Z,,80.41
2026-09-13T14:17:38Z,6.45,80.51
2026-09-13T14:18:38Z,6.46,80.58
2026-09-13T14:19:38Z,6.46,80.6
2026-09-13T14:20:38Z,6.45,80.41
2026-09-13T14:21:38Z,6.45,
2026-09-13T14:23:38Z,6.45,80.51
2026-09-13T14:24:38Z,6.45,80.43
2026-09-13T14:25:38Z,6.45,80.55
2026-09-13T14:26:38Z,6.44,80.32
2026-09-13T14:27:38Z,6.45,80.41
2026-09-13T14:29:38Z,6.45,
2026-09-13T14:30:38Z,7.1,80.49
2026-09-13T14:31:38Z,7.09,80.36
2026-09-13T14:32:38Z,7.09,80.27
2026-09-13T14:33:38Z,6.45,80.45
2026-09-13T14:34:38Z,,80.53
2026-09-13T14:35:38Z,6.45,
2026-09-13T14:36:38Z,6.46,80.66
2026-09-13T14:37:38Z,6.46,80.61
2026-09-13T14:38:38Z,6.46,80.7
2026-09-13T14:39:38Z,6.47,80.8
2026-09-13T14:40:38Z,,80.68
2026-09-13T14:41:38Z,6.46,
2026-09-13T14:42:38Z,6.47,80.78
2026-09-13T14:43:38Z,6.46,80.72
2026-09-13T14:44:38Z,6.46,80.72
2026-09-13T14:45:38Z,6.46,80.7
2026-09-13T14:46:38Z,6.46,80.59
2026-09-13T14:47:38Z,6.46,80.61
2026-09-13T14:48:38Z,6.46,80.66
2026-09-13T14:49:38Z,6.46,80.64
2026-09-13T14:51:38Z,6.46,80.64
2026-09-13T14:52:38Z,6.46,80.68
2026-09-13T14:53:38Z,6.47,80.76
2026-09-13T14:54:38Z,6.46,80.64
2026-09-13T14:55:38Z,6.46,80.66
2026-09-13T14:59:38Z,6.46,80.62
2026-09-13T15:00:38Z,6.46,80.71
2026-09-13T15:01:38Z,7.12,80.78
2026-09-13T15:02:38Z,7.13,80.94
2026-09-13T15:05:38Z,6.47,80.74
2026-09-13T15:06:38Z,6.46,80.72
2026-09-13T15:07:38Z,6.44,80.37
2026-09-13T15:08:38Z,6.45,80.55
2026-09-13T15:09:38Z,6.46,80.62
2026-09-13T15:14:38Z,6.42,80.02
2026-09-13T15:15:38Z,6.42,80.05
2026-09-13T15:16:38Z,6.43,80.15
2026-09-13T15:17:38Z,6.43,80.21
2026-09-13T15:18:38Z,6.43,80.22
2026-09-13T15:21:38Z,,80.16
2026-09-13T15:22:38Z,6.43,80.16
2026-09-13T15:23:38Z,6.42,80.05
2026-09-13T15:24:38Z,6.42,79.92
2026-09-13T15:25:38Z,6.39,79.42
2026-09-13T15:26:38Z,6.36,
2026-09-13T15:28:38Z,,79.01
2026-09-13T15:29:38Z,6.36,78.98
2026-09-13T15:30:38Z,6.35,78.8
2026-09-13T15:31:38Z,6.35,78.81
2026-09-13T15:32:38Z,6.36,78.92
2026-09-13T15:33:38Z,6.37,
2026-09-13T15:35:38Z,,79.16
2026-09-13T15:36:38Z,6.38,79.23
2026-09-13T15:37:38Z,6.38,79.36
2026-09-13T15:38:38Z,6.38,79.37
2026-09-13T15:39:38Z,6.39,79.48
2026-09-13T15:40:38Z,6.39,
2026-09-13T15:42:38Z,6.4,79.57
2026-09-13T15:43:38Z,6.4,79.67
2026-09-13T15:44:38Z,6.41,79.82
2026-09-13T15:45:38Z,6.41,79.87
2026-09-13T15:46:38Z,6.42,79.95
2026-09-13T15:48:38Z,,80.08
2026-09-13T15:49:38Z,6.43,80.13
2026-09-13T15:50:38Z,6.43,80.14
2026-09-13T15:51:38Z,6.43,80.22
2026-09-13T15:52:38Z,6.44,80.24
2026-09-13T15:53:38Z,6.45,
2026-09-13T15:55:38Z,6.45,80.51
2026-09-13T15:56:38Z,6.44,80.36
2026-09-13T15:57:38Z,6.45,80.41
2026-09-13T15:58:38Z,6.45,80.53
2026-09-13T15:59:38Z,6.45,80.53
2026-09-13T16:00:38Z,6.46,80.64
2026-09-13T16:03:38Z,,80.61
2026-09-13T16:04:38Z,6.46,80.66
2026-09-13T16:05:38Z,6.46,80.71
2026-09-13T16:06:38Z,6.46,80.63
2026-09-13T16:07:38Z,6.46,80.68
2026-09-13T16:08:38Z,6.47,
2026-09-13T16:10:38Z,,80.72
2026-09-13T16:11:38Z,6.48,80.91
2026-09-13T16:12:38Z,6.48,80.94
2026-09-13T16:13:38Z,6.48,80.92
2026-09-13T16:14:38Z,6.47,80.77
2026-09-13T16:15:38Z,6.47,
2026-09-13T16:17:38Z,,80.89
2026-09-13T16:18:38Z,6.47,80.87
2026-09-13T16:19:38Z,6.48,80.91
2026-09-13T16:20:38Z,6.47,80.77
2026-09-13T16:21:38Z,6.48,80.9
2026-09-13T16:22:38Z,6.48,
2026-09-13T16:24:38Z,6.47,80.83
2026-09-13T16:25:38Z,6.48,80.93
2026-09-13T16:26:38Z,6.49,81.12
2026-09-13T16:27:38Z,6.48,80.98
2026-09-13T16:28:38Z,6.48,
2026-09-13T16:29:38Z,6.48,
2026-09-13T16:30:38Z,,81.05
2026-09-13T16:31:38Z,7.14,81.09
2026-09-13T16:32:38Z,6.49,81.16
2026-09-13T16:33:38Z,6.49,81.18
2026-09-13T16:34:38Z,6.49,81.23
2026-09-13T16:35:38Z,6.5,
2026-09-13T16:37:38Z,,81.14
2026-09-13T16:38:38Z,6.5,81.27
2026-09-13T16:39:38Z,6.49,81.12
2026-09-13T16:40:38Z,6.49,81.2
2026-09-13T16:41:38Z,6.48,81
2026-09-13T16:42:38Z,6.49,
2026-09-13T16:43:38Z,,81.2
2026-09-13T16:44:38Z,6.49,81.11
2026-09-13T16:45:38Z,6.49,81.16
2026-09-13T16:46:38Z,6.49,81.23
2026-09-13T16:47:38Z,6.49,81.12
2026-09-13T16:48:38Z,6.49,
2026-09-13T16:49:38Z,,81.16
2026-09-13T16:50:38Z,6.49,81.22
2026-09-13T16:51:38Z,6.49,81.15
2026-09-13T16:52:38Z,6.49,81.17
2026-09-13T16:53:38Z,6.49,81.23
2026-09-13T16:54:38Z,6.5,81.33
2026-09-13T16:55:38Z,,81.36
2026-09-13T16:56:38Z,,81.32
2026-09-13T16:57:38Z,6.5,81.35
2026-09-13T16:58:38Z,6.5,81.33
2026-09-13T16:59:38Z,6.5,81.24
2026-09-13T17:00:38Z,6.5,81.31
2026-09-13T17:01:38Z,6.5,
2026-09-13T17:03:38Z,,81.29
2026-09-13T17:04:38Z,6.5,81.28
2026-09-13T17:05:38Z,6.49,81.21
2026-09-13T17:06:38Z,6.5,81.24
2026-09-13T17:07:38Z,6.5,81.25
2026-09-13T17:08:38Z,6.49,
2026-09-13T17:10:38Z,6.49,81.15
2026-09-13T17:11:38Z,6.49,81.08
2026-09-13T17:12:38Z,6.49,81.07
2026-09-13T17:13:38Z,6.49,81.16
2026-09-13T17:14:38Z,6.49,81.19
2026-09-13T17:16:38Z,6.5,81.34
2026-09-13T17:17:38Z,6.5,81.4
2026-09-13T17:18:38Z,6.51,81.56
2026-09-13T17:19:38Z,6.51,81.5
2026-09-13T17:20:38Z,6.51,81.49
2026-09-13T17:23:38Z,6.52,81.62
2026-09-13T17:24:38Z,7.19,81.91
2026-09-13T17:25:38Z,6.54,81.96
2026-09-13T17:26:38Z,6.54,81.94
2026-09-13T17:27:38Z,6.54,81.98
2026-09-13T17:30:38Z,6.55,82.14
2026-09-13T17:31:38Z,6.55,82.2
2026-09-13T17:32:38Z,6.55,82.12
2026-09-13T17:33:38Z,6.54,82.03
2026-09-13T17:34:38Z,6.55,82.21
2026-09-13T17:37:38Z,6.55,82.24
2026-09-13T17:38:38Z,6.56,82.31
2026-09-13T17:39:38Z,6.56,82.29
2026-09-13T17:40:38Z,6.56,82.37
2026-09-13T17:41:38Z,,82.31
2026-09-13T17:42:38Z,6.55,
2026-09-13T17:43:38Z,6.55,82.11
2026-09-13T17:44:38Z,6.54,82.05
2026-09-13T17:45:38Z,6.54,81.99
2026-09-13T17:46:38Z,6.54,81.92
2026-09-13T17:47:38Z,,81.9
2026-09-13T17:49:38Z,6.54,
2026-09-13T17:50:38Z,6.55,82.11
2026-09-13T17:51:38Z,6.54,82
2026-09-13T17:52:38Z,6.54,82.05
2026-09-13T17:53:38Z,6.54,82.03
2026-09-13T17:54:38Z,6.54,81.98
2026-09-13T17:55:38Z,6.55,
2026-09-13T17:56:38Z,6.55,
2026-09-13T17:57:38Z,6.55,82.1
2026-09-13T17:58:38Z,6.55,82.09
2026-09-13T17:59:38Z,6.54,82.07
2026-09-13T18:00:38Z,,82.06
2026-09-13T18:01:38Z,,81.95
2026-09-13T18:02:38Z,6.54,
2026-09-13T18:03:38Z,6.54,
2026-09-13T18:04:38Z,6.53,81.85
2026-09-13T18:05:38Z,6.53,81.79
2026-09-13T18:06:38Z,6.53,81.88
2026-09-13T18:07:38Z,,81.76
2026-09-13T18:08:38Z,,81.7
2026-09-13T18:09:38Z,6.53,
2026-09-13T18:10:38Z,6.52,
2026-09-13T18:11:38Z,6.52,81.7
2026-09-13T18:12:38Z,6.52,81.7
2026-09-13T18:13:38Z,6.53,81.77
2026-09-13T18:14:38Z,,81.8
2026-09-13T18:15:38Z,,81.74
2026-09-13T18:16:38Z,6.52,
2026-09-13T18:17:38Z,6.52,81.66
2026-09-13T18:18:38Z,6.52,81.66
2026-09-13T18:19:38Z,6.52,81.71
2026-09-13T18:20:38Z,6.52,81.65
2026-09-13T18:21:38Z,,81.59
2026-09-13T18:22:38Z,6.52,
2026-09-13T18:23:38Z,6.52,81.65
2026-09-13T18:24:38Z,6.52,81.62
2026-09-13T18:25:38Z,6.52,81.69
2026-09-13T18:26:38Z,6.52,81.68
2026-09-13T18:27:38Z,,81.62
2026-09-13T18:29:38Z,6.52,
2026-09-13T18:30:38Z,6.52,81.59
2026-09-13T18:31:38Z,6.5,81.39
2026-09-13T18:32:38Z,6.5,81.37
2026-09-13T18:33:38Z,6.5,81.35
2026-09-13T18:34:38Z,,81.45
2026-09-13T18:35:38Z,6.51,
2026-09-13T18:36:38Z,6.52,
2026-09-13T18:37:38Z,6.52,81.61
2026-09-13T18:38:38Z,6.52,81.69
2026-09-13T18:39:38Z,6.52,81.64
2026-09-13T18:40:38Z,,81.59
2026-09-13T18:41:38Z,,81.58
2026-09-13T18:42:38Z,6.51,
2026-09-13T18:43:38Z,6.52,81.65
2026-09-13T18:44:38Z,6.52,81.69
2026-09-13T18:45:38Z,6.53,81.77
2026-09-13T18:46:38Z,,81.76
2026-09-13T18:47:38Z,,81.64
2026-09-13T18:48:38Z,6.52,
2026-09-13T18:49:38Z,6.53,
2026-09-13T18:50:38Z,6.53,81.74
2026-09-13T18:51:38Z,6.53,81.77
2026-09-13T18:52:38Z,6.52,81.71
2026-09-13T18:53:38Z,,81.69
2026-09-13T18:54:38Z,6.52,81.65
2026-09-13T18:55:38Z,6.52,
2026-09-13T18:56:38Z,6.52,81.67
2026-09-13T18:57:38Z,6.53,81.75
2026-09-13T18:58:38Z,,81.72
2026-09-13T18:59:38Z,,81.72
2026-09-13T19:00:38Z,6.52,81.69
2026-09-13T19:01:38Z,6.52,
2026-09-13T19:02:38Z,6.52,81.63
2026-09-13T19:03:38Z,6.52,81.57
2026-09-13T19:04:38Z,6.52,81.67
2026-09-13T19:05:38Z,,81.66
2026-09-13T19:06:38Z,,81.67
2026-09-13T19:07:38Z,6.52,
2026-09-13T19:08:38Z,6.53,
2026-09-13T19:09:38Z,6.53,81.75
2026-09-13T19:10:38Z,6.52,81.6
2026-09-13T19:11:38Z,6.51,81.45
2026-09-13T19:12:38Z,,81.28
2026-09-13T19:13:38Z,6.5,81.26
2026-09-13T19:14:38Z,6.49,
2026-09-13T19:15:38Z,6.49,
2026-09-13T19:16:38Z,6.5,81.28
2026-09-13T19:17:38Z,6.5,81.29
2026-09-13T19:18:38Z,,81.38
2026-09-13T19:19:38Z,,81.28
2026-09-13T19:20:38Z,6.5,81.31
2026-09-13T19:21:38Z,6.5,
2026-09-13T19:22:38Z,6.51,81.49
2026-09-13T19:23:38Z,6.51,81.5
2026-09-13T19:24:38Z,6.51,81.43
2026-09-13T19:25:38Z,,81.43
2026-09-13T19:26:38Z,6.5,81.4
2026-09-13T19:27:38Z,6.5,
2026-09-13T19:28:38Z,6.49,81.16
2026-09-13T19:29:38Z,6.48,81.05
2026-09-13T19:30:38Z,6.48,80.93
2026-09-13T19:31:38Z,,80.81
2026-09-13T19:32:38Z,6.47,80.73
2026-09-13T19:33:38Z,6.47,
2026-09-13T19:34:38Z,6.47,
2026-09-13T19:35:38Z,6.46,80.69
2026-09-13T19:36:38Z,6.47,80.76
2026-09-13T19:37:38Z,,80.84
2026-09-13T19:38:38Z,6.48,80.96
2026-09-13T19:39:38Z,6.47,80.86
2026-09-13T19:40:38Z,6.46,
2026-09-13T19:41:38Z,6.46,
2026-09-13T19:42:38Z,6.46,80.57
2026-09-13T19:43:38Z,,80.58
2026-09-13T19:44:38Z,6.45,80.48
2026-09-13T19:45:38Z,6.45,80.42
2026-09-13T19:46:38Z,6.44,80.36
2026-09-13T19:47:38Z,6.44,
2026-09-13T19:48:38Z,6.44,80.29
2026-09-13T19:49:38Z,6.44,80.38
2026-09-13T19:50:38Z,6.44,80.37
2026-09-13T19:51:38Z,6.44,80.31
2026-09-13T19:52:38Z,6.44,
2026-09-13T19:53:38Z,6.44,80.3
2026-09-13T19:54:38Z,6.43,80.22
2026-09-13T19:55:38Z,,80.16
2026-09-13T19:56:38Z,,80.17
2026-09-13T19:57:38Z,6.43,80.08
2026-09-13T19:58:38Z,6.43,
2026-09-13T19:59:38Z,6.43,
2026-09-13T20:00:38Z,6.43,80.19
2026-09-13T20:01:38Z,6.42,79.99
2026-09-13T20:02:38Z,,80
2026-09-13T20:03:38Z,,80.1
2026-09-13T20:04:38Z,6.42,80
2026-09-13T20:05:38Z,6.42,
2026-09-13T20:06:38Z,6.42,
2026-09-13T20:07:38Z,6.42,80.03
2026-09-13T20:08:38Z,,80.14
2026-09-13T20:09:38Z,,80.02
2026-09-13T20:10:38Z,6.43,80.08
2026-09-13T20:11:38Z,6.43,80.11
2026-09-13T20:12:38Z,6.43,
2026-09-13T20:13:38Z,6.44,80.25
2026-09-13T20:14:38Z,6.43,80.18
2026-09-13T20:15:38Z,,80.21
2026-09-13T20:16:38Z,,80.2
2026-09-13T20:17:38Z,6.44,80.23
2026-09-13T20:18:38Z,6.43,
2026-09-13T20:19:38Z,6.44,80.29
2026-09-13T20:20:38Z,6.44,80.34
2026-09-13T20:21:38Z,6.44,80.33
2026-09-13T20:22:38Z,,80.4
2026-09-13T20:23:38Z,,80.44
2026-09-13T20:24:38Z,6.45,80.46
2026-09-13T20:25:38Z,6.45,
2026-09-13T20:26:38Z,6.45,80.55
2026-09-13T20:27:38Z,6.46,80.59
2026-09-13T20:28:38Z,,80.66
2026-09-13T20:29:38Z,,80.79
2026-09-13T20:30:38Z,6.48,80.98
2026-09-13T20:31:38Z,6.48,
2026-09-13T20:32:38Z,6.49,81.13
2026-09-13T20:33:38Z,6.49,81.17
2026-09-13T20:34:38Z,6.5,81.32
2026-09-13T20:35:38Z,,81.39
2026-09-13T20:36:38Z,6.51,81.56
2026-09-13T20:37:38Z,6.52,
2026-09-13T20:38:38Z,6.52,
2026-09-13T20:39:38Z,6.53,81.81
2026-09-13T20:40:38Z,6.53,81.88
2026-09-13T20:41:38Z,,81.81
2026-09-13T20:42:38Z,,81.88
2026-09-13T20:43:38Z,6.55,82.09
2026-09-13T20:44:38Z,6.55,
2026-09-13T20:45:38Z,6.54,
2026-09-13T20:46:38Z,6.55,82.1
2026-09-13T20:47:38Z,6.54,82.05
2026-09-13T20:48:38Z,,81.97
2026-09-13T20:49:38Z,6.54,81.97
2026-09-13T20:50:38Z,6.54,81.91
2026-09-13T20:51:38Z,6.54,
2026-09-13T20:52:38Z,6.55,82.11
2026-09-13T20:53:38Z,6.54,81.99
2026-09-13T20:54:38Z,,81.83
2026-09-13T20:55:38Z,6.53,81.75
2026-09-13T20:56:38Z,6.52,81.64
2026-09-13T20:57:38Z,6.52,
2026-09-13T20:58:38Z,6.52,
2026-09-13T20:59:38Z,6.52,
2026-09-13T21:00:38Z,6.52,81.6
2026-09-13T21:01:38Z,,81.51
2026-09-13T21:02:38Z,,81.4
2026-09-13T21:03:38Z,,81.41
2026-09-13T21:04:38Z,6.5,81.35
2026-09-13T21:05:38Z,6.5,
2026-09-13T21:06:38Z,6.49,
2026-09-13T21:07:38Z,6.49,
2026-09-13T21:08:38Z,,81.04
2026-09-13T21:09:38Z,,80.98
2026-09-13T21:10:38Z,,80.93
2026-09-13T21:11:38Z,6.47,80.86
2026-09-13T21:12:38Z,6.47,80.89
2026-09-13T21:13:38Z,6.48,
2026-09-13T21:14:38Z,6.49,81.1
2026-09-13T21:15:38Z,,81.7
2026-09-13T21:16:38Z,,81.73
2026-09-13T21:17:38Z,6.52,81.67
2026-09-13T21:18:38Z,6.55,82.18
2026-09-13T21:19:38Z,6.55,
2026-09-13T21:20:38Z,6.56,
2026-09-13T21:21:38Z,6.56,82.34
2026-09-13T21:22:38Z,,82.48
2026-09-13T21:23:38Z,,82.58
2026-09-13T21:24:38Z,6.57,82.45
2026-09-13T21:25:38Z,6.58,82.62
2026-09-13T21:26:38Z,6.58,
2026-09-13T21:27:38Z,6.58,
2026-09-13T21:28:38Z,6.59,82.9
2026-09-13T21:29:38Z,,83.37
2026-09-13T21:30:38Z,,83.36
2026-09-13T21:31:38Z,6.63,83.57
2026-09-13T21:32:38Z,6.64,83.66
2026-09-13T21:33:38Z,6.65,
2026-09-13T21:34:38Z,6.66,83.95
2026-09-13T21:35:38Z,6.66,83.98
2026-09-13T21:36:38Z,,83.86
2026-09-13T21:37:38Z,6.67,84.15
2026-09-13T21:38:38Z,6.67,84.19
2026-09-13T21:39:38Z,6.67,84.24
2026-09-13T21:40:38Z,6.68,
2026-09-13T21:41:38Z,6.68,84.39
2026-09-13T21:42:38Z,,84.51
2026-09-13T21:43:38Z,,84.56
2026-09-13T21:44:38Z,6.69,84.53
2026-09-13T21:45:38Z,6.69,84.47
2026-09-13T21:46:38Z,6.69,
2026-09-13T21:47:38Z,6.68,
2026-09-13T21:48:38Z,6.68,84.39
2026-09-13T21:49:38Z,,84.37
2026-09-13T21:50:38Z,,84.41
2026-09-13T21:51:38Z,6.68,84.39
2026-09-13T21:52:38Z,6.68,84.36
2026-09-13T21:53:38Z,6.67,
2026-09-13T21:54:38Z,6.67,84.22
2026-09-13T21:55:38Z,6.68,84.31
2026-09-13T21:56:38Z,,83.98
2026-09-13T21:57:38Z,,84.05
2026-09-13T21:58:38Z,6.66,84.01
2026-09-13T21:59:38Z,6.66,84.09
2026-09-13T22:00:38Z,6.66,
2026-09-13T22:01:38Z,6.67,
2026-09-13T22:02:38Z,6.66,84.03
2026-09-13T22:03:38Z,,84.04
2026-09-13T22:04:38Z,,84.06
2026-09-13T22:05:38Z,,84.04
2026-09-13T22:06:38Z,6.66,84.05
2026-09-13T22:07:38Z,6.66,
2026-09-13T22:08:38Z,6.65,
2026-09-13T22:09:38Z,6.65,
2026-09-13T22:10:38Z,6.65,83.87
2026-09-13T22:11:38Z,,83.87
2026-09-13T22:12:38Z,,83.78
2026-09-13T22:13:38Z,6.64,83.74
2026-09-13T22:14:38Z,6.64,83.66
2026-09-13T22:15:38Z,6.65,
2026-09-13T22:16:38Z,6.63,
2026-09-13T22:17:38Z,6.64,83.61
2026-09-13T22:18:38Z,,83.64
2026-09-13T22:19:38Z,,83.64
2026-09-13T22:20:38Z,6.64,83.63
2026-09-13T22:21:38Z,6.63,
2026-09-13T22:22:38Z,6.6,
2026-09-13T22:23:38Z,6.6,83.01
2026-09-13T22:24:38Z,6.61,83.1
2026-09-13T22:25:38Z,,82.86
2026-09-13T22:26:38Z,,82.86
2026-09-13T22:27:38Z,,82.8
2026-09-13T22:28:38Z,6.58,
2026-09-13T22:29:38Z,6.57,
2026-09-13T22:30:38Z,6.57,82.54
2026-09-13T22:31:38Z,6.55,82.1
2026-09-13T22:32:38Z,,82.04
2026-09-13T22:33:38Z,,82.06
2026-09-13T22:34:38Z,6.52,81.73
2026-09-13T22:35:38Z,6.52,81.68
2026-09-13T22:36:38Z,6.52,
2026-09-13T22:37:38Z,6.52,81.61
2026-09-13T22:38:38Z,6.5,81.39
2026-09-13T22:39:38Z,,81.54
2026-09-13T22:40:38Z,,81.24
2026-09-13T22:41:38Z,6.47,80.88
2026-09-13T22:42:38Z,6.47,
2026-09-13T22:43:38Z,6.46,80.72
2026-09-13T22:44:38Z,6.45,80.51
2026-09-13T22:45:38Z,6.46,80.72
2026-09-13T22:46:38Z,,80.69
2026-09-13T22:47:38Z,,80.77
2026-09-13T22:48:38Z,6.46,
2026-09-13T22:49:38Z,6.45,
2026-09-13T22:50:38Z,6.44,80.23
2026-09-13T22:51:38Z,6.43,80.2
2026-09-13T22:52:38Z,6.42,80
2026-09-13T22:53:38Z,,79.74
2026-09-13T22:54:38Z,6.41,79.78
2026-09-13T22:55:38Z,6.4,79.64
2026-09-13T22:56:38Z,6.38,
2026-09-13T22:57:38Z,6.39,
2026-09-13T22:58:38Z,6.39,79.4
2026-09-13T22:59:38Z,6.37,79.05
2026-09-13T23:00:38Z,,79.22
2026-09-13T23:01:38Z,,79.07
2026-09-13T23:02:38Z,,78.93
2026-09-13T23:03:38Z,6.36,
2026-09-13T23:04:38Z,6.33,
2026-09-13T23:05:38Z,6.33,78.38
2026-09-13T23:06:38Z,6.32,78.37
2026-09-13T23:07:38Z,6.31,78.12
2026-09-13T23:08:38Z,,77.96
2026-09-13T23:09:38Z,,78.22
2026-09-13T23:10:38Z,6.32,
2026-09-13T23:11:38Z,6.29,
2026-09-13T23:12:38Z,6.29,
2026-09-13T23:13:38Z,6.27,77.5
2026-09-13T23:14:38Z,6.29,77.81
2026-09-13T23:15:38Z,,77.71
2026-09-13T23:16:38Z,,77.49
2026-09-13T23:17:38Z,6.28,77.65
2026-09-13T23:18:38Z,6.31,
2026-09-13T23:19:38Z,6.29,77.83
2026-09-13T23:20:38Z,6.3,77.89
2026-09-13T23:21:38Z,6.3,78.03
2026-09-13T23:22:38Z,,78.46
2026-09-13T23:23:38Z,,78.41
2026-09-13T23:24:38Z,6.29,77.85
2026-09-13T23:25:38Z,6.28,
2026-09-13T23:26:38Z,6.28,
2026-09-13T23:27:38Z,6.26,77.23
2026-09-13T23:28:38Z,6.19,76.13
2026-09-13T23:29:38Z,,75.96
2026-09-13T23:30:38Z,,75.82
2026-09-13T23:31:38Z,6.14,75.25
2026-09-13T23:32:38Z,6.14,
2026-09-13T23:33:38Z,6.15,
2026-09-13T23:34:38Z,6.18,75.88
2026-09-13T23:35:38Z,6.19,76.09
2026-09-13T23:36:38Z,,75.94
2026-09-13T23:37:38Z,,75.93
2026-09-13T23:38:38Z,6.16,75.58
2026-09-13T23:39:38Z,6.18,
2026-09-13T23:40:38Z,6.64,
2026-09-13T23:41:38Z,6.64,74.86
2026-09-13T23:42:38Z,6.14,75.22
2026-09-13T23:43:38Z,,75.48
2026-09-13T23:44:38Z,6.17,75.72
2026-09-13T23:45:38Z,6.16,75.6
2026-09-13T23:46:38Z,6.14,
2026-09-13T23:47:38Z,6.66,
2026-09-13T23:48:38Z,6.68,75.62
2026-09-13T23:49:38Z,6.67,75.38
2026-09-13T23:50:38Z,,75.92
2026-09-13T23:51:38Z,6.7,75.93
2026-09-13T23:52:38Z,6.69,75.78
2026-09-13T23:53:38Z,6.19,
2026-09-13T23:54:38Z,6.19,76.15
2026-09-13T23:55:38Z,6.18,75.97
2026-09-13T23:56:38Z,,75.7
2026-09-13T23:57:38Z,,75.44
2026-09-13T23:58:38Z,,74.98
2026-09-13T23:59:38Z,,74.79
2026-09-14T00:00:38Z,6.12,
2026-09-14T00:01:38Z,6.1,
2026-09-14T00:02:38Z,6.13,
2026-09-14T00:03:38Z,6.14,75.29
2026-09-14T00:04:38Z,6.12,74.9
2026-09-14T00:05:38Z,6.11,74.73
2026-09-14T00:06:38Z,6.1,74.63
2026-09-14T00:07:38Z,6.11,74.73
2026-09-14T00:08:38Z,6.13,
2026-09-14T00:09:38Z,6.13,75.11
2026-09-14T00:10:38Z,6.14,75.29
2026-09-14T00:11:38Z,6.14,75.26
2026-09-14T00:12:38Z,6.17,75.75
2026-09-14T00:13:38Z,,75.03
2026-09-14T00:15:38Z,6.14,75.31
2026-09-14T00:16:38Z,6.12,74.85
2026-09-14T00:17:38Z,6.12,74.98
2026-09-14T00:18:38Z,6.14,75.21
2026-09-14T00:19:38Z,6.12,74.94
2026-09-14T00:21:38Z,6.05,
2026-09-14T00:22:38Z,6.02,73.21
2026-09-14T00:23:38Z,6.01,73.15
2026-09-14T00:24:38Z,6.01,73.12
2026-09-14T00:25:38Z,5.94,71.96
2026-09-14T00:27:38Z,6.49,72.38
2026-09-14T00:28:38Z,5.96,72.2
2026-09-14T00:29:38Z,5.94,71.94
2026-09-14T00:30:38Z,5.94,71.89
2026-09-14T00:31:38Z,5.95,72.04
2026-09-14T00:33:38Z,5.97,72.49
2026-09-14T00:34:38Z,5.97,72.42
2026-09-14T00:35:38Z,5.94,71.93
2026-09-14T00:36:38Z,5.94,71.83
2026-09-14T00:37:38Z,5.93,71.65
2026-09-14T00:39:38Z,5.89,71
2026-09-14T00:40:38Z,5.85,70.34
2026-09-14T00:41:38Z,5.8,69.57
2026-09-14T00:42:38Z,5.79,69.4
2026-09-14T00:43:38Z,6.46,69.67
2026-09-14T00:45:38Z,5.84,70.22
2026-09-14T00:46:38Z,5.86,70.57
2026-09-14T00:47:38Z,5.86,70.5
2026-09-14T00:48:38Z,5.86,70.55
2026-09-14T00:49:38Z,5.85,70.43
2026-09-14T00:51:38Z,5.76,68.91
2026-09-14T00:52:38Z,5.76,68.82
2026-09-14T00:53:38Z,5.72,68.17
2026-09-14T00:54:38Z,5.67,67.36
2026-09-14T00:55:38Z,5.62,66.56
2026-09-14T00:58:38Z,5.56,65.52
2026-09-14T00:59:38Z,5.56,65.57
2026-09-14T01:00:38Z,5.55,65.4
2026-09-14T01:01:38Z,5.53,64.95
2026-09-14T01:02:38Z,5.49,64.32
2026-09-14T01:04:38Z,5.47,64.03
2026-09-14T01:05:38Z,5.41,62.93
2026-09-14T01:06:38Z,5.44,63.5
2026-09-14T01:07:38Z,5.45,63.65
2026-09-14T01:08:38Z,6.1,63.73
2026-09-14T01:10:38Z,,62.95
2026-09-14T01:11:38Z,6.02,62.33
2026-09-14T01:12:38Z,5.34,61.85
2026-09-14T01:13:38Z,5.36,62.13
2026-09-14T01:14:38Z,5.37,62.36
2026-09-14T01:16:38Z,5.37,62.26
2026-09-14T01:17:38Z,5.37,62.25
2026-09-14T01:18:38Z,6.15,62.33
2026-09-14T01:19:38Z,6.15,62.34
2026-09-14T01:20:38Z,6.16,62.51
2026-09-14T01:22:38Z,6.19,62.95
2026-09-14T01:23:38Z,5.4,62.77
2026-09-14T01:24:38Z,5.4,62.76
2026-09-14T01:25:38Z,5.31,61.24
2026-09-14T01:26:38Z,6.06,60.75
2026-09-14T01:29:38Z,6.08,61.16
2026-09-14T01:30:38Z,6.11,61.7
2026-09-14T01:31:38Z,6.11,61.65
2026-09-14T01:32:38Z,6.08,61.22
2026-09-14T01:33:38Z,6.08,
2026-09-14T01:34:38Z,5.33,61.67
2026-09-14T01:35:38Z,6.09,61.34
2026-09-14T01:36:38Z,5.33,61.67
2026-09-14T01:37:38Z,5.3,61.19
2026-09-14T01:38:38Z,5.29,61.03
2026-09-14T01:39:38Z,5.29,60.95
2026-09-14T01:41:38Z,5.28,60.77
2026-09-14T01:42:38Z,5.22,59.8
2026-09-14T01:43:38Z,5.21,59.57
2026-09-14T01:44:38Z,6,59.83
2026-09-14T01:45:38Z,6.02,60.18
2026-09-14T01:47:38Z,6.01,59.93
2026-09-14T01:48:38Z,5.25,60.27
2026-09-14T01:49:38Z,5.22,59.81
2026-09-14T01:50:38Z,5.17,59.01
2026-09-14T01:51:38Z,5.18,59.08
2026-09-14T01:53:38Z,5.14,58.44
2026-09-14T01:54:38Z,5.14,58.49
2026-09-14T01:55:38Z,5.16,58.78
2026-09-14T01:56:38Z,5.12,58.15
2026-09-14T01:57:38Z,5.13,58.29
2026-09-14T02:00:38Z,5.14,58.44
2026-09-14T02:01:38Z,6.03,58.14
2026-09-14T02:02:38Z,6.06,58.64
2026-09-14T02:03:38Z,6.06,58.58
2026-09-14T02:04:38Z,5.12,58.1
2026-09-14T02:07:38Z,,57.92
2026-09-14T02:08:38Z,6.03,58.19
2026-09-14T02:09:38Z,5.1,57.74
2026-09-14T02:10:38Z,5.08,57.49
2026-09-14T02:11:38Z,5.07,57.21
2026-09-14T02:13:38Z,5.08,57.37
2026-09-14T02:14:38Z,5.09,57.59
2026-09-14T02:15:38Z,5.08,57.4
2026-09-14T02:16:38Z,5.1,57.73
2026-09-14T02:17:38Z,6.02,57.92
2026-09-14T02:18:38Z,,58.35
2026-09-14T02:19:38Z,5.1,57.81
2026-09-14T02:20:38Z,5.12,58.06
2026-09-14T02:21:38Z,5.1,57.76
2026-09-14T02:22:38Z,5.08,57.51
2026-09-14T02:23:38Z,5.98,57.32
2026-09-14T02:25:38Z,,57.39
2026-09-14T02:26:38Z,5.09,57.66
2026-09-14T02:27:38Z,5.1,57.71
2026-09-14T02:28:38Z,5.1,57.76
2026-09-14T02:29:38Z,5.05,56.96
2026-09-14T02:30:38Z,5.03,
2026-09-14T02:32:38Z,,56.36
2026-09-14T02:33:38Z,5.03,56.67
2026-09-14T02:34:38Z,5.03,56.6
2026-09-14T02:35:38Z,5.02,56.48
2026-09-14T02:36:38Z,5.03,56.54
2026-09-14T02:37:38Z,5.04,
2026-09-14T02:38:38Z,,56.53
2026-09-14T02:39:38Z,5.03,56.53
2026-09-14T02:40:38Z,5.04,56.81
2026-09-14T02:41:38Z,5.04,56.7
2026-09-14T02:42:38Z,5.04,56.79
2026-09-14T02:44:38Z,,56.84
2026-09-14T02:45:38Z,5.03,56.67
2026-09-14T02:46:38Z,4.97,55.64
2026-09-14T02:47:38Z,4.95,55.25
2026-09-14T02:48:38Z,4.96,55.34
2026-09-14T02:49:38Z,5.89,
2026-09-14T02:51:38Z,,55.44
2026-09-14T02:52:38Z,5.87,55.41
2026-09-14T02:53:38Z,4.93,54.99
2026-09-14T02:54:38Z,4.94,55.08
2026-09-14T02:55:38Z,4.92,54.8
2026-09-14T02:56:38Z,5.84,
2026-09-14T02:58:38Z,4.98,55.74
2026-09-14T02:59:38Z,4.97,55.59
2026-09-14T03:00:38Z,4.91,54.59
2026-09-14T03:01:38Z,4.92,54.75
2026-09-14T03:02:38Z,4.94,
2026-09-14T03:04:38Z,4.96,55.36
2026-09-14T03:05:38Z,4.93,54.84
2026-09-14T03:06:38Z,4.94,55.05
2026-09-14T03:07:38Z,4.88,54.07
2026-09-14T03:08:38Z,4.88,54.16
2026-09-14T03:09:38Z,4.9,54.49
2026-09-14T03:10:38Z,4.91,54.61
2026-09-14T03:12:38Z,4.92,54.78
2026-09-14T03:13:38Z,4.84,53.45
2026-09-14T03:14:38Z,4.86,53.68
2026-09-14T03:15:38Z,4.88,54.1
2026-09-14T03:16:38Z,4.88,54.08
2026-09-14T03:18:38Z,4.85,53.58
2026-09-14T03:19:38Z,4.81,52.92
2026-09-14T03:20:38Z,4.85,53.62
2026-09-14T03:21:38Z,6.81,53.81
2026-09-14T03:22:38Z,5.81,54.45
2026-09-14T03:24:38Z,4.9,54.37
2026-09-14T03:25:38Z,4.91,54.53
2026-09-14T03:26:38Z,5.81,54.37
2026-09-14T03:27:38Z,4.88,54.03
2026-09-14T03:28:38Z,4.86,53.8
2026-09-14T03:31:38Z,4.87,53.96
2026-09-14T03:32:38Z,4.84,53.4
2026-09-14T03:33:38Z,4.85,53.59
2026-09-14T03:34:38Z,4.79,52.54
2026-09-14T03:35:38Z,4.69,50.89
2026-09-14T03:37:38Z,4.72,51.31
2026-09-14T03:38:38Z,4.77,52.16
2026-09-14T03:39:38Z,4.79,52.53
2026-09-14T03:40:38Z,4.82,53.09
2026-09-14T03:41:38Z,4.81,52.92
2026-09-14T03:43:38Z,4.78,52.46
2026-09-14T03:44:38Z,4.78,52.47
2026-09-14T03:45:38Z,4.78,52.39
2026-09-14T03:46:38Z,5.72,52.97
2026-09-14T03:47:38Z,4.83,53.23
2026-09-14T03:49:38Z,4.8,52.77
2026-09-14T03:50:38Z,5.74,53.22
2026-09-14T03:51:38Z,4.81,52.92
2026-09-14T03:52:38Z,4.83,53.32
2026-09-14T03:53:38Z,4.81,52.92
2026-09-14T03:55:38Z,4.75,51.9
2026-09-14T03:56:38Z,4.75,51.9
2026-09-14T03:57:38Z,4.73,51.58
2026-09-14T03:58:38Z,4.72,51.39
2026-09-14T03:59:38Z,4.68,50.67
2026-09-14T04:00:38Z,4.67,50.56
2026-09-14T04:03:38Z,4.72,
2026-09-14T04:04:38Z,4.75,51.92
2026-09-14T04:05:38Z,4.75,51.94
2026-09-14T04:06:38Z,4.76,52.02
2026-09-14T04:07:38Z,4.78,52.46
2026-09-14T04:08:38Z,,52.29
2026-09-14T04:09:38Z,4.77,52.15
2026-09-14T04:10:38Z,4.68,50.66
2026-09-14T04:11:38Z,5.51,49.45
2026-09-14T04:12:38Z,4.68,50.72
2026-09-14T04:13:38Z,4.7,51.08
2026-09-14T04:15:38Z,4.68,50.75
2026-09-14T04:16:38Z,4.66,50.41
2026-09-14T04:17:38Z,4.63,49.89
2026-09-14T04:18:38Z,4.66,50.32
2026-09-14T04:19:38Z,4.71,51.15
2026-09-14T04:22:38Z,4.73,51.59
2026-09-14T04:23:38Z,4.78,52.4
2026-09-14T04:24:38Z,4.81,52.97
2026-09-14T04:25:38Z,4.8,52.8
2026-09-14T04:26:38Z,4.78,52.45
2026-09-14T04:29:38Z,4.75,51.96
2026-09-14T04:30:38Z,4.75,51.82
2026-09-14T04:31:38Z,4.73,51.6
2026-09-14T04:32:38Z,4.77,52.2
2026-09-14T04:35:38Z,4.66,50.39
2026-09-14T04:36:38Z,4.68,50.7
2026-09-14T04:37:38Z,4.71,51.24
2026-09-14T04:38:38Z,4.69,50.87
2026-09-14T04:39:38Z,4.69,50.92
2026-09-14T04:40:38Z,4.68,
2026-09-14T04:41:38Z,4.67,
2026-09-14T04:42:38Z,4.57,
2026-09-14T04:43:38Z,4.52,
2026-09-14T04:44:38Z,4.58,
2026-09-14T04:45:38Z,4.62,
2026-09-14T06:00:38Z,4.5,47.61
2026-09-14T06:02:38Z,4.45,
2026-09-14T06:03:38Z,4.45,46.84
2026-09-14T06:04:38Z,4.5,47.68
2026-09-14T06:05:38Z,5.6,48.65
2026-09-14T06:06:38Z,4.55,48.6
2026-09-14T06:07:38Z,,48.41
2026-09-14T06:10:38Z,4.56,
2026-09-14T06:11:38Z,4.6,49.41
2026-09-14T06:12:38Z,4.56,48.74
2026-09-14T06:13:38Z,4.57,48.8
2026-09-14T06:14:38Z,4.59,49.12
2026-09-14T06:15:38Z,,49.11
2026-09-14T06:16:38Z,4.56,
2026-09-14T06:17:38Z,4.55,48.46
2026-09-14T06:18:38Z,4.54,48.34
2026-09-14T06:19:38Z,4.54,48.38
2026-09-14T06:20:38Z,4.56,48.69
2026-09-14T06:21:38Z,,47.95
2026-09-14T06:23:38Z,4.53,48.16
2026-09-14T06:24:38Z,4.54,48.35
2026-09-14T06:25:38Z,4.55,48.54
2026-09-14T06:26:38Z,4.54,48.32
2026-09-14T06:27:38Z,,47.88
2026-09-14T06:29:38Z,4.55,
2026-09-14T06:30:38Z,4.57,48.79
2026-09-14T06:31:38Z,4.59,49.19
2026-09-14T06:32:38Z,4.59,49.26
2026-09-14T06:33:38Z,4.61,49.48
2026-09-14T06:34:38Z,,49.81
2026-09-14T06:35:38Z,4.64,
2026-09-14T06:36:38Z,4.64,
2026-09-14T06:37:38Z,4.64,49.96
2026-09-14T06:38:38Z,4.62,49.78
2026-09-14T06:39:38Z,4.59,49.15
2026-09-14T06:40:38Z,4.56,48.69
2026-09-14T06:41:38Z,,49.05
2026-09-14T06:42:38Z,4.6,
2026-09-14T06:43:38Z,4.61,49.47
2026-09-14T06:44:38Z,4.62,49.73
2026-09-14T06:45:38Z,4.63,49.9
2026-09-14T06:46:38Z,4.6,49.37
2026-09-14T06:47:38Z,,49.55
2026-09-14T06:48:38Z,4.61,
2026-09-14T06:49:38Z,4.61,49.59
2026-09-14T06:50:38Z,4.64,50.04
2026-09-14T06:51:38Z,4.67,50.61
2026-09-14T06:52:38Z,4.68,50.68
2026-09-14T06:53:38Z,4.69,50.89
2026-09-14T06:54:38Z,4.73,51.56
2026-09-14T06:55:38Z,,51.91
2026-09-14T06:56:38Z,4.73,51.6
2026-09-14T06:57:38Z,4.75,51.97
2026-09-14T06:58:38Z,4.72,51.45
2026-09-14T06:59:38Z,4.78,52.36
2026-09-14T07:00:38Z,4.76,52.09
2026-09-14T07:03:38Z,4.83,53.29
2026-09-14T07:04:38Z,4.86,53.76
2026-09-14T07:05:38Z,4.89,54.17
2026-09-14T07:06:38Z,4.87,53.96
2026-09-14T07:07:38Z,4.87,53.88
2026-09-14T07:09:38Z,4.92,54.81
2026-09-14T07:10:38Z,4.93,54.99
2026-09-14T07:11:38Z,4.95,55.24
2026-09-14T07:12:38Z,4.94,55.08
2026-09-14T07:13:38Z,4.96,55.37
2026-09-14T07:14:38Z,,55.26
2026-09-14T07:16:38Z,4.94,55.04
2026-09-14T07:17:38Z,4.96,55.35
2026-09-14T07:18:38Z,4.96,55.37
2026-09-14T07:19:38Z,4.98,55.68
2026-09-14T07:20:38Z,4.99,55.96
2026-09-14T07:22:38Z,5.02,56.44
2026-09-14T07:23:38Z,5.01,56.25
2026-09-14T07:24:38Z,5,56.11
2026-09-14T07:25:38Z,5.04,56.7
2026-09-14T07:26:38Z,5.03,56.56
2026-09-14T07:28:38Z,5.04,56.73
2026-09-14T07:29:38Z,5.02,56.46
2026-09-14T07:30:38Z,5.04,56.77
2026-09-14T07:31:38Z,5.07,57.23
2026-09-14T07:32:38Z,5.08,57.43
2026-09-14T07:34:38Z,5.11,57.93
2026-09-14T07:35:38Z,5.12,58.15
2026-09-14T07:36:38Z,5.11,57.95
2026-09-14T07:37:38Z,5.11,57.93
2026-09-14T07:38:38Z,5.1,57.85
2026-09-14T07:40:38Z,5.12,58.04
2026-09-14T07:41:38Z,5.1,57.82
2026-09-14T07:42:38Z,5.11,58.01
2026-09-14T07:43:38Z,5.09,57.66
2026-09-14T07:44:38Z,5.1,57.76
2026-09-14T07:45:38Z,,58.24
2026-09-14T07:46:38Z,5.17,59.03
2026-09-14T07:47:38Z,5.19,59.35
2026-09-14T07:48:38Z,5.18,59.18
2026-09-14T07:49:38Z,5.21,59.67
2026-09-14T07:50:38Z,5.25,60.27
2026-09-14T07:52:38Z,5.24,60.1
2026-09-14T07:53:38Z,5.23,59.98
2026-09-14T07:54:38Z,5.23,59.95
2026-09-14T07:55:38Z,5.25,60.22
2026-09-14T07:57:38Z,5.28,60.8
2026-09-14T07:58:38Z,5.28,60.74
2026-09-14T07:59:38Z,5.28,60.8
2026-09-14T08:00:38Z,5.27,60.6
2026-09-14T08:01:38Z,5.27,60.71
2026-09-14T08:03:38Z,5.27,60.62
2026-09-14T08:04:38Z,5.24,60.17
2026-09-14T08:05:38Z,5.23,59.98
2026-09-14T08:06:38Z,5.26,60.46
2026-09-14T08:07:38Z,5.29,61
2026-09-14T08:09:38Z,5.32,61.46
2026-09-14T08:10:38Z,5.31,61.33
2026-09-14T08:11:38Z,5.32,61.53
2026-09-14T08:54:41Z,5.81,69.71
2026-09-14T08:55:41Z,5.81,69.75
2026-09-14T08:56:41Z,5.91,71.36
2026-09-14T08:57:41Z,6.03,73.4
2026-09-14T08:58:41Z,6.01,73.07
2026-09-14T08:59:41Z,6.1,74.64
2026-09-14T09:00:41Z,6.17,75.72
2026-09-14T09:01:41Z,6.18,75.89
2026-09-14T09:02:41Z,6.09,74.38
2026-09-14T09:03:41Z,6.94,75.67
2026-09-14T09:04:41Z,6.21,76.36
2026-09-14T09:06:41Z,6.31,78.18
2026-09-14T09:07:41Z,6.32,78.33
2026-09-14T09:08:41Z,6.27,77.53
2026-09-14T09:09:41Z,6.28,77.57
2026-09-14T09:10:41Z,6.3,78.02
2026-09-14T09:12:41Z,6.38,79.24
2026-09-14T09:13:41Z,6.37,79.12
2026-09-14T09:14:41Z,6.44,80.24
2026-09-14T09:15:41Z,6.48,81.04
2026-09-14T09:16:41Z,6.5,81.37
2026-09-14T09:17:41Z,6.49,81.22
2026-09-14T09:18:41Z,6.5,81.36
2026-09-14T09:19:41Z,6.52,81.62
2026-09-14T09:20:41Z,6.55,82.12
2026-09-14T09:21:41Z,6.58,82.59
2026-09-14T09:23:41Z,6.53,81.78
2026-09-14T09:24:41Z,6.55,82.18
2026-09-14T09:25:41Z,6.61,83.14
2026-09-14T09:26:41Z,6.64,83.66
2026-09-14T09:27:41Z,6.59,82.91
2026-09-14T09:29:41Z,6.65,83.76
2026-09-14T09:30:41Z,6.68,84.31
2026-09-14T09:31:41Z,6.68,84.3
2026-09-14T09:32:41Z,6.67,84.15
2026-09-14T09:34:41Z,6.66,83.94
2026-09-14T09:35:41Z,6.64,83.74
2026-09-14T09:36:41Z,6.65,83.79
2026-09-14T09:37:41Z,6.65,83.9
2026-09-14T09:38:41Z,6.58,82.61
2026-09-14T09:40:41Z,6.57,82.5
2026-09-14T09:41:41Z,6.6,82.95
2026-09-14T09:42:41Z,6.62,83.36
2026-09-14T09:43:41Z,6.64,83.72
2026-09-14T09:45:41Z,6.68,84.31
2026-09-14T09:46:41Z,6.69,84.43
2026-09-14T09:47:41Z,6.69,84.46
2026-09-14T09:48:41Z,6.74,85.4
2026-09-14T09:49:41Z,6.74,85.38
2026-09-14T09:51:41Z,6.74,85.32
2026-09-14T09:52:41Z,6.72,85.05
2026-09-14T09:53:41Z,6.73,85.11
2026-09-14T09:54:41Z,6.72,85.1
2026-09-14T09:56:41Z,6.68,
2026-09-14T09:57:41Z,6.71,84.78
2026-09-14T09:58:41Z,6.65,83.83
2026-09-14T09:59:41Z,6.62,83.38
2026-09-14T10:00:41Z,6.64,83.61
2026-09-14T10:01:41Z,,83.25
2026-09-14T10:02:41Z,6.62,
2026-09-14T10:03:41Z,6.65,83.78
2026-09-14T10:04:41Z,6.6,82.99
2026-09-14T10:05:41Z,6.62,83.4
2026-09-14T10:06:41Z,6.63,83.51
2026-09-14T10:08:41Z,6.65,83.83
2026-09-14T10:09:41Z,6.65,83.81
2026-09-14T10:10:41Z,6.63,83.51
2026-09-14T10:11:41Z,6.61,83.25
2026-09-14T10:12:41Z,,83.29
2026-09-14T10:13:41Z,6.59,
2026-09-14T10:14:41Z,6.56,82.31
2026-09-14T10:15:41Z,6.56,82.33
2026-09-14T10:16:41Z,6.52,81.72
2026-09-14T10:17:41Z,6.53,81.84
2026-09-14T10:18:41Z,6.57,
2026-09-14T10:19:41Z,6.55,82.08
2026-09-14T10:20:41Z,6.55,82.23
2026-09-14T10:21:41Z,6.55,82.21
2026-09-14T10:22:41Z,6.56,82.29
2026-09-14T10:23:41Z,,82.28
2026-09-14T10:24:41Z,6.59,82.75
2026-09-14T10:25:41Z,6.54,82.03
2026-09-14T10:26:41Z,6.55,82.24
2026-09-14T10:27:41Z,6.59,82.83
2026-09-14T10:28:41Z,,82.59
2026-09-14T12:01:41Z,,84.08
2026-09-14T12:02:41Z,6.67,84.12
2026-09-14T12:03:41Z,6.67,84.14
2026-09-14T12:04:41Z,6.64,83.74
2026-09-14T12:05:41Z,6.66,83.98
2026-09-14T12:08:41Z,6.66,84.03
2026-09-14T12:09:41Z,6.66,84
2026-09-14T12:10:41Z,6.67,84.11
2026-09-14T12:11:41Z,6.65,83.84
2026-09-14T12:12:41Z,7.3,
2026-09-14T12:13:41Z,6.66,84.05
2026-09-14T12:14:41Z,6.65,83.92
2026-09-14T12:15:41Z,6.67,84.12
2026-09-14T12:16:41Z,6.67,84.14
2026-09-14T12:17:41Z,6.69,84.48
2026-09-14T12:18:41Z,6.69,84.52
2026-09-14T12:19:41Z,6.69,84.49
2026-09-14T12:20:41Z,7.35,84.76
2026-09-14T12:21:41Z,6.7,84.7
2026-09-14T12:22:41Z,6.71,
2026-09-14T12:23:41Z,6.71,84.91
2026-09-14T12:24:41Z,6.71,84.82
2026-09-14T12:25:41Z,6.73,85.12
2026-09-14T12:26:41Z,6.72,85.02
2026-09-14T12:27:41Z,6.72,85.04
2026-09-14T12:29:41Z,6.72,85.01
2026-09-14T12:30:41Z,6.71,84.79
2026-09-14T12:31:41Z,6.7,84.6
2026-09-14T12:32:41Z,6.69,84.54
2026-09-14T12:33:41Z,6.69,84.54
2026-09-14T12:34:41Z,6.68,84.31
2026-09-14T12:35:41Z,6.69,84.43
2026-09-14T12:36:41Z,6.66,84.04
2026-09-14T12:37:41Z,6.67,84.2
2026-09-14T12:38:41Z,6.67,84.14
2026-09-14T12:39:41Z,6.65,
2026-09-14T12:40:41Z,6.67,84.15
2026-09-14T12:41:41Z,6.64,83.66
2026-09-14T12:42:41Z,6.65,83.84
2026-09-14T12:43:41Z,6.63,83.54
2026-09-14T12:44:41Z,6.64,83.75
2026-09-14T12:46:41Z,6.64,83.69
2026-09-14T12:47:41Z,6.63,83.57
2026-09-14T12:48:41Z,6.64,83.66
2026-09-14T12:49:41Z,6.64,83.62
2026-09-14T12:50:41Z,6.64,83.6
2026-09-14T12:52:41Z,6.63,83.49
2026-09-14T12:53:41Z,6.61,83.21
2026-09-14T12:54:41Z,6.62,83.3
2026-09-14T12:55:41Z,6.63,83.42
2026-09-14T12:56:41Z,,83.16
2026-09-14T12:57:41Z,6.6,
2026-09-14T12:58:41Z,6.6,83.07
2026-09-14T12:59:41Z,6.59,82.86
2026-09-14T13:00:41Z,6.61,83.1
2026-09-14T13:01:41Z,6.61,83.09
2026-09-14T13:03:41Z,7.25,83
2026-09-14T13:04:41Z,6.61,83.1
2026-09-14T13:05:41Z,6.61,83.17
2026-09-14T13:06:41Z,6.61,83.23
2026-09-14T13:07:41Z,6.63,83.5
2026-09-14T13:09:41Z,6.62,
2026-09-14T13:10:41Z,6.62,83.34
2026-09-14T13:11:41Z,6.63,83.44
2026-09-14T13:12:41Z,6.62,83.34
2026-09-14T13:13:41Z,6.59,82.83
2026-09-14T13:15:41Z,6.57,82.51
2026-09-14T13:16:41Z,6.58,82.66
2026-09-14T13:17:41Z,6.56,82.33
2026-09-14T13:18:41Z,6.56,82.36
2026-09-14T13:19:41Z,6.55,82.16
2026-09-14T13:21:41Z,6.55,82.11
2026-09-14T13:22:41Z,6.55,82.13
2026-09-14T13:23:41Z,6.54,81.92
2026-09-14T13:24:41Z,6.52,81.65
2026-09-14T13:25:41Z,6.52,81.62
2026-09-14T13:27:41Z,6.54,81.98
2026-09-14T13:28:41Z,6.53,81.81
2026-09-14T13:29:41Z,6.51,81.52
2026-09-14T13:30:41Z,6.5,81.33
2026-09-14T13:31:41Z,6.5,81.36
2026-09-14T13:34:41Z,6.47,80.88
2026-09-14T13:35:41Z,6.49,81.11
2026-09-14T13:36:41Z,6.48,80.9
2026-09-14T13:37:41Z,7.12,80.83
2026-09-14T13:39:41Z,6.46,80.64
2026-09-14T13:40:41Z,6.48,80.91
2026-09-14T13:41:41Z,6.45,80.5
2026-09-14T13:42:41Z,6.46,80.58
2026-09-14T13:43:41Z,6.45,80.53
2026-09-14T13:44:41Z,6.44,80.28
2026-09-14T13:45:41Z,6.43,80.21
2026-09-14T13:46:41Z,6.44,80.26
2026-09-14T13:47:41Z,6.44,80.28
2026-09-14T13:48:41Z,6.45,80.43
2026-09-14T13:49:41Z,6.43,80.19
2026-09-14T13:50:41Z,6.4,79.64
2026-09-14T13:51:41Z,6.4,79.64
2026-09-14T13:52:41Z,6.41,79.85
2026-09-14T13:53:41Z,7.06,79.85
2026-09-14T13:54:41Z,6.43,80.17
2026-09-14T13:55:41Z,6.43,80.06
2026-09-14T13:56:41Z,6.41,79.82
2026-09-14T13:57:41Z,6.4,79.72
2026-09-14T13:58:41Z,6.4,79.68
2026-09-14T13:59:41Z,6.41,79.75
2026-09-14T14:02:41Z,7.08,80.08
2026-09-14T14:03:41Z,7.08,80.19
2026-09-14T14:04:41Z,6.44,80.36
2026-09-14T14:05:41Z,6.43,80.14
2026-09-14T14:07:41Z,6.43,80.09
2026-09-14T14:08:41Z,6.43,80.09
2026-09-14T14:09:41Z,7.09,80.31
2026-09-14T14:10:41Z,6.43,80.2
2026-09-14T14:11:41Z,6.44,80.25
2026-09-14T14:13:41Z,6.45,80.47
2026-09-14T14:14:41Z,6.44,80.26
2026-09-14T14:15:41Z,6.45,80.44
2026-09-14T14:16:41Z,6.46,80.72
2026-09-14T14:17:41Z,6.5,81.25
2026-09-14T14:18:41Z,6.52,81.67
2026-09-14T14:19:41Z,6.51,81.51
2026-09-14T14:20:41Z,6.54,81.92
2026-09-14T14:21:41Z,6.54,82
2026-09-14T14:22:41Z,6.55,82.2
2026-09-14T14:24:41Z,6.58,82.66
2026-09-14T14:25:41Z,6.6,82.94
2026-09-14T14:26:41Z,6.59,82.91
2026-09-14T14:27:41Z,6.61,83.15
2026-09-14T14:28:41Z,6.61,83.11
2026-09-14T14:30:41Z,6.55,82.2
2026-09-14T14:31:41Z,7.19,81.97
2026-09-14T14:32:41Z,7.21,82.32
2026-09-14T14:33:41Z,7.18,81.82
2026-09-14T14:34:41Z,6.54,81.96
2026-09-14T14:35:41Z,6.54,82.05
2026-09-14T14:36:41Z,6.54,81.96
2026-09-14T14:37:41Z,6.53,81.86
2026-09-14T14:38:41Z,6.53,81.76
2026-09-14T14:39:41Z,6.52,81.67
2026-09-14T14:41:41Z,6.52,81.61
2026-09-14T14:42:41Z,6.5,81.39
2026-09-14T14:43:41Z,6.48,80.96
2026-09-14T14:44:41Z,6.49,81.17
2026-09-14T14:45:41Z,6.5,81.27
2026-09-14T14:47:41Z,6.48,81.02
2026-09-14T14:48:41Z,6.49,81.12
2026-09-14T14:49:41Z,6.47,80.88
2026-09-14T14:50:41Z,6.45,80.54
2026-09-14T14:51:41Z,7.1,80.52
2026-09-14T14:52:41Z,6.45,80.44
2026-09-14T14:53:41Z,7.08,80.2
2026-09-14T14:54:41Z,7.08,80.15
2026-09-14T14:55:41Z,7.06,79.88
2026-09-14T14:56:41Z,6.42,79.93
2026-09-14T14:58:41Z,7.05,79.71
2026-09-14T14:59:41Z,6.41,79.77
2026-09-14T15:00:41Z,6.42,80
2026-09-14T15:01:41Z,6.43,80.17
2026-09-14T15:02:41Z,7.09,80.26
2026-09-14T15:04:41Z,7.07,79.91
2026-09-14T15:05:41Z,7.06,79.88
2026-09-14T15:06:41Z,6.41,79.8
2026-09-14T15:07:41Z,6.42,79.95
2026-09-14T15:08:41Z,6.41,79.87
2026-09-14T15:09:41Z,6.42,79.98
2026-09-14T15:11:41Z,6.42,79.95
2026-09-14T15:12:41Z,6.42,80.04
2026-09-14T15:13:41Z,6.42,79.93
2026-09-14T15:14:41Z,6.42,79.94
2026-09-14T15:15:41Z,6.42,79.94
2026-09-14T15:16:41Z,6.42,79.94
2026-09-14T15:17:41Z,6.42,79.91
2026-09-14T15:18:41Z,6.43,80.09
2026-09-14T15:19:41Z,6.41,79.74
2026-09-14T15:20:41Z,6.41,79.75
2026-09-14T15:22:41Z,6.41,79.79
2026-09-14T15:23:41Z,6.41,79.84
2026-09-14T15:24:41Z,6.4,79.7
2026-09-14T15:25:41Z,6.41,79.75
2026-09-14T15:27:41Z,6.4,79.66
2026-09-14T15:28:41Z,6.4,79.65
2026-09-14T15:29:41Z,6.4,79.59
2026-09-14T15:30:41Z,6.4,79.71
2026-09-14T15:31:41Z,6.4,79.65
2026-09-14T15:33:41Z,6.41,79.85
2026-09-14T15:34:41Z,7.06,79.87
2026-09-14T15:35:41Z,6.42,79.9
2026-09-14T15:36:41Z,6.43,80.18
2026-09-14T15:38:41Z,7.08,80.07
2026-09-14T15:39:41Z,6.43,80.14
2026-09-14T15:40:41Z,6.42,79.95
2026-09-14T15:41:41Z,6.42,80.04
2026-09-14T15:42:41Z,6.43,80.13
2026-09-14T15:43:41Z,6.42,80.04
2026-09-14T15:44:41Z,6.44,80.25
2026-09-14T15:45:41Z,6.43,80.11
2026-09-14T15:46:41Z,6.44,80.26
2026-09-14T15:48:41Z,6.43,80.12
2026-09-14T15:49:41Z,7.06,79.79
2026-09-14T15:50:41Z,7.07,79.98
2026-09-14T15:51:41Z,6.43,80.07
2026-09-14T15:52:41Z,6.42,80.05
2026-09-14T15:53:41Z,7.06,79.86
2026-09-14T15:54:41Z,7.06,79.89
2026-09-14T15:55:41Z,6.41,
2026-09-14T15:56:41Z,6.42,79.96
2026-09-14T15:57:41Z,6.41,79.87
2026-09-14T15:58:41Z,6.41,79.84
2026-09-14T15:59:41Z,7.07,79.9
2026-09-14T16:00:41Z,7.08,80.07
2026-09-14T16:02:41Z,6.41,79.83
2026-09-14T16:03:41Z,6.41,79.83
2026-09-14T16:04:41Z,6.41,79.78
2026-09-14T16:05:41Z,6.42,79.9
2026-09-14T16:06:41Z,6.42,79.92
2026-09-14T16:08:41Z,6.42,79.9
2026-09-14T16:09:41Z,6.41,79.84
2026-09-14T16:10:41Z,6.42,79.89
2026-09-14T16:11:41Z,6.42,80.04
2026-09-14T16:12:41Z,6.42,80.01
2026-09-14T16:14:41Z,6.42,80
2026-09-14T16:15:41Z,6.42,80.03
2026-09-14T16:16:41Z,6.43,80.07
2026-09-14T16:17:41Z,7.07,79.95
2026-09-14T16:19:41Z,6.41,79.82
2026-09-14T16:20:41Z,6.42,79.9
2026-09-14T16:21:41Z,6.42,79.91
2026-09-14T16:22:41Z,6.42,79.94
2026-09-14T16:23:41Z,6.42,79.91
2026-09-14T16:24:41Z,6.41,79.78
2026-09-14T16:25:41Z,6.41,79.87
2026-09-14T16:26:41Z,6.42,80
2026-09-14T16:27:41Z,7.05,79.63
2026-09-14T16:29:41Z,6.4,79.71
2026-09-14T16:30:41Z,6.41,79.73
2026-09-14T16:31:41Z,6.39,79.51
2026-09-14T16:32:41Z,6.4,79.64
2026-09-14T16:33:41Z,6.4,
2026-09-14T16:34:41Z,6.4,79.64
2026-09-14T16:35:41Z,6.4,79.66
2026-09-14T16:36:41Z,6.39,79.44
2026-09-14T16:37:41Z,6.39,79.42
2026-09-14T16:38:41Z,6.38,
2026-09-14T16:39:41Z,6.37,79.21
2026-09-14T16:40:41Z,6.37,79.12
2026-09-14T16:41:41Z,6.37,79.11
2026-09-14T16:42:41Z,6.36,78.91
2026-09-14T16:43:41Z,6.35,78.76
2026-09-14T16:44:41Z,6.35,78.86
2026-09-14T16:45:41Z,6.36,79.03
2026-09-14T16:46:41Z,6.36,79
2026-09-14T16:47:41Z,6.37,79.07
2026-09-14T16:48:41Z,6.36,78.95
2026-09-14T16:49:41Z,,79.09
2026-09-14T16:50:41Z,6.36,78.99
2026-09-14T16:51:41Z,6.36,78.88
2026-09-14T16:52:41Z,6.35,78.87
2026-09-14T16:53:41Z,6.35,78.82
2026-09-14T16:54:41Z,6.35,78.86
2026-09-14T16:55:41Z,6.35,78.73
2026-09-14T16:58:41Z,6.37,79.15
2026-09-14T16:59:41Z,6.35,78.85
2026-09-14T17:00:41Z,6.36,78.98
2026-09-14T17:01:41Z,6.36,78.99
2026-09-14T17:02:41Z,6.36,78.99
2026-09-14T17:04:41Z,6.36,78.95
2026-09-14T17:05:41Z,6.36,79.01
2026-09-14T17:06:41Z,6.35,78.83
2026-09-14T17:07:41Z,6.34,78.62
2026-09-14T17:08:41Z,6.34,78.71
2026-09-14T17:10:41Z,6.35,
2026-09-14T17:11:41Z,6.34,78.61
2026-09-14T17:12:41Z,6.33,78.5
2026-09-14T17:13:41Z,6.33,78.44
2026-09-14T17:14:41Z,6.33,78.43
2026-09-14T17:16:41Z,6.98,78.38
2026-09-14T17:17:41Z,6.98,78.43
2026-09-14T17:18:41Z,7.11,78.4
2026-09-14T17:19:41Z,7.1,78.28
2026-09-14T17:20:41Z,6.33,78.41
2026-09-14T17:22:41Z,6.33,78.47
2026-09-14T17:23:41Z,6.33,78.53
2026-09-14T17:24:41Z,6.33,78.48
2026-09-14T17:25:41Z,6.33,78.5
2026-09-14T17:26:41Z,6.34,78.58
2026-09-14T17:28:41Z,6.33,78.45
2026-09-14T17:29:41Z,6.33,78.49
2026-09-14T17:30:41Z,6.32,78.37
2026-09-14T17:31:41Z,6.31,78.19
2026-09-14T17:32:41Z,6.33,78.39
2026-09-14T17:33:41Z,6.32,78.35
2026-09-14T17:34:41Z,6.31,78.2
2026-09-14T17:35:41Z,6.32,78.22
2026-09-14T17:36:41Z,6.31,78.14
2026-09-14T17:37:41Z,6.31,78.18
2026-09-14T17:38:41Z,6.31,78.2
2026-09-14T17:39:41Z,,78.11
2026-09-14T17:40:41Z,6.32,78.21
2026-09-14T17:41:41Z,6.31,78.16
2026-09-14T17:42:41Z,6.31,78.18
2026-09-14T17:43:41Z,6.31,78.12
2026-09-14T17:44:41Z,6.3,78.02
2026-09-14T17:45:41Z,6.3,77.99
2026-09-14T17:46:41Z,6.31,78.08
2026-09-14T17:47:41Z,6.3,78.03
2026-09-14T17:48:41Z,6.31,78.1
2026-09-14T17:49:41Z,6.32,78.27
2026-09-14T17:50:41Z,6.32,78.25
2026-09-14T17:51:41Z,6.32,78.3
2026-09-14T17:52:41Z,6.31,78.18
2026-09-14T17:53:41Z,6.32,78.23
2026-09-14T17:54:41Z,6.32,78.3
2026-09-14T17:55:41Z,6.33,78.45
2026-09-14T17:56:41Z,6.33,78.41
2026-09-14T17:57:41Z,6.32,78.34
2026-09-14T17:58:41Z,6.33,78.45
2026-09-14T17:59:41Z,6.34,78.61
2026-09-14T18:00:41Z,6.34,78.66
2026-09-14T18:01:41Z,6.34,
2026-09-14T18:02:41Z,,78.8
2026-09-14T18:03:41Z,6.35,78.82
2026-09-14T18:04:41Z,6.35,78.79
2026-09-14T18:05:41Z,6.35,78.77
2026-09-14T18:06:41Z,6.35,78.8
2026-09-14T18:07:41Z,6.34,
2026-09-14T18:08:41Z,,78.7
2026-09-14T18:09:41Z,6.33,78.4
2026-09-14T18:10:41Z,6.32,78.3
2026-09-14T18:11:41Z,6.31,78.2
2026-09-14T18:12:41Z,6.31,78.2
2026-09-14T18:13:41Z,6.31,
2026-09-14T18:14:41Z,6.3,77.98
2026-09-14T18:15:41Z,6.31,78.17
2026-09-14T18:16:41Z,6.32,78.27
2026-09-14T18:17:41Z,6.32,78.33
2026-09-14T18:18:41Z,,78.49
2026-09-14T18:19:41Z,6.33,78.5
2026-09-14T18:20:41Z,6.32,78.25
2026-09-14T18:21:41Z,6.3,77.92
2026-09-14T18:22:41Z,6.3,78.03
2026-09-14T18:23:41Z,6.31,
2026-09-14T18:24:41Z,6.32,78.29
2026-09-14T18:25:41Z,6.32,78.35
2026-09-14T18:26:41Z,6.31,78.09
2026-09-14T18:27:41Z,6.29,77.83
2026-09-14T18:28:41Z,6.3,
2026-09-14T18:29:41Z,,78.08
2026-09-14T18:30:41Z,6.3,77.98
2026-09-14T18:31:41Z,6.3,78
2026-09-14T18:32:41Z,6.3,78.01
2026-09-14T18:33:41Z,6.31,78.09
2026-09-14T18:34:41Z,6.32,78.28
2026-09-14T18:35:41Z,6.31,78.2
2026-09-14T18:36:41Z,6.31,78.13
2026-09-14T18:37:41Z,6.31,78.17
2026-09-14T18:38:41Z,6.32,78.29
2026-09-14T18:39:41Z,6.32,78.32
2026-09-14T18:40:41Z,6.31,78.2
2026-09-14T18:41:41Z,6.32,78.24
2026-09-14T18:42:41Z,6.32,78.28
2026-09-14T18:43:41Z,6.33,78.41
2026-09-14T18:44:41Z,6.32,78.21
2026-09-14T18:45:41Z,,78.22
2026-09-14T18:46:41Z,6.33,78.39
2026-09-14T18:47:41Z,6.33,78.45
2026-09-14T18:48:41Z,6.33,78.51
2026-09-14T18:49:41Z,6.33,78.49
2026-09-14T18:50:41Z,6.32,78.35
2026-09-14T18:51:41Z,,78.28
2026-09-14T18:52:41Z,6.33,78.39
2026-09-14T18:53:41Z,6.32,78.34
2026-09-14T18:54:41Z,7.1,78.31
2026-09-14T18:55:41Z,6.33,78.4
2026-09-14T18:56:41Z,6.33,78.45
2026-09-14T18:57:41Z,,78.57
2026-09-14T18:58:41Z,6.34,78.62
2026-09-14T18:59:41Z,6.34,78.61
2026-09-14T19:00:41Z,6.33,78.41
2026-09-14T19:01:41Z,6.33,
2026-09-14T19:02:41Z,,78.56
2026-09-14T19:03:41Z,6.34,78.67
2026-09-14T19:04:41Z,6.34,78.57
2026-09-14T19:05:41Z,7.12,78.56
2026-09-14T19:06:41Z,6.33,78.53
2026-09-14T19:07:41Z,6.34,
2026-09-14T19:09:41Z,,78.52
2026-09-14T19:10:41Z,6.33,78.46
2026-09-14T19:11:41Z,6.33,78.47
2026-09-14T19:12:41Z,6.33,78.54
2026-09-14T19:13:41Z,6.34,78.61
2026-09-14T19:14:41Z,6.33,78.46
2026-09-14T19:15:41Z,,78.37
2026-09-14T19:16:41Z,6.32,78.33
2026-09-14T19:17:41Z,6.32,78.35
2026-09-14T19:18:41Z,6.32,78.34
2026-09-14T19:19:41Z,6.33,78.38
2026-09-14T19:20:41Z,6.3,77.89
2026-09-14T19:21:41Z,6.3,77.94
2026-09-14T19:22:41Z,6.31,78.14
2026-09-14T19:23:41Z,6.3,78.01
2026-09-14T19:24:41Z,6.3,77.96
2026-09-14T19:25:41Z,6.3,
2026-09-14T19:26:41Z,,78.05
2026-09-14T19:27:41Z,6.31,78.07
2026-09-14T19:28:41Z,6.31,78.1
2026-09-14T19:29:41Z,6.3,77.96
2026-09-14T19:30:41Z,6.3,77.92
2026-09-14T19:31:41Z,6.3,
2026-09-14T19:32:41Z,,78.03
2026-09-14T19:33:41Z,,77.98
2026-09-14T19:34:41Z,6.31,78.09
2026-09-14T19:35:41Z,6.3,77.92
2026-09-14T19:36:41Z,6.3,77.93
2026-09-14T19:37:41Z,6.29,
2026-09-14T19:38:41Z,,77.95
2026-09-14T19:39:41Z,6.3,77.93
2026-09-14T19:40:41Z,6.3,77.9
2026-09-14T19:41:41Z,6.3,77.91
2026-09-14T19:42:41Z,7.06,77.69
2026-09-14T19:43:41Z,7.07,
2026-09-14T19:44:41Z,,77.78
2026-09-14T19:45:41Z,7.06,77.68
2026-09-14T19:46:41Z,6.28,77.68
2026-09-14T19:47:41Z,6.29,77.79
2026-09-14T19:48:41Z,6.28,
2026-09-14T19:49:41Z,6.27,77.5
2026-09-14T19:50:41Z,,77.56
2026-09-14T19:51:41Z,6.27,77.44
2026-09-14T19:52:41Z,7.06,77.58
2026-09-14T19:53:41Z,6.28,77.65
2026-09-14T19:54:41Z,6.28,77.63
2026-09-14T19:55:41Z,6.28,77.57
2026-09-14T19:56:41Z,,77.64
2026-09-14T19:57:41Z,6.28,77.55
2026-09-14T19:58:41Z,6.28,77.61
2026-09-14T19:59:41Z,6.28,77.69
2026-09-14T20:00:41Z,6.28,
2026-09-14T20:01:41Z,6.28,77.67
2026-09-14T20:02:41Z,,77.57
2026-09-14T20:03:41Z,6.27,77.44
2026-09-14T20:04:41Z,7.05,77.49
2026-09-14T20:05:41Z,6.28,77.54
2026-09-14T20:06:41Z,6.28,
2026-09-14T20:07:41Z,6.28,77.56
2026-09-14T20:08:41Z,6.28,77.6
2026-09-14T20:09:41Z,6.29,77.73
2026-09-14T20:10:41Z,6.29,77.86
2026-09-14T20:11:41Z,6.29,77.86
2026-09-14T20:12:41Z,7.08,77.95
2026-09-14T20:13:41Z,6.31,78.04
2026-09-14T20:14:41Z,6.3,77.94
2026-09-14T20:15:41Z,6.3,77.89
2026-09-14T20:16:41Z,6.29,77.81
2026-09-14T20:17:41Z,6.29,77.77
2026-09-14T20:18:41Z,6.29,
2026-09-14T20:19:41Z,6.29,77.86
2026-09-14T20:20:41Z,6.29,77.86
2026-09-14T20:21:41Z,6.31,78.12
2026-09-14T20:22:41Z,6.3,77.99
2026-09-14T20:23:41Z,,77.79
2026-09-14T20:24:41Z,6.29,
2026-09-14T20:25:41Z,7.07,77.86
2026-09-14T20:26:41Z,7.08,77.96
2026-09-14T20:27:41Z,7.08,77.92
2026-09-14T20:28:41Z,6.3,77.88
2026-09-14T20:29:41Z,,77.84
2026-09-14T20:30:41Z,6.29,77.85
2026-09-14T20:31:41Z,6.3,78.02
2026-09-14T20:32:41Z,6.31,78.07
2026-09-14T20:33:41Z,6.31,78.05
2026-09-14T20:34:41Z,6.31,78.16
2026-09-14T20:36:41Z,7.1,78.22
2026-09-14T20:37:41Z,7.1,78.32
2026-09-14T20:38:41Z,7.11,78.44
2026-09-14T20:39:41Z,6.32,78.36
2026-09-14T20:40:41Z,,78.52
2026-09-14T20:41:41Z,6.33,
2026-09-14T20:42:41Z,6.33,78.47
2026-09-14T20:43:41Z,6.34,78.57
2026-09-14T20:44:41Z,6.34,78.63
2026-09-14T20:45:41Z,6.34,78.67
2026-09-14T20:46:41Z,6.34,
2026-09-14T20:47:41Z,6.34,78.59
2026-09-14T20:48:41Z,6.34,78.63
2026-09-14T20:49:41Z,6.35,78.73
2026-09-14T20:50:41Z,6.35,78.8
2026-09-14T20:51:41Z,,78.81
2026-09-14T20:52:41Z,6.36,78.91
2026-09-14T20:53:41Z,6.36,79.01
2026-09-14T20:54:41Z,6.36,79.03
2026-09-14T20:55:41Z,7.15,79.12
2026-09-14T20:56:41Z,,79.15
2026-09-14T20:58:41Z,6.38,
2026-09-14T20:59:41Z,6.38,79.28
2026-09-14T21:00:41Z,6.38,79.3
2026-09-14T21:01:41Z,6.38,79.29
2026-09-14T21:02:41Z,,79.4
2026-09-14T21:03:41Z,6.39,
2026-09-14T21:04:41Z,6.39,79.5
2026-09-14T21:05:41Z,6.39,79.51
2026-09-14T21:06:41Z,6.39,79.43
2026-09-14T21:07:41Z,6.39,79.39
2026-09-14T21:08:41Z,,79.41
2026-09-14T21:09:41Z,6.39,
2026-09-14T21:10:41Z,6.39,79.4
2026-09-14T21:11:41Z,6.38,79.37
2026-09-14T21:12:41Z,6.39,79.49
2026-09-14T21:13:41Z,6.39,79.5
2026-09-14T21:14:41Z,,79.56
2026-09-14T21:15:41Z,6.39,
2026-09-14T21:16:41Z,7.18,79.69
2026-09-14T21:17:41Z,6.39,79.54
2026-09-14T21:18:41Z,6.39,79.52
2026-09-14T21:19:41Z,7.17,79.46
2026-09-14T21:20:41Z,,79.5
2026-09-14T21:21:41Z,6.39,
2026-09-14T21:22:41Z,6.39,79.46
2026-09-14T21:23:41Z,7.17,79.53
2026-09-14T21:24:41Z,6.4,79.6
2026-09-14T21:25:41Z,6.4,79.61
2026-09-14T21:26:41Z,,79.67
2026-09-14T21:27:41Z,6.41,
2026-09-14T21:28:41Z,7.19,79.79
2026-09-14T21:29:41Z,7.19,79.89
2026-09-14T21:30:41Z,7.2,79.97
2026-09-14T21:31:41Z,6.42,79.96
2026-09-14T21:32:41Z,6.42,
2026-09-14T21:33:41Z,6.42,80.02
2026-09-14T21:34:41Z,6.42,80.05
2026-09-14T21:35:41Z,7.08,80.13
2026-09-14T21:36:41Z,7.08,80.13
2026-09-14T21:37:41Z,,80.15
2026-09-14T21:38:41Z,6.43,80.12
2026-09-14T21:39:41Z,6.44,80.37
2026-09-14T21:40:41Z,6.45,80.49
2026-09-14T21:41:41Z,7.14,81.14
2026-09-14T21:42:41Z,,81.69
2026-09-14T21:43:41Z,7.19,
2026-09-14T21:44:41Z,7.2,82.24
2026-09-14T21:45:41Z,6.57,82.44
2026-09-14T21:46:41Z,7.23,82.71
2026-09-14T21:47:41Z,6.61,83.19
2026-09-14T21:48:41Z,,83.3
2026-09-14T21:49:41Z,7.27,
2026-09-14T21:50:41Z,6.61,83.12
2026-09-14T21:51:41Z,6.6,83.08
2026-09-14T21:52:41Z,6.6,83.08
2026-09-14T21:53:41Z,6.6,83
2026-09-14T21:54:41Z,6.59,82.86
2026-09-14T21:55:41Z,7.24,82.83
2026-09-14T21:56:41Z,7.24,82.76
2026-09-14T21:57:41Z,7.21,82.39
2026-09-14T21:58:41Z,6.56,82.37
2026-09-14T21:59:41Z,6.58,82.62
2026-09-14T22:00:41Z,,82.68
2026-09-14T22:02:41Z,6.58,
2026-09-14T22:03:41Z,6.58,82.73
2026-09-14T22:04:41Z,6.59,82.76
2026-09-14T22:05:41Z,7.24,82.89
2026-09-14T22:06:41Z,7.26,83.2
2026-09-14T22:07:41Z,,82.7
2026-09-14T22:08:41Z,7.1,
2026-09-14T22:09:41Z,7.1,82.6
2026-09-14T22:10:41Z,6.58,82.65
2026-09-14T22:11:41Z,6.58,82.58
2026-09-14T22:12:41Z,7.11,82.79
2026-09-14T22:13:41Z,6.58,82.7
2026-09-14T22:14:41Z,7.08,82.28
2026-09-14T22:15:41Z,6.57,82.51
2026-09-14T22:16:41Z,6.58,82.72
2026-09-14T22:17:41Z,6.57,82.44
2026-09-14T22:18:41Z,6.56,82.32
2026-09-14T22:19:41Z,7.08,
2026-09-14T22:20:41Z,7.08,82.36
2026-09-14T22:21:41Z,7.09,82.49
2026-09-14T22:22:41Z,6.57,82.43
2026-09-14T22:23:41Z,,82.6
2026-09-14T22:24:41Z,6.57,82.47
2026-09-14T22:25:41Z,6.56,
2026-09-14T22:26:41Z,7.08,82.27
2026-09-14T22:27:41Z,7.08,82.34
2026-09-14T22:28:41Z,7.07,82.18
2026-09-14T22:29:41Z,7.08,82.28
2026-09-14T22:30:41Z,6.56,82.41
2026-09-14T22:31:41Z,6.55,82.2
2026-09-14T22:32:41Z,6.55,82.08
2026-09-14T22:33:41Z,6.55,82.18
2026-09-14T22:34:41Z,6.53,81.85
2026-09-14T22:35:41Z,6.54,81.93
2026-09-14T22:36:41Z,6.54,82.01
2026-09-14T22:37:41Z,6.53,81.9
2026-09-14T22:38:41Z,7.04,81.62
2026-09-14T22:39:41Z,7.04,81.59
2026-09-14T22:40:41Z,6.52,81.67
2026-09-14T22:41:41Z,6.52,81.63
2026-09-14T22:42:41Z,6.52,81.62
2026-09-14T22:43:41Z,6.52,81.57
2026-09-14T22:44:41Z,6.5,81.3
2026-09-14T22:45:41Z,,81.47
2026-09-14T22:46:41Z,6.52,81.59
2026-09-14T22:47:41Z,6.51,
2026-09-14T22:48:41Z,7.03,81.41
2026-09-14T22:49:41Z,7.03,81.5
2026-09-14T22:50:41Z,6.53,81.74
2026-09-14T22:51:41Z,,81.75
2026-09-14T22:52:41Z,6.51,81.44
2026-09-14T22:53:41Z,7.03,
2026-09-14T22:54:41Z,7.03,81.46
2026-09-14T22:55:41Z,6.5,81.27
2026-09-14T22:56:41Z,6.5,81.26
2026-09-14T22:57:41Z,,81.27
2026-09-14T22:58:41Z,6.51,
2026-09-14T22:59:41Z,6.49,
2026-09-14T23:00:41Z,6.5,81.37
2026-09-14T23:01:41Z,6.49,81.2
2026-09-14T23:02:41Z,,81.11
2026-09-14T23:03:41Z,6.48,81.01
2026-09-14T23:04:41Z,6.47,80.89
2026-09-14T23:05:41Z,6.47,
2026-09-14T23:06:41Z,6.47,80.87
2026-09-14T23:07:41Z,6.46,80.64
2026-09-14T23:08:41Z,,80.42
2026-09-14T23:09:41Z,,80.59
2026-09-14T23:10:41Z,6.46,80.59
2026-09-14T23:11:41Z,6.45,
2026-09-14T23:12:41Z,6.95,80.14
2026-09-14T23:13:41Z,6.45,80.51
2026-09-14T23:14:41Z,6.43,80.16
2026-09-14T23:15:41Z,,79.98
2026-09-14T23:16:41Z,6.42,79.97
2026-09-14T23:17:41Z,6.42,
2026-09-14T23:18:41Z,6.44,80.32
2026-09-14T23:19:41Z,6.95,80.17
2026-09-14T23:20:41Z,6.95,80.06
2026-09-14T23:21:41Z,,80.38
2026-09-14T23:22:41Z,6.44,80.27
2026-09-14T23:23:41Z,6.43,
2026-09-14T23:24:41Z,6.46,80.61
2026-09-14T23:25:41Z,6.43,80.09
2026-09-14T23:26:41Z,6.4,79.63
2026-09-14T23:27:41Z,,79.65
2026-09-14T23:28:41Z,6.4,79.56
2026-09-14T23:29:41Z,6.4,
2026-09-14T23:30:41Z,6.94,
2026-09-14T23:31:41Z,6.42,80.01
2026-09-14T23:32:41Z,6.43,80.06
2026-09-14T23:33:41Z,,80.44
2026-09-14T23:34:41Z,6.45,80.42
2026-09-14T23:35:41Z,6.46,80.69
2026-09-14T23:36:41Z,6.49,
2026-09-14T23:37:41Z,6.51,81.52
2026-09-14T23:38:41Z,6.53,81.79
2026-09-14T23:39:41Z,,82.09
2026-09-14T23:40:41Z,6.59,82.79
2026-09-14T23:41:41Z,6.6,83.01
2026-09-14T23:42:41Z,6.64,83.75
2026-09-14T23:43:41Z,6.65,83.89
2026-09-14T23:44:41Z,7.14,83.38
2026-09-14T23:45:41Z,,83.77
2026-09-14T23:46:41Z,6.63,83.5
2026-09-14T23:47:41Z,7.15,
2026-09-14T23:48:41Z,6.66,84.01
2026-09-14T23:49:41Z,6.69,84.52
2026-09-14T23:50:41Z,6.69,84.56
2026-09-14T23:51:41Z,,84.86
2026-09-14T23:52:41Z,6.73,85.11
2026-09-14T23:53:41Z,6.7,
2026-09-14T23:54:41Z,6.71,84.85
2026-09-14T23:55:41Z,6.72,85.07
2026-09-14T23:56:41Z,6.71,84.89
2026-09-14T23:57:41Z,,85.04
2026-09-14T23:58:41Z,,84.69
2026-09-14T23:59:41Z,6.69,84.5
2026-09-15T00:00:41Z,6.69,
2026-09-15T00:01:41Z,6.69,
2026-09-15T00:02:41Z,6.71,84.78
2026-09-15T00:03:41Z,7.2,84.38
2026-09-15T00:04:41Z,,84.45
2026-09-15T00:05:41Z,6.66,84.03
2026-09-15T00:06:41Z,6.64,
2026-09-15T00:07:41Z,6.66,
2026-09-15T00:08:41Z,6.64,83.7
2026-09-15T00:09:41Z,6.64,83.59
2026-09-15T00:10:41Z,,83.09
2026-09-15T00:11:41Z,6.59,82.76
2026-09-15T00:12:41Z,6.59,82.86
2026-09-15T00:13:41Z,7.11,82.81
2026-09-15T00:14:41Z,7.07,82.24
2026-09-15T00:15:41Z,7.57,81.89
2026-09-15T00:16:41Z,,81.65
2026-09-15T00:17:41Z,6.5,81.32
2026-09-15T00:18:41Z,7,81.01
2026-09-15T00:19:41Z,6.47,80.79
2026-09-15T00:20:41Z,6.46,80.62
2026-09-15T00:22:41Z,6.45,80.51
2026-09-15T00:23:41Z,6.44,80.39
2026-09-15T00:24:41Z,6.42,80.05
2026-09-15T00:25:41Z,6.42,80.01
2026-09-15T00:26:41Z,6.41,79.82
2026-09-15T00:28:41Z,6.38,79.38
2026-09-15T00:29:41Z,6.38,79.25
2026-09-15T00:30:41Z,6.38,79.34
2026-09-15T00:31:41Z,6.38,79.3
2026-09-15T00:32:41Z,6.34,78.65
2026-09-15T00:34:41Z,6.33,78.4
2026-09-15T00:35:41Z,6.86,78.6
2026-09-15T00:36:41Z,6.32,78.3
2026-09-15T00:37:41Z,6.32,78.26
2026-09-15T00:39:41Z,6.81,77.77
2026-09-15T00:40:41Z,6.29,77.79
2026-09-15T00:41:41Z,6.29,77.87
2026-09-15T00:42:41Z,6.32,78.25
2026-09-15T00:43:41Z,6.34,78.57
2026-09-15T00:44:41Z,6.8,77.59
2026-09-15T00:45:41Z,7.31,77.46
2026-09-15T00:46:41Z,6.79,77.51
2026-09-15T00:47:41Z,6.8,77.67
2026-09-15T00:48:41Z,6.82,78.01
2026-09-15T00:49:41Z,6.8,77.59
2026-09-15T00:50:41Z,7.35,78.08
2026-09-15T00:51:41Z,6.85,78.41
2026-09-15T00:52:41Z,7.36,78.23
2026-09-15T00:53:41Z,7.35,78.07
2026-09-15T00:54:41Z,6.83,78.15
2026-09-15T00:56:41Z,6.3,77.98
2026-09-15T00:57:41Z,6.78,77.24
2026-09-15T00:58:41Z,7.3,77.33
2026-09-15T00:59:41Z,7.31,77.5
2026-09-15T01:00:41Z,6.8,77.64
2026-09-15T01:03:41Z,6.75,76.83
2026-09-15T01:04:41Z,6.24,76.99
2026-09-15T01:05:41Z,6.25,77.17
2026-09-15T01:06:41Z,6.25,77.14
2026-09-15T01:08:41Z,6.23,76.8
2026-09-15T01:09:41Z,6.22,76.66
2026-09-15T01:10:41Z,6.23,76.7
2026-09-15T01:11:41Z,6.2,76.22
2026-09-15T01:12:41Z,6.7,76.02
2026-09-15T01:14:41Z,6.74,76.55
2026-09-15T01:15:41Z,6.22,76.67
2026-09-15T01:16:41Z,6.21,76.41
2026-09-15T01:17:41Z,6.2,76.28
2026-09-15T01:18:41Z,6.22,76.54
2026-09-15T01:20:41Z,7.26,76.6
2026-09-15T01:21:41Z,6.21,76.5
2026-09-15T01:22:41Z,6.68,75.61
2026-09-15T01:23:41Z,7.19,75.51
2026-09-15T01:24:41Z,7.3,75.12
2026-09-15T01:26:41Z,6.64,75
2026-09-15T01:27:41Z,6.11,74.75
2026-09-15T01:28:41Z,6.58,73.88
2026-09-15T01:29:41Z,6.55,73.48
2026-09-15T01:30:41Z,6.56,73.52
2026-09-15T01:32:41Z,5.99,72.81
2026-09-15T01:33:41Z,7.16,72.77
2026-09-15T01:34:41Z,6.52,72.97
2026-09-15T01:35:41Z,6.52,72.87
2026-09-15T01:36:41Z,6.01,73.11
2026-09-15T01:37:41Z,5.99,72.79
2026-09-15T01:38:41Z,5.97,72.34
2026-09-15T01:39:41Z,7.13,72.22
2026-09-15T01:40:41Z,6.48,72.28
2026-09-15T01:41:41Z,6.49,72.39
2026-09-15T01:43:41Z,5.99,72.74
2026-09-15T01:44:41Z,5.99,72.81
2026-09-15T01:45:41Z,5.96,72.21
2026-09-15T01:46:41Z,7.13,72.16
2026-09-15T01:47:41Z,7.13,72.32
2026-09-15T03:00:41Z,7.58,75.44
2026-09-15T03:01:41Z,8.87,75.29
2026-09-15T03:04:41Z,7.47,75.76
2026-09-15T03:05:41Z,8.2,74.91
2026-09-15T03:06:41Z,8.21,75.04
2026-09-15T03:07:41Z,6.79,75.3
2026-09-15T03:08:41Z,7.47,
2026-09-15T03:11:41Z,6.82,75.77
2026-09-15T03:12:41Z,6.15,75.45
2026-09-15T03:13:41Z,6.83,75.99
2026-09-15T03:14:41Z,7.52,76.66
2026-09-15T03:15:41Z,8.2,77.06
2026-09-15T03:16:41Z,6.9,77.18
2026-09-15T03:18:41Z,6.9,77.13
2026-09-15T03:19:41Z,6.24,76.89
2026-09-15T03:20:41Z,7.54,76.88
2026-09-15T03:21:41Z,6.23,76.82
2026-09-15T03:22:41Z,,76.58
2026-09-15T03:24:41Z,7.42,74.86
2026-09-15T03:25:41Z,7.42,74.91
2026-09-15T03:26:41Z,7.38,74.27
2026-09-15T03:27:41Z,8.02,74.15
2026-09-15T03:28:41Z,,74.45
2026-09-15T03:31:41Z,7.42,74.9
2026-09-15T03:32:41Z,7.44,75.24
2026-09-15T03:33:41Z,6.79,75.33
2026-09-15T03:34:41Z,6.8,75.44
2026-09-15T03:35:41Z,,75.77
2026-09-15T03:36:41Z,7.47,
2026-09-15T03:37:41Z,7.5,76.31
2026-09-15T03:38:41Z,6.87,76.57
2026-09-15T03:39:41Z,6.22,76.53
2026-09-15T03:40:41Z,6.88,76.83
2026-09-15T03:41:41Z,,76.88
2026-09-15T03:42:41Z,8.19,
2026-09-15T03:43:41Z,7.53,76.79
2026-09-15T03:44:41Z,6.87,76.67
2026-09-15T03:45:41Z,6.91,77.24
2026-09-15T03:46:41Z,6.92,77.38
2026-09-15T03:47:41Z,,77.51
2026-09-15T03:48:41Z,7.57,
2026-09-15T03:49:41Z,6.26,77.26
2026-09-15T03:50:41Z,6.92,77.46
2026-09-15T03:51:41Z,6.27,77.53
2026-09-15T03:52:41Z,6.26,77.32
2026-09-15T03:53:41Z,,77.18
2026-09-15T03:54:41Z,7.55,
2026-09-15T03:55:41Z,7.42,
2026-09-15T03:56:41Z,7.4,76.77
2026-09-15T03:57:41Z,7.41,76.89
2026-09-15T03:58:41Z,6.78,77.29
2026-09-15T03:59:41Z,6.79,77.5
2026-09-15T04:00:41Z,,77.59
2026-09-15T04:03:41Z,8.11,77.78
2026-09-15T04:04:41Z,7.45,77.63
2026-09-15T04:05:41Z,7.45,77.7
2026-09-15T04:06:41Z,6.81,77.86
2026-09-15T04:07:41Z,7.46,77.83
2026-09-15T04:10:41Z,7.48,78.11
2026-09-15T04:11:41Z,7.46,77.85
2026-09-15T04:12:41Z,8.09,77.39
2026-09-15T04:13:41Z,6.77,77.13
2026-09-15T04:14:41Z,6.76,76.89
2026-09-15T04:17:41Z,6.77,77.19
2026-09-15T04:18:41Z,6.77,77.14
2026-09-15T04:19:41Z,6.76,77.03
2026-09-15T04:20:41Z,6.7,75.96
2026-09-15T04:21:41Z,6.7,75.87
2026-09-15T04:23:41Z,7.36,76.12
2026-09-15T04:24:41Z,6.7,75.92
2026-09-15T04:25:41Z,6.68,75.67
2026-09-15T04:26:41Z,6.63,74.68
2026-09-15T04:27:41Z,6.08,74.33
2026-09-15T04:30:41Z,6.63,74.71
2026-09-15T04:31:41Z,7.28,74.73
2026-09-15T04:32:41Z,7.28,74.7
2026-09-15T04:33:41Z,7.92,74.62
2026-09-15T04:34:41Z,7.94,74.96
2026-09-15T04:35:41Z,6.65,
2026-09-15T04:37:41Z,,75.03
2026-09-15T04:38:41Z,6.62,74.65
2026-09-15T04:39:41Z,6.64,74.9
2026-09-15T04:40:41Z,6.61,74.44
2026-09-15T04:41:41Z,7.25,74.34
2026-09-15T04:44:41Z,6.57,73.78
2026-09-15T04:45:41Z,7.22,73.82
2026-09-15T04:46:41Z,6.56,73.64
2026-09-15T04:47:41Z,6.04,73.65
2026-09-15T04:48:41Z,7.83,73.05
2026-09-15T04:51:41Z,6.02,73.28
2026-09-15T04:52:41Z,6.03,73.48
2026-09-15T04:53:41Z,6.55,73.45
2026-09-15T04:54:41Z,8.48,73.08
2026-09-15T04:55:41Z,7.2,
2026-09-15T04:58:41Z,6.66,73.02
2026-09-15T04:59:41Z,6,72.91
2026-09-15T05:00:41Z,6,72.88
2026-09-15T05:01:41Z,6.62,72.46
2026-09-15T05:02:41Z,7.94,
2026-09-15T05:05:41Z,6.67,73.3
2026-09-15T05:06:41Z,7.28,72.59
2026-09-15T05:07:41Z,7.93,72.59
2026-09-15T05:08:41Z,6.65,72.89
2026-09-15T05:09:41Z,6.63,72.62
2026-09-15T05:10:41Z,7.92,
2026-09-15T05:12:41Z,6.59,71.97
2026-09-15T05:13:41Z,7.25,72.08
2026-09-15T05:14:41Z,6.59,71.87
2026-09-15T05:15:41Z,7.25,72.13
2026-09-15T05:16:41Z,7.25,72.04
2026-09-15T05:20:41Z,7.84,71.15
2026-09-15T05:21:41Z,7.19,71.15
2026-09-15T05:22:41Z,6.54,71.01
2026-09-15T05:23:41Z,5.89,71.06
2026-09-15T05:24:41Z,6.55,71.24
2026-09-15T05:28:41Z,6.55,71.27
2026-09-15T05:29:41Z,5.9,71.18
2026-09-15T05:30:41Z,7.2,71.27
2026-09-15T05:31:41Z,5.9,71.16
2026-09-15T05:32:41Z,6.53,70.89
2026-09-15T05:34:41Z,7.94,70.59
2026-09-15T05:35:41Z,7.94,70.64
2026-09-15T05:36:41Z,7.94,70.63
2026-09-15T05:37:41Z,7.17,70.78
2026-09-15T05:38:41Z,6.54,71.08
2026-09-15T05:40:41Z,6.55,71.18
2026-09-15T05:41:41Z,7.97,71.09
2026-09-15T05:42:41Z,6.57,71.58
2026-09-15T05:43:41Z,6.56,71.43
2026-09-15T05:44:41Z,5.91,71.44
2026-09-15T05:47:41Z,8.66,71.81
2026-09-15T05:48:41Z,8.64,71.34
2026-09-15T05:49:41Z,7.99,71.48
2026-09-15T05:50:41Z,7.23,71.68
2026-09-15T05:51:41Z,6.57,71.59
2026-09-15T05:53:41Z,5.91,
2026-09-15T05:54:41Z,6.55,71.24
2026-09-15T05:55:41Z,6.55,71.21
2026-09-15T05:56:41Z,7.18,70.93
2026-09-15T05:57:41Z,5.88,70.84
2026-09-15T06:02:41Z,7.96,70.82
2026-09-15T06:03:41Z,8.75,71.06
2026-09-15T06:04:41Z,10.17,70.98
2026-09-15T06:05:41Z,7.33,71.23
2026-09-15T06:06:41Z,7.31,70.93
2026-09-15T06:09:41Z,6.51,70.63
2026-09-15T06:10:41Z,6.51,70.55
2026-09-15T06:11:41Z,6.51,70.64
2026-09-15T06:12:41Z,7.94,70.52
2026-09-15T06:13:41Z,6.52,70.76
2026-09-15T06:17:41Z,7.3,70.8
2026-09-15T06:18:41Z,8.7,70.2
2026-09-15T06:19:41Z,7.93,70.35
2026-09-15T06:20:41Z,7.29,70.53
2026-09-15T06:21:41Z,7.27,70.27
2026-09-15T06:24:41Z,7.92,70.24
2026-09-15T06:25:41Z,7.28,70.47
2026-09-15T06:26:41Z,6.5,70.47
2026-09-15T06:27:41Z,5.83,70.02
2026-09-15T06:28:41Z,7.27,70.23
2026-09-15T06:29:41Z,6.48,70.11
2026-09-15T06:33:41Z,6.49,70.14
2026-09-15T06:34:41Z,6.51,70.54
2026-09-15T06:35:41Z,8.72,70.5
2026-09-15T06:36:41Z,7.92,70.15
2026-09-15T06:37:41Z,7.28,70.4
2026-09-15T06:40:41Z,6.49,70.15
2026-09-15T06:41:41Z,6.48,70.01
2026-09-15T06:42:41Z,6.5,70.35
2026-09-15T06:43:41Z,5.83,70.08
2026-09-15T06:44:41Z,7.9,69.91
2026-09-15T06:47:41Z,7.25,69.93
2026-09-15T06:48:41Z,7.26,70.04
2026-09-15T06:49:41Z,7.23,69.6
2026-09-15T06:50:41Z,6.46,69.78
2026-09-15T06:51:41Z,8.68,69.97
2026-09-15T06:54:41Z,7.88,69.63
2026-09-15T06:55:41Z,6.48,70.07
2026-09-15T06:56:41Z,5.83,70
2026-09-15T06:57:41Z,5.81,69.79
2026-09-15T06:58:41Z,6.45,69.47
2026-09-15T07:02:41Z,6.42,69.04
2026-09-15T07:03:41Z,6.41,68.92
2026-09-15T07:04:41Z,6.41,68.87
2026-09-15T07:05:41Z,7.78,67.85
2026-09-15T07:06:41Z,7.77,67.69
2026-09-15T07:09:41Z,8.65,67.24
2026-09-15T07:10:41Z,7.08,67.04
2026-09-15T07:11:41Z,5.65,67.06
2026-09-15T07:12:41Z,7.85,66.8
2026-09-15T07:13:41Z,7.03,66.26
2026-09-15T07:16:41Z,5.6,66.18
2026-09-15T07:17:41Z,5.6,66.19
2026-09-15T07:18:41Z,5.59,66.1
2026-09-15T07:19:41Z,6.22,65.6
2026-09-15T07:20:41Z,7.02,65.96
2026-09-15T07:23:41Z,7.07,66.9
2026-09-15T07:24:41Z,6.28,66.64
2026-09-15T07:25:41Z,7.08,67.04
2026-09-15T07:26:41Z,7.83,66.58
2026-09-15T07:27:41Z,6.28,66.66
2026-09-15T09:01:41Z,6.57,
2026-09-15T09:02:41Z,7.34,69.19
2026-09-15T09:03:41Z,8.13,69.42
2026-09-15T09:04:41Z,9.68,69.26
2026-09-15T09:05:41Z,8.93,69.69
2026-09-15T09:06:41Z,,69.39
2026-09-15T09:08:41Z,8.94,
2026-09-15T09:09:41Z,6.61,70.06
2026-09-15T09:10:41Z,5.82,69.94
2026-09-15T09:11:41Z,8.16,69.83
2026-09-15T09:12:41Z,8.17,70
2026-09-15T09:13:41Z,,69.72
2026-09-15T09:15:41Z,9.7,
2026-09-15T09:16:41Z,9.71,69.75
2026-09-15T09:17:41Z,9.73,70.11
2026-09-15T09:18:41Z,7.41,70.35
2026-09-15T09:19:41Z,6.63,70.4
2026-09-15T09:20:41Z,,70.52
2026-09-15T09:22:41Z,8.22,70.95
2026-09-15T09:23:41Z,6.54,71.02
2026-09-15T09:24:41Z,9.6,70.12
2026-09-15T09:25:41Z,9.58,69.67
2026-09-15T09:26:41Z,8.07,70.53
2026-09-15T09:28:41Z,6.55,
2026-09-15T09:29:41Z,7.35,71.52
2026-09-15T09:30:41Z,7.37,71.94
2026-09-15T09:31:41Z,7.38,72.11
2026-09-15T09:32:41Z,7.39,72.28
2026-09-15T09:33:41Z,,72.52
2026-09-15T09:35:41Z,8.18,
2026-09-15T09:36:41Z,7.41,
2026-09-15T09:37:41Z,6.63,72.63
2026-09-15T09:38:41Z,9.76,72.68
2026-09-15T09:39:41Z,10.41,72.79
2026-09-15T09:40:41Z,8.21,72.97
2026-09-15T09:41:41Z,,72.96
2026-09-15T09:42:41Z,7.43,
2026-09-15T09:43:41Z,6.64,
2026-09-15T09:44:41Z,9,73.05
2026-09-15T09:45:41Z,7.44,73.06
2026-09-15T09:46:41Z,7.44,73.1
2026-09-15T09:47:41Z,,73.33
2026-09-15T09:49:41Z,8.89,
2026-09-15T09:50:41Z,9.55,73.66
2026-09-15T09:51:41Z,7.49,73.97
2026-09-15T09:52:41Z,11.13,73.89
2026-09-15T09:53:41Z,11.78,73.96
2026-09-15T09:54:41Z,,74.07
2026-09-15T09:55:41Z,6.72,
2026-09-15T09:56:41Z,6.73,
2026-09-15T09:57:41Z,7.5,74.12
2026-09-15T09:58:41Z,7.49,73.97
2026-09-15T09:59:41Z,6.71,73.96
2026-09-15T10:00:41Z,7.63,74.03
2026-09-15T10:01:41Z,8.4,73.96
2026-09-15T10:04:41Z,7.61,73.82
2026-09-15T10:05:41Z,6.84,73.86
2026-09-15T10:06:41Z,6.05,73.79
2026-09-15T10:07:41Z,7.6,73.62
2026-09-15T10:08:41Z,9.16,73.68
2026-09-15T10:09:41Z,8.38,73.64
2026-09-15T10:12:41Z,6.81,73.44
2026-09-15T10:13:41Z,6.81,73.44
2026-09-15T10:14:41Z,6.82,73.6
2026-09-15T10:15:41Z,8.38,73.57
2026-09-15T10:16:41Z,6.81,
2026-09-15T10:19:41Z,7.58,73.3
2026-09-15T10:20:41Z,7.58,73.19
2026-09-15T10:21:41Z,7.58,73.29
2026-09-15T10:22:41Z,7.58,73.23
2026-09-15T10:23:41Z,6.8,
2026-09-15T10:24:41Z,7.59,
2026-09-15T10:25:41Z,,73.6
2026-09-15T10:26:41Z,6.03,73.39
2026-09-15T10:27:41Z,6.81,73.42
2026-09-15T10:28:41Z,7.57,73.1
2026-09-15T10:29:41Z,10.18,73.27
2026-09-15T10:30:41Z,9.28,73.36
2026-09-15T10:31:41Z,9.27,
2026-09-15T10:33:41Z,,73.46
2026-09-15T10:34:41Z,8.5,73.49
2026-09-15T10:35:41Z,6.82,73.56
2026-09-15T10:36:41Z,7.6,73.65
2026-09-15T10:37:41Z,8.5,73.4
2026-09-15T10:38:41Z,6.8,
2026-09-15T10:41:41Z,,73.25
2026-09-15T10:42:41Z,8.5,73.46
2026-09-15T10:43:41Z,8.51,73.53
2026-09-15T10:44:41Z,10.19,73.42
2026-09-15T10:45:41Z,7.59,73.45
2026-09-15T10:46:41Z,6.82,
2026-09-15T10:48:41Z,9.27,73.31
2026-09-15T10:49:41Z,9.28,73.37
2026-09-15T10:50:41Z,8.51,73.66
2026-09-15T10:51:41Z,9.43,73.75
2026-09-15T10:52:41Z,7.61,73.81
2026-09-15T10:54:41Z,10.35,73.99
2026-09-15T10:55:41Z,11.14,74.06
2026-09-15T10:56:41Z,7.75,73.98
2026-09-15T10:57:41Z,9.45,74.14
2026-09-15T10:58:41Z,8.54,74.02
2026-09-15T11:01:41Z,8.54,74.11
2026-09-15T11:02:41Z,7.76,74.11
2026-09-15T11:03:41Z,9.45,74.12
2026-09-15T11:04:41Z,7.76,74.13
2026-09-15T11:05:41Z,7.77,74.27
2026-09-15T11:06:41Z,8.54,74.03
2026-09-15T11:09:41Z,9.45,74.03
2026-09-15T11:10:41Z,9.44,74.01
2026-09-15T11:11:41Z,8.54,74.1
2026-09-15T11:12:41Z,7.77,74.23
2026-09-15T11:13:41Z,11.15,
2026-09-15T11:15:41Z,7.78,74.37
2026-09-15T11:16:41Z,7.78,74.4
2026-09-15T11:17:41Z,7.77,74.22
2026-09-15T11:18:41Z,7.77,74.24
2026-09-15T11:19:41Z,6.86,74.26
2026-09-15T11:22:41Z,,74.43
2026-09-15T11:23:41Z,7.76,74.11
2026-09-15T11:24:41Z,7.76,74.17
2026-09-15T11:25:41Z,8.55,74.28
2026-09-15T11:26:41Z,7.77,74.32
2026-09-15T11:27:41Z,8.56,
2026-09-15T11:30:41Z,8.55,74.35
2026-09-15T11:31:41Z,9.49,74.73
2026-09-15T11:32:41Z,8.56,74.48
2026-09-15T11:33:41Z,7.78,74.44
2026-09-15T11:34:41Z,7.79,
2026-09-15T11:36:41Z,,74.52
2026-09-15T11:37:41Z,7.8,74.72
2026-09-15T11:38:41Z,7.66,74.65
2026-09-15T11:39:41Z,7.66,74.66
2026-09-15T11:40:41Z,7.66,74.61
2026-09-15T11:41:41Z,7.67,
2026-09-15T11:43:41Z,,74.82
2026-09-15T11:44:41Z,7.67,74.72
2026-09-15T11:45:41Z,8.57,74.65
2026-09-15T11:46:41Z,7.66,74.67
2026-09-15T11:47:41Z,8.57,74.61
2026-09-15T11:48:41Z,7.66,
2026-09-15T11:49:41Z,7.66,
2026-09-15T11:50:41Z,,74.48
2026-09-15T11:51:41Z,,74.53
2026-09-15T11:52:41Z,9.48,74.65
2026-09-15T11:53:41Z,9.49,74.7
2026-09-15T11:54:41Z,8.57,74.59
2026-09-15T11:55:41Z,8.57,74.68
2026-09-15T11:56:41Z,7.67,
2026-09-15T11:58:41Z,,74.92
2026-09-15T11:59:41Z,,74.9
2026-09-15T12:00:41Z,6.91,75.05
2026-09-15T12:01:41Z,7.68,74.98
2026-09-15T12:02:41Z,7.68,75
2026-09-15T12:03:41Z,6.91,
2026-09-15T12:04:41Z,7.68,
2026-09-15T12:05:41Z,6.9,
2026-09-15T12:06:41Z,,75.05
2026-09-15T12:07:41Z,,75.11
2026-09-15T12:08:41Z,8.6,75.07
2026-09-15T12:09:41Z,6.9,74.91
2026-09-15T12:10:41Z,6.88,74.61
2026-09-15T12:11:41Z,6.89,
2026-09-15T12:12:41Z,6.9,
2026-09-15T12:14:41Z,,74.84
2026-09-15T12:15:41Z,6.9,75.01
2026-09-15T12:16:41Z,7.68,74.94
2026-09-15T12:17:41Z,7.69,75.04
2026-09-15T12:18:41Z,6.91,75.05
2026-09-15T12:19:41Z,6.91,
2026-09-15T12:20:41Z,6.91,
2026-09-15T12:21:41Z,,75.18
2026-09-15T12:22:41Z,,75.35
2026-09-15T12:23:41Z,11.09,75.38
2026-09-15T12:24:41Z,11.09,75.43
2026-09-15T12:25:41Z,7.72,75.57
2026-09-15T12:26:41Z,7.71,
2026-09-15T12:27:41Z,7.71,
2026-09-15T12:28:41Z,,75.57
2026-09-15T12:29:41Z,,75.45
2026-09-15T12:30:41Z,6.93,75.47
2026-09-15T12:31:41Z,6.93,75.5
2026-09-15T12:32:41Z,7.71,75.48
2026-09-15T12:33:41Z,6.93,
2026-09-15T12:34:41Z,6.92,
2026-09-15T12:35:41Z,6.94,
2026-09-15T12:36:41Z,,75.52
2026-09-15T12:37:41Z,,75.65
2026-09-15T12:38:41Z,6.94,75.55
2026-09-15T12:39:41Z,6.15,75.44
2026-09-15T12:40:41Z,6.94,75.64
2026-09-15T12:41:41Z,6.16,
2026-09-15T12:42:41Z,6.94,
2026-09-15T12:43:41Z,7.71,75.43
2026-09-15T12:44:41Z,7.71,75.5
2026-09-15T12:45:41Z,6.94,75.6
2026-09-15T12:46:41Z,7.73,75.7
2026-09-15T12:47:41Z,6.95,75.76
2026-09-15T12:49:41Z,7.72,75.59
2026-09-15T12:50:41Z,6.95,75.72
2026-09-15T12:51:41Z,6.94,75.53
2026-09-15T12:52:41Z,6.94,75.58
2026-09-15T12:53:41Z,8.63,75.57
2026-09-15T12:55:41Z,7.73,
2026-09-15T12:56:41Z,9.43,75.9
2026-09-15T12:57:41Z,7.75,76.05
2026-09-15T12:58:41Z,6.95,75.8
2026-09-15T12:59:41Z,6.94,75.61
2026-09-15T13:00:41Z,6.93,75.47
2026-09-15T13:03:41Z,,75.91
2026-09-15T13:04:41Z,8.67,76.32
2026-09-15T13:05:41Z,10.37,76.47
2026-09-15T13:06:41Z,10.37,76.49
2026-09-15T13:07:41Z,10.36,76.25
2026-09-15T13:08:41Z,7.76,
2026-09-15T13:10:41Z,,76.07
2026-09-15T13:11:41Z,7.75,76.09
2026-09-15T13:12:41Z,8.66,76.2
2026-09-15T13:13:41Z,7.75,76.19
2026-09-15T13:14:41Z,6.98,76.26
2026-09-15T13:15:41Z,8.68,
2026-09-15T13:17:41Z,,76.41
2026-09-15T13:18:41Z,7.77,76.48
2026-09-15T13:19:41Z,7.78,76.57
2026-09-15T13:20:41Z,8.69,76.57
2026-09-15T13:21:41Z,7.78,76.58
2026-09-15T13:22:41Z,8.69,
2026-09-15T13:24:41Z,7.01,76.72
2026-09-15T13:25:41Z,8.7,76.76
2026-09-15T13:26:41Z,9.34,76.69
2026-09-15T13:27:41Z,8.57,76.81
2026-09-15T13:28:41Z,7.79,
2026-09-15T13:29:41Z,8.58,
2026-09-15T13:30:41Z,,76.68
2026-09-15T13:31:41Z,7.78,76.62
2026-09-15T13:32:41Z,8.56,76.7
2026-09-15T13:33:41Z,9.35,76.72
2026-09-15T13:34:41Z,7,76.68
2026-09-15T13:35:41Z,7.01,76.82
2026-09-15T13:37:41Z,,76.71
2026-09-15T13:38:41Z,7,76.63
2026-09-15T13:39:41Z,7.01,76.76
2026-09-15T13:40:41Z,7.79,76.8
2026-09-15T13:41:41Z,7.79,76.75
2026-09-15T13:42:41Z,7.79,
2026-09-15T13:44:41Z,,76.57
2026-09-15T13:45:41Z,7,76.65
2026-09-15T13:46:41Z,7,76.68
2026-09-15T13:47:41Z,7.8,76.94
2026-09-15T13:48:41Z,7.01,76.78
2026-09-15T13:49:41Z,7.01,
2026-09-15T13:51:41Z,,76.72
2026-09-15T13:52:41Z,6.23,76.8
2026-09-15T13:53:41Z,7,76.56
2026-09-15T13:54:41Z,8.55,76.41
2026-09-15T13:55:41Z,9.32,76.35
2026-09-15T13:56:41Z,7.77,
2026-09-15T13:58:41Z,9.31,76.2
2026-09-15T13:59:41Z,7.75,76.18
2026-09-15T14:00:41Z,7.75,76.16
2026-09-15T14:01:41Z,6.98,76.25
2026-09-15T14:02:41Z,6.98,76.22
2026-09-15T14:05:41Z,6.97,
2026-09-15T14:06:41Z,6.96,75.95
2026-09-15T14:07:41Z,6.97,76.08
2026-09-15T14:08:41Z,6.97,76.14
2026-09-15T14:09:41Z,6.97,76.11
2026-09-15T14:12:41Z,7.75,76.12
2026-09-15T14:13:41Z,8.53,76.07
2026-09-15T14:14:41Z,11,76.07
2026-09-15T14:15:41Z,9.31,76.05
2026-09-15T14:16:41Z,6.96,75.98
2026-09-15T14:18:41Z,7.75,76.04
2026-09-15T14:19:41Z,9.31,76.05
2026-09-15T14:20:41Z,7.74,76
2026-09-15T14:21:41Z,6.97,76.05
2026-09-15T14:22:41Z,6.2,76.21
2026-09-15T14:25:41Z,8.53,76.18
2026-09-15T14:26:41Z,11,76.11
2026-09-15T14:27:41Z,7.76,76.2
2026-09-15T14:28:41Z,8.53,76.17
2026-09-15T14:29:41Z,7.76,76.23
2026-09-15T14:30:41Z,8.54,76.26
2026-09-15T14:33:41Z,6.98,76.34
2026-09-15T14:34:41Z,6.97,76.18
2026-09-15T14:35:41Z,7.76,76.23
2026-09-15T14:36:41Z,6.98,76.24
2026-09-15T14:37:41Z,,76.12
2026-09-15T14:39:41Z,6.19,76.03
2026-09-15T14:40:41Z,7.75,76.1
2026-09-15T14:41:41Z,7.75,76.1
2026-09-15T14:42:41Z,7.75,76.09
2026-09-15T14:43:41Z,7.75,76.08
2026-09-15T14:44:41Z,7.75,76.15
2026-09-15T14:45:41Z,8.53,76.13
2026-09-15T14:46:41Z,10.22,76.08
2026-09-15T14:47:41Z,10.99,75.98
2026-09-15T14:49:41Z,6.96,75.91
2026-09-15T14:50:41Z,6.18,75.92
2026-09-15T14:51:41Z,6.96,75.88
2026-09-15T14:52:41Z,8.51,75.78
2026-09-15T14:53:41Z,8.51,75.83
2026-09-15T14:54:41Z,7.74,
2026-09-15T14:57:41Z,6.18,75.9
2026-09-15T14:58:41Z,6.17,75.77
2026-09-15T14:59:41Z,6.17,75.83
2026-09-15T15:00:41Z,6.95,75.78
2026-09-15T15:01:41Z,6.95,75.73
2026-09-15T15:06:41Z,6.95,75.71
2026-09-15T15:07:41Z,6.94,75.66
2026-09-15T15:08:41Z,6.94,75.62
2026-09-15T15:09:41Z,6.94,75.56
2026-09-15T15:10:41Z,7.72,75.59
2026-09-15T15:13:41Z,6.96,75.95
2026-09-15T15:14:41Z,8.53,76.2
2026-09-15T15:15:41Z,7.76,76.35
2026-09-15T15:16:41Z,6.99,76.51
2026-09-15T15:17:41Z,11.03,76.63
2026-09-15T15:20:41Z,7.05,77.39
2026-09-15T15:21:41Z,9.37,77.13
2026-09-15T15:22:41Z,9.42,77.96
2026-09-15T15:23:41Z,8.66,78.28
2026-09-15T15:24:41Z,8.68,78.66
2026-09-15T15:27:41Z,,80.38
2026-09-15T15:28:41Z,8.8,80.72
2026-09-15T15:29:41Z,12.07,81.08
2026-09-15T15:30:41Z,9.63,81.43
2026-09-15T15:31:41Z,8.86,81.71
2026-09-15T15:32:41Z,9.65,
2026-09-15T15:34:41Z,,82.47
2026-09-15T15:35:41Z,8.93,82.84
2026-09-15T15:36:41Z,7.39,83.19
2026-09-15T15:37:41Z,8.18,83.29
2026-09-15T15:38:41Z,8.19,83.46
2026-09-15T15:39:41Z,8.96,83.34
2026-09-15T15:41:41Z,,83.37
2026-09-15T15:42:41Z,10.52,83.33
2026-09-15T15:43:41Z,9.74,83.33
2026-09-15T15:44:41Z,8.19,83.48
2026-09-15T15:45:41Z,8.19,83.45
2026-09-15T15:46:41Z,8.17,
2026-09-15T15:48:41Z,,83.57
2026-09-15T15:49:41Z,8.96,83.33
2026-09-15T15:50:41Z,8.95,83.22
2026-09-15T15:51:41Z,8.18,83.31
2026-09-15T15:52:41Z,7.41,83.52
2026-09-15T15:53:41Z,6.63,
2026-09-15T15:54:41Z,6.63,
2026-09-15T15:56:41Z,,83.26
2026-09-15T15:57:41Z,,83.24
2026-09-15T15:58:41Z,6.62,83.26
2026-09-15T15:59:41Z,6.61,83.16
2026-09-15T16:00:41Z,7.39,83.25
2026-09-15T16:01:41Z,9.72,
2026-09-15T16:02:41Z,8.17,
2026-09-15T16:04:41Z,,83.19
2026-09-15T16:05:41Z,8.16,82.97
2026-09-15T16:06:41Z,8.95,83.26
2026-09-15T16:07:41Z,7.4,83.35
2026-09-15T16:08:41Z,7.38,83.08
2026-09-15T16:09:41Z,7.39,
2026-09-15T16:10:41Z,7.4,
2026-09-15T16:11:41Z,,83.4
2026-09-15T16:12:41Z,,83.42
2026-09-15T16:13:41Z,7.28,83.56
2026-09-15T16:14:41Z,7.28,83.47
2026-09-15T16:15:41Z,8.06,83.56
2026-09-15T16:16:41Z,7.28,
2026-09-15T16:17:41Z,7.3,
2026-09-15T16:18:41Z,,83.93
2026-09-15T16:19:41Z,,84.02
2026-09-15T16:20:41Z,8.11,84.34
2026-09-15T16:21:41Z,7.33,84.42
2026-09-15T16:22:41Z,8.9,84.51
2026-09-15T16:23:41Z,6.7,
2026-09-15T16:24:41Z,7.36,84.86
2026-09-15T16:25:41Z,,85.04
2026-09-15T16:26:41Z,9.7,84.91
2026-09-15T16:27:41Z,10.48,84.84
2026-09-15T16:28:41Z,8.92,84.85
2026-09-15T16:29:41Z,7.37,
2026-09-15T16:30:41Z,8.15,
2026-09-15T16:31:41Z,8.92,84.84
2026-09-15T16:32:41Z,,84.93
2026-09-15T16:33:41Z,8.14,84.84
2026-09-15T16:34:41Z,9.57,84.82
2026-09-15T16:35:41Z,9.58,84.99
2026-09-15T16:36:41Z,8.15,
2026-09-15T16:37:41Z,7.38,
2026-09-15T16:38:41Z,,85.32
2026-09-15T16:39:41Z,,85.29
2026-09-15T16:40:41Z,7.4,85.47
2026-09-15T16:41:41Z,6.75,85.47
2026-09-15T16:42:41Z,7.4,85.48
2026-09-15T16:43:41Z,7.41,
2026-09-15T16:44:41Z,7.4,85.6
2026-09-15T16:45:41Z,,85.64
2026-09-15T16:46:41Z,8.19,85.76
2026-09-15T16:47:41Z,8.2,85.83
2026-09-15T16:48:41Z,8.2,85.88
2026-09-15T16:49:41Z,7.43,
2026-09-15T16:50:41Z,7.43,85.97
2026-09-15T16:51:41Z,,86.09
2026-09-15T16:52:41Z,7.45,86.3
2026-09-15T16:53:41Z,8.88,86.45
2026-09-15T16:54:41Z,8.24,86.61
2026-09-15T16:55:41Z,7.48,
2026-09-15T16:56:41Z,7.49,
2026-09-15T16:57:41Z,,87.15
2026-09-15T16:58:41Z,,87.27
2026-09-15T16:59:41Z,7.52,87.49
2026-09-15T17:00:41Z,7.53,87.64
2026-09-15T17:01:41Z,8.31,87.71
2026-09-15T17:02:41Z,8.31,
2026-09-15T17:03:41Z,7.54,
2026-09-15T17:04:41Z,,88.02
2026-09-15T17:05:41Z,,87.92
2026-09-15T17:06:41Z,7.55,88.12
2026-09-15T17:07:41Z,8.34,88.24
2026-09-15T17:08:41Z,8.34,88.24
2026-09-15T17:09:41Z,8.34,
2026-09-15T17:10:41Z,7.56,
2026-09-15T17:11:41Z,,88.36
2026-09-15T17:12:41Z,7.57,88.38
2026-09-15T17:13:41Z,9.65,88.45
2026-09-15T17:14:41Z,9.65,88.44
2026-09-15T17:15:41Z,9.01,88.54
2026-09-15T17:16:41Z,9.02,
2026-09-15T17:18:41Z,,88.73
2026-09-15T17:19:41Z,8.24,88.73
2026-09-15T17:20:41Z,7.6,88.83
2026-09-15T17:21:41Z,7.59,88.74
2026-09-15T17:22:41Z,6.95,88.81
2026-09-15T17:23:41Z,7.59,
2026-09-15T17:24:41Z,7.6,88.9
2026-09-15T17:25:41Z,,88.76
2026-09-15T17:26:41Z,7.59,88.71
2026-09-15T17:27:41Z,7.59,88.65
2026-09-15T17:28:41Z,8.23,88.52
2026-09-15T17:29:41Z,8.22,88.37
2026-09-15T17:30:41Z,8.21,
2026-09-15T17:31:41Z,,88.26
2026-09-15T17:32:41Z,8.2,88.13
2026-09-15T17:33:41Z,8.2,87.99
2026-09-15T17:34:41Z,6.89,87.93
2026-09-15T17:35:41Z,9.48,87.74
2026-09-15T17:36:41Z,9.47,
2026-09-15T17:37:41Z,,87.63
2026-09-15T17:38:41Z,8.17,87.6
2026-09-15T17:39:41Z,6.87,87.47
2026-09-15T17:40:41Z,6.87,87.5
2026-09-15T17:41:41Z,8.17,87.47
2026-09-15T17:42:41Z,8.81,
2026-09-15T17:44:41Z,9.44,87.09
2026-09-15T17:45:41Z,8.79,86.97
2026-09-15T17:46:41Z,9.29,86.74
2026-09-15T17:47:41Z,8.12,86.7
2026-09-15T17:48:41Z,7.47,
2026-09-15T17:49:41Z,6.82,
2026-09-15T17:50:41Z,,86.78
2026-09-15T17:51:41Z,6.82,86.76
2026-09-15T17:52:41Z,6.82,86.74
2026-09-15T17:53:41Z,6.83,86.8
2026-09-15T17:54:41Z,7.48,86.79
2026-09-15T17:55:41Z,8.78,
2026-09-15T17:57:41Z,,86.9
2026-09-15T17:58:41Z,8.13,86.85
2026-09-15T17:59:41Z,7.48,86.92
2026-09-15T18:00:41Z,6.83,86.91
2026-09-15T18:01:41Z,7.48,86.87
2026-09-15T18:02:41Z,7.48,
2026-09-15T18:06:41Z,7.47,86.73
2026-09-15T18:07:41Z,7.47,86.63
2026-09-15T18:08:41Z,8.11,86.52
2026-09-15T18:09:41Z,8.11,86.5
2026-09-15T18:10:41Z,7.46,86.54
2026-09-15T18:12:41Z,7.97,86.39
2026-09-15T18:13:41Z,7.97,86.37
2026-09-15T18:14:41Z,7.32,86.34
2026-09-15T18:15:41Z,7.45,86.34
2026-09-15T18:16:41Z,7.44,86.26
2026-09-15T18:18:41Z,7.96,86.14
2026-09-15T18:19:41Z,7.43,86.01
2026-09-15T18:20:41Z,7.3,85.98
2026-09-15T18:21:41Z,7.43,86.01
2026-09-15T18:22:41Z,7.43,86.01
2026-09-15T18:25:41Z,7.93,85.63
2026-09-15T18:26:41Z,7.41,85.63
2026-09-15T18:27:41Z,6.76,85.64
2026-09-15T18:28:41Z,8.05,85.52
2026-09-15T18:29:41Z,7.39,85.44
2026-09-15T18:32:41Z,7.39,85.28
2026-09-15T18:33:41Z,7.37,85.03
2026-09-15T18:34:41Z,8.02,85.05
2026-09-15T18:35:41Z,7.37,85.03
2026-09-15T18:36:41Z,7.37,84.95
2026-09-15T18:39:41Z,8,84.71
2026-09-15T18:40:41Z,7.35,84.69
2026-09-15T18:41:41Z,6.7,84.69
2026-09-15T18:42:41Z,6.7,84.67
2026-09-15T18:43:41Z,7.35,84.63
2026-09-15T18:45:41Z,7.98,84.36
2026-09-15T18:46:41Z,7.98,84.43
2026-09-15T18:47:41Z,7.33,84.32
2026-09-15T18:48:41Z,6.68,84.34
2026-09-15T18:49:41Z,7.32,84.18
2026-09-15T18:50:41Z,7.33,
2026-09-15T18:52:41Z,6.67,84.19
2026-09-15T18:53:41Z,6.67,84.16
2026-09-15T18:54:41Z,7.31,84.07
2026-09-15T18:55:41Z,7.31,84
2026-09-15T18:56:41Z,7.31,84
2026-09-15T19:00:41Z,7.3,83.9
2026-09-15T19:01:41Z,6.65,83.92
2026-09-15T19:02:41Z,7.3,83.83
2026-09-15T19:03:41Z,7.94,83.68
2026-09-15T19:04:41Z,7.94,83.65
2026-09-15T19:07:41Z,6.63,83.53
2026-09-15T19:08:41Z,6.62,83.38
2026-09-15T19:09:41Z,7.9,83
2026-09-15T19:10:41Z,7.24,82.82
2026-09-15T19:11:41Z,7.23,82.75
2026-09-15T19:14:41Z,6.58,82.6
2026-09-15T19:15:41Z,6.57,82.48
2026-09-15T19:16:41Z,7.22,82.44
2026-09-15T19:17:41Z,7.2,82.22
2026-09-15T19:18:41Z,7.2,82.23
2026-09-15T19:22:41Z,6.52,81.63
2026-09-15T19:23:41Z,7.81,81.52
2026-09-15T19:24:41Z,7.81,81.54
2026-09-15T19:25:41Z,7.16,81.56
2026-09-15T19:26:41Z,7.16,81.53
2026-09-15T19:28:41Z,7.81,81.43
2026-09-15T19:29:41Z,7.81,81.45
2026-09-15T19:30:41Z,7.8,81.4
2026-09-15T19:31:41Z,7.16,81.5
2026-09-15T19:32:41Z,7.17,81.6
2026-09-15T19:34:41Z,,81.84
2026-09-15T19:35:41Z,6.54,81.92
2026-09-15T19:36:41Z,6.54,82.02
2026-09-15T19:37:41Z,7.2,82.08
2026-09-15T19:38:41Z,6.55,82.14
2026-09-15T19:39:41Z,6.55,82.24
2026-09-15T19:42:41Z,7.21,82.36
2026-09-15T19:43:41Z,7.22,82.45
2026-09-15T19:44:41Z,7.22,82.54
2026-09-15T19:45:41Z,7.22,82.57
2026-09-15T19:46:41Z,7.23,82.64
2026-09-15T19:49:41Z,6.59,82.79
2026-09-15T19:50:41Z,6.59,82.86
2026-09-15T19:51:41Z,6.59,82.78
2026-09-15T19:52:41Z,6.59,82.81
2026-09-15T19:53:41Z,6.59,82.81
2026-09-15T19:56:41Z,7.24,82.91
2026-09-15T19:57:41Z,7.24,82.88
2026-09-15T19:58:41Z,7.25,82.98
2026-09-15T19:59:41Z,7.25,82.96
2026-09-15T20:00:41Z,6.6,82.97
2026-09-15T20:04:41Z,6.6,82.98
2026-09-15T20:05:41Z,7.25,83.04
2026-09-15T20:06:41Z,7.9,83.07
2026-09-15T20:07:41Z,8.68,83.08
2026-09-15T20:08:41Z,6.61,83.18
2026-09-15T20:09:41Z,7.26,83.11
2026-09-15T20:12:41Z,7.26,83.09
2026-09-15T20:13:41Z,7.26,83.13
2026-09-15T20:14:41Z,7.26,83.13
2026-09-15T20:15:41Z,7.91,83.11
2026-09-15T20:16:41Z,7.26,83.14
2026-09-15T20:18:41Z,7.25,83.03
2026-09-15T20:19:41Z,6.6,83.01
2026-09-15T20:20:41Z,7.9,83.02
2026-09-15T20:21:41Z,7.9,82.95
2026-09-15T20:22:41Z,7.25,82.95
2026-09-15T20:23:41Z,7.9,
2026-09-15T20:25:41Z,,82.82
2026-09-15T20:26:41Z,7.89,82.82
2026-09-15T20:27:41Z,7.24,82.79
2026-09-15T20:28:41Z,7.24,82.83
2026-09-15T20:29:41Z,7.24,82.82
2026-09-15T20:30:41Z,7.24,82.78
2026-09-15T20:33:41Z,7.23,82.74
2026-09-15T20:34:41Z,7.88,82.61
2026-09-15T20:35:41Z,7.88,82.63
2026-09-15T20:36:41Z,7.88,82.65
2026-09-15T20:37:41Z,7.23,
2026-09-15T20:39:41Z,,82.63
2026-09-15T20:40:41Z,7.87,82.51
2026-09-15T20:41:41Z,7.87,82.42
2026-09-15T20:42:41Z,7.21,82.34
2026-09-15T20:43:41Z,6.55,82.19
2026-09-15T20:44:41Z,7.2,
2026-09-15T20:47:41Z,7.2,82.11
2026-09-15T20:48:41Z,7.85,82.17
2026-09-15T20:49:41Z,7.84,82.07
2026-09-15T20:50:41Z,7.19,82.02
2026-09-15T20:51:41Z,6.54,82.01
2026-09-15T20:53:41Z,,81.38
2026-09-15T20:54:41Z,7.14,81.19
2026-09-15T20:55:41Z,7.14,81.07
2026-09-15T20:56:41Z,7.13,80.96
2026-09-15T20:57:41Z,6.47,80.89
2026-09-15T21:00:41Z,,80.72
2026-09-15T21:01:41Z,6.47,80.78
2026-09-15T21:02:41Z,6.47,80.8
2026-09-15T21:03:41Z,6.46,80.67
2026-09-15T21:04:41Z,6.46,80.69
2026-09-15T21:05:41Z,6.47,
2026-09-15T21:07:41Z,,80.51
2026-09-15T21:08:41Z,7.09,80.39
2026-09-15T21:09:41Z,7.08,80.12
2026-09-15T21:10:41Z,6.42,80.05
2026-09-15T21:11:41Z,7.06,79.76
2026-09-15T21:12:41Z,7.06,
2026-09-15T21:14:41Z,,79.56
2026-09-15T21:15:41Z,7.05,79.62
2026-09-15T21:16:41Z,6.39,79.45
2026-09-15T21:17:41Z,6.39,79.44
2026-09-15T21:18:41Z,6.39,79.46
2026-09-15T21:19:41Z,6.39,
2026-09-15T21:20:41Z,,79.53
2026-09-15T21:21:41Z,,79.53
2026-09-15T21:22:41Z,7.03,79.24
2026-09-15T21:23:41Z,6.37,79.06
2026-09-15T21:24:41Z,6.36,78.99
2026-09-15T21:25:41Z,6.36,78.94
2026-09-15T21:26:41Z,6.35,
2026-09-15T21:27:41Z,,78.92
2026-09-15T21:28:41Z,,78.83
2026-09-15T21:29:41Z,6.36,78.88
2026-09-15T21:30:41Z,6.35,78.86
2026-09-15T21:31:41Z,6.35,78.84
2026-09-15T21:32:41Z,6.34,
2026-09-15T21:33:41Z,6.34,
2026-09-15T21:34:41Z,,78.83
2026-09-15T21:35:41Z,,78.66
2026-09-15T21:36:41Z,6.34,78.68
2026-09-15T21:37:41Z,6.34,78.56
2026-09-15T21:38:41Z,6.34,78.58
2026-09-15T21:39:41Z,6.34,78.65
2026-09-15T21:40:41Z,6.34,
2026-09-15T21:41:41Z,,78.78
2026-09-15T21:42:41Z,,78.86
2026-09-15T21:43:41Z,6.36,78.91
2026-09-15T21:44:41Z,6.37,79.11
2026-09-15T21:45:41Z,6.35,78.85
2026-09-15T21:46:41Z,6.34,
2026-09-15T21:47:41Z,6.34,
2026-09-15T21:48:41Z,,78.64
2026-09-15T21:49:41Z,6.35,78.76
2026-09-15T21:50:41Z,6.34,78.57
2026-09-15T21:51:41Z,6.34,78.6
2026-09-15T21:52:41Z,6.34,78.62
2026-09-15T21:53:41Z,6.33,
2026-09-15T21:54:41Z,,78.39
2026-09-15T21:55:41Z,,78.54
2026-09-15T21:56:41Z,,78.58
2026-09-15T21:57:41Z,6.33,78.49
2026-09-15T21:58:41Z,6.33,78.44
2026-09-15T21:59:41Z,6.33,78.51
2026-09-15T22:00:41Z,6.33,
2026-09-15T22:01:41Z,6.33,
2026-09-15T22:03:41Z,,78.64
2026-09-15T22:04:41Z,,78.59
2026-09-15T22:05:41Z,6.34,78.68
2026-09-15T22:06:41Z,6.34,78.65
2026-09-15T22:07:41Z,6.34,78.6
2026-09-15T22:08:41Z,6.34,
2026-09-15T22:09:41Z,6.34,
2026-09-15T22:11:41Z,,78.58
2026-09-15T22:12:41Z,,78.38
2026-09-15T22:13:41Z,6.32,78.33
2026-09-15T22:14:41Z,6.31,78.08
2026-09-15T22:15:41Z,6.32,78.29
2026-09-15T22:16:41Z,6.33,
2026-09-15T22:17:41Z,6.83,
2026-09-15T22:18:41Z,,78.3
2026-09-15T22:19:41Z,,78.14
2026-09-15T22:20:41Z,,78.37
2026-09-15T22:21:41Z,6.33,78.43
2026-09-15T22:22:41Z,6.33,78.42
2026-09-15T22:23:41Z,6.34,
2026-09-15T22:24:41Z,6.34,
2026-09-15T22:25:41Z,6.32,78.22
2026-09-15T22:26:41Z,,78
2026-09-15T22:27:41Z,,78.13
2026-09-15T22:28:41Z,6.31,78.17
2026-09-15T22:29:41Z,6.33,78.38
2026-09-15T22:30:41Z,6.32,
2026-09-15T22:31:41Z,6.3,
2026-09-15T22:32:41Z,6.81,77.85
2026-09-15T22:33:41Z,,78.01
2026-09-15T22:34:41Z,6.28,77.69
2026-09-15T22:35:41Z,6.28,77.67
2026-09-15T22:36:41Z,6.25,77.08
2026-09-15T22:37:41Z,6.26,
2026-09-15T22:38:41Z,6.26,
2026-09-15T22:39:41Z,6.29,77.72
2026-09-15T22:40:41Z,,77.76
2026-09-15T22:41:41Z,6.29,77.77
2026-09-15T22:42:41Z,6.3,78.03
2026-09-15T22:43:41Z,6.27,77.49
2026-09-15T22:44:41Z,6.26,
2026-09-15T22:45:41Z,6.24,77.02
2026-09-15T22:46:41Z,,77.11
2026-09-15T22:47:41Z,,77.34
2026-09-15T22:48:41Z,6.26,77.35
2026-09-15T22:49:41Z,6.25,77.1
2026-09-15T22:50:41Z,6.25,77.06
2026-09-15T22:51:41Z,6.24,
2026-09-15T22:52:41Z,6.23,76.84
2026-09-15T22:53:41Z,,77.02
2026-09-15T22:54:41Z,6.24,76.96
2026-09-15T22:55:41Z,6.75,76.78
2026-09-15T22:56:41Z,6.23,76.79
2026-09-15T22:57:41Z,6.23,
2026-09-15T22:58:41Z,6.23,
2026-09-15T22:59:41Z,6.23,
2026-09-15T23:00:41Z,,76.79
2026-09-15T23:01:41Z,,76.48
2026-09-15T23:02:41Z,,76.62
2026-09-15T23:03:41Z,6.21,76.46
2026-09-15T23:04:41Z,6.18,75.96
2026-09-15T23:05:41Z,6.19,
2026-09-15T23:06:41Z,6.18,
2026-09-15T23:07:41Z,6.15,75.4
2026-09-15T23:08:41Z,,75.27
2026-09-15T23:09:41Z,,75.53
2026-09-15T23:10:41Z,6.11,74.79
2026-09-15T23:11:41Z,6.11,74.7
2026-09-15T23:12:41Z,6.13,
2026-09-15T23:13:41Z,6.11,
2026-09-15T23:14:41Z,6.09,74.47
2026-09-15T23:15:41Z,,74.63
2026-09-15T23:16:41Z,,74.36
2026-09-15T23:17:41Z,6.07,74.02
2026-09-15T23:18:41Z,6.08,
2026-09-15T23:19:41Z,6.08,
2026-09-15T23:20:41Z,6.04,
2026-09-15T23:21:41Z,6.05,73.72
2026-09-15T23:22:41Z,,73.73
2026-09-15T23:23:41Z,,73.58
2026-09-15T23:24:41Z,5.98,72.51
2026-09-15T23:25:41Z,5.99,72.78
2026-09-15T23:26:41Z,6,
2026-09-15T23:27:41Z,6,
2026-09-15T23:28:41Z,5.97,72.41
2026-09-15T23:29:41Z,5.95,72.12
2026-09-15T23:30:41Z,,72.44
2026-09-15T23:31:41Z,,72.66
2026-09-15T23:32:41Z,5.96,72.26
2026-09-15T23:33:41Z,5.94,
2026-09-15T23:34:41Z,5.95,
2026-09-15T23:35:41Z,5.94,
2026-09-15T23:36:41Z,5.93,
2026-09-16T00:00:41Z,5.9,71.23
2026-09-16T00:01:41Z,5.88,70.97
2026-09-16T00:02:41Z,5.9,
2026-09-16T00:03:41Z,5.89,
2026-09-16T00:04:41Z,5.89,
2026-09-16T00:05:41Z,,71.09
2026-09-16T00:06:41Z,,71.32
2026-09-16T00:07:41Z,5.9,71.17
2026-09-16T00:08:41Z,5.87,70.72
2026-09-16T00:09:41Z,5.88,70.91
2026-09-16T00:10:41Z,5.85,
2026-09-16T00:11:41Z,5.85,
2026-09-16T00:12:41Z,,70.89
2026-09-16T00:13:41Z,,69.95
2026-09-16T00:14:41Z,5.79,69.35
2026-09-16T00:15:41Z,5.78,69.19
2026-09-16T00:16:41Z,5.74,68.61
2026-09-16T00:17:41Z,5.67,
2026-09-16T00:19:41Z,,67.73
2026-09-16T00:20:41Z,5.66,67.21
2026-09-16T00:21:41Z,5.67,67.3
2026-09-16T00:22:41Z,5.66,67.15
2026-09-16T00:23:41Z,5.6,66.16
2026-09-16T00:24:41Z,5.55,
2026-09-16T00:25:41Z,5.56,
2026-09-16T00:27:41Z,,65.44
2026-09-16T00:28:41Z,5.53,64.94
2026-09-16T00:29:41Z,5.55,65.29
2026-09-16T00:30:41Z,5.56,65.48
2026-09-16T00:31:41Z,5.5,64.5
2026-09-16T00:32:41Z,5.47,
2026-09-16T00:34:41Z,,63.95
2026-09-16T00:35:41Z,5.48,64.22
2026-09-16T00:36:41Z,5.45,63.68
2026-09-16T00:37:41Z,5.43,63.38
2026-09-16T00:38:41Z,5.42,63.14
2026-09-16T00:39:41Z,5.45,
2026-09-16T00:41:41Z,,62.83
2026-09-16T00:42:41Z,5.4,62.77
2026-09-16T00:43:41Z,5.37,62.28
2026-09-16T00:44:41Z,6.15,62.31
2026-09-16T00:45:41Z,6.18,62.88
2026-09-16T00:46:41Z,5.36,
2026-09-16T00:48:41Z,,61.51
2026-09-16T00:49:41Z,6.09,61.36
2026-09-16T00:50:41Z,6.1,61.47
2026-09-16T00:51:41Z,5.25,60.38
2026-09-16T00:52:41Z,5.25,60.32
2026-09-16T00:53:41Z,6.02,
2026-09-16T00:54:41Z,,60.95
2026-09-16T00:55:41Z,,60.72
2026-09-16T00:56:41Z,5.29,60.96
2026-09-16T00:57:41Z,5.32,61.44
2026-09-16T00:58:41Z,6.1,61.41
2026-09-16T00:59:41Z,5.34,61.88
2026-09-16T01:00:41Z,5.39,
2026-09-16T01:02:41Z,,63.22
2026-09-16T01:03:41Z,5.43,63.41
2026-09-16T01:04:41Z,5.45,63.58
2026-09-16T01:05:41Z,5.42,63.13
2026-09-16T01:06:41Z,5.46,63.82
2026-09-16T01:07:41Z,6.27,
2026-09-16T01:09:41Z,,64.53
2026-09-16T01:10:41Z,6.29,64.71
2026-09-16T01:11:41Z,5.51,64.7
2026-09-16T01:12:41Z,6.29,64.69
2026-09-16T01:13:41Z,6.3,64.84
2026-09-16T01:14:41Z,6.32,
2026-09-16T01:16:41Z,,65.38
2026-09-16T01:17:41Z,5.58,65.8
2026-09-16T01:18:41Z,5.56,65.55
2026-09-16T01:19:41Z,6.37,66.03
2026-09-16T01:20:41Z,5.59,65.94
2026-09-16T01:22:41Z,,65.07
2026-09-16T01:23:41Z,5.57,65.73
2026-09-16T01:24:41Z,5.57,65.6
2026-09-16T01:25:41Z,5.55,65.37
2026-09-16T01:26:41Z,5.52,64.78
2026-09-16T01:27:41Z,5.52,
2026-09-16T01:28:41Z,,64.9
2026-09-16T01:29:41Z,5.53,64.96
2026-09-16T01:30:41Z,5.5,64.47
2026-09-16T01:31:41Z,5.48,64.14
2026-09-16T01:32:41Z,5.49,64.41
2026-09-16T01:33:41Z,5.49,
2026-09-16T01:35:41Z,5.42,63.09
2026-09-16T01:36:41Z,5.43,63.35
2026-09-16T01:37:41Z,5.41,63.05
2026-09-16T01:38:41Z,5.4,62.74
2026-09-16T01:39:41Z,6.18,62.85
2026-09-16T01:40:41Z,5.39,
2026-09-16T01:42:41Z,5.39,
2026-09-16T01:43:41Z,5.39,62.58
2026-09-16T01:44:41Z,5.4,62.78
2026-09-16T01:45:41Z,5.38,62.49
2026-09-16T01:46:41Z,5.32,61.51
2026-09-16T01:47:41Z,,61.29
2026-09-16T01:49:41Z,5.29,
2026-09-16T01:50:41Z,5.27,60.65
2026-09-16T01:51:41Z,5.28,60.76
2026-09-16T01:52:41Z,5.25,60.25
2026-09-16T01:53:41Z,5.25,60.34
2026-09-16T01:54:41Z,,60.42
2026-09-16T01:57:41Z,5.28,
2026-09-16T01:58:41Z,5.29,60.94
2026-09-16T01:59:41Z,5.28,60.82
2026-09-16T02:00:41Z,5.28,60.73
2026-09-16T02:01:41Z,5.29,60.98
2026-09-16T02:02:41Z,,60.79
2026-09-16T02:05:41Z,6.07,
2026-09-16T02:06:41Z,6.08,61.12
2026-09-16T02:07:41Z,5.31,61.23
2026-09-16T02:08:41Z,5.32,61.51
2026-09-16T02:09:41Z,5.31,61.26
2026-09-16T02:10:41Z,,61.37
2026-09-16T02:11:41Z,,61.62
2026-09-16T02:14:41Z,5.36,62.16
2026-09-16T02:15:41Z,5.35,61.94
2026-09-16T02:16:41Z,5.34,61.79
2026-09-16T02:17:41Z,5.34,61.81
2026-09-16T02:18:41Z,5.35,61.94
2026-09-16T02:19:41Z,,61.77
2026-09-16T02:22:41Z,6.08,
2026-09-16T02:23:41Z,5.32,
2026-09-16T02:24:41Z,5.32,61.51
2026-09-16T02:25:41Z,5.33,61.66
2026-09-16T02:26:41Z,5.35,62.06
2026-09-16T02:27:41Z,,62.3
2026-09-16T02:28:41Z,,61.97
2026-09-16T02:29:41Z,,62.11
2026-09-16T02:31:41Z,5.35,
2026-09-16T02:32:41Z,5.35,
2026-09-16T02:33:41Z,5.36,62.2
2026-09-16T02:34:41Z,5.35,62.04
2026-09-16T02:35:41Z,5.37,62.24
2026-09-16T02:36:41Z,,62.22
2026-09-16T02:37:41Z,,62.26
2026-09-16T02:40:41Z,5.35,
2026-09-16T02:41:41Z,5.38,
2026-09-16T02:42:41Z,5.38,62.41
2026-09-16T02:43:41Z,5.38,62.41
2026-09-16T02:44:41Z,5.35,61.99
2026-09-16T02:45:41Z,5.36,62.16
2026-09-16T02:46:41Z,,61.57
2026-09-16T02:47:41Z,,61.3
2026-09-16T02:51:41Z,5.27,
2026-09-16T02:52:41Z,5.3,
2026-09-16T02:53:41Z,5.31,61.35
2026-09-16T02:54:41Z,5.29,60.96
2026-09-16T02:55:41Z,5.28,60.79
2026-09-16T02:56:41Z,,60.07
2026-09-16T02:57:41Z,,59.76
2026-09-16T03:02:41Z,5.25,
2026-09-16T03:03:41Z,5.27,
2026-09-16T03:04:41Z,5.26,60.39
2026-09-16T03:05:41Z,5.23,59.9
2026-09-16T03:06:41Z,5.2,59.42
2026-09-16T03:07:41Z,5.22,59.72
2026-09-16T03:08:41Z,,59.43
2026-09-16T03:13:41Z,5.14,
2026-09-16T03:14:41Z,5.13,58.36
2026-09-16T03:15:41Z,5.11,57.94
2026-09-16T03:16:41Z,5.88,57.86
2026-09-16T03:17:41Z,5.09,57.6
2026-09-16T03:18:41Z,,56.98
2026-09-16T03:19:41Z,,57.59
2026-09-16T03:24:41Z,5.08,
2026-09-16T03:25:41Z,5.07,57.2
2026-09-16T03:26:41Z,5.05,57.02
2026-09-16T03:27:41Z,5.04,56.77
2026-09-16T03:28:41Z,4.99,55.99
2026-09-16T03:29:41Z,,55.3
2026-09-16T03:30:41Z,,55.3
2026-09-16T03:35:41Z,5.89,
2026-09-16T03:36:41Z,4.96,
2026-09-16T03:37:41Z,4.94,
2026-09-16T03:38:41Z,4.94,55.01
2026-09-16T03:39:41Z,4.91,54.54
2026-09-16T03:40:41Z,4.9,54.44
2026-09-16T03:41:41Z,,54.05
2026-09-16T03:42:41Z,,53.84
2026-09-16T03:46:41Z,4.84,
2026-09-16T03:47:41Z,5.77,
2026-09-16T03:48:41Z,4.84,53.35
2026-09-16T03:49:41Z,4.82,53.05
2026-09-16T03:50:41Z,4.82,53.1
2026-09-16T03:51:41Z,4.81,52.95
2026-09-16T03:52:41Z,,52.95
2026-09-16T03:53:41Z,,53.31
2026-09-16T03:58:41Z,4.83,
2026-09-16T03:59:41Z,4.79,
2026-09-16T04:00:41Z,4.8,52.69
2026-09-16T04:01:41Z,4.82,53
2026-09-16T04:02:41Z,4.82,53.14
2026-09-16T04:03:41Z,,53.21
2026-09-16T04:04:41Z,,52.69
2026-09-16T04:05:41Z,,52.42
2026-09-16T04:09:41Z,5.66,
2026-09-16T04:10:41Z,4.75,
2026-09-16T04:11:41Z,4.74,51.68
2026-09-16T04:12:41Z,5.64,51.48
2026-09-16T04:13:41Z,5.65,51.78
2026-09-16T04:14:41Z,5.71,52.74
2026-09-16T04:15:41Z,,52.96
2026-09-16T04:16:41Z,,53.04
2026-09-16T04:20:41Z,4.83,
2026-09-16T04:21:41Z,4.8,
2026-09-16T04:22:41Z,4.81,52.93
2026-09-16T04:23:41Z,4.8,52.81
2026-09-16T04:24:41Z,4.8,52.71
2026-09-16T04:25:41Z,4.83,53.27
2026-09-16T04:26:41Z,,53.7
2026-09-16T04:27:41Z,,54.08
2026-09-16T04:31:41Z,5.81,
2026-09-16T04:32:41Z,4.9,
2026-09-16T04:33:41Z,4.9,
2026-09-16T04:34:41Z,4.89,
2026-09-16T04:35:41Z,4.89,
2026-09-16T05:02:41Z,4.94,
2026-09-16T05:03:41Z,4.96,
2026-09-16T05:04:41Z,4.96,55.36
2026-09-16T05:05:41Z,4.97,55.63
2026-09-16T05:06:41Z,5.87,55.48
2026-09-16T05:07:41Z,,55.86
2026-09-16T05:08:41Z,,55.9
2026-09-16T05:09:41Z,,55.68
2026-09-16T05:13:41Z,4.94,
2026-09-16T05:14:41Z,4.96,
2026-09-16T05:15:41Z,4.96,55.49
2026-09-16T05:16:41Z,4.97,55.66
2026-09-16T05:17:41Z,4.98,55.76
2026-09-16T05:18:41Z,,56.03
2026-09-16T05:19:41Z,,55.37
2026-09-16T05:20:41Z,,55.1
2026-09-16T05:23:41Z,4.91,
2026-09-16T05:24:41Z,4.88,
2026-09-16T05:25:41Z,4.86,
2026-09-16T05:26:41Z,4.87,53.99
2026-09-16T05:27:41Z,5.84,54.94
2026-09-16T05:28:41Z,,54.8
2026-09-16T05:29:41Z,,54.88
2026-09-16T05:30:41Z,,55.28
2026-09-16T05:33:41Z,4.97,
2026-09-16T05:34:41Z,4.97,
2026-09-16T05:35:41Z,4.97,
2026-09-16T05:36:41Z,4.95,
2026-09-16T05:37:41Z,4.96,55.36
2026-09-16T05:38:41Z,,55.53
2026-09-16T05:39:41Z,,55.61
2026-09-16T05:40:41Z,,55.91
2026-09-16T05:41:41Z,,55.75
2026-09-16T05:44:41Z,4.98,
2026-09-16T05:45:41Z,5.02,
2026-09-16T05:46:41Z,5.94,
2026-09-16T05:47:41Z,5.95,56.74
2026-09-16T05:48:41Z,5.99,57.41
2026-09-16T05:49:41Z,,57.56
2026-09-16T05:50:41Z,,57.26
2026-09-16T05:51:41Z,,57.27
2026-09-16T05:52:41Z,,56.93
2026-09-16T05:54:41Z,5.04,
2026-09-16T05:55:41Z,5.02,
2026-09-16T05:56:41Z,5.01,
2026-09-16T05:57:41Z,5.02,
2026-09-16T05:58:41Z,5.01,
2026-09-16T05:59:41Z,4.98,55.8
2026-09-16T06:00:41Z,,55.98
2026-09-16T06:01:41Z,,56
2026-09-16T06:02:41Z,,56.23
2026-09-16T06:03:41Z,,56.34
2026-09-16T06:04:41Z,,56.79
2026-09-16T06:08:41Z,5.03,
2026-09-16T06:09:41Z,5.01,
2026-09-16T06:10:41Z,5.94,56.68
2026-09-16T06:11:41Z,5.93,56.47
2026-09-16T06:12:41Z,5.94,56.65
2026-09-16T06:13:41Z,,56.76
2026-09-16T06:14:41Z,,55.93
2026-09-16T06:15:41Z,,55.83
2026-09-16T06:18:41Z,4.86,
2026-09-16T06:19:41Z,4.89,
2026-09-16T06:20:41Z,4.9,54.43
2026-09-16T06:21:41Z,4.86,53.75
2026-09-16T06:22:41Z,4.88,54.04
2026-09-16T06:23:41Z,,54.14
2026-09-16T06:24:41Z,,54.55
2026-09-16T06:25:41Z,,54.99
2026-09-16T06:29:41Z,4.9,
2026-09-16T06:30:41Z,4.92,
2026-09-16T06:31:41Z,4.9,
2026-09-16T06:32:41Z,4.85,53.59
2026-09-16T06:33:41Z,4.85,53.52
2026-09-16T06:34:41Z,4.83,53.26
2026-09-16T06:35:41Z,,53.74
2026-09-16T06:36:41Z,,53.53
2026-09-16T06:41:41Z,4.89,
2026-09-16T06:42:41Z,4.94,
2026-09-16T06:43:41Z,4.94,55.12
2026-09-16T06:44:41Z,4.94,55.04
2026-09-16T06:45:41Z,4.95,55.24
2026-09-16T06:46:41Z,,54.66
2026-09-16T06:47:41Z,,54.65
2026-09-16T06:53:41Z,4.94,
2026-09-16T06:54:41Z,4.99,55.89
2026-09-16T06:55:41Z,5.92,56.3
2026-09-16T06:56:41Z,5.03,56.64
2026-09-16T06:57:41Z,5.03,56.58
2026-09-16T06:58:41Z,,56.71
2026-09-16T06:59:41Z,,56.58
2026-09-16T07:00:41Z,,55.89
2026-09-16T07:05:41Z,5.09,
2026-09-16T07:06:41Z,5.07,
2026-09-16T07:07:41Z,5.03,
2026-09-16T07:08:41Z,5.05,56.87
2026-09-16T07:09:41Z,5.06,57.13
2026-09-16T07:10:41Z,5.06,57.11
2026-09-16T07:11:41Z,,57.69
2026-09-16T07:12:41Z,,57.67
2026-09-16T07:17:41Z,5.05,
2026-09-16T07:18:41Z,5.06,
2026-09-16T07:19:41Z,5.02,56.48
2026-09-16T07:20:41Z,5.04,56.78
2026-09-16T07:21:41Z,5.05,56.93
2026-09-16T07:22:41Z,,56.97
2026-09-16T07:23:41Z,,56.92
2026-09-16T07:24:41Z,,57.23
2026-09-16T07:29:41Z,5.07,
2026-09-16T07:30:41Z,5.09,
2026-09-16T07:31:41Z,5.08,
2026-09-16T07:32:41Z,5.11,57.89
2026-09-16T07:33:41Z,5.1,57.78
2026-09-16T07:34:41Z,5.11,57.89
2026-09-16T07:35:41Z,,57.79
2026-09-16T07:36:41Z,,57.34
2026-09-16T07:41:41Z,5.09,
2026-09-16T07:42:41Z,5.1,
2026-09-16T07:43:41Z,5.09,57.69
2026-09-16T07:44:41Z,5.08,57.4
2026-09-16T07:45:41Z,5.09,57.59
2026-09-16T07:46:41Z,,57.41
2026-09-16T07:47:41Z,,57.37
2026-09-16T07:48:41Z,,57.72
2026-09-16T07:52:41Z,5.14,
2026-09-16T07:53:41Z,5.13,
2026-09-16T07:54:41Z,5.13,
2026-09-16T07:55:41Z,5.14,
2026-09-16T07:56:41Z,5.14,
2026-09-16T07:57:41Z,5.15,58.58
2026-09-16T07:58:41Z,5.17,58.88
2026-09-16T07:59:41Z,5.15,58.62
2026-09-16T08:00:41Z,5.17,59.02
2026-09-16T08:01:41Z,5.18,59.1
2026-09-16T08:02:41Z,5.16,
2026-09-16T08:08:41Z,5.22,59.77
2026-09-16T08:09:41Z,5.21,59.63
2026-09-16T08:10:41Z,5.22,59.84
2026-09-16T08:11:41Z,5.21,59.65
2026-09-16T08:12:41Z,5.22,59.86
2026-09-16T08:17:41Z,5.23,59.98
2026-09-16T08:18:41Z,5.21,59.56
2026-09-16T08:19:41Z,5.19,59.33
2026-09-16T08:20:41Z,5.21,59.6
2026-09-16T08:21:41Z,5.24,60.06
2026-09-16T08:28:41Z,5.28,60.76
2026-09-16T08:29:41Z,5.31,61.23
2026-09-16T08:30:41Z,5.31,61.3
2026-09-16T08:31:41Z,5.29,60.91
2026-09-16T08:32:41Z,5.32,61.5
2026-09-16T08:37:41Z,5.27,60.61
2026-09-16T08:38:41Z,5.25,60.33
2026-09-16T08:39:41Z,5.24,60.19
2026-09-16T08:40:41Z,5.24,60.16
2026-09-16T08:41:41Z,5.26,60.55
2026-09-16T08:46:41Z,5.32,61.4
2026-09-16T08:47:41Z,5.33,61.68
2026-09-16T08:48:41Z,5.34,61.89
2026-09-16T08:49:41Z,5.32,61.55
2026-09-16T08:50:41Z,5.34,61.83
2026-09-16T08:55:41Z,5.38,62.45
2026-09-16T08:56:41Z,5.37,62.34
2026-09-16T08:57:41Z,5.36,62.22
2026-09-16T08:58:41Z,5.37,62.38
2026-09-16T08:59:41Z,5.39,62.58
2026-09-16T09:00:41Z,5.4,62.77
2026-09-16T09:01:41Z,5.4,62.74
2026-09-16T09:09:41Z,5.39,62.57
2026-09-16T09:10:41Z,5.37,62.33
2026-09-16T09:11:41Z,5.37,62.3
2026-09-16T09:12:41Z,5.39,62.66
2026-09-16T09:13:41Z,5.36,62.15
2026-09-16T09:19:41Z,5.42,63.17
2026-09-16T09:20:41Z,5.41,63.04
2026-09-16T09:21:41Z,5.42,63.13
2026-09-16T09:22:41Z,5.4,62.9
2026-09-16T09:23:41Z,5.43,63.25
2026-09-16T09:24:41Z,5.43,63.4
2026-09-16T09:30:41Z,5.47,63.95
2026-09-16T09:31:41Z,5.48,64.16
2026-09-16T09:32:41Z,5.5,64.43
2026-09-16T09:33:41Z,5.51,64.63
2026-09-16T09:34:41Z,5.5,64.48
2026-09-16T09:35:41Z,5.51,64.64
2026-09-16T09:41:41Z,5.54,65.2
2026-09-16T09:42:41Z,5.52,64.79
2026-09-16T09:43:41Z,5.52,64.91
2026-09-16T09:44:41Z,5.53,64.97
2026-09-16T09:45:41Z,5.54,65.1
2026-09-16T10:03:41Z,5.48,64.14
2026-09-16T10:04:41Z,5.49,64.27
2026-09-16T10:05:41Z,5.49,64.39
2026-09-16T10:06:41Z,5.51,64.65
2026-09-16T10:07:41Z,5.5,64.51
2026-09-16T10:15:41Z,5.52,64.85
2026-09-16T10:16:41Z,5.52,64.87
2026-09-16T10:17:41Z,5.53,64.94
2026-09-16T10:18:41Z,5.52,64.79
2026-09-16T10:19:41Z,5.51,64.62
2026-09-16T10:20:41Z,,64.93
2026-09-16T10:27:41Z,5.51,
2026-09-16T10:28:41Z,5.51,64.65
2026-09-16T10:29:41Z,5.51,64.75
2026-09-16T10:30:41Z,5.5,64.56
2026-09-16T10:31:41Z,5.51,64.67
2026-09-16T10:32:41Z,,64.61
2026-09-16T10:38:41Z,5.52,
2026-09-16T10:39:41Z,5.54,
2026-09-16T10:40:41Z,5.53,65.04
2026-09-16T10:41:41Z,5.54,65.25
2026-09-16T10:42:41Z,5.56,65.48
2026-09-16T10:43:41Z,,65.21
2026-09-16T10:44:41Z,,64.98
2026-09-16T10:47:41Z,5.57,65.63
2026-09-16T10:48:41Z,5.58,65.78
2026-09-16T10:49:41Z,5.56,65.5
2026-09-16T10:50:41Z,5.57,65.63
2026-09-16T10:51:41Z,5.58,65.84
2026-09-16T10:58:41Z,5.55,65.42
2026-09-16T10:59:41Z,5.56,65.59
2026-09-16T11:00:41Z,5.57,65.71
2026-09-16T11:01:41Z,5.57,65.73
2026-09-16T11:02:41Z,5.59,65.97
2026-09-16T11:04:41Z,5.58,65.84
2026-09-16T11:05:41Z,5.58,65.89
2026-09-16T11:06:41Z,5.59,65.94
2026-09-16T11:07:41Z,5.58,65.93
2026-09-16T11:08:41Z,5.6,66.21
2026-09-16T11:09:41Z,5.59,66.06
2026-09-16T11:15:41Z,5.58,65.81
2026-09-16T11:16:41Z,5.57,65.7
2026-09-16T11:17:41Z,5.58,65.81
2026-09-16T11:18:41Z,5.59,66.03
2026-09-16T11:19:41Z,5.58,65.89
2026-09-16T11:20:41Z,5.6,66.17
2026-09-16T11:27:41Z,5.59,65.96
2026-09-16T11:28:41Z,5.57,65.68
2026-09-16T11:29:41Z,5.58,65.91
2026-09-16T11:30:41Z,5.61,66.32
2026-09-16T11:31:41Z,5.62,66.51
2026-09-16T11:32:41Z,5.63,66.75
2026-09-16T11:39:41Z,5.66,67.26
2026-09-16T11:40:41Z,5.67,67.38
2026-09-16T11:41:41Z,5.66,67.22
2026-09-16T11:42:41Z,5.68,67.46
2026-09-16T11:43:41Z,5.67,67.39
2026-09-16T11:44:41Z,5.67,67.31
2026-09-16T11:50:41Z,5.69,67.63
2026-09-16T11:51:41Z,5.68,67.61
2026-09-16T11:52:41Z,5.69,67.7
2026-09-16T11:53:41Z,5.69,67.67
2026-09-16T11:54:41Z,5.69,67.7
2026-09-16T11:55:41Z,5.7,67.79
2026-09-16T12:03:41Z,5.73,68.3
2026-09-16T12:04:41Z,5.73,68.45
2026-09-16T12:05:41Z,5.73,68.42
2026-09-16T12:06:41Z,5.73,68.43
2026-09-16T12:07:41Z,5.72,68.22
2026-09-16T12:08:41Z,,68.5
2026-09-16T12:14:41Z,5.74,68.54
2026-09-16T12:15:41Z,5.75,68.64
2026-09-16T12:16:41Z,5.75,68.76
2026-09-16T12:17:41Z,5.76,68.83
2026-09-16T12:18:41Z,5.75,68.69
2026-09-16T12:19:41Z,5.75,68.65
2026-09-16T12:26:41Z,5.75,
2026-09-16T12:27:41Z,5.77,68.96
2026-09-16T12:28:41Z,5.76,68.9
2026-09-16T12:29:41Z,5.76,68.83
2026-09-16T12:30:41Z,5.75,68.71
2026-09-16T12:31:41Z,5.76,68.86
2026-09-16T12:38:41Z,5.76,68.91
2026-09-16T12:39:41Z,5.75,68.67
2026-09-16T12:40:41Z,5.76,68.81
2026-09-16T12:41:41Z,5.76,68.91
2026-09-16T12:42:41Z,5.77,69.05
2026-09-16T12:43:41Z,,68.97
2026-09-16T12:48:41Z,5.78,
2026-09-16T12:49:41Z,5.78,69.16
2026-09-16T12:50:41Z,5.78,69.21
2026-09-16T12:51:41Z,5.79,69.31
2026-09-16T12:52:41Z,5.8,69.63
2026-09-16T12:53:41Z,5.82,69.81
2026-09-16T12:54:41Z,,69.7
2026-09-16T13:00:41Z,5.86,
2026-09-16T13:01:41Z,5.87,
2026-09-16T13:02:41Z,5.87,70.75
2026-09-16T13:03:41Z,5.87,70.77
2026-09-16T13:04:41Z,5.88,70.93
2026-09-16T13:05:41Z,5.87,70.78
2026-09-16T13:06:41Z,,70.96
2026-09-16T13:13:41Z,5.9,
2026-09-16T13:14:41Z,5.9,71.28
2026-09-16T13:15:41Z,5.9,71.28
2026-09-16T13:16:41Z,5.9,71.2
2026-09-16T13:17:41Z,5.9,71.24
2026-09-16T13:18:41Z,,71.3
2026-09-16T13:19:41Z,,71.19
2026-09-16T13:25:41Z,5.92,
2026-09-16T13:26:41Z,5.92,71.53
2026-09-16T13:27:41Z,5.92,71.61
2026-09-16T13:28:41Z,5.92,71.61
2026-09-16T13:29:41Z,5.92,71.64
2026-09-16T13:30:41Z,5.93,71.75
2026-09-16T13:37:41Z,5.94,71.88
2026-09-16T13:38:41Z,5.93,71.75
2026-09-16T13:39:41Z,5.94,71.83
2026-09-16T13:40:41Z,5.94,71.97
2026-09-16T13:41:41Z,5.94,71.95
2026-09-16T13:47:41Z,5.95,
2026-09-16T13:48:41Z,5.95,72.02
2026-09-16T13:49:41Z,5.95,72.1
2026-09-16T13:50:41Z,5.96,72.17
2026-09-16T13:51:41Z,5.96,72.26
2026-09-16T13:52:41Z,5.96,72.25
2026-09-16T13:58:41Z,5.97,
2026-09-16T13:59:41Z,5.97,72.45
2026-09-16T14:00:41Z,5.97,72.48
2026-09-16T14:01:41Z,5.98,72.59
2026-09-16T14:02:41Z,5.97,72.34
2026-09-16T14:03:41Z,5.97,72.43
2026-09-16T14:04:41Z,5.97,72.49
2026-09-16T14:05:41Z,5.98,72.56
2026-09-16T14:06:41Z,5.98,72.53
2026-09-16T14:07:41Z,5.98,72.63
2026-09-16T14:08:41Z,5.98,72.53
2026-09-16T14:13:41Z,,72.69
2026-09-16T14:14:41Z,5.99,72.73
2026-09-16T14:15:41Z,6,72.91
2026-09-16T14:16:41Z,5.99,72.7
2026-09-16T14:17:41Z,5.99,72.67
2026-09-16T14:18:41Z,5.99,
2026-09-16T14:19:41Z,5.99,72.74
2026-09-16T14:20:41Z,5.99,72.81
2026-09-16T14:21:41Z,5.99,72.74
2026-09-16T14:22:41Z,6,72.83
2026-09-16T14:23:41Z,5.99,72.75
2026-09-16T14:24:41Z,5.99,72.77
2026-09-16T14:29:41Z,6,72.94
2026-09-16T14:30:41Z,6,72.89
2026-09-16T14:31:41Z,6,72.94
2026-09-16T14:32:41Z,6,72.89
2026-09-16T14:33:41Z,6,72.94
2026-09-16T14:34:41Z,6,72.93
2026-09-16T14:40:41Z,5.99,72.81
2026-09-16T14:41:41Z,6,72.87
2026-09-16T14:42:41Z,6,72.95
2026-09-16T14:43:41Z,6.01,73.04
2026-09-16T14:44:41Z,6.02,73.18
2026-09-16T14:45:41Z,6.02,73.32
2026-09-16T14:46:41Z,6.03,73.36
2026-09-16T14:47:41Z,6.03,73.37
2026-09-16T14:48:41Z,6.03,73.36
2026-09-16T14:49:41Z,6.02,73.31
2026-09-16T14:50:41Z,6.03,73.45
2026-09-16T14:54:41Z,,73.73
2026-09-16T14:55:41Z,6.05,73.78
2026-09-16T14:56:41Z,6.05,73.73
2026-09-16T14:57:41Z,6.06,73.85
2026-09-16T14:58:41Z,6.06,73.84
2026-09-16T14:59:41Z,6.05,73.72
2026-09-16T15:00:41Z,6.05,73.79
2026-09-16T15:08:41Z,6.04,73.57
2026-09-16T15:09:41Z,6.04,73.54
2026-09-16T15:10:41Z,6.04,73.56
2026-09-16T15:11:41Z,6.04,73.57
2026-09-16T15:12:41Z,6.05,73.69
2026-09-16T15:18:41Z,6.03,73.49
2026-09-16T15:19:41Z,6.04,73.52
2026-09-16T15:20:41Z,6.03,73.48
2026-09-16T15:21:41Z,6.03,73.46
2026-09-16T15:22:41Z,6.03,73.43
2026-09-16T15:28:41Z,6.02,73.33
2026-09-16T15:29:41Z,6.03,73.39
2026-09-16T15:30:41Z,6.04,73.55
2026-09-16T15:31:41Z,6.04,73.53
2026-09-16T15:32:41Z,6.04,73.61
2026-09-16T15:37:41Z,,73.55
2026-09-16T15:38:41Z,6.04,73.55
2026-09-16T15:39:41Z,6.04,73.57
2026-09-16T15:40:41Z,6.04,73.6
2026-09-16T15:41:41Z,6.04,73.55
2026-09-16T15:42:41Z,6.04,73.55
2026-09-16T15:47:41Z,,73.66
2026-09-16T15:48:41Z,6.05,73.78
2026-09-16T15:49:41Z,6.05,73.75
2026-09-16T15:50:41Z,6.05,73.81
2026-09-16T15:51:41Z,6.05,73.82
2026-09-16T15:52:41Z,6.05,
2026-09-16T15:57:41Z,,74.13
2026-09-16T15:58:41Z,,74.16
2026-09-16T15:59:41Z,6.07,74.05
2026-09-16T16:00:41Z,6.07,74.13
2026-09-16T16:01:41Z,6.08,74.23
2026-09-16T16:02:41Z,6.08,74.26
2026-09-16T16:03:41Z,6.08,
2026-09-16T16:08:41Z,,74.47
2026-09-16T16:09:41Z,,74.47
2026-09-16T16:10:41Z,6.09,74.48
2026-09-16T16:11:41Z,6.09,74.5
2026-09-16T16:12:41Z,6.1,74.55
2026-09-16T16:13:41Z,6.09,
2026-09-16T16:14:41Z,6.09,
2026-09-16T16:17:41Z,,74.54
2026-09-16T16:18:41Z,,74.47
2026-09-16T16:19:41Z,6.1,74.51
2026-09-16T16:20:41Z,6.1,74.63
2026-09-16T16:21:41Z,6.1,74.56
2026-09-16T16:22:41Z,6.1,
2026-09-16T16:23:41Z,6.1,
2026-09-16T16:24:41Z,6.1,
2026-09-16T16:27:41Z,,74.73
2026-09-16T16:28:41Z,,74.69
2026-09-16T16:29:41Z,6.11,74.75
2026-09-16T16:30:41Z,6.11,74.8
2026-09-16T16:31:41Z,6.11,74.73
2026-09-16T16:32:41Z,6.11,
2026-09-16T16:33:41Z,6.11,
2026-09-16T16:37:41Z,,75.22
2026-09-16T16:38:41Z,,75.36
2026-09-16T16:39:41Z,,75.26
2026-09-16T16:40:41Z,6.15,75.36
2026-09-16T16:41:41Z,6.16,75.52
2026-09-16T16:42:41Z,6.16,
2026-09-16T16:43:41Z,6.15,
2026-09-16T16:44:41Z,6.15,
2026-09-16T16:45:41Z,6.16,
2026-09-16T16:47:41Z,,75.49
2026-09-16T16:48:41Z,,75.6
2026-09-16T16:49:41Z,,75.59
2026-09-16T16:50:41Z,,75.63
2026-09-16T16:51:41Z,6.16,75.67
2026-09-16T16:52:41Z,6.17,
2026-09-16T16:53:41Z,6.17,
2026-09-16T16:54:41Z,6.18,
2026-09-16T16:55:41Z,6.18,
2026-09-16T16:58:41Z,,76.12
2026-09-16T16:59:41Z,,76.1
2026-09-16T17:00:41Z,,76.13
2026-09-16T17:01:41Z,6.19,76.17
2026-09-16T17:02:41Z,6.2,76.3
2026-09-16T17:03:41Z,6.2,
2026-09-16T17:04:41Z,6.21,
2026-09-16T17:05:41Z,6.21,
2026-09-16T17:06:41Z,6.21,
2026-09-16T17:08:41Z,,76.64
2026-09-16T17:09:41Z,,76.68
2026-09-16T17:10:41Z,,76.57
2026-09-16T17:11:41Z,6.22,76.67
2026-09-16T17:12:41Z,6.23,76.71
2026-09-16T17:13:41Z,6.23,
2026-09-16T17:14:41Z,6.23,
2026-09-16T17:15:41Z,6.23,
2026-09-16T17:16:41Z,6.24,
2026-09-16T17:18:41Z,,77.09
2026-09-16T17:19:41Z,,77.05
2026-09-16T17:20:41Z,,77.26
2026-09-16T17:21:41Z,,77.28
2026-09-16T17:22:41Z,6.27,77.39
2026-09-16T17:23:41Z,6.27,77.45
2026-09-16T17:24:41Z,6.27,
2026-09-16T17:25:41Z,6.27,
2026-09-16T17:26:41Z,6.28,
2026-09-16T17:30:41Z,6.27,77.49
2026-09-16T17:31:41Z,6.27,77.45
2026-09-16T17:32:41Z,6.27,77.51
2026-09-16T17:33:41Z,6.27,77.5
2026-09-16T17:34:41Z,6.28,
2026-09-16T17:35:41Z,6.28,
2026-09-16T17:38:41Z,,77.54
2026-09-16T17:39:41Z,,77.58
2026-09-16T17:40:41Z,6.27,77.49
2026-09-16T17:41:41Z,6.27,77.49
2026-09-16T17:42:41Z,6.27,77.53
2026-09-16T17:43:41Z,6.28,
2026-09-16T17:44:41Z,6.28,
2026-09-16T17:45:41Z,6.28,
2026-09-16T17:49:41Z,6.29,77.76
2026-09-16T17:50:41Z,6.29,77.82
2026-09-16T17:51:41Z,6.29,77.82
2026-09-16T17:52:41Z,6.29,77.84
2026-09-16T17:53:41Z,6.29,
2026-09-16T17:57:41Z,,78.02
2026-09-16T17:58:41Z,,78.13
2026-09-16T17:59:41Z,6.31,78.09
2026-09-16T18:00:41Z,6.31,78.06
2026-09-16T18:01:41Z,6.31,78.05
2026-09-16T18:02:41Z,6.31,78.05
2026-09-16T18:03:41Z,6.31,
2026-09-16T18:04:41Z,6.31,
2026-09-16T18:09:41Z,,78.1
2026-09-16T18:10:41Z,6.31,78.2
2026-09-16T18:11:41Z,6.31,78.18
2026-09-16T18:12:41Z,6.32,78.28
2026-09-16T18:13:41Z,6.32,78.27
2026-09-16T18:14:41Z,6.32,
2026-09-16T18:15:41Z,6.32,
2026-09-16T18:18:41Z,,78.41
2026-09-16T18:19:41Z,6.33,78.45
2026-09-16T18:20:41Z,6.34,78.61
2026-09-16T18:21:41Z,6.33,78.46
2026-09-16T18:22:41Z,6.33,78.41
2026-09-16T18:23:41Z,6.32,
2026-09-16T18:29:41Z,,78.41
2026-09-16T18:30:41Z,6.33,78.39
2026-09-16T18:31:41Z,6.32,78.36
2026-09-16T18:32:41Z,6.33,78.42
2026-09-16T18:33:41Z,6.33,78.46
2026-09-16T18:34:41Z,6.33,
2026-09-16T18:35:41Z,6.33,
2026-09-16T18:39:41Z,,78.53
2026-09-16T18:40:41Z,,78.53
2026-09-16T18:41:41Z,6.34,78.59
2026-09-16T18:42:41Z,6.34,78.57
2026-09-16T18:43:41Z,6.34,78.64
2026-09-16T18:44:41Z,6.34,78.66
2026-09-16T18:45:41Z,6.34,
2026-09-16T18:50:41Z,,78.85
2026-09-16T18:51:41Z,,78.86
2026-09-16T18:52:41Z,6.36,78.89
2026-09-16T18:53:41Z,6.35,78.83
2026-09-16T18:54:41Z,6.36,78.88
2026-09-16T18:55:41Z,6.36,78.95
2026-09-16T18:56:41Z,6.36,
2026-09-16T19:01:41Z,,79.25
2026-09-16T19:02:41Z,,79.29
2026-09-16T19:03:41Z,6.38,79.3
2026-09-16T19:04:41Z,6.38,79.34
2026-09-16T19:05:41Z,6.38,79.38
2026-09-16T19:06:41Z,6.39,
2026-09-16T19:07:41Z,6.38,
2026-09-16T19:12:41Z,,79.52
2026-09-16T19:13:41Z,6.39,79.52
2026-09-16T19:14:41Z,6.39,79.51
2026-09-16T19:15:41Z,6.4,79.57
2026-09-16T19:16:41Z,6.4,79.61
2026-09-16T19:17:41Z,6.4,
2026-09-16T19:22:41Z,,79.81
2026-09-16T19:23:41Z,,79.8
2026-09-16T19:24:41Z,6.41,79.85
2026-09-16T19:25:41Z,6.41,79.8
2026-09-16T19:26:41Z,6.41,79.79
2026-09-16T19:27:41Z,6.41,
2026-09-16T19:28:41Z,6.42,
2026-09-16T19:32:41Z,,79.95
2026-09-16T19:33:41Z,,79.91
2026-09-16T19:34:41Z,,79.93
2026-09-16T19:35:41Z,6.42,79.98
2026-09-16T19:36:41Z,6.42,80.02
2026-09-16T19:37:41Z,6.42,79.99
2026-09-16T19:38:41Z,6.42,
2026-09-16T19:39:41Z,6.42,
2026-09-16T19:40:41Z,6.42,
2026-09-16T19:43:41Z,,79.94
2026-09-16T19:44:41Z,,79.9
2026-09-16T19:45:41Z,6.42,79.91
2026-09-16T19:46:41Z,6.42,79.96
2026-09-16T19:47:41Z,6.42,79.9
2026-09-16T20:03:41Z,6.4,79.68
2026-09-16T20:04:41Z,6.4,79.7
2026-09-16T20:05:41Z,6.41,79.83
2026-09-16T20:06:41Z,6.41,79.84
2026-09-16T20:07:41Z,6.41,79.76
2026-09-16T20:08:41Z,6.41,79.74
2026-09-16T20:09:41Z,6.41,79.73
2026-09-16T20:12:41Z,6.41,79.85
2026-09-16T20:13:41Z,6.41,79.85
2026-09-16T20:14:41Z,6.41,79.82
2026-09-16T20:15:41Z,6.41,79.84
2026-09-16T20:16:41Z,6.41,79.84
2026-09-16T20:17:41Z,6.41,79.86
2026-09-16T20:22:41Z,6.41,79.76
2026-09-16T20:23:41Z,6.41,79.83
2026-09-16T20:24:41Z,6.41,79.77
2026-09-16T20:25:41Z,6.41,79.86
2026-09-16T20:26:41Z,6.41,79.85
2026-09-16T20:27:41Z,6.41,
2026-09-16T20:32:41Z,,79.8
2026-09-16T20:33:41Z,6.41,79.86
2026-09-16T20:34:41Z,6.42,79.96
2026-09-16T20:35:41Z,6.42,79.92
2026-09-16T20:36:41Z,6.42,80
2026-09-16T20:37:41Z,6.42,
2026-09-16T20:41:41Z,6.42,80.04
2026-09-16T20:42:41Z,6.43,80.09
2026-09-16T20:43:41Z,6.42,80.03
2026-09-16T20:44:41Z,6.42,79.95
2026-09-16T20:45:41Z,6.42,80
2026-09-16T20:46:41Z,6.42,79.95
2026-09-16T20:47:41Z,6.41,79.82
2026-09-16T20:48:41Z,6.41,79.84
2026-09-16T20:49:41Z,6.41,79.78
2026-09-16T20:50:41Z,6.41,79.87
2026-09-16T20:51:41Z,6.41,79.82
2026-09-16T20:52:41Z,6.42,79.91
2026-09-16T20:57:41Z,6.42,80.02
2026-09-16T20:58:41Z,6.42,79.97
2026-09-16T20:59:41Z,6.43,80.06
2026-09-16T21:00:41Z,6.42,80.05
2026-09-16T21:01:41Z,6.43,80.08
2026-09-16T21:02:41Z,6.42,80.03
2026-09-16T21:08:41Z,6.42,79.92
2026-09-16T21:09:41Z,6.42,79.91
2026-09-16T21:10:41Z,6.42,79.96
2026-09-16T21:11:41Z,6.42,79.9
2026-09-16T21:12:41Z,6.42,79.97
2026-09-16T21:18:41Z,6.41,79.82
2026-09-16T21:19:41Z,6.41,79.73
2026-09-16T21:20:41Z,6.41,79.77
2026-09-16T21:21:41Z,6.41,79.74
2026-09-16T21:22:41Z,6.4,79.67
2026-09-16T21:28:41Z,,79.64
2026-09-16T21:29:41Z,6.4,79.68
2026-09-16T21:30:41Z,6.4,79.67
2026-09-16T21:31:41Z,6.4,79.71
2026-09-16T21:32:41Z,6.4,79.68
2026-09-16T21:33:41Z,6.41,79.78
2026-09-16T21:40:41Z,6.42,79.93
2026-09-16T21:41:41Z,6.42,80.02
2026-09-16T21:42:41Z,6.42,80.03
2026-09-16T21:43:41Z,6.42,79.95
2026-09-16T21:44:41Z,6.42,
2026-09-16T21:48:41Z,6.43,80.1
2026-09-16T21:49:41Z,6.43,80.21
2026-09-16T21:50:41Z,6.43,80.06
2026-09-16T21:51:41Z,6.43,80.08
2026-09-16T21:52:41Z,6.42,80.02
2026-09-16T21:58:41Z,,80
2026-09-16T21:59:41Z,6.43,80.09
2026-09-16T22:00:41Z,6.41,79.88
2026-09-16T22:01:41Z,6.42,79.89
2026-09-16T22:02:41Z,6.42,79.95
2026-09-16T22:03:41Z,6.43,
2026-09-16T22:04:41Z,6.43,
2026-09-16T22:08:41Z,,79.89
2026-09-16T22:09:41Z,,79.93
2026-09-16T22:10:41Z,6.42,80.02
2026-09-16T22:11:41Z,6.42,80.03
2026-09-16T22:12:41Z,6.43,80.17
2026-09-16T22:13:41Z,6.42,79.9
2026-09-16T22:14:41Z,6.4,
2026-09-16T22:15:41Z,6.41,
2026-09-16T22:19:41Z,,79.33
2026-09-16T22:20:41Z,,79.19
2026-09-16T22:21:41Z,6.37,79.21
2026-09-16T22:22:41Z,6.37,79.12
2026-09-16T22:23:41Z,6.38,79.25
2026-09-16T22:24:41Z,6.36,79.04
2026-09-16T22:25:41Z,6.36,
2026-09-16T22:29:41Z,,79.19
2026-09-16T22:30:41Z,,79.13
2026-09-16T22:31:41Z,6.35,78.76
2026-09-16T22:32:41Z,6.35,78.76
2026-09-16T22:33:41Z,6.34,78.61
2026-09-16T22:34:41Z,6.32,78.35
2026-09-16T22:35:41Z,6.32,
2026-09-16T22:40:41Z,,77.79
2026-09-16T22:41:41Z,,77.69
2026-09-16T22:42:41Z,6.29,77.83
2026-09-16T22:43:41Z,6.3,78.03
2026-09-16T22:44:41Z,6.3,77.99
2026-09-16T22:45:41Z,6.29,77.82
2026-09-16T22:46:41Z,6.27,
2026-09-16T22:47:41Z,6.25,
2026-09-16T22:51:41Z,,77.27
2026-09-16T22:52:41Z,6.22,76.69
2026-09-16T22:53:41Z,6.23,76.77
2026-09-16T22:54:41Z,6.23,76.85
2026-09-16T22:55:41Z,6.22,76.56
2026-09-16T22:56:41Z,6.2,
2026-09-16T23:02:41Z,,75.49
2026-09-16T23:03:41Z,,75.73
2026-09-16T23:04:41Z,6.16,75.57
2026-09-16T23:05:41Z,6.15,75.38
2026-09-16T23:06:41Z,6.13,75.1
2026-09-16T23:07:41Z,6.13,75.03
2026-09-16T23:08:41Z,6.12,
2026-09-16T23:12:41Z,,74
2026-09-16T23:13:41Z,,73.58
2026-09-16T23:14:41Z,6.04,73.55
2026-09-16T23:15:41Z,6.05,73.76
2026-09-16T23:16:41Z,6.05,73.82
2026-09-16T23:17:41Z,6.05,
2026-09-16T23:18:41Z,6.07,
2026-09-16T23:22:41Z,,74.16
2026-09-16T23:23:41Z,,73.81
2026-09-16T23:24:41Z,,73.81
2026-09-16T23:25:41Z,6.05,73.72
2026-09-16T23:26:41Z,6.04,73.55
2026-09-16T23:27:41Z,6.02,73.18
2026-09-16T23:28:41Z,6.03,
2026-09-16T23:29:41Z,6.04,
2026-09-16T23:30:41Z,6.02,
2026-09-16T23:33:41Z,,72.2
2026-09-16T23:34:41Z,,72.1
2026-09-16T23:35:41Z,,71.87
2026-09-16T23:36:41Z,5.96,72.22
2026-09-16T23:37:41Z,5.96,72.22
2026-09-16T23:38:41Z,5.95,
2026-09-16T23:39:41Z,5.96,
2026-09-16T23:40:41Z,5.94,
2026-09-16T23:41:41Z,5.93,
2026-09-16T23:42:41Z,,71.63
2026-09-16T23:43:41Z,,71.23
2026-09-16T23:44:41Z,,71.65
2026-09-16T23:45:41Z,,72.14
2026-09-16T23:46:41Z,,71.65
2026-09-16T23:47:41Z,5.9,71.23
2026-09-16T23:48:41Z,5.89,
2026-09-16T23:49:41Z,5.87,
2026-09-16T23:50:41Z,5.86,
2026-09-16T23:51:41Z,5.87,
2026-09-16T23:53:41Z,,71.38
2026-09-16T23:54:41Z,,71.26
2026-09-16T23:55:41Z,,70.83
2026-09-16T23:56:41Z,,71.27
2026-09-16T23:57:41Z,,71.46
2026-09-16T23:58:41Z,5.91,
2026-09-16T23:59:41Z,5.92,
2026-09-17T00:00:41Z,5.91,
2026-09-17T00:01:41Z,5.86,
2026-09-17T00:02:41Z,5.89,
2026-09-17T00:04:41Z,,71.04
2026-09-17T00:05:41Z,,71.15
2026-09-17T00:06:41Z,,71.2
2026-09-17T00:07:41Z,,70.63
2026-09-17T00:08:41Z,,70.91
2026-09-17T00:09:41Z,,70.95
2026-09-17T00:10:41Z,6.52,
2026-09-17T00:11:41Z,6.53,
2026-09-17T00:12:41Z,5.9,
2026-09-17T00:13:41Z,5.87,
2026-09-17T00:14:41Z,5.88,
2026-09-17T01:01:41Z,,58.59
2026-09-17T01:02:41Z,,59.05
2026-09-17T01:03:41Z,,58.74
2026-09-17T01:04:41Z,,58.79
2026-09-17T01:05:41Z,,59
2026-09-17T01:07:41Z,5.15,
2026-09-17T01:08:41Z,5.89,
2026-09-17T01:09:41Z,5.89,
2026-09-17T01:10:41Z,5.87,
2026-09-17T01:11:41Z,5.92,
2026-09-17T01:12:41Z,,58
2026-09-17T01:13:41Z,,58.33
2026-09-17T01:14:41Z,,57.99
2026-09-17T01:15:41Z,,57.44
2026-09-17T01:16:41Z,,57.42
2026-09-17T01:18:41Z,5.8,
2026-09-17T01:19:41Z,5.78,
2026-09-17T01:20:41Z,5.93,
2026-09-17T01:21:41Z,5.93,
2026-09-17T01:22:41Z,5.01,
2026-09-17T01:24:41Z,,56.31
2026-09-17T01:25:41Z,,55.52
2026-09-17T01:26:41Z,,55.52
2026-09-17T01:27:41Z,,54.55
2026-09-17T01:28:41Z,,54.5
2026-09-17T01:29:41Z,4.88,
2026-09-17T01:30:41Z,4.85,
2026-09-17T01:31:41Z,5.75,
2026-09-17T01:32:41Z,5.76,
2026-09-17T01:33:41Z,6.67,
2026-09-17T01:34:41Z,5.79,54.13
2026-09-17T01:35:41Z,,53.81
2026-09-17T01:36:41Z,,54.31
2026-09-17T01:37:41Z,,54.47
2026-09-17T01:38:41Z,4.88,54.05
2026-09-17T01:39:41Z,4.88,54.08
2026-09-17T01:40:41Z,4.86,53.66
2026-09-17T01:41:41Z,4.84,53.45
2026-09-17T01:42:41Z,5.76,53.61
2026-09-17T01:47:41Z,,54.83
2026-09-17T01:48:41Z,4.91,54.52
2026-09-17T01:49:41Z,4.88,54
2026-09-17T01:50:41Z,5.74,53.31
2026-09-17T01:51:41Z,4.84,53.45
2026-09-17T01:52:41Z,4.82,
2026-09-17T01:57:41Z,,52.78
2026-09-17T01:58:41Z,5.73,53.01
2026-09-17T01:59:41Z,4.81,52.93
2026-09-17T02:00:41Z,4.85,53.58
2026-09-17T02:01:41Z,4.78,52.48
2026-09-17T02:02:41Z,4.8,52.65
2026-09-17T02:03:41Z,4.75,
2026-09-17T02:09:41Z,5.63,51.38
2026-09-17T02:10:41Z,5.64,51.54
2026-09-17T02:11:41Z,4.75,51.94
2026-09-17T02:12:41Z,4.74,51.66
2026-09-17T02:13:41Z,4.69,50.81
2026-09-17T02:14:41Z,4.69,50.85
2026-09-17T02:21:41Z,,51.03
2026-09-17T02:22:41Z,5.57,50.37
2026-09-17T02:23:41Z,4.69,50.84
2026-09-17T02:24:41Z,5.61,51.06
2026-09-17T02:25:41Z,4.66,50.37
2026-09-17T02:26:41Z,4.66,50.3
2026-09-17T02:33:41Z,,51.81
2026-09-17T02:34:41Z,6.67,51.32
2026-09-17T02:35:41Z,5.65,51.75
2026-09-17T02:36:41Z,5.65,51.7
2026-09-17T02:37:41Z,4.72,51.37
2026-09-17T02:38:41Z,5.61,51
2026-09-17T02:39:41Z,5.6,
2026-09-17T02:45:41Z,,49.81
2026-09-17T02:46:41Z,5.58,50.57
2026-09-17T02:47:41Z,5.6,50.82
2026-09-17T02:48:41Z,5.6,50.91
2026-09-17T02:49:41Z,5.58,50.62
2026-09-17T02:50:41Z,4.64,49.97
2026-09-17T02:51:41Z,5.54,
2026-09-17T02:58:41Z,,49.88
2026-09-17T02:59:41Z,,50.16
2026-09-17T03:00:41Z,5.57,50.32
2026-09-17T03:01:41Z,5.56,50.27
2026-09-17T03:02:41Z,4.65,50.21
2026-09-17T03:03:41Z,4.64,50.05
2026-09-17T03:04:41Z,5.53,
2026-09-17T03:10:41Z,,49.83
2026-09-17T03:11:41Z,,49.76
2026-09-17T03:12:41Z,4.62,49.79
2026-09-17T03:13:41Z,4.6,49.41
2026-09-17T03:14:41Z,4.56,48.72
2026-09-17T03:15:41Z,4.57,48.8
2026-09-17T03:16:41Z,4.54,
2026-09-17T03:24:41Z,,47.62
2026-09-17T03:25:41Z,,47.3
2026-09-17T03:26:41Z,4.47,47.19
2026-09-17T03:27:41Z,5.39,47.36
2026-09-17T03:28:41Z,4.47,47.26
2026-09-17T03:29:41Z,6.43,47.36
2026-09-17T03:30:41Z,6.47,
2026-09-17T03:37:41Z,,46.97
2026-09-17T03:38:41Z,4.46,46.99
2026-09-17T03:39:41Z,4.44,46.62
2026-09-17T03:40:41Z,4.47,47.11
2026-09-17T03:41:41Z,4.45,46.81
2026-09-17T03:42:41Z,4.47,
2026-09-17T03:43:41Z,4.47,
2026-09-17T03:49:41Z,,47.34
2026-09-17T03:50:41Z,4.52,48.03
2026-09-17T03:51:41Z,5.43,47.96
2026-09-17T03:52:41Z,4.49,47.5
2026-09-17T03:53:41Z,4.45,46.8
2026-09-17T03:54:41Z,4.43,46.44
2026-09-17T03:55:41Z,4.39,45.84
2026-09-17T03:56:41Z,4.39,45.83
2026-09-17T03:57:41Z,4.43,46.49
2026-09-17T03:58:41Z,5.37,47.01
2026-09-17T03:59:41Z,5.41,47.72
2026-09-17T04:00:41Z,5.54,47.69
2026-09-17T04:01:41Z,5.57,48.15
2026-09-17T04:08:41Z,4.49,
2026-09-17T04:09:41Z,4.51,47.94
2026-09-17T04:10:41Z,4.47,47.14
2026-09-17T04:11:41Z,4.43,46.56
2026-09-17T04:12:41Z,4.41,46.12
2026-09-17T04:13:41Z,4.42,46.4
2026-09-17T04:14:41Z,,46.93
2026-09-17T04:20:41Z,4.37,
2026-09-17T04:21:41Z,4.34,44.96
2026-09-17T04:22:41Z,4.32,44.74
2026-09-17T04:23:41Z,4.34,44.98
2026-09-17T04:24:41Z,4.37,45.57
2026-09-17T04:25:41Z,5.33,46.31
2026-09-17T04:26:41Z,,45.61
2026-09-17T04:33:41Z,5.42,
2026-09-17T04:34:41Z,4.4,
2026-09-17T04:35:41Z,4.39,45.82
2026-09-17T04:36:41Z,4.38,45.71
2026-09-17T04:37:41Z,4.41,46.18
2026-09-17T04:38:41Z,4.43,46.5
2026-09-17T04:44:41Z,4.43,46.44
2026-09-17T04:45:41Z,5.49,46.85
2026-09-17T04:46:41Z,4.42,46.28
2026-09-17T04:47:41Z,4.4,46.08
2026-09-17T04:48:41Z,4.39,45.87
2026-09-17T04:49:41Z,4.37,45.5
2026-09-17T04:57:41Z,4.26,
2026-09-17T04:58:41Z,4.25,
2026-09-17T04:59:41Z,4.22,42.91
2026-09-17T05:00:41Z,4.22,43.05
2026-09-17T05:01:41Z,4.26,43.59
2026-09-17T05:02:41Z,4.28,43.91
2026-09-17T05:03:41Z,,44.01
2026-09-17T06:00:41Z,4.51,47.87
2026-09-17T06:01:41Z,4.51,47.87
2026-09-17T06:02:41Z,4.53,48.11
2026-09-17T06:03:41Z,4.53,48.17
2026-09-17T06:04:41Z,4.53,48.17
2026-09-17T06:05:41Z,4.48,
2026-09-17T06:12:41Z,4.47,47.24
2026-09-17T06:13:41Z,4.49,47.6
2026-09-17T06:14:41Z,4.51,47.83
2026-09-17T06:15:41Z,5.6,48.67
2026-09-17T06:16:41Z,5.65,49.52
2026-09-17T06:17:41Z,,50.24
2026-09-17T06:22:41Z,4.65,50.27
2026-09-17T06:23:41Z,4.66,50.32
2026-09-17T06:24:41Z,4.63,49.88
2026-09-17T06:25:41Z,4.66,50.35
2026-09-17T06:26:41Z,5.74,51.14
2026-09-17T06:33:41Z,4.75,51.81
2026-09-17T06:34:41Z,4.69,50.88
2026-09-17T06:35:41Z,4.66,50.38
2026-09-17T06:36:41Z,4.63,49.84
2026-09-17T06:37:41Z,4.59,49.21
2026-09-17T06:38:41Z,4.58,48.96
2026-09-17T06:45:41Z,5.73,
2026-09-17T06:46:41Z,4.66,50.36
2026-09-17T06:47:41Z,4.64,50.06
2026-09-17T06:48:41Z,4.69,50.81
2026-09-17T06:49:41Z,4.69,50.87
2026-09-17T06:50:41Z,4.68,50.71
2026-09-17T06:51:41Z,4.68,50.77
2026-09-17T06:59:41Z,6,
2026-09-17T07:00:41Z,6.01,55.62
2026-09-17T07:01:41Z,4.99,55.97
2026-09-17T07:02:41Z,4.97,55.65
2026-09-17T07:03:41Z,4.97,55.57
2026-09-17T07:04:41Z,,56.04
2026-09-17T07:11:41Z,5.06,
2026-09-17T07:12:41Z,5.07,57.21
2026-09-17T07:13:41Z,5.05,56.9
2026-09-17T07:14:41Z,5.97,57.16
2026-09-17T07:15:41Z,6,57.61
2026-09-17T07:16:41Z,5.09,57.6
2026-09-17T07:17:41Z,,57.49
2026-09-17T07:23:41Z,5.07,
2026-09-17T07:24:41Z,6,57.6
2026-09-17T07:25:41Z,6.02,57.98
2026-09-17T07:26:41Z,5.13,58.25
2026-09-17T07:27:41Z,5.15,58.62
2026-09-17T07:28:41Z,,58.4
2026-09-17T07:29:41Z,,58.68
2026-09-17T07:35:41Z,6.12,
2026-09-17T07:36:41Z,5.19,
2026-09-17T07:37:41Z,5.18,59.18
2026-09-17T07:38:41Z,5.16,58.78
2026-09-17T07:39:41Z,5.14,58.53
2026-09-17T07:40:41Z,5.14,58.46
2026-09-17T07:41:41Z,,58.94
2026-09-17T07:48:41Z,6.14,
2026-09-17T07:49:41Z,6.14,60.01
2026-09-17T07:50:41Z,6.12,59.71
2026-09-17T07:51:41Z,5.22,59.79
2026-09-17T07:52:41Z,6.15,60.09
2026-09-17T07:53:41Z,,60.47
2026-09-17T07:54:41Z,,60.54
2026-09-17T08:01:41Z,5.25,
2026-09-17T08:02:41Z,5.25,60.35
2026-09-17T08:03:41Z,6.18,60.71
2026-09-17T08:04:41Z,6.21,61.2
2026-09-17T08:05:41Z,7.15,61.58
2026-09-17T08:06:41Z,,61.76
2026-09-17T08:07:41Z,,61.48
2026-09-17T08:13:41Z,6.22,
2026-09-17T08:14:41Z,6.26,61.94
2026-09-17T08:15:41Z,6.27,62.09
2026-09-17T08:16:41Z,6.26,62.01
2026-09-17T08:17:41Z,5.35,61.96
2026-09-17T08:18:41Z,,62.1
2026-09-17T08:19:41Z,,61.79
2026-09-17T08:26:41Z,5.4,
2026-09-17T08:27:41Z,5.4,62.82
2026-09-17T08:28:41Z,5.4,62.8
2026-09-17T08:29:41Z,5.4,62.85
2026-09-17T08:30:41Z,7.24,63.2
2026-09-17T08:31:41Z,6.34,63.33
2026-09-17T08:32:41Z,,63.48
2026-09-17T08:38:41Z,5.47,64.03
2026-09-17T08:39:41Z,6.39,64.1
2026-09-17T08:40:41Z,6.37,63.76
2026-09-17T08:41:41Z,6.37,63.79
2026-09-17T08:42:41Z,6.38,63.99
2026-09-17T08:43:41Z,5.47,64.05
2026-09-17T08:44:41Z,5.47,63.98
2026-09-17T08:45:41Z,5.48,64.24
2026-09-17T08:52:41Z,6.48,65.62
2026-09-17T08:53:41Z,5.58,65.93
2026-09-17T08:54:41Z,6.5,66.05
2026-09-17T08:55:41Z,6.51,66.26
2026-09-17T09:03:41Z,5.63,66.65
2026-09-17T09:04:41Z,5.61,66.28
2026-09-17T09:05:41Z,6.53,66.46
2026-09-17T09:06:41Z,7.44,66.58
2026-09-17T09:07:41Z,7.32,66.63
2026-09-17T09:13:41Z,5.67,67.34
2026-09-17T09:14:41Z,5.67,67.4
2026-09-17T09:15:41Z,6.45,67.42
2026-09-17T09:16:41Z,5.67,67.39
2026-09-17T09:17:41Z,6.46,67.47
2026-09-17T09:25:41Z,7.37,67.5
2026-09-17T09:26:41Z,7.38,67.71
2026-09-17T09:27:41Z,6.48,67.84
2026-09-17T09:28:41Z,6.49,68.05
2026-09-17T09:29:41Z,7.42,68.37
2026-09-17T09:30:41Z,7.43,68.62
2026-09-17T09:38:41Z,6.6,69.96
2026-09-17T09:39:41Z,6.6,69.93
2026-09-17T09:40:41Z,7.51,69.97
2026-09-17T09:41:41Z,6.61,70.05
2026-09-17T09:42:41Z,6.63,70.32
2026-09-17T09:49:41Z,,70.99
2026-09-17T09:50:41Z,8.37,71.24
2026-09-17T09:51:41Z,6.69,71.32
2026-09-17T09:52:41Z,7.47,71.34
2026-09-17T09:53:41Z,7.47,71.42
2026-09-17T09:54:41Z,7.6,71.41
2026-09-17T10:02:41Z,7.62,71.82
2026-09-17T10:03:41Z,8.4,71.71
2026-09-17T10:04:41Z,7.63,71.93
2026-09-17T10:05:41Z,7.64,72.08
2026-09-17T10:06:41Z,7.63,71.94
2026-09-17T10:07:41Z,6.71,
2026-09-17T11:04:41Z,5.99,
2026-09-17T11:05:41Z,6.76,72.58
2026-09-17T11:06:41Z,6.76,72.56
2026-09-17T11:07:41Z,5.98,72.63
2026-09-17T11:08:41Z,5.98,72.64
2026-09-17T11:09:41Z,5.99,72.74
2026-09-17T11:10:41Z,,72.76
2026-09-17T11:17:41Z,6.01,73.03
2026-09-17T11:18:41Z,6,72.96
2026-09-17T11:19:41Z,6,72.87
2026-09-17T11:20:41Z,6,72.98
2026-09-17T11:21:41Z,6.01,73.02
2026-09-17T11:22:41Z,,73.11
2026-09-17T11:30:41Z,6.02,73.32
2026-09-17T11:31:41Z,6.03,73.36
2026-09-17T11:32:41Z,6.03,73.45
2026-09-17T11:33:41Z,6.04,73.61
2026-09-17T11:34:41Z,6.05,73.71
2026-09-17T11:35:41Z,6.04,73.52
2026-09-17T11:36:41Z,6.03,73.48
2026-09-17T11:37:41Z,6.02,73.2
2026-09-17T11:38:41Z,6.02,73.17
2026-09-17T11:39:41Z,6.02,73.19
2026-09-17T11:40:41Z,6.02,73.25
2026-09-17T11:46:41Z,6.03,73.47
2026-09-17T11:47:41Z,6.04,73.64
2026-09-17T11:48:41Z,6.05,73.75
2026-09-17T11:49:41Z,6.04,73.59
2026-09-17T11:50:41Z,6.05,73.79
2026-09-17T11:51:41Z,6.05,73.83
2026-09-17T11:59:41Z,6.83,73.71
2026-09-17T12:00:41Z,6.82,73.64
2026-09-17T12:01:41Z,6.04,73.65
2026-09-17T12:02:41Z,6.05,73.71
2026-09-17T12:03:41Z,6.05,73.79
2026-09-17T12:04:41Z,6.06,73.85
2026-09-17T12:11:41Z,6.06,73.97
2026-09-17T12:12:41Z,6.07,74.02
2026-09-17T12:13:41Z,6.85,74.06
2026-09-17T12:14:41Z,6.06,73.94
2026-09-17T12:15:41Z,6.07,74.12
2026-09-17T12:16:41Z,,74.23
2026-09-17T12:23:41Z,6.89,74.75
2026-09-17T12:24:41Z,6.9,74.89
2026-09-17T12:25:41Z,6.9,74.96
2026-09-17T12:26:41Z,6.91,75.02
2026-09-17T12:27:41Z,6.13,75.08
2026-09-17T12:44:41Z,6.17,75.79
2026-09-17T12:45:41Z,6.19,76.18
2026-09-17T12:46:41Z,6.97,76.06
2026-09-17T12:47:41Z,7.89,76.35
2026-09-17T12:48:41Z,7,76.57
2026-09-17T12:49:41Z,6.21,76.37
2026-09-17T12:52:41Z,6.23,76.75
2026-09-17T12:53:41Z,6.23,76.83
2026-09-17T12:54:41Z,7.02,76.98
2026-09-17T12:55:41Z,6.26,77.22
2026-09-17T12:56:41Z,7.02,76.95
2026-09-17T12:57:41Z,7.04,
2026-09-17T13:03:41Z,,77.45
2026-09-17T13:04:41Z,6.26,77.34
2026-09-17T13:05:41Z,6.27,77.38
2026-09-17T13:06:41Z,6.27,77.38
2026-09-17T13:07:41Z,7.05,77.5
2026-09-17T13:08:41Z,6.28,77.59
2026-09-17T13:09:41Z,6.27,77.39
2026-09-17T13:10:41Z,7.04,77.23
2026-09-17T13:11:41Z,7.04,77.35
2026-09-17T13:12:41Z,7.07,77.81
2026-09-17T13:13:41Z,7.05,77.42
2026-09-17T13:18:41Z,6.27,
2026-09-17T13:19:41Z,6.27,77.5
2026-09-17T13:20:41Z,6.28,77.55
2026-09-17T13:21:41Z,6.26,77.36
2026-09-17T13:22:41Z,6.25,77.15
2026-09-17T13:23:41Z,7.8,76.98
2026-09-17T13:24:41Z,,77.23
2026-09-17T13:31:41Z,6.24,
2026-09-17T13:32:41Z,6.25,77.09
2026-09-17T13:33:41Z,6.24,77
2026-09-17T13:34:41Z,6.25,77.07
2026-09-17T13:35:41Z,6.24,76.92
2026-09-17T13:36:41Z,6.21,76.52
2026-09-17T13:37:41Z,,76.32
2026-09-17T13:42:41Z,6.25,
2026-09-17T13:43:41Z,7.03,
2026-09-17T13:44:41Z,7.03,77.17
2026-09-17T13:45:41Z,7.05,77.52
2026-09-17T13:46:41Z,7.05,77.44
2026-09-17T13:47:41Z,6.27,77.52
2026-09-17T13:48:41Z,,77.38
2026-09-17T13:54:41Z,6.28,
2026-09-17T13:55:41Z,6.27,
2026-09-17T13:56:41Z,6.29,77.77
2026-09-17T13:57:41Z,7.07,77.79
2026-09-17T13:58:41Z,6.28,77.69
2026-09-17T13:59:41Z,7.07,77.86
2026-09-17T14:00:41Z,,77.92
2026-09-17T14:01:41Z,,77.95
2026-09-17T14:08:41Z,6.28,
2026-09-17T14:09:41Z,7.05,77.47
2026-09-17T14:10:41Z,7.05,77.53
2026-09-17T14:11:41Z,7.05,77.49
2026-09-17T14:12:41Z,7.06,77.57
2026-09-17T14:13:41Z,,77.46
2026-09-17T14:14:41Z,,77.53
2026-09-17T14:17:41Z,6.28,77.62
2026-09-17T14:18:41Z,6.28,77.68
2026-09-17T14:19:41Z,6.29,77.82
2026-09-17T14:20:41Z,6.29,77.74
2026-09-17T14:21:41Z,7.85,77.81
2026-09-17T14:29:41Z,7.09,78.05
2026-09-17T14:30:41Z,6.31,78.05
2026-09-17T14:31:41Z,6.3,77.95
2026-09-17T14:32:41Z,7.07,77.8
2026-09-17T14:33:41Z,7.07,77.87
2026-09-17T14:34:41Z,7.07,77.83
2026-09-17T14:41:41Z,6.27,77.53
2026-09-17T14:42:41Z,6.27,77.49
2026-09-17T14:43:41Z,6.27,77.47
2026-09-17T14:44:41Z,7.05,77.5
2026-09-17T14:45:41Z,6.28,77.6
2026-09-17T14:46:41Z,7.05,77.51
2026-09-17T14:52:41Z,6.29,77.73
2026-09-17T14:53:41Z,6.28,77.7
2026-09-17T14:54:41Z,6.29,77.77
2026-09-17T14:55:41Z,7.07,77.8
2026-09-17T14:56:41Z,6.29,77.74
2026-09-17T14:57:41Z,7.07,77.76
2026-09-17T15:05:41Z,6.27,77.45
2026-09-17T15:06:41Z,6.27,77.47
2026-09-17T15:07:41Z,6.27,77.49
2026-09-17T15:08:41Z,6.27,77.38
2026-09-17T15:09:41Z,7.05,77.43
2026-09-17T15:10:41Z,7.05,77.49
2026-09-17T15:18:41Z,6.29,77.71
2026-09-17T15:19:41Z,6.29,77.71
2026-09-17T15:20:41Z,6.29,77.82
2026-09-17T15:21:41Z,7.07,77.77
2026-09-17T15:22:41Z,7.85,77.8
2026-09-17T15:23:41Z,6.29,77.85
2026-09-17T15:32:41Z,6.3,77.89
2026-09-17T15:33:41Z,7.08,77.89
2026-09-17T15:34:41Z,7.08,77.95
2026-09-17T15:35:41Z,7.08,77.99
2026-09-17T15:36:41Z,6.3,78.01
2026-09-17T15:43:41Z,,77.95
2026-09-17T15:44:41Z,6.3,77.94
2026-09-17T15:45:41Z,6.3,77.88
2026-09-17T15:46:41Z,6.3,77.91
2026-09-17T15:47:41Z,6.3,77.93
2026-09-17T15:48:41Z,6.29,77.8
2026-09-17T15:55:41Z,,77.76
2026-09-17T15:56:41Z,6.28,77.69
2026-09-17T15:57:41Z,7.06,77.55
2026-09-17T15:58:41Z,7.06,77.7
2026-09-17T15:59:41Z,7.06,77.68
2026-09-17T16:00:41Z,7.07,77.77
2026-09-17T16:01:41Z,6.28,77.7
2026-09-17T16:02:41Z,6.29,77.75
2026-09-17T16:03:41Z,7.07,77.75
2026-09-17T16:04:41Z,6.29,77.76
2026-09-17T16:05:41Z,6.29,77.78
2026-09-17T16:11:41Z,6.27,
2026-09-17T16:12:41Z,6.27,77.46
2026-09-17T16:13:41Z,6.27,77.38
2026-09-17T16:14:41Z,6.27,77.39
2026-09-17T16:15:41Z,6.26,77.36
2026-09-17T16:16:41Z,6.26,77.33
2026-09-17T16:23:41Z,6.23,
2026-09-17T16:24:41Z,7.02,77.01
2026-09-17T16:25:41Z,6.25,77.13
2026-09-17T16:26:41Z,6.24,77
2026-09-17T16:27:41Z,6.24,76.89
2026-09-17T16:28:41Z,7.01,76.84
2026-09-17T16:29:41Z,,76.95
2026-09-17T16:36:41Z,7.02,
2026-09-17T16:37:41Z,7.02,76.87
2026-09-17T16:38:41Z,6.24,76.94
2026-09-17T16:39:41Z,6.24,76.92
2026-09-17T16:40:41Z,6.24,76.91
2026-09-17T16:41:41Z,6.24,76.94
2026-09-17T16:42:41Z,,76.91
2026-09-17T16:48:41Z,6.22,
2026-09-17T16:49:41Z,6.22,76.67
2026-09-17T16:50:41Z,6.23,76.71
2026-09-17T16:51:41Z,6.22,76.68
2026-09-17T16:52:41Z,6.23,76.73
2026-09-17T16:53:41Z,7.01,76.71
2026-09-17T17:00:41Z,6.22,
2026-09-17T17:01:41Z,6.21,
2026-09-17T17:02:41Z,6.98,76.22
2026-09-17T17:03:41Z,6.2,76.26
2026-09-17T17:04:41Z,6.19,76.06
2026-09-17T17:05:41Z,6.18,75.89
2026-09-17T17:06:41Z,,75.94
2026-09-17T17:12:41Z,6.16,
2026-09-17T17:13:41Z,6.16,
2026-09-17T17:14:41Z,6.16,75.53
2026-09-17T17:15:41Z,6.16,75.63
2026-09-17T17:16:41Z,6.16,75.62
2026-09-17T17:17:41Z,,75.67
2026-09-17T17:18:41Z,,75.64
2026-09-17T17:24:41Z,6.19,
2026-09-17T17:25:41Z,6.19,76.1
2026-09-17T17:26:41Z,6.97,76.18
2026-09-17T17:27:41Z,6.2,76.2
2026-09-17T17:28:41Z,6.98,76.3
2026-09-17T17:29:41Z,,76.43
2026-09-17T17:30:41Z,,76.53
2026-09-17T17:35:41Z,7,
2026-09-17T17:36:41Z,7.01,
2026-09-17T17:37:41Z,7.01,76.78
2026-09-17T17:38:41Z,6.23,76.8
2026-09-17T17:39:41Z,6.23,76.71
2026-09-17T17:40:41Z,6.23,76.78
2026-09-17T17:41:41Z,,76.75
2026-09-17T17:42:41Z,,76.76
2026-09-17T17:47:41Z,6.23,
2026-09-17T17:48:41Z,6.22,76.65
2026-09-17T17:49:41Z,7,76.56
2026-09-17T17:50:41Z,6.22,76.6
2026-09-17T17:51:41Z,6.22,76.53
2026-09-17T17:52:41Z,6.21,76.42
2026-09-17T17:53:41Z,,76.38
2026-09-17T17:59:41Z,6.21,
2026-09-17T18:00:41Z,6.2,
2026-09-17T18:01:41Z,6.98,76.33
2026-09-17T18:02:41Z,6.99,76.4
2026-09-17T18:03:41Z,6.21,76.46
2026-09-17T18:04:41Z,6.21,76.44
2026-09-17T18:05:41Z,,76.43
2026-09-17T18:13:41Z,7,
2026-09-17T18:14:41Z,7,76.57
2026-09-17T18:15:41Z,6.22,76.66
2026-09-17T18:16:41Z,6.22,76.53
2026-09-17T18:17:41Z,6.22,76.63
2026-09-17T18:18:41Z,,76.62
2026-09-17T18:19:41Z,,76.62
2026-09-17T18:25:41Z,6.23,
2026-09-17T18:26:41Z,6.23,
2026-09-17T18:27:41Z,6.23,76.86
2026-09-17T18:28:41Z,6.23,76.81
2026-09-17T18:29:41Z,6.24,76.97
2026-09-17T18:30:41Z,7.02,77
2026-09-17T18:31:41Z,,76.91
2026-09-17T18:38:41Z,6.24,
2026-09-17T18:39:41Z,6.24,76.97
2026-09-17T18:40:41Z,6.24,76.96
2026-09-17T18:41:41Z,6.24,76.96
2026-09-17T18:42:41Z,6.24,76.9
2026-09-17T18:43:41Z,,76.87
2026-09-17T18:44:41Z,,76.99
2026-09-17T18:49:41Z,7.02,
2026-09-17T18:50:41Z,7,76.66
2026-09-17T18:51:41Z,7.01,76.81
2026-09-17T18:52:41Z,6.23,76.75
2026-09-17T18:53:41Z,6.23,76.83
2026-09-17T18:54:41Z,7.02,76.93
2026-09-17T18:55:41Z,,76.88
2026-09-17T19:03:41Z,7.02,
2026-09-17T19:04:41Z,7.03,
2026-09-17T19:05:41Z,6.25,77.11
2026-09-17T19:06:41Z,7.03,77.1
2026-09-17T19:07:41Z,7.03,77.14
2026-09-17T19:08:41Z,6.25,77.08
2026-09-17T19:09:41Z,,77.09
2026-09-17T19:10:41Z,,77.09
2026-09-17T19:16:41Z,6.25,
2026-09-17T19:17:41Z,6.25,
2026-09-17T19:18:41Z,6.26,77.2
2026-09-17T19:19:41Z,7.03,77.16
2026-09-17T19:20:41Z,6.26,77.2
2026-09-17T19:21:41Z,6.26,77.23
2026-09-17T19:22:41Z,,77.3
2026-09-17T19:23:41Z,,77.26
2026-09-17T19:30:41Z,6.27,
2026-09-17T19:31:41Z,6.27,77.4
2026-09-17T19:32:41Z,7.06,77.57
2026-09-17T19:33:41Z,7.05,77.5
2026-09-17T19:34:41Z,6.28,77.56
2026-09-17T19:35:41Z,6.28,77.62
2026-09-17T19:36:41Z,,77.52
2026-09-17T19:43:41Z,,77.64
2026-09-17T19:44:41Z,6.28,77.67
2026-09-17T19:45:41Z,6.28,77.66
2026-09-17T19:46:41Z,6.28,77.66
2026-09-17T19:47:41Z,6.28,77.64
2026-09-17T19:48:41Z,6.28,77.69
2026-09-17T19:54:41Z,6.29,77.86
2026-09-17T19:55:41Z,6.3,77.96
2026-09-17T19:56:41Z,6.3,77.92
2026-09-17T19:57:41Z,7.08,77.92
2026-09-17T19:58:41Z,6.3,78.01
2026-09-17T19:59:41Z,6.3,77.92
2026-09-17T20:00:41Z,6.31,
2026-09-17T20:08:41Z,6.31,78.17
2026-09-17T20:09:41Z,6.32,78.28
2026-09-17T20:10:41Z,6.32,78.24
2026-09-17T20:11:41Z,7.09,78.2
2026-09-17T20:12:41Z,6.31,78.15
2026-09-17T20:13:41Z,6.31,78.16
2026-09-17T20:20:41Z,6.3,77.89
2026-09-17T20:21:41Z,6.3,77.96
2026-09-17T20:22:41Z,6.29,77.87
2026-09-17T20:23:41Z,7.08,77.94
2026-09-17T20:24:41Z,7.08,78.04
2026-09-17T20:25:41Z,6.31,78.06
2026-09-17T20:34:41Z,6.32,78.37
2026-09-17T20:35:41Z,6.31,78.07
2026-09-17T20:36:41Z,6.3,77.93
2026-09-17T20:37:41Z,6.29,77.83
2026-09-17T20:38:41Z,6.3,77.96
2026-09-17T20:46:41Z,6.31,78.1
2026-09-17T20:47:41Z,6.31,78.12
2026-09-17T20:48:41Z,6.31,78.14
2026-09-17T20:49:41Z,6.31,78.18
2026-09-17T20:50:41Z,6.31,78.15
2026-09-17T20:51:41Z,6.31,78.2
2026-09-17T21:00:41Z,6.31,78.2
2026-09-17T21:01:41Z,6.32,78.24
2026-09-17T21:02:41Z,7.1,78.3
2026-09-17T21:03:41Z,6.32,78.28
2026-09-17T21:04:41Z,6.33,78.38
2026-09-17T21:05:41Z,6.33,78.43
2026-09-17T21:13:41Z,6.33,78.42
2026-09-17T21:14:41Z,6.33,78.44
2026-09-17T21:15:41Z,6.33,78.39
2026-09-17T21:16:41Z,6.33,78.39
2026-09-17T21:17:41Z,6.33,78.43
2026-09-17T21:26:41Z,6.34,78.62
2026-09-17T21:27:41Z,6.33,78.52
2026-09-17T21:28:41Z,6.33,78.5
2026-09-17T21:29:41Z,6.33,78.54
2026-09-17T21:30:41Z,6.33,78.53
2026-09-17T21:31:41Z,6.34,78.57
2026-09-17T21:39:41Z,6.32,78.37
2026-09-17T21:40:41Z,6.32,78.21
2026-09-17T21:41:41Z,6.32,78.29
2026-09-17T21:42:41Z,6.31,78.11
2026-09-17T21:43:41Z,6.3,77.89
2026-09-17T21:44:41Z,,77.99
2026-09-17T21:51:41Z,6.31,78.13
2026-09-17T21:52:41Z,6.3,77.94
2026-09-17T21:53:41Z,6.29,77.77
2026-09-17T21:54:41Z,6.29,77.76
2026-09-17T21:55:41Z,6.3,77.88
2026-09-17T21:56:41Z,6.3,77.93
2026-09-17T22:04:41Z,6.3,77.9
2026-09-17T22:05:41Z,6.95,77.91
2026-09-17T22:06:41Z,6.94,77.86
2026-09-17T22:07:41Z,6.29,77.75
2026-09-17T22:08:41Z,6.94,77.73
2026-09-17T22:09:41Z,6.29,77.8
2026-09-17T22:17:41Z,6.27,77.41
2026-09-17T22:18:41Z,6.27,77.51
2026-09-17T22:19:41Z,6.26,77.31
2026-09-17T22:20:41Z,6.27,77.41
2026-09-17T22:21:41Z,6.27,77.49
2026-09-17T22:22:41Z,6.26,77.26
2026-09-17T22:30:41Z,6.21,76.52
2026-09-17T22:31:41Z,6.2,76.26
2026-09-17T22:32:41Z,6.19,76.07
2026-09-17T22:33:41Z,6.2,76.24
2026-09-17T22:34:41Z,6.15,75.43
2026-09-17T22:35:41Z,6.15,75.38
2026-09-17T22:42:41Z,6.79,75.31
2026-09-17T22:43:41Z,6.8,75.4
2026-09-17T22:44:41Z,6.8,75.4
2026-09-17T22:45:41Z,6.16,75.59
2026-09-17T22:46:41Z,6.15,75.39
2026-09-17T22:47:41Z,6.13,75.14
2026-09-17T22:48:41Z,6.13,75.17
2026-09-17T22:49:41Z,6.12,74.92
2026-09-17T22:56:41Z,6.13,75.06
2026-09-17T22:57:41Z,6.12,75.01
2026-09-17T22:58:41Z,6.11,74.71
2026-09-17T22:59:41Z,6.11,74.76
2026-09-17T23:00:41Z,6.1,74.62
2026-09-17T23:01:41Z,6.74,74.46
2026-09-17T23:09:41Z,6.06,73.89
2026-09-17T23:10:41Z,6.7,73.83
2026-09-17T23:11:41Z,6.05,73.68
2026-09-17T23:12:41Z,6.01,73.06
2026-09-17T23:13:41Z,6.01,73.13
2026-09-17T23:14:41Z,6.02,73.21
2026-09-17T23:21:41Z,,73.13
2026-09-17T23:22:41Z,5.98,72.56
2026-09-17T23:23:41Z,5.99,72.66
2026-09-17T23:24:41Z,6.63,72.66
2026-09-17T23:25:41Z,5.97,72.41
2026-09-17T23:26:41Z,6.62,72.46
2026-09-17T23:33:41Z,,71.65
2026-09-17T23:34:41Z,5.93,71.68
2026-09-17T23:35:41Z,5.91,71.34
2026-09-17T23:36:41Z,6.57,71.51
2026-09-17T23:37:41Z,5.91,71.42
2026-09-17T23:38:41Z,5.88,
2026-09-17T23:39:41Z,5.92,
2026-09-17T23:45:41Z,,71.08
2026-09-17T23:46:41Z,,71.06
2026-09-17T23:47:41Z,5.86,70.57
2026-09-17T23:48:41Z,5.88,70.85
2026-09-17T23:49:41Z,5.87,70.77
2026-09-17T23:50:41Z,5.88,70.89
2026-09-17T23:51:41Z,5.87,
2026-09-17T23:52:41Z,5.85,
2026-09-18T00:00:41Z,,70.44
2026-09-18T00:01:41Z,,70.19
2026-09-18T00:02:41Z,5.84,70.2
2026-09-18T00:03:41Z,6.47,69.89
2026-09-18T00:04:41Z,6.49,70.2
2026-09-18T00:05:41Z,6.48,
2026-09-18T00:06:41Z,6.5,
2026-09-18T00:12:41Z,,68.6
2026-09-18T00:13:41Z,,68.27
2026-09-18T00:14:41Z,,68.69
2026-09-18T00:15:41Z,6.44,69.31
2026-09-18T00:16:41Z,5.76,68.84
2026-09-18T00:17:41Z,5.73,68.42
2026-09-18T00:18:41Z,5.75,
2026-09-18T00:19:41Z,6.38,
2026-09-18T00:20:41Z,6.41,
2026-09-18T00:25:41Z,,68.15
2026-09-18T00:26:41Z,,68.3
2026-09-18T00:27:41Z,,68.7
2026-09-18T00:28:41Z,,68.21
2026-09-18T00:29:41Z,5.71,68.04
2026-09-18T00:30:41Z,5.72,68.15
2026-09-18T00:31:41Z,6.36,
2026-09-18T00:32:41Z,6.35,
2026-09-18T00:33:41Z,6.35,
2026-09-18T00:34:41Z,5.69,
2026-09-18T01:05:41Z,,62.51
2026-09-18T01:06:41Z,,62.85
2026-09-18T01:07:41Z,,62.64
2026-09-18T01:08:41Z,6.14,62.13
2026-09-18T01:09:41Z,6.09,61.36
2026-09-18T01:10:41Z,6.11,61.69
2026-09-18T01:11:41Z,6.16,
2026-09-18T01:12:41Z,6.2,
2026-09-18T01:13:41Z,5.4,
2026-09-18T01:18:41Z,,63.13
2026-09-18T01:19:41Z,,63.16
2026-09-18T01:20:41Z,7.12,63.38
2026-09-18T01:21:41Z,6.19,63.02
2026-09-18T01:22:41Z,6.15,62.35
2026-09-18T01:23:41Z,5.35,61.96
2026-09-18T01:24:41Z,5.35,
2026-09-18T01:25:41Z,5.28,
2026-09-18T01:31:41Z,,60.55
2026-09-18T01:32:41Z,,60.71
2026-09-18T01:33:41Z,6.01,60
2026-09-18T01:34:41Z,5.23,59.91
2026-09-18T01:35:41Z,5.22,59.87
2026-09-18T01:36:41Z,5.24,60.13
2026-09-18T01:37:41Z,5.24,
2026-09-18T01:38:41Z,6.01,
2026-09-18T01:43:41Z,,59.6
2026-09-18T01:44:41Z,,58.93
2026-09-18T01:45:41Z,,58.24
2026-09-18T01:46:41Z,5.93,58.68
2026-09-18T01:47:41Z,5.14,58.45
2026-09-18T01:48:41Z,5.11,
2026-09-18T01:49:41Z,5.09,
2026-09-18T01:50:41Z,5.07,
2026-09-18T01:51:41Z,5.1,
2026-09-18T01:55:41Z,,59.38
2026-09-18T01:56:41Z,,59.64
2026-09-18T01:57:41Z,,59.66
2026-09-18T01:58:41Z,5.19,59.3
2026-09-18T01:59:41Z,5.15,58.63
2026-09-18T02:00:41Z,5.13,58.36
2026-09-18T02:01:41Z,6.04,
2026-09-18T02:02:41Z,6.04,
2026-09-18T02:08:41Z,,58.71
2026-09-18T02:09:41Z,5.15,58.64
2026-09-18T02:10:41Z,5.12,58.12
2026-09-18T02:11:41Z,5.1,57.79
2026-09-18T02:12:41Z,5.1,57.73
2026-09-18T02:13:41Z,5.07,57.25
2026-09-18T02:14:41Z,5.05,
2026-09-18T02:21:41Z,,57.41
2026-09-18T02:22:41Z,5.03,56.57
2026-09-18T02:23:41Z,5.04,56.69
2026-09-18T02:24:41Z,4.98,55.78
2026-09-18T02:25:41Z,5,56.05
2026-09-18T02:26:41Z,5.01,56.3
2026-09-18T02:27:41Z,5.93,
2026-09-18T02:33:41Z,,55.36
2026-09-18T02:34:41Z,4.94,55.16
2026-09-18T02:35:41Z,4.93,54.98
2026-09-18T02:36:41Z,4.88,54.13
2026-09-18T02:37:41Z,4.88,54.16
2026-09-18T02:38:41Z,4.85,
2026-09-18T02:39:41Z,5.8,
2026-09-18T02:45:41Z,,56.38
2026-09-18T02:46:41Z,,56.06
2026-09-18T02:47:41Z,5.93,56.41
2026-09-18T02:48:41Z,5.03,56.63
2026-09-18T02:49:41Z,5.01,56.33
2026-09-18T02:50:41Z,5.02,56.43
2026-09-18T02:51:41Z,5.02,
2026-09-18T02:57:41Z,,55.65
2026-09-18T02:58:41Z,,55.47
2026-09-18T02:59:41Z,4.98,55.69
2026-09-18T03:00:41Z,4.97,55.67
2026-09-18T03:01:41Z,5.84,54.97
2026-09-18T03:02:41Z,5.9,55.92
2026-09-18T03:03:41Z,4.95,
2026-09-18T03:04:41Z,4.9,
2026-09-18T03:11:41Z,,55.61
2026-09-18T03:12:41Z,5.89,55.75
2026-09-18T03:13:41Z,4.98,55.68
2026-09-18T03:14:41Z,4.91,54.55
2026-09-18T03:15:41Z,4.92,54.83
2026-09-18T03:16:41Z,4.93,
2026-09-18T03:23:41Z,4.87,53.86
2026-09-18T03:24:41Z,4.82,53.08
2026-09-18T03:25:41Z,4.87,53.85
2026-09-18T03:26:41Z,4.89,54.33
2026-09-18T03:27:41Z,4.9,54.45
2026-09-18T03:28:41Z,4.9,
2026-09-18T03:35:41Z,,55.66
2026-09-18T03:36:41Z,4.97,55.57
2026-09-18T03:37:41Z,4.97,55.51
2026-09-18T03:38:41Z,5.86,55.3
2026-09-18T03:39:41Z,4.9,54.44
2026-09-18T03:40:41Z,4.91,54.52
2026-09-18T03:47:41Z,5.83,54.77
2026-09-18T03:48:41Z,5.84,54.85
2026-09-18T03:49:41Z,5.85,55.11
2026-09-18T03:50:41Z,4.95,55.23
2026-09-18T03:51:41Z,4.91,54.53
2026-09-18T03:52:41Z,4.87,53.99
2026-09-18T03:57:41Z,4.91,54.54
2026-09-18T03:58:41Z,4.91,54.65
2026-09-18T03:59:41Z,5.81,54.45
2026-09-18T04:00:41Z,4.91,54.63
2026-09-18T04:01:41Z,4.91,54.55
2026-09-18T04:02:41Z,4.9,54.47
2026-09-18T04:09:41Z,4.91,54.59
2026-09-18T04:10:41Z,4.96,55.39
2026-09-18T04:11:41Z,4.96,55.44
2026-09-18T04:12:41Z,4.94,55.08
2026-09-18T04:13:41Z,4.94,55.09
2026-09-18T04:14:41Z,4.91,54.65
2026-09-18T04:22:41Z,4.93,54.99
2026-09-18T04:23:41Z,4.97,55.52
2026-09-18T04:24:41Z,4.98,55.7
2026-09-18T04:25:41Z,4.94,55.04
2026-09-18T04:26:41Z,5.84,54.84
2026-09-18T04:27:41Z,4.93,54.94
2026-09-18T04:33:41Z,5.88,55.55
2026-09-18T04:34:41Z,5.89,55.83
2026-09-18T04:35:41Z,5.87,55.51
2026-09-18T04:36:41Z,4.92,54.71
2026-09-18T04:37:41Z,5.84,54.95
2026-09-18T04:38:41Z,4.9,54.45
2026-09-18T04:46:41Z,4.9,54.49
2026-09-18T04:47:41Z,4.91,54.57
2026-09-18T04:48:41Z,4.89,54.17
2026-09-18T04:49:41Z,5.81,54.5
2026-09-18T04:50:41Z,6.88,54.99
2026-09-18T04:51:41Z,5.85,55.16
2026-09-18T04:59:41Z,,53.87
2026-09-18T05:00:41Z,4.85,53.63
2026-09-18T05:01:41Z,4.81,52.83
2026-09-18T05:02:41Z,4.82,53.06
2026-09-18T05:03:41Z,4.79,52.57
2026-09-18T05:04:41Z,4.77,
2026-09-18T05:11:41Z,,54.95
2026-09-18T05:12:41Z,4.9,54.43
2026-09-18T05:13:41Z,4.89,54.21
2026-09-18T05:14:41Z,4.84,53.35
2026-09-18T05:15:41Z,5.81,54.43
2026-09-18T05:16:41Z,4.9,54.41
2026-09-18T05:17:41Z,4.9,
2026-09-18T05:23:41Z,,54.93
2026-09-18T05:24:41Z,4.89,54.3
2026-09-18T05:25:41Z,5.8,54.19
2026-09-18T05:26:41Z,4.87,53.96
2026-09-18T05:27:41Z,5.81,54.42
2026-09-18T05:28:41Z,5.8,54.33
2026-09-18T05:29:41Z,5.82,
2026-09-18T05:35:41Z,,54.39
2026-09-18T05:36:41Z,,54.8
2026-09-18T05:37:41Z,4.91,54.51
2026-09-18T05:38:41Z,4.92,54.81
2026-09-18T05:39:41Z,4.87,53.86
2026-09-18T05:40:41Z,4.88,54.02
2026-09-18T05:41:41Z,4.92,
2026-09-18T05:42:41Z,4.91,
2026-09-18T07:02:41Z,,62.36
2026-09-18T07:03:41Z,,62.8
2026-09-18T07:04:41Z,,62.75
2026-09-18T07:05:41Z,,62.59
2026-09-18T07:06:41Z,,62.44
2026-09-18T07:07:41Z,6.3,62.73
2026-09-18T07:08:41Z,7.27,
2026-09-18T07:09:41Z,6.39,
2026-09-18T07:10:41Z,5.5,
2026-09-18T07:11:41Z,5.48,
2026-09-18T07:12:41Z,6.39,
2026-09-18T07:14:41Z,,63.88
2026-09-18T07:15:41Z,,64.13
2026-09-18T07:16:41Z,,64.23
2026-09-18T07:17:41Z,,64.07
2026-09-18T07:18:41Z,,64.07
2026-09-18T07:19:41Z,5.47,63.99
2026-09-18T07:20:41Z,5.46,
2026-09-18T07:21:41Z,5.47,
2026-09-18T07:22:41Z,5.47,
2026-09-18T07:23:41Z,5.45,
2026-09-18T07:24:41Z,6.37,
2026-09-18T07:28:41Z,,64.74
2026-09-18T07:29:41Z,,65
2026-09-18T07:30:41Z,,64.93
2026-09-18T07:31:41Z,,64.9
2026-09-18T07:32:41Z,6.43,64.89
2026-09-18T07:33:41Z,6.41,
2026-09-18T07:34:41Z,5.5,
2026-09-18T07:35:41Z,6.43,
2026-09-18T07:36:41Z,5.51,
2026-09-18T07:39:41Z,,64.1
2026-09-18T07:40:41Z,,64.25
2026-09-18T07:41:41Z,,64.32
2026-09-18T07:42:41Z,,64.34
2026-09-18T07:43:41Z,,64.25
2026-09-18T07:44:41Z,6.42,64.69
2026-09-18T07:45:41Z,5.49,
2026-09-18T07:46:41Z,5.49,
2026-09-18T07:47:41Z,6.38,
2026-09-18T07:48:41Z,5.5,
2026-09-18T07:49:41Z,5.49,
2026-09-18T07:52:41Z,,64.78
2026-09-18T07:53:41Z,,64.72
2026-09-18T07:54:41Z,,64.57
2026-09-18T07:55:41Z,,64.82
2026-09-18T07:56:41Z,,64.42
2026-09-18T07:57:41Z,,64.7
2026-09-18T07:58:41Z,6.3,
2026-09-18T07:59:41Z,6.3,
2026-09-18T08:00:41Z,6.3,
2026-09-18T08:01:41Z,6.3,
2026-09-18T08:02:41Z,5.52,
2026-09-18T08:05:41Z,,65.12
2026-09-18T08:06:41Z,,65.12
2026-09-18T08:07:41Z,,65.24
2026-09-18T08:08:41Z,,65.05
2026-09-18T08:09:41Z,,65.14
2026-09-18T08:10:41Z,,64.92
2026-09-18T08:11:41Z,5.52,
2026-09-18T08:12:41Z,6.29,
2026-09-18T08:13:41Z,6.29,
2026-09-18T08:14:41Z,5.51,
2026-09-18T08:15:41Z,5.5,
2026-09-18T08:19:41Z,,63.03
2026-09-18T08:20:41Z,,62.88
2026-09-18T08:21:41Z,,63.25
2026-09-18T08:22:41Z,,63.63
2026-09-18T08:23:41Z,5.46,63.83
2026-09-18T08:24:41Z,5.45,
2026-09-18T08:25:41Z,6.26,
2026-09-18T08:26:41Z,6.27,
2026-09-18T08:27:41Z,5.49,
2026-09-18T08:28:41Z,6.26,
2026-09-18T08:32:41Z,,64.16
2026-09-18T08:33:41Z,,64.17
2026-09-18T08:34:41Z,,64.19
2026-09-18T08:35:41Z,,64.26
2026-09-18T08:36:41Z,,64.22
2026-09-18T08:37:41Z,5.5,
2026-09-18T08:38:41Z,5.52,
2026-09-18T08:39:41Z,6.3,
2026-09-18T08:40:41Z,6.3,
2026-09-18T08:41:41Z,6.32,
2026-09-18T08:44:41Z,,65.14
2026-09-18T08:45:41Z,,65.21
2026-09-18T08:46:41Z,,65.21
2026-09-18T08:47:41Z,,65.37
2026-09-18T08:48:41Z,,65.76
2026-09-18T08:49:41Z,6.36,65.8
2026-09-18T08:50:41Z,6.37,
2026-09-18T08:51:41Z,5.59,
2026-09-18T08:52:41Z,5.59,
2026-09-18T08:53:41Z,6.38,
2026-09-18T08:54:41Z,6.38,
2026-09-18T08:57:41Z,,66.69
2026-09-18T08:58:41Z,,66.91
2026-09-18T08:59:41Z,,67.03
2026-09-18T09:00:41Z,,67.14
2026-09-18T09:01:41Z,,67.16
2026-09-18T09:02:41Z,6.45,67.38
2026-09-18T09:03:41Z,5.67,
2026-09-18T09:04:41Z,6.45,
2026-09-18T09:05:41Z,6.44,
2026-09-18T09:06:41Z,6.43,
2026-09-18T09:07:41Z,5.63,
2026-09-18T09:10:41Z,,67.38
2026-09-18T09:11:41Z,,67.46
2026-09-18T09:12:41Z,,67.72
2026-09-18T09:13:41Z,,67.67
2026-09-18T09:14:41Z,5.69,67.78
2026-09-18T09:15:41Z,6.49,67.96
2026-09-18T09:16:41Z,6.49,
2026-09-18T09:17:41Z,6.51,
2026-09-18T09:18:41Z,6.53,
2026-09-18T09:19:41Z,6.54,
2026-09-18T09:23:41Z,,68.99
2026-09-18T09:24:41Z,,69.14
2026-09-18T09:25:41Z,,69.11
2026-09-18T09:26:41Z,,68.81
2026-09-18T09:27:41Z,,68.91
2026-09-18T09:28:41Z,5.73,68.42
2026-09-18T09:29:41Z,5.72,
2026-09-18T09:30:41Z,6.51,
2026-09-18T09:31:41Z,5.73,
2026-09-18T09:32:41Z,5.73,
2026-09-18T09:35:41Z,,68.48
2026-09-18T09:36:41Z,,68.73
2026-09-18T09:37:41Z,,69.17
2026-09-18T09:38:41Z,,68.91
2026-09-18T09:39:41Z,,69.18
2026-09-18T09:40:41Z,5.78,69.19
2026-09-18T09:41:41Z,5.78,
2026-09-18T09:42:41Z,6.57,
2026-09-18T09:43:41Z,5.79,
2026-09-18T09:44:41Z,6.58,
2026-09-18T09:45:41Z,5.8,
2026-09-18T09:48:41Z,,69.43
2026-09-18T09:49:41Z,,69.07
2026-09-18T09:50:41Z,,68.98
2026-09-18T09:51:41Z,,69.09
2026-09-18T09:52:41Z,,69.37
2026-09-18T09:53:41Z,5.8,69.48
2026-09-18T09:54:41Z,5.76,
2026-09-18T09:55:41Z,5.76,
2026-09-18T09:56:41Z,5.77,
2026-09-18T09:57:41Z,6.58,
2026-09-18T10:00:41Z,,69.01
2026-09-18T10:01:41Z,,69.11
2026-09-18T10:02:41Z,,69.48
2026-09-18T10:03:41Z,,69.5
2026-09-18T10:04:41Z,,69.59
2026-09-18T10:05:41Z,,69.67
2026-09-18T10:06:41Z,6.58,
2026-09-18T10:07:41Z,5.8,
2026-09-18T10:08:41Z,6.58,
2026-09-18T10:09:41Z,6.58,
2026-09-18T10:10:41Z,6.57,
2026-09-18T10:11:41Z,5.8,
2026-09-18T10:13:41Z,5.79,69.43
2026-09-18T10:14:41Z,5.8,69.54
2026-09-18T10:15:41Z,5.79,69.36
2026-09-18T10:16:41Z,5.78,69.16
2026-09-18T10:17:41Z,5.77,69.01
2026-09-18T10:23:41Z,,68.44
2026-09-18T10:24:41Z,5.71,68.07
2026-09-18T10:25:41Z,5.72,68.17
2026-09-18T10:26:41Z,5.73,68.4
2026-09-18T10:27:41Z,5.75,68.66
2026-09-18T10:28:41Z,5.73,
2026-09-18T10:29:41Z,5.72,
2026-09-18T10:35:41Z,,69.36
2026-09-18T10:36:41Z,,69.33
2026-09-18T10:37:41Z,,69.47
2026-09-18T10:38:41Z,5.8,69.59
2026-09-18T10:39:41Z,5.81,69.64
2026-09-18T10:40:41Z,5.81,69.68
2026-09-18T10:41:41Z,5.83,
2026-09-18T10:42:41Z,5.84,
2026-09-18T10:48:41Z,,70.82
2026-09-18T10:49:41Z,,70.8
2026-09-18T10:50:41Z,5.88,70.95
2026-09-18T10:51:41Z,5.9,71.27
2026-09-18T10:52:41Z,5.91,71.38
2026-09-18T10:53:41Z,5.92,
2026-09-18T10:54:41Z,5.93,
2026-09-18T10:55:41Z,5.93,
2026-09-18T11:01:41Z,,72.13
2026-09-18T11:02:41Z,,72.31
2026-09-18T11:03:41Z,5.97,72.35
2026-09-18T11:04:41Z,5.97,72.43
2026-09-18T11:05:41Z,5.98,72.56
2026-09-18T11:06:41Z,5.97,
2026-09-18T11:07:41Z,5.98,
2026-09-18T11:12:41Z,,73
2026-09-18T11:13:41Z,,72.99
2026-09-18T11:14:41Z,,73.18
2026-09-18T11:15:41Z,,73.35
2026-09-18T11:16:41Z,6.02,73.33
2026-09-18T11:17:41Z,6.02,73.32
2026-09-18T11:18:41Z,6.03,
2026-09-18T11:19:41Z,6.03,
2026-09-18T11:20:41Z,6.82,
2026-09-18T11:21:41Z,6.81,
2026-09-18T11:25:41Z,,73.7
2026-09-18T11:26:41Z,,73.47
2026-09-18T11:27:41Z,,73.58
2026-09-18T11:28:41Z,,73.66
2026-09-18T11:29:41Z,6.05,73.73
2026-09-18T11:30:41Z,6.06,73.95
2026-09-18T11:31:41Z,6.06,
2026-09-18T11:32:41Z,6.06,
2026-09-18T11:33:41Z,6.06,
2026-09-18T11:34:41Z,6.08,
2026-09-18T11:38:41Z,,73.75
2026-09-18T11:39:41Z,,74
2026-09-18T11:40:41Z,,74.04
2026-09-18T11:41:41Z,6.06,73.92
2026-09-18T11:42:41Z,6.09,74.47
2026-09-18T11:43:41Z,6.09,
2026-09-18T11:44:41Z,6.06,
2026-09-18T11:45:41Z,6.08,
2026-09-18T11:46:41Z,6.08,
2026-09-18T11:50:41Z,,74.5
2026-09-18T11:51:41Z,,74.37
2026-09-18T11:52:41Z,,74.53
2026-09-18T11:53:41Z,6.08,74.3
2026-09-18T11:54:41Z,6.87,74.37
2026-09-18T11:55:41Z,6.1,74.67
2026-09-18T11:56:41Z,6.11,
2026-09-18T11:57:41Z,6.1,
2026-09-18T12:04:41Z,,75.29
2026-09-18T12:05:41Z,,75.39
2026-09-18T12:06:41Z,6.14,75.33
2026-09-18T12:07:41Z,6.16,75.52
2026-09-18T12:08:41Z,6.14,75.34
2026-09-18T12:09:41Z,6.15,
2026-09-18T12:10:41Z,6.15,
2026-09-18T12:11:41Z,6.15,
2026-09-18T12:15:41Z,,75.28
2026-09-18T12:16:41Z,,75.55
2026-09-18T12:17:41Z,,75.36
2026-09-18T12:18:41Z,6.15,75.42
2026-09-18T12:19:41Z,6.15,75.43
2026-09-18T12:20:41Z,6.15,75.44
2026-09-18T12:21:41Z,6.14,75.21
2026-09-18T12:22:41Z,6.13,
2026-09-18T12:23:41Z,6.13,
2026-09-18T12:29:41Z,,74.82
2026-09-18T12:30:41Z,,74.98
2026-09-18T12:31:41Z,6.12,74.94
2026-09-18T12:32:41Z,6.12,74.99
2026-09-18T12:33:41Z,6.91,75.16
2026-09-18T12:34:41Z,6.14,75.26
2026-09-18T12:35:41Z,6.15,
2026-09-18T12:41:41Z,,75.28
2026-09-18T12:42:41Z,6.13,75.18
2026-09-18T12:43:41Z,6.13,75.14
2026-09-18T12:44:41Z,6.14,75.19
2026-09-18T12:45:41Z,6.16,75.53
2026-09-18T12:46:41Z,6.14,
2026-09-18T12:47:41Z,6.15,
2026-09-18T12:54:41Z,6.16,75.52
2026-09-18T12:55:41Z,6.15,75.47
2026-09-18T12:56:41Z,6.15,75.42
2026-09-18T12:57:41Z,6.16,75.6
2026-09-18T12:58:41Z,6.15,75.45
2026-09-18T12:59:41Z,6.16,75.56
2026-09-18T13:00:41Z,6.16,
2026-09-18T13:07:41Z,,76.14
2026-09-18T13:08:41Z,,76.1
2026-09-18T13:09:41Z,6.18,75.93
2026-09-18T13:10:41Z,6.19,76.06
2026-09-18T13:11:41Z,6.19,76.09
2026-09-18T13:12:41Z,6.19,76.12
2026-09-18T13:13:41Z,6.18,
2026-09-18T13:14:41Z,6.19,
2026-09-18T13:20:41Z,,76.5
2026-09-18T13:21:41Z,,76.62
2026-09-18T13:22:41Z,6.21,76.42
2026-09-18T13:23:41Z,6.21,76.4
2026-09-18T13:24:41Z,6.19,76.07
2026-09-18T13:25:41Z,6.19,76.06
2026-09-18T13:26:41Z,6.19,
2026-09-18T13:31:41Z,6.17,75.78
2026-09-18T13:32:41Z,6.18,76.01
2026-09-18T13:33:41Z,6.18,75.93
2026-09-18T13:34:41Z,6.18,75.93
2026-09-18T13:35:41Z,6.19,76.03
2026-09-18T13:42:41Z,6.2,76.33
2026-09-18T13:43:41Z,6.2,76.19
2026-09-18T13:44:41Z,6.2,76.21
2026-09-18T13:45:41Z,6.21,76.41
2026-09-18T13:46:41Z,6.21,76.5
2026-09-18T13:47:41Z,6.22,76.6
2026-09-18T13:54:41Z,6.2,76.34
2026-09-18T13:55:41Z,6.21,76.37
2026-09-18T13:56:41Z,6.2,76.34
2026-09-18T13:57:41Z,6.22,76.55
2026-09-18T13:58:41Z,6.21,76.51
2026-09-18T13:59:41Z,6.21,76.39
2026-09-18T14:07:41Z,6.21,76.43
2026-09-18T14:08:41Z,6.2,76.3
2026-09-18T14:09:41Z,6.2,76.24
2026-09-18T14:10:41Z,6.19,76.03
2026-09-18T14:11:41Z,6.19,76.18
2026-09-18T14:12:41Z,6.19,76.1
2026-09-18T14:20:41Z,6.19,76.14
2026-09-18T14:21:41Z,6.19,76.13
2026-09-18T14:22:41Z,6.18,76
2026-09-18T14:23:41Z,6.19,76.04
2026-09-18T14:24:41Z,6.18,75.93
2026-09-18T14:25:41Z,6.18,
2026-09-18T14:32:41Z,,75.78
2026-09-18T14:33:41Z,6.18,75.91
2026-09-18T14:34:41Z,6.18,75.94
2026-09-18T14:35:41Z,6.18,76.01
2026-09-18T14:36:41Z,6.16,75.68
2026-09-18T14:37:41Z,6.15,75.39
2026-09-18T14:44:41Z,6.16,75.62
2026-09-18T14:45:41Z,6.14,75.34
2026-09-18T14:46:41Z,6.14,75.29
2026-09-18T14:47:41Z,6.14,75.19
2026-09-18T14:48:41Z,6.13,75.17
2026-09-18T14:49:41Z,6.14,
2026-09-18T14:57:41Z,6.1,74.67
2026-09-18T14:58:41Z,6.1,74.6
2026-09-18T14:59:41Z,6.1,74.6
2026-09-18T15:00:41Z,6.07,74.1
2026-09-18T15:01:41Z,6.07,74.02
2026-09-18T15:02:41Z,,74.15
2026-09-18T15:09:41Z,6.07,
2026-09-18T15:10:41Z,6.07,74.15
2026-09-18T15:11:41Z,6.08,74.28
2026-09-18T15:12:41Z,6.07,74.16
2026-09-18T15:13:41Z,6.08,74.2
2026-09-18T15:14:41Z,6.07,74.05
2026-09-18T15:21:41Z,6.08,
2026-09-18T15:22:41Z,6.07,74.13
2026-09-18T15:23:41Z,6.08,74.28
2026-09-18T15:24:41Z,6.08,74.3
2026-09-18T15:25:41Z,6.08,74.31
2026-09-18T15:26:41Z,6.1,74.51
2026-09-18T15:27:41Z,,74.43
2026-09-18T15:34:41Z,6.12,74.85
2026-09-18T15:35:41Z,6.11,74.84
2026-09-18T15:36:41Z,6.11,74.8
2026-09-18T15:37:41Z,6.12,74.9
2026-09-18T15:38:41Z,6.11,74.76
2026-09-18T15:39:41Z,,74.86
2026-09-18T15:46:41Z,6.13,
2026-09-18T15:47:41Z,6.13,75.06
2026-09-18T15:48:41Z,6.12,75.01
2026-09-18T15:49:41Z,6.12,74.99
2026-09-18T15:50:41Z,6.12,74.91
2026-09-18T15:51:41Z,6.12,74.95
2026-09-18T15:52:41Z,,74.84
2026-09-18T16:01:41Z,6.1,74.64
2026-09-18T16:02:41Z,6.1,74.64
2026-09-18T16:03:41Z,6.11,74.77
2026-09-18T16:04:41Z,6.12,74.91
2026-09-18T16:05:41Z,6.12,74.92
2026-09-18T16:06:41Z,6.12,
2026-09-18T16:13:41Z,6.14,75.28
2026-09-18T16:14:41Z,6.14,75.33
2026-09-18T16:15:41Z,6.15,75.46
2026-09-18T16:16:41Z,6.15,75.47
2026-09-18T16:17:41Z,6.16,75.65
2026-09-18T16:18:41Z,,75.66
2026-09-18T16:26:41Z,6.19,76.12
2026-09-18T16:27:41Z,6.2,76.2
2026-09-18T16:28:41Z,6.2,76.31
2026-09-18T16:29:41Z,6.2,76.35
2026-09-18T16:30:41Z,6.2,76.32
2026-09-18T16:31:41Z,6.21,76.39
2026-09-18T16:39:41Z,6.22,76.62
2026-09-18T16:40:41Z,6.23,76.7
2026-09-18T16:41:41Z,6.22,76.64
2026-09-18T16:42:41Z,6.22,76.57
2026-09-18T16:43:41Z,6.22,76.63
2026-09-18T16:51:41Z,6.22,76.66
2026-09-18T16:52:41Z,6.23,76.78
2026-09-18T16:53:41Z,6.23,76.77
2026-09-18T16:54:41Z,6.23,76.82
2026-09-18T16:55:41Z,6.23,76.83
2026-09-18T17:04:41Z,,77.52
2026-09-18T17:05:41Z,6.29,77.71
2026-09-18T17:06:41Z,6.29,77.85
2026-09-18T17:07:41Z,6.29,77.82
2026-09-18T17:08:41Z,6.3,77.92
2026-09-18T17:09:41Z,6.3,78
2026-09-18T17:10:41Z,6.31,
2026-09-18T17:18:41Z,,78.78
2026-09-18T17:19:41Z,6.35,78.73
2026-09-18T17:20:41Z,6.35,78.79
2026-09-18T17:21:41Z,6.35,78.77
2026-09-18T17:22:41Z,6.35,78.87
2026-09-18T17:23:41Z,6.36,78.97
2026-09-18T17:24:41Z,6.36,
2026-09-18T17:32:41Z,,79.2
2026-09-18T17:33:41Z,6.38,79.3
2026-09-18T17:34:41Z,6.38,79.32
2026-09-18T17:35:41Z,6.39,79.48
2026-09-18T17:36:41Z,6.39,79.5
2026-09-18T17:37:41Z,6.39,
2026-09-18T17:43:41Z,,80.04
2026-09-18T17:44:41Z,,80.01
2026-09-18T17:45:41Z,6.42,79.97
2026-09-18T17:46:41Z,6.42,79.95
2026-09-18T17:47:41Z,6.42,79.93
2026-09-18T17:48:41Z,6.42,79.98
2026-09-18T17:49:41Z,6.42,
2026-09-18T17:50:41Z,6.4,
2026-09-18T17:56:41Z,,79.24
2026-09-18T17:57:41Z,,79.16
2026-09-18T17:58:41Z,,79.19
2026-09-18T17:59:41Z,6.36,79.03
2026-09-18T18:00:41Z,6.36,79.03
2026-09-18T18:01:41Z,6.36,78.94
2026-09-18T18:02:41Z,6.36,78.95
2026-09-18T18:03:41Z,6.35,
2026-09-18T18:04:41Z,6.34,
2026-09-18T18:10:41Z,,77.42
2026-09-18T18:11:41Z,,77.37
2026-09-18T18:12:41Z,6.27,77.41
2026-09-18T18:13:41Z,6.26,77.34
2026-09-18T18:14:41Z,6.27,77.43
2026-09-18T18:15:41Z,6.27,77.44
2026-09-18T18:16:41Z,6.28,
2026-09-18T18:23:41Z,,77.28
2026-09-18T18:24:41Z,6.26,77.27
2026-09-18T18:25:41Z,6.26,77.2
2026-09-18T18:26:41Z,6.25,77.06
2026-09-18T18:27:41Z,6.25,77.04
2026-09-18T18:28:41Z,6.24,
2026-09-18T18:29:41Z,6.24,
2026-09-18T18:35:41Z,,76.91
2026-09-18T18:36:41Z,,76.96
2026-09-18T18:37:41Z,6.25,77.06
2026-09-18T18:38:41Z,6.25,77.17
2026-09-18T18:39:41Z,6.25,77.08
2026-09-18T18:40:41Z,6.25,77.09
2026-09-18T18:41:41Z,6.25,
2026-09-18T18:48:41Z,,77.39
2026-09-18T18:49:41Z,6.26,77.26
2026-09-18T18:50:41Z,6.25,77.19
2026-09-18T18:51:41Z,6.26,77.3
2026-09-18T18:52:41Z,6.26,77.22
2026-09-18T18:53:41Z,6.26,
2026-09-18T18:54:41Z,6.25,
2026-09-18T19:01:41Z,,76.89
2026-09-18T19:02:41Z,,76.88
2026-09-18T19:03:41Z,6.23,76.85
2026-09-18T19:04:41Z,6.24,76.91
2026-09-18T19:05:41Z,6.24,76.95
2026-09-18T19:06:41Z,6.25,
2026-09-18T19:07:41Z,6.25,
2026-09-18T19:08:41Z,6.25,
2026-09-18T19:13:41Z,,76.95
2026-09-18T19:14:41Z,,76.89
2026-09-18T19:15:41Z,6.24,76.89
2026-09-18T19:16:41Z,6.23,76.75
2026-09-18T19:17:41Z,6.22,76.69
2026-09-18T19:18:41Z,6.23,
2026-09-18T19:19:41Z,6.23,
2026-09-18T19:20:41Z,6.23,
2026-09-18T19:26:41Z,,76.76
2026-09-18T19:27:41Z,,76.9
2026-09-18T19:28:41Z,,77.08
2026-09-18T19:29:41Z,6.24,76.98
2026-09-18T19:30:41Z,6.25,77.08
2026-09-18T19:31:41Z,6.25,77.14
2026-09-18T19:32:41Z,6.25,
2026-09-18T19:33:41Z,6.24,
2026-09-18T19:34:41Z,6.24,
2026-09-18T19:38:41Z,,76.56
2026-09-18T19:39:41Z,,76.53
2026-09-18T19:40:41Z,,76.51
2026-09-18T19:41:41Z,,76.34
2026-09-18T19:42:41Z,6.2,76.35
2026-09-18T19:43:41Z,6.21,76.39
2026-09-18T19:44:41Z,6.19,
2026-09-18T19:45:41Z,6.19,
2026-09-18T19:46:41Z,6.17,
2026-09-18T19:51:41Z,,75.3
2026-09-18T19:52:41Z,,75.17
2026-09-18T19:53:41Z,,75.26
2026-09-18T19:54:41Z,6.14,75.19
2026-09-18T19:55:41Z,6.13,75.02
2026-09-18T19:56:41Z,6.12,75.01
2026-09-18T19:57:41Z,6.12,
2026-09-18T19:58:41Z,6.12,
2026-09-18T19:59:41Z,6.12,
2026-09-18T20:04:41Z,,74.79
2026-09-18T20:05:41Z,,74.73
2026-09-18T20:06:41Z,,74.65
2026-09-18T20:07:41Z,,74.49
2026-09-18T20:08:41Z,6.09,74.46
2026-09-18T20:09:41Z,6.08,74.29
2026-09-18T20:10:41Z,6.09,
2026-09-18T20:11:41Z,6.09,
2026-09-18T20:12:41Z,6.09,
2026-09-18T20:13:41Z,6.09,
2026-09-18T20:16:41Z,,74.38
2026-09-18T20:17:41Z,,74.21
2026-09-18T20:18:41Z,,74.24
2026-09-18T20:19:41Z,,74.16
2026-09-18T20:20:41Z,6.07,74.11
2026-09-18T20:21:41Z,6.07,
2026-09-18T20:22:41Z,6.07,
2026-09-18T20:23:41Z,6.06,
2026-09-18T20:24:41Z,6.05,
2026-09-18T20:25:41Z,6.06,
2026-09-18T20:29:41Z,,73.62
2026-09-18T20:30:41Z,,73.54
2026-09-18T20:31:41Z,6.04,73.64
2026-09-18T20:32:41Z,6.04,73.66
2026-09-18T20:33:41Z,6.05,73.77
2026-09-18T20:34:41Z,6.04,73.62
2026-09-18T20:35:41Z,6.04,73.57
2026-09-18T20:40:41Z,,72.92
2026-09-18T20:41:41Z,,72.93
2026-09-18T20:42:41Z,6,72.83
2026-09-18T20:43:41Z,5.99,72.74
2026-09-18T20:44:41Z,5.98,72.64
2026-09-18T20:45:41Z,5.97,72.41
2026-09-18T20:46:41Z,5.95,
2026-09-18T20:47:41Z,5.94,
2026-09-18T20:52:41Z,,72.21
2026-09-18T20:53:41Z,,72.34
2026-09-18T20:54:41Z,5.96,72.31
2026-09-18T20:55:41Z,5.96,72.19
2026-09-18T20:56:41Z,5.96,72.18
2026-09-18T20:57:41Z,5.95,
2026-09-18T20:58:41Z,5.96,
2026-09-18T20:59:41Z,5.96,
2026-09-18T21:05:41Z,,72.53
2026-09-18T21:06:41Z,,72.38
2026-09-18T21:07:41Z,,72.46
2026-09-18T21:08:41Z,5.97,72.33
2026-09-18T21:09:41Z,5.97,72.42
2026-09-18T21:10:41Z,5.97,
2026-09-18T21:11:41Z,5.98,
2026-09-18T21:12:41Z,5.97,
2026-09-18T21:13:41Z,5.97,
2026-09-18T21:18:41Z,,72.3
2026-09-18T21:19:41Z,,72.06
2026-09-18T21:20:41Z,,71.98
2026-09-18T21:21:41Z,5.94,71.97
2026-09-18T21:22:41Z,5.94,71.92
2026-09-18T21:23:41Z,5.94,71.86
2026-09-18T21:24:41Z,5.94,
2026-09-18T21:25:41Z,5.93,
2026-09-18T21:31:41Z,,71.32
2026-09-18T21:32:41Z,,71.23
2026-09-18T21:33:41Z,5.9,71.2
2026-09-18T21:34:41Z,5.91,71.33
2026-09-18T21:35:41Z,5.9,71.27
2026-09-18T21:36:41Z,5.91,
2026-09-18T21:37:41Z,5.92,
2026-09-18T21:43:41Z,,71.66
2026-09-18T21:44:41Z,,71.54
2026-09-18T21:45:41Z,5.93,71.65
2026-09-18T21:46:41Z,5.93,71.68
2026-09-18T21:47:41Z,5.92,71.6
2026-09-18T21:48:41Z,5.93,
2026-09-18T21:49:41Z,5.93,71.69
2026-09-18T21:50:41Z,5.93,71.75
2026-09-18T21:51:41Z,5.93,71.71
2026-09-18T21:52:41Z,5.93,71.66
2026-09-18T21:53:41Z,5.92,71.64
2026-09-18T21:54:41Z,,71.63
2026-09-18T22:00:41Z,5.91,
2026-09-18T22:01:41Z,5.91,71.37
2026-09-18T22:02:41Z,5.91,71.32
2026-09-18T22:03:41Z,5.9,71.24
2026-09-18T22:04:41Z,5.88,70.9
2026-09-18T22:05:41Z,5.88,70.94
2026-09-18T22:06:41Z,,70.89
2026-09-18T22:13:41Z,5.86,70.63
2026-09-18T22:14:41Z,5.86,70.59
2026-09-18T22:15:41Z,5.86,70.56
2026-09-18T22:16:41Z,5.85,70.44
2026-09-18T22:17:41Z,5.84,70.17
2026-09-18T22:18:41Z,,70.38
2026-09-18T22:27:41Z,,69.84
2026-09-18T22:28:41Z,5.81,69.72
2026-09-18T22:29:41Z,5.81,69.77
2026-09-18T22:30:41Z,5.81,69.68
2026-09-18T22:31:41Z,5.79,69.45
2026-09-18T22:32:41Z,5.76,68.88
2026-09-18T22:39:41Z,,68.65
2026-09-18T22:40:41Z,5.75,68.69
2026-09-18T22:41:41Z,5.75,68.69
2026-09-18T22:42:41Z,5.75,68.77
2026-09-18T22:43:41Z,5.77,68.99
2026-09-18T22:44:41Z,5.76,68.84
2026-09-18T22:52:41Z,,69.1
2026-09-18T22:53:41Z,5.76,68.88
2026-09-18T22:54:41Z,5.78,69.26
2026-09-18T22:55:41Z,5.79,69.35
2026-09-18T22:56:41Z,5.79,69.42
2026-09-18T22:57:41Z,5.79,
2026-09-18T23:06:41Z,,68.09
2026-09-18T23:07:41Z,5.71,68.08
2026-09-18T23:08:41Z,5.71,68
2026-09-18T23:09:41Z,5.7,67.93
2026-09-18T23:10:41Z,5.72,68.18
2026-09-18T23:11:41Z,5.73,68.32
2026-09-18T23:12:41Z,5.73,
2026-09-18T23:19:41Z,,67.65
2026-09-18T23:20:41Z,5.7,67.86
2026-09-18T23:21:41Z,5.7,67.86
2026-09-18T23:22:41Z,5.7,67.94
2026-09-18T23:23:41Z,5.72,68.13
2026-09-18T23:24:41Z,5.7,67.93
2026-09-18T23:25:41Z,5.67,
2026-09-18T23:31:41Z,,66.74
2026-09-18T23:32:41Z,5.62,66.58
2026-09-18T23:33:41Z,5.64,66.82
2026-09-18T23:34:41Z,5.61,66.4
2026-09-18T23:35:41Z,5.6,66.22
2026-09-18T23:36:41Z,5.61,66.38
2026-09-18T23:37:41Z,5.61,
2026-09-18T23:43:41Z,,65.88
2026-09-18T23:44:41Z,5.59,66.06
2026-09-18T23:45:41Z,5.58,65.89
2026-09-18T23:46:41Z,5.56,65.51
2026-09-18T23:47:41Z,5.57,65.62
2026-09-18T23:48:41Z,5.55,
2026-09-18T23:49:41Z,5.56,
2026-09-18T23:55:41Z,,65.91
2026-09-18T23:56:41Z,,65.52
2026-09-18T23:57:41Z,5.56,65.53
2026-09-18T23:58:41Z,5.53,65.07
2026-09-18T23:59:41Z,5.51,64.67
2026-09-19T00:00:41Z,5.53,65.04
2026-09-19T00:01:41Z,5.51,64.69
2026-09-19T00:02:41Z,5.54,65.14
2026-09-19T00:03:41Z,5.54,65.15
2026-09-19T00:04:41Z,5.56,65.55
2026-09-19T00:05:41Z,5.58,65.82
2026-09-19T00:10:41Z,5.57,
2026-09-19T00:11:41Z,5.58,65.87
2026-09-19T00:12:41Z,6.37,66.03
2026-09-19T00:13:41Z,5.6,66.24
2026-09-19T00:14:41Z,5.58,65.91
2026-09-19T00:15:41Z,5.54,65.23
2026-09-19T00:22:41Z,5.46,
2026-09-19T00:23:41Z,5.46,63.86
2026-09-19T00:24:41Z,5.47,63.99
2026-09-19T00:25:41Z,5.46,63.9
2026-09-19T00:26:41Z,5.44,63.47
2026-09-19T00:27:41Z,,63.98
2026-09-19T00:33:41Z,5.37,
2026-09-19T00:34:41Z,5.34,61.85
2026-09-19T00:35:41Z,5.34,61.87
2026-09-19T00:36:41Z,5.33,61.57
2026-09-19T00:37:41Z,5.29,61.02
2026-09-19T00:38:41Z,,60.54
2026-09-19T00:39:41Z,,60.37
2026-09-19T00:41:41Z,5.24,60.06
2026-09-19T00:42:41Z,5.22,59.75
2026-09-19T00:43:41Z,5.19,59.35
2026-09-19T00:44:41Z,5.19,59.23
2026-09-19T00:45:41Z,5.16,58.75
2026-09-19T00:54:41Z,4.97,55.62
2026-09-19T00:55:41Z,5,56.03
2026-09-19T00:56:41Z,5.01,56.29
2026-09-19T00:57:41Z,4.97,55.58
2026-09-19T01:04:41Z,,55.42
2026-09-19T01:05:41Z,5.74,55.44
2026-09-19T01:06:41Z,5.88,55.63
2026-09-19T01:07:41Z,4.98,55.75
2026-09-19T01:08:41Z,4.97,55.51
2026-09-19T01:09:41Z,4.95,55.24
2026-09-19T01:10:41Z,4.94,
2026-09-19T01:17:41Z,,54.81
2026-09-19T01:18:41Z,4.91,54.6
2026-09-19T01:19:41Z,4.86,53.75
2026-09-19T01:20:41Z,4.89,54.21
2026-09-19T01:21:41Z,4.87,53.86
2026-09-19T01:22:41Z,4.86,
2026-09-19T02:00:41Z,4.74,51.76
2026-09-19T02:01:41Z,4.75,51.86
2026-09-19T02:02:41Z,4.74,51.74
2026-09-19T02:03:41Z,4.74,51.8
2026-09-19T02:04:41Z,,51.5
2026-09-19T02:11:41Z,4.58,49
2026-09-19T02:12:41Z,4.64,50.01
2026-09-19T02:13:41Z,4.67,50.57
2026-09-19T02:14:41Z,4.65,50.28
2026-09-19T02:15:41Z,4.64,50.05
2026-09-19T02:16:41Z,5.54,49.87
2026-09-19T02:17:41Z,5.54,49.88
2026-09-19T02:18:41Z,5.54,49.92
2026-09-19T02:19:41Z,4.64,49.97
2026-09-19T02:20:41Z,4.63,49.88
2026-09-19T02:27:41Z,4.62,49.72
2026-09-19T02:28:41Z,4.61,49.54
2026-09-19T02:29:41Z,4.57,48.82
2026-09-19T02:30:41Z,4.6,49.36
2026-09-19T02:31:41Z,5.52,49.62
2026-09-19T02:39:41Z,4.57,48.82
2026-09-19T02:40:41Z,4.54,48.36
2026-09-19T02:41:41Z,4.56,48.63
2026-09-19T02:42:41Z,5.46,48.58
2026-09-19T02:43:41Z,4.57,48.8
2026-09-19T02:44:41Z,4.55,48.49
2026-09-19T02:50:41Z,4.52,47.98
2026-09-19T02:51:41Z,4.52,47.95
2026-09-19T02:52:41Z,4.5,47.7
2026-09-19T02:53:41Z,4.44,46.71
2026-09-19T02:54:41Z,4.46,46.97
2026-09-19T02:55:41Z,5.37,47.02
2026-09-19T03:02:41Z,4.41,
2026-09-19T03:03:41Z,4.43,46.53
2026-09-19T03:04:41Z,4.4,46
2026-09-19T03:05:41Z,4.38,45.72
2026-09-19T03:06:41Z,4.4,46.04
2026-09-19T03:07:41Z,4.42,46.28
2026-09-19T03:08:41Z,,46.24
2026-09-19T03:14:41Z,4.38,
2026-09-19T03:15:41Z,4.34,
2026-09-19T03:16:41Z,6.31,45.27
2026-09-19T03:17:41Z,5.3,45.86
2026-09-19T03:18:41Z,6.51,46.53
2026-09-19T03:19:41Z,5.34,46.55
2026-09-19T03:20:41Z,,46.14
2026-09-19T03:21:41Z,,46.49
2026-09-19T03:27:41Z,6.59,
2026-09-19T03:28:41Z,6.61,48.25
2026-09-19T03:29:41Z,6.59,47.82
2026-09-19T03:30:41Z,5.53,47.6
2026-09-19T03:31:41Z,4.49,47.59
2026-09-19T03:32:41Z,,47.63
2026-09-19T03:33:41Z,,47.12
2026-09-19T03:39:41Z,4.36,
2026-09-19T03:40:41Z,4.3,44.25
2026-09-19T03:41:41Z,4.29,44.21
2026-09-19T03:42:41Z,4.3,44.38
2026-09-19T03:43:41Z,4.31,44.45
2026-09-19T03:44:41Z,,44.48
2026-09-19T03:51:41Z,4.37,
2026-09-19T03:52:41Z,4.37,45.51
2026-09-19T03:53:41Z,4.37,45.49
2026-09-19T03:54:41Z,4.37,45.56
2026-09-19T03:55:41Z,4.38,45.74
2026-09-19T03:56:41Z,4.29,44.08
2026-09-19T04:04:41Z,5.23,44.75
2026-09-19T04:05:41Z,4.32,44.63
2026-09-19T04:06:41Z,4.29,44.16
2026-09-19T04:07:41Z,5.23,44.59
2026-09-19T04:08:41Z,5.21,44.32
2026-09-19T04:09:41Z,7.41,44.16
2026-09-19T04:17:41Z,6.43,45.16
2026-09-19T04:18:41Z,5.39,45.24
2026-09-19T04:19:41Z,5.41,45.52
2026-09-19T04:20:41Z,4.37,45.46
2026-09-19T04:21:41Z,4.38,45.68
2026-09-19T04:22:41Z,5.45,46.23
2026-09-19T04:23:41Z,4.39,45.8
2026-09-19T04:24:41Z,4.37,45.52
2026-09-19T04:25:41Z,4.37,45.58
2026-09-19T04:31:41Z,7.43,44.56
2026-09-19T04:32:41Z,5.38,44.93
2026-09-19T04:33:41Z,7.47,45.26
2026-09-19T04:34:41Z,7.49,45.5
2026-09-19T04:35:41Z,6.44,45.37
2026-09-19T04:42:41Z,5.3,43.62
2026-09-19T04:43:41Z,5.29,43.54
2026-09-19T04:44:41Z,4.24,43.39
2026-09-19T04:45:41Z,5.27,43.22
2026-09-19T04:46:41Z,4.2,42.61
2026-09-19T04:47:41Z,6.26,42.39
2026-09-19T04:53:41Z,,44.28
2026-09-19T04:54:41Z,5.32,43.98
2026-09-19T04:55:41Z,5.31,43.81
2026-09-19T04:56:41Z,5.29,43.47
2026-09-19T04:57:41Z,5.25,42.88
2026-09-19T04:58:41Z,4.21,42.74
2026-09-19T04:59:41Z,6.29,42.82
2026-09-19T05:07:41Z,,42.41
2026-09-19T05:08:41Z,5.22,42.24
2026-09-19T05:09:41Z,5.21,42.07
2026-09-19T05:10:41Z,6.23,41.86
2026-09-19T05:11:41Z,5.21,42.2
2026-09-19T05:12:41Z,4.15,41.77
2026-09-19T05:13:41Z,4.15,41.85
2026-09-19T05:14:41Z,4.14,41.6
2026-09-19T05:15:41Z,4.13,41.54
2026-09-19T05:16:41Z,4.12,41.25
2026-09-19T05:17:41Z,7.21,40.88
2026-09-19T05:24:41Z,5.15,41.14
2026-09-19T05:25:41Z,5.18,41.62
2026-09-19T05:26:41Z,5.18,41.67
2026-09-19T05:27:41Z,4.13,41.42
2026-09-19T05:28:41Z,5.19,41.84
2026-09-19T05:29:41Z,6.29,42.75
2026-09-19T05:35:41Z,4.37,45.56
2026-09-19T05:36:41Z,4.41,46.14
2026-09-19T05:37:41Z,4.36,45.4
2026-09-19T05:38:41Z,4.32,44.59
2026-09-19T05:39:41Z,4.29,44.13
2026-09-19T05:40:41Z,4.25,43.46
2026-09-19T05:47:41Z,4.29,44.15
2026-09-19T05:48:41Z,4.28,43.98
2026-09-19T05:49:41Z,4.29,44.08
2026-09-19T05:50:41Z,4.37,45.52
2026-09-19T05:51:41Z,4.38,45.62
2026-09-19T05:52:41Z,4.39,45.77
2026-09-19T05:59:41Z,4.35,45.21
2026-09-19T06:00:41Z,4.31,44.49
2026-09-19T06:01:41Z,4.31,44.51
2026-09-19T06:02:41Z,4.3,44.35
2026-09-19T06:03:41Z,5.34,44.37
2026-09-19T06:04:41Z,4.34,44.92
2026-09-19T06:11:41Z,4.36,45.41
2026-09-19T06:12:41Z,4.35,45.15
2026-09-19T06:13:41Z,5.36,44.71
2026-09-19T06:14:41Z,4.3,44.33
2026-09-19T06:15:41Z,5.38,45
2026-09-19T06:22:41Z,5.34,44.3
2026-09-19T06:23:41Z,5.32,43.92
2026-09-19T06:24:41Z,5.3,43.73
2026-09-19T06:25:41Z,5.35,44.49
2026-09-19T06:26:41Z,5.36,44.6
2026-09-19T06:27:41Z,4.33,44.75
2026-09-19T07:00:41Z,5.64,49.4
2026-09-19T07:01:41Z,4.66,50.44
2026-09-19T07:02:41Z,4.69,50.95
2026-09-19T07:09:41Z,5.85,52.94
2026-09-19T07:10:41Z,4.84,53.38
2026-09-19T07:11:41Z,4.85,53.54
2026-09-19T07:12:41Z,6.94,53.76
2026-09-19T07:13:41Z,6.97,54.18
2026-09-19T07:14:41Z,7,54.77
2026-09-19T07:23:41Z,5.98,55.05
2026-09-19T07:24:41Z,5.85,55.07
2026-09-19T07:25:41Z,5.83,54.79
2026-09-19T07:26:41Z,4.92,54.74
2026-09-19T07:32:41Z,4.88,54
2026-09-19T07:33:41Z,4.88,54.12
2026-09-19T07:34:41Z,4.87,53.99
2026-09-19T07:35:41Z,4.84,53.42
2026-09-19T07:36:41Z,4.86,53.79
2026-09-19T07:39:41Z,4.88,54.07
2026-09-19T07:40:41Z,4.89,54.27
2026-09-19T07:41:41Z,4.78,52.37
2026-09-19T07:42:41Z,5.7,52.51
2026-09-19T07:43:41Z,6.73,52.35
2026-09-19T07:49:41Z,5.7,52.55
2026-09-19T07:50:41Z,5.67,52.03
2026-09-19T07:51:41Z,4.77,52.16
2026-09-19T07:52:41Z,5.68,52.26
2026-09-19T07:53:41Z,6.73,52.33
2026-09-19T07:54:41Z,6.74,52.57
2026-09-19T08:01:41Z,4.79,
2026-09-19T08:02:41Z,6.75,52.72
2026-09-19T08:03:41Z,7.8,52.84
2026-09-19T08:04:41Z,5.73,53.13
2026-09-19T08:05:41Z,4.83,53.26
2026-09-19T08:06:41Z,4.82,53.15
2026-09-19T08:13:41Z,4.82,53.03
2026-09-19T08:14:41Z,7.81,53.13
2026-09-19T08:15:41Z,7.81,53.02
2026-09-19T08:16:41Z,7.83,53.4
2026-09-19T08:17:41Z,,53.47
2026-09-19T08:22:41Z,5.74,
2026-09-19T08:23:41Z,6.78,53.19
2026-09-19T08:24:41Z,6.78,53.28
2026-09-19T08:25:41Z,5.74,53.23
2026-09-19T08:26:41Z,4.83,53.18
2026-09-19T08:27:41Z,4.8,52.72
2026-09-19T08:34:41Z,5.76,53.52
2026-09-19T08:35:41Z,5.77,53.79
2026-09-19T08:36:41Z,5.74,53.28
2026-09-19T08:37:41Z,5.75,53.33
2026-09-19T08:38:41Z,5.72,52.91
2026-09-19T08:39:41Z,,53.03
2026-09-19T08:45:41Z,5.75,
2026-09-19T08:46:41Z,5.75,53.48
2026-09-19T08:47:41Z,4.83,53.3
2026-09-19T08:48:41Z,4.87,53.87
2026-09-19T08:49:41Z,4.88,54.11
2026-09-19T08:50:41Z,4.91,54.65
2026-09-19T08:51:41Z,,54.3
2026-09-19T08:58:41Z,6.91,
2026-09-19T08:59:41Z,6.93,55.82
2026-09-19T09:00:41Z,6.95,56.14
2026-09-19T09:01:41Z,6.95,56.12
2026-09-19T09:02:41Z,8.02,56.57
2026-09-19T09:03:41Z,6.98,56.69
2026-09-19T09:04:41Z,8.05,57.07
2026-09-19T09:05:41Z,8.06,57.32
2026-09-19T09:06:41Z,7.02,57.34
2026-09-19T09:07:41Z,5.08,57.43
2026-09-19T09:13:41Z,7.93,57.25
2026-09-19T09:14:41Z,5.99,57.5
2026-09-19T09:15:41Z,6.01,57.7
2026-09-19T09:16:41Z,5.99,57.49
2026-09-19T09:17:41Z,5.08,57.37
2026-09-19T09:18:41Z,5.09,
2026-09-19T09:24:41Z,,58.33
2026-09-19T09:25:41Z,6.03,58.09
2026-09-19T09:26:41Z,7.05,57.8
2026-09-19T09:27:41Z,5.99,57.47
2026-09-19T09:28:41Z,7.93,57.21
2026-09-19T09:29:41Z,5.99,57.46
2026-09-19T09:30:41Z,5.09,
2026-09-19T09:37:41Z,,61.74
2026-09-19T09:38:41Z,7.17,62
2026-09-19T09:39:41Z,5.36,62.1
2026-09-19T09:40:41Z,6.27,62.22
2026-09-19T09:41:41Z,7.2,62.43
2026-09-19T09:42:41Z,8.25,62.67
2026-09-19T09:49:41Z,8.33,64.07
2026-09-19T09:50:41Z,9.26,64.35
2026-09-19T09:51:41Z,7.32,64.5
2026-09-19T09:52:41Z,7.33,64.61
2026-09-19T09:53:41Z,7.34,64.86
2026-09-19T09:54:41Z,9.28,
2026-09-19T10:01:41Z,7.35,64.94
2026-09-19T10:02:41Z,6.43,64.89
2026-09-19T10:03:41Z,7.35,64.99
2026-09-19T10:04:41Z,7.34,64.92
2026-09-19T10:05:41Z,6.44,64.93
2026-09-19T10:12:41Z,6.45,65.18
2026-09-19T10:13:41Z,7.37,65.3
2026-09-19T10:14:41Z,7.39,65.74
2026-09-19T10:15:41Z,7.35,65.03
2026-09-19T10:16:41Z,7.23,62.93
2026-09-19T10:17:41Z,,62.42
2026-09-19T10:24:41Z,8.33,64.01
2026-09-19T10:25:41Z,9.29,64.8
2026-09-19T10:26:41Z,8.39,65.01
2026-09-19T10:27:41Z,8.39,65.03
2026-09-19T10:28:41Z,7.35,64.94
2026-09-19T10:29:41Z,8.4,65.16
2026-09-19T10:36:41Z,7.39,65.68
2026-09-19T10:37:41Z,7.39,65.7
2026-09-19T10:38:41Z,8.43,65.71
2026-09-19T10:39:41Z,6.49,65.8
2026-09-19T10:40:41Z,6.49,65.78
2026-09-19T10:41:41Z,6.49,65.8
2026-09-19T10:48:41Z,8.5,66.89
2026-09-19T10:49:41Z,9.43,67.22
2026-09-19T10:50:41Z,6.58,67.42
2026-09-19T10:51:41Z,6.58,67.45
2026-09-19T10:52:41Z,6.58,67.34
2026-09-19T11:00:41Z,7.46,66.91
2026-09-19T11:01:41Z,6.56,67.02
2026-09-19T11:02:41Z,6.56,67.02
2026-09-19T11:03:41Z,8.49,66.74
2026-09-19T11:04:41Z,6.55,66.94
2026-09-19T11:05:41Z,6.56,66.99
2026-09-19T11:12:41Z,5.66,67.2
2026-09-19T11:13:41Z,5.66,67.15
2026-09-19T11:14:41Z,7.49,67.4
2026-09-19T11:15:41Z,7.51,67.71
2026-09-19T11:16:41Z,9.46,67.68
2026-09-19T11:23:41Z,6.68,69.08
2026-09-19T11:24:41Z,7.6,69.29
2026-09-19T11:25:41Z,7.61,69.44
2026-09-19T11:26:41Z,6.71,69.55
2026-09-19T11:27:41Z,6.7,69.42
2026-09-19T11:33:41Z,7.6,69.15
2026-09-19T11:34:41Z,6.69,69.21
2026-09-19T11:35:41Z,7.61,69.39
2026-09-19T11:36:41Z,6.7,69.42
2026-09-19T11:37:41Z,6.7,69.44
2026-09-19T11:44:41Z,6.74,69.99
2026-09-19T11:45:41Z,6.74,70.07
2026-09-19T11:46:41Z,6.74,70.05
2026-09-19T11:47:41Z,7.65,70.08
2026-09-19T11:48:41Z,7.65,70.1
2026-09-19T11:49:41Z,5.83,70.03
2026-09-19T11:57:41Z,6.74,70.07
2026-09-19T11:58:41Z,7.65,70.1
2026-09-19T11:59:41Z,5.83,70.1
2026-09-19T12:00:41Z,5.84,70.15
2026-09-19T12:01:41Z,6.74,70.14
2026-09-19T12:09:41Z,6.75,70.28
2026-09-19T12:10:41Z,7.65,70.1
2026-09-19T12:11:41Z,6.75,70.2
2026-09-19T12:12:41Z,6.74,70.14
2026-09-19T12:13:41Z,6.75,70.24
2026-09-19T12:14:41Z,,70.25
2026-09-19T12:21:41Z,7.65,70.11
2026-09-19T12:22:41Z,8.54,69.79
2026-09-19T12:23:41Z,8.55,69.84
2026-09-19T12:24:41Z,7.64,69.88
2026-09-19T12:25:41Z,7.65,70.07
2026-09-19T12:33:41Z,6.75,70.22
2026-09-19T12:34:41Z,6.75,70.18
2026-09-19T12:35:41Z,7.66,70.18
2026-09-19T12:36:41Z,6.73,69.91
2026-09-19T12:37:41Z,6.74,70.04
2026-09-19T12:38:41Z,6.73,
2026-09-19T12:44:41Z,8.58,70.34
2026-09-19T12:45:41Z,7.67,70.48
2026-09-19T12:46:41Z,6.76,70.37
2026-09-19T12:47:41Z,7.67,70.48
2026-09-19T12:48:41Z,6.76,70.38
2026-09-19T12:49:41Z,7.67,70.33
2026-09-19T12:57:41Z,7.66,70.27
2026-09-19T12:58:41Z,6.76,70.4
2026-09-19T12:59:41Z,6.75,70.26
2026-09-19T13:00:41Z,6.76,70.41
2026-09-19T13:01:41Z,6.74,70.06
2026-09-19T13:02:41Z,7.66,70.18
2026-09-19T13:10:41Z,6.75,70.19
2026-09-19T13:11:41Z,5.84,70.24
2026-09-19T13:12:41Z,6.75,70.19
2026-09-19T13:13:41Z,6.73,69.9
2026-09-19T13:14:41Z,7.64,69.96
2026-09-19T13:21:41Z,,68.75
2026-09-19T13:22:41Z,7.56,68.58
2026-09-19T13:23:41Z,6.65,68.57
2026-09-19T13:24:41Z,6.66,68.63
2026-09-19T13:25:41Z,6.66,68.66
2026-09-19T13:26:41Z,5.75,68.69
2026-09-19T13:33:41Z,6.65,68.46
2026-09-19T13:34:41Z,5.74,68.58
2026-09-19T13:35:41Z,5.75,68.78
2026-09-19T13:36:41Z,6.66,68.7
2026-09-19T13:37:41Z,5.75,68.7
2026-09-19T13:44:41Z,5.75,68.64
2026-09-19T13:45:41Z,5.76,68.91
2026-09-19T13:46:41Z,5.74,68.6
2026-09-19T13:47:41Z,6.65,68.59
2026-09-19T13:48:41Z,6.65,68.53
2026-09-19T13:49:41Z,6.64,68.42
2026-09-19T13:56:41Z,5.75,68.73
2026-09-19T13:57:41Z,5.75,68.72
2026-09-19T13:58:41Z,5.74,68.6
2026-09-19T13:59:41Z,6.66,68.65
2026-09-19T14:00:41Z,6.66,68.65
2026-09-19T14:01:41Z,5.74,68.58
2026-09-19T14:09:41Z,5.75,68.77
2026-09-19T14:10:41Z,6.67,68.95
2026-09-19T14:11:41Z,6.66,68.79
2026-09-19T14:12:41Z,6.66,68.79
2026-09-19T14:13:41Z,6.68,69.02
2026-09-19T14:20:41Z,,68.9
2026-09-19T14:21:41Z,5.76,68.91
2026-09-19T14:22:41Z,5.76,68.91
2026-09-19T14:23:41Z,6.69,69.19
2026-09-19T14:24:41Z,6.69,69.27
2026-09-19T14:25:41Z,6.7,69.45
2026-09-19T14:33:41Z,6.74,70.04
2026-09-19T14:34:41Z,5.83,70.09
2026-09-19T14:35:41Z,5.84,70.18
2026-09-19T14:36:41Z,5.84,70.24
2026-09-19T14:37:41Z,6.75,70.22
2026-09-19T14:43:41Z,,70.56
2026-09-19T14:44:41Z,5.87,70.65
2026-09-19T14:45:41Z,6.78,70.73
2026-09-19T14:46:41Z,6.79,70.95
2026-09-19T14:47:41Z,6.79,70.88
2026-09-19T14:48:41Z,5.88,70.86
2026-09-19T14:49:41Z,5.87,
2026-09-19T14:55:41Z,,70.88
2026-09-19T14:56:41Z,,70.88
2026-09-19T14:57:41Z,7.7,70.97
2026-09-19T14:58:41Z,7.71,71.11
2026-09-19T14:59:41Z,6.81,71.2
2026-09-19T15:00:41Z,6.81,71.24
2026-09-19T15:01:41Z,5.89,71.12
2026-09-19T15:02:41Z,5.9,
2026-09-19T15:10:41Z,6.81,71.21
2026-09-19T15:11:41Z,5.9,71.25
2026-09-19T15:12:41Z,5.9,71.2
2026-09-19T15:13:41Z,5.89,71.07
2026-09-19T15:14:41Z,5.89,71
2026-09-19T15:15:41Z,,71.14
2026-09-19T15:21:41Z,6.83,71.51
2026-09-19T15:22:41Z,5.91,71.43
2026-09-19T15:23:41Z,5.91,71.46
2026-09-19T15:24:41Z,5.91,71.34
2026-09-19T15:25:41Z,6.81,71.29
2026-09-19T15:32:41Z,6.8,71.14
2026-09-19T15:33:41Z,6.81,71.18
2026-09-19T15:34:41Z,5.9,71.16
2026-09-19T15:35:41Z,5.9,71.19
2026-09-19T15:36:41Z,5.9,71.3
2026-09-19T15:43:41Z,5.91,71.4
2026-09-19T15:44:41Z,5.92,71.49
2026-09-19T15:45:41Z,5.92,71.49
2026-09-19T15:46:41Z,5.91,71.48
2026-09-19T15:47:41Z,5.92,71.57
2026-09-19T15:54:41Z,5.93,71.77
2026-09-19T15:55:41Z,5.93,71.81
2026-09-19T15:56:41Z,5.94,71.85
2026-09-19T15:57:41Z,6.85,71.89
2026-09-19T15:58:41Z,5.94,71.89
2026-09-19T15:59:41Z,5.94,71.85
2026-09-19T16:00:41Z,6.85,71.99
2026-09-19T16:09:41Z,6.88,
2026-09-19T16:10:41Z,6.88,72.4
2026-09-19T16:11:41Z,6.88,72.34
2026-09-19T16:12:41Z,6.88,72.35
2026-09-19T16:13:41Z,6.87,72.31
2026-09-19T16:14:41Z,7.79,72.36
2026-09-19T16:21:41Z,5.98,72.53
2026-09-19T16:22:41Z,5.99,72.8
2026-09-19T16:23:41Z,6,72.83
2026-09-19T16:24:41Z,6.78,72.9
2026-09-19T16:25:41Z,6.77,72.77
2026-09-19T16:26:41Z,,72.78
2026-09-19T16:29:41Z,6.76,72.58
2026-09-19T16:30:41Z,6.76,72.55
2026-09-19T16:31:41Z,6.77,72.67
2026-09-19T16:32:41Z,6.77,72.69
2026-09-19T16:33:41Z,6,72.88
2026-09-19T16:34:41Z,6.78,72.86
2026-09-19T16:40:41Z,6.01,73.07
2026-09-19T16:41:41Z,6.02,73.2
2026-09-19T16:42:41Z,6.8,73.33
2026-09-19T16:43:41Z,6.8,73.31
2026-09-19T16:44:41Z,6.81,73.39
2026-09-19T16:45:41Z,6.81,73.4
2026-09-19T16:52:41Z,6.85,74.06
2026-09-19T16:53:41Z,6.85,74.12
2026-09-19T16:54:41Z,6.08,74.24
2026-09-19T16:55:41Z,6.08,74.31
2026-09-19T16:56:41Z,6.09,74.41
2026-09-19T16:57:41Z,6.09,74.48
2026-09-19T16:58:41Z,6.1,74.56
2026-09-19T16:59:41Z,6.08,74.28
2026-09-19T17:00:41Z,6.09,74.47
2026-09-19T17:01:41Z,6.1,74.63
2026-09-19T17:06:41Z,6.87,74.49
2026-09-19T17:07:41Z,6.84,73.94
2026-09-19T17:08:41Z,6.04,73.6
2026-09-19T17:09:41Z,6.81,73.47
2026-09-19T17:10:41Z,6.81,73.4
2026-09-19T17:11:41Z,6.81,73.35
2026-09-19T17:18:41Z,6.03,73.45
2026-09-19T17:19:41Z,6.03,73.38
2026-09-19T17:20:41Z,6.04,73.54
2026-09-19T17:21:41Z,6.03,73.43
2026-09-19T17:22:41Z,6.8,73.29
2026-09-19T17:23:41Z,6.02,73.24
2026-09-19T17:30:41Z,6.79,73
2026-09-19T17:31:41Z,6,72.84
2026-09-19T17:32:41Z,6.77,72.76
2026-09-19T17:33:41Z,5.98,72.65
2026-09-19T17:34:41Z,5.98,72.52
2026-09-19T17:35:41Z,6.76,72.62
2026-09-19T17:42:41Z,5.97,72.37
2026-09-19T17:43:41Z,6.74,72.31
2026-09-19T17:44:41Z,5.97,72.38
2026-09-19T17:45:41Z,5.97,72.41
2026-09-19T17:46:41Z,5.97,72.43
2026-09-19T17:54:41Z,5.99,72.66
2026-09-19T17:55:41Z,5.99,72.66
2026-09-19T17:56:41Z,5.99,72.72
2026-09-19T17:57:41Z,5.99,72.73
2026-09-19T17:58:41Z,5.99,72.71
2026-09-19T17:59:41Z,5.99,72.67
2026-09-19T18:00:41Z,5.99,72.69
2026-09-19T18:01:41Z,,72.68
2026-09-19T18:11:41Z,5.99,72.74
2026-09-19T18:12:41Z,5.99,72.79
2026-09-19T18:13:41Z,6,72.92
2026-09-19T18:14:41Z,5.99,72.8
2026-09-19T18:15:41Z,6,72.91
2026-09-19T18:16:41Z,,72.99
2026-09-19T18:23:41Z,6.03,
2026-09-19T18:24:41Z,6.03,73.45
2026-09-19T18:25:41Z,6.03,73.42
2026-09-19T18:26:41Z,6.04,73.53
2026-09-19T18:27:41Z,6.82,73.55
2026-09-19T18:28:41Z,,73.63
2026-09-19T18:34:41Z,6.05,73.78
2026-09-19T18:35:41Z,6.05,73.72
2026-09-19T18:36:41Z,6.05,73.81
2026-09-19T18:37:41Z,6.05,73.83
2026-09-19T18:38:41Z,6.05,73.81
2026-09-19T18:39:41Z,6.06,73.87
2026-09-19T18:40:41Z,,73.76
2026-09-19T18:47:41Z,6.03,
2026-09-19T18:48:41Z,6.03,73.48
2026-09-19T18:49:41Z,6.02,73.31
2026-09-19T18:50:41Z,6.02,73.21
2026-09-19T18:51:41Z,6.01,73.13
2026-09-19T18:52:41Z,6,72.99
2026-09-19T18:58:41Z,6,72.97
2026-09-19T18:59:41Z,6,72.98
2026-09-19T19:00:41Z,5.99,72.76
2026-09-19T19:01:41Z,6,72.83
2026-09-19T19:02:41Z,5.97,72.47
2026-09-19T19:10:41Z,5.88,70.94
2026-09-19T19:11:41Z,5.9,71.15
2026-09-19T19:12:41Z,5.9,71.19
2026-09-19T19:13:41Z,5.91,71.39
2026-09-19T19:14:41Z,5.92,71.54
2026-09-19T19:21:41Z,5.9,71.17
2026-09-19T19:22:41Z,5.9,71.21
2026-09-19T19:23:41Z,5.9,71.22
2026-09-19T19:24:41Z,5.91,71.35
2026-09-19T19:25:41Z,5.91,71.47
2026-09-19T19:26:41Z,5.92,71.57
2026-09-19T19:33:41Z,5.91,71.36
2026-09-19T19:34:41Z,5.9,71.28
2026-09-19T19:35:41Z,5.9,71.18
2026-09-19T19:36:41Z,5.9,71.19
2026-09-19T19:37:41Z,5.89,71.01
2026-09-19T19:38:41Z,5.88,70.87
2026-09-19T19:39:41Z,5.88,70.87
2026-09-19T19:40:41Z,5.87,70.72
2026-09-19T19:41:41Z,5.86,70.6
2026-09-19T19:42:41Z,5.87,70.68
2026-09-19T19:43:41Z,5.86,70.48
2026-09-19T19:44:41Z,5.85,70.46
2026-09-19T19:45:41Z,5.85,70.36
2026-09-19T19:51:41Z,6.64,70.62
2026-09-19T19:52:41Z,5.87,70.66
2026-09-19T19:53:41Z,5.87,70.76
2026-09-19T19:54:41Z,5.87,70.74
2026-09-19T19:55:41Z,5.87,70.78
2026-09-19T19:56:41Z,5.88,70.95
2026-09-19T20:03:41Z,5.92,71.56
2026-09-19T20:04:41Z,5.93,71.71
2026-09-19T20:05:41Z,6.71,71.74
2026-09-19T20:06:41Z,6.72,71.91
2026-09-19T20:07:41Z,6.73,72.15
2026-09-19T20:08:41Z,,72.36
2026-09-19T20:15:41Z,6.01,73.12
2026-09-19T20:16:41Z,6.02,73.25
2026-09-19T20:17:41Z,6.02,73.32
2026-09-19T20:18:41Z,6.03,73.46
2026-09-19T20:19:41Z,6.04,73.5
2026-09-19T20:20:41Z,6.05,73.75
2026-09-19T20:28:41Z,6.06,73.89
2026-09-19T20:29:41Z,6.07,74.03
2026-09-19T20:30:41Z,6.07,74.07
2026-09-19T20:31:41Z,6.08,74.23
2026-09-19T20:32:41Z,6.1,74.52
2026-09-19T20:33:41Z,,74.72
2026-09-19T20:39:41Z,6.15,75.45
2026-09-19T20:40:41Z,6.16,75.66
2026-09-19T20:41:41Z,6.17,75.76
2026-09-19T20:42:41Z,6.18,75.89
2026-09-19T20:43:41Z,6.17,75.81
2026-09-19T20:44:41Z,6.18,
2026-09-19T20:50:41Z,6.17,75.78
2026-09-19T20:51:41Z,6.17,75.84
2026-09-19T20:52:41Z,6.17,75.81
2026-09-19T20:53:41Z,6.18,75.89
2026-09-19T20:54:41Z,6.18,75.87
2026-09-19T20:55:41Z,6.17,
2026-09-19T21:01:41Z,6.19,76.05
2026-09-19T21:02:41Z,6.19,76.14
2026-09-19T21:03:41Z,6.2,76.19
2026-09-19T21:04:41Z,6.2,76.22
2026-09-19T21:05:41Z,6.98,76.29
2026-09-19T21:11:41Z,6.21,76.36
2026-09-19T21:12:41Z,6.21,76.43
2026-09-19T21:13:41Z,6.21,76.51
2026-09-19T21:14:41Z,6.21,76.42
2026-09-19T21:15:41Z,6.2,76.29
2026-09-19T21:22:41Z,6.19,76.1
2026-09-19T21:23:41Z,6.19,76.05
2026-09-19T21:24:41Z,6.19,76.04
2026-09-19T21:25:41Z,6.19,76.08
2026-09-19T21:26:41Z,6.19,76.11
2026-09-19T21:27:41Z,6.18,75.92
2026-09-19T21:34:41Z,6.18,75.99
2026-09-19T21:35:41Z,6.18,75.94
2026-09-19T21:36:41Z,6.18,75.99
2026-09-19T21:37:41Z,6.18,75.96
2026-09-19T21:38:41Z,6.18,75.86
2026-09-19T21:39:41Z,6.18,76
2026-09-19T21:47:41Z,,76.35
2026-09-19T21:48:41Z,6.2,76.34
2026-09-19T21:49:41Z,6.2,76.32
2026-09-19T21:50:41Z,6.21,76.47
2026-09-19T21:51:41Z,6.22,76.64
2026-09-19T21:52:41Z,6.22,76.54
2026-09-19T21:53:41Z,6.21,
2026-09-19T22:00:41Z,,76.41
2026-09-19T22:01:41Z,6.21,76.47
2026-09-19T22:02:41Z,6.23,76.76
2026-09-19T22:03:41Z,6.24,76.88
2026-09-19T22:04:41Z,6.24,77.02
2026-09-19T22:05:41Z,6.25,77.15
2026-09-19T22:11:41Z,,76.83
2026-09-19T22:12:41Z,6.24,76.94
2026-09-19T22:13:41Z,6.23,76.86
2026-09-19T22:14:41Z,6.24,76.88
2026-09-19T22:15:41Z,6.23,76.86
2026-09-19T22:16:41Z,6.23,
2026-09-19T22:22:41Z,,76.77
2026-09-19T22:23:41Z,6.22,76.54
2026-09-19T22:24:41Z,6.21,76.43
2026-09-19T22:25:41Z,6.21,76.4
2026-09-19T22:26:41Z,6.2,76.19
2026-09-19T22:27:41Z,6.18,75.87
2026-09-19T22:28:41Z,6.17,
2026-09-19T22:33:41Z,,75.98
2026-09-19T22:34:41Z,6.18,75.87
2026-09-19T22:35:41Z,6.17,75.78
2026-09-19T22:36:41Z,6.18,75.89
2026-09-19T22:37:41Z,6.17,75.73
2026-09-19T22:38:41Z,6.15,
2026-09-19T22:39:41Z,6.17,
2026-09-19T22:44:41Z,,74.05
2026-09-19T22:45:41Z,6.08,74.18
2026-09-19T22:46:41Z,6.07,74.13
2026-09-19T22:47:41Z,6.09,74.35
2026-09-19T22:48:41Z,6.09,74.41
2026-09-19T22:49:41Z,6.12,74.85
2026-09-19T22:50:41Z,6.11,
2026-09-19T22:57:41Z,,73.96
2026-09-19T22:58:41Z,,73.76
2026-09-19T22:59:41Z,6.06,73.91
2026-09-19T23:00:41Z,6.08,74.19
2026-09-19T23:01:41Z,6.09,74.34
2026-09-19T23:02:41Z,6.1,74.51
2026-09-19T23:03:41Z,6.1,
2026-09-19T23:09:41Z,,73.51
2026-09-19T23:10:41Z,,73.41
2026-09-19T23:11:41Z,6,72.99
2026-09-19T23:12:41Z,6,72.83
2026-09-19T23:13:41Z,5.97,72.48
2026-09-19T23:14:41Z,5.95,72.07
2026-09-19T23:15:41Z,5.94,
2026-09-19T23:22:41Z,,70.54
2026-09-19T23:23:41Z,,70.48
2026-09-19T23:24:41Z,5.86,70.57
2026-09-19T23:25:41Z,5.84,70.24
2026-09-19T23:26:41Z,5.85,70.34
2026-09-19T23:27:41Z,5.83,
2026-09-19T23:28:41Z,5.84,
2026-09-19T23:34:41Z,,69.57
2026-09-19T23:35:41Z,,69.73
2026-09-19T23:36:41Z,5.83,69.99
2026-09-19T23:37:41Z,5.83,70
2026-09-19T23:38:41Z,5.81,69.65
2026-09-19T23:39:41Z,5.8,69.63
2026-09-19T23:40:41Z,5.82,
2026-09-19T23:41:41Z,5.82,
2026-09-19T23:44:41Z,5.79,69.44
2026-09-19T23:45:41Z,5.79,69.3
2026-09-19T23:46:41Z,5.77,69.07
2026-09-19T23:47:41Z,5.77,69.07
2026-09-19T23:48:41Z,5.78,69.19
2026-09-19T23:49:41Z,5.78,69.19
2026-09-19T23:55:41Z,5.75,68.74
2026-09-19T23:56:41Z,5.75,68.77
2026-09-19T23:57:41Z,5.75,68.72
2026-09-19T23:58:41Z,5.71,68.1
2026-09-19T23:59:41Z,5.72,68.22
2026-09-20T00:00:41Z,5.72,68.13
2026-09-20T00:01:41Z,5.69,67.78
2026-09-20T00:11:41Z,5.64,66.81
2026-09-20T00:12:41Z,5.59,65.98
2026-09-20T00:13:41Z,6.36,65.89
2026-09-20T00:14:41Z,5.57,65.62
2026-09-20T00:15:41Z,6.35,65.72
2026-09-20T01:00:41Z,6.77,57.44
2026-09-20T01:01:41Z,5.85,57.22
2026-09-20T01:08:41Z,4.92,54.76
2026-09-20T01:09:41Z,4.92,54.82
2026-09-20T01:10:41Z,4.94,55.04
2026-09-20T01:11:41Z,5.68,54.49
2026-09-20T01:12:41Z,6.73,54.63
2026-09-20T01:13:41Z,,55.01
2026-09-20T01:20:41Z,4.79,52.61
2026-09-20T01:21:41Z,4.78,52.39
2026-09-20T01:22:41Z,4.76,52.07
2026-09-20T01:23:41Z,4.76,52.02
2026-09-20T01:24:41Z,5.69,52.41
2026-09-20T01:25:41Z,,52.31
2026-09-20T01:32:41Z,4.74,51.79
2026-09-20T01:33:41Z,4.72,51.39
2026-09-20T01:34:41Z,4.7,51.05
2026-09-20T01:35:41Z,5.56,50.24
2026-09-20T01:36:41Z,5.58,50.6
2026-09-20T01:37:41Z,,51.09
2026-09-20T01:43:41Z,4.61,
2026-09-20T01:44:41Z,4.58,48.96
2026-09-20T01:45:41Z,4.6,49.45
2026-09-20T01:46:41Z,4.6,49.38
2026-09-20T01:47:41Z,4.62,49.68
2026-09-20T01:48:41Z,4.67,50.51
2026-09-20T01:55:41Z,4.81,
2026-09-20T01:56:41Z,5.81,54.39
2026-09-20T01:57:41Z,5.83,54.73
2026-09-20T01:58:41Z,4.99,55.89
2026-09-20T01:59:41Z,5,56.11
2026-09-20T02:00:41Z,5.91,56.16
2026-09-20T02:01:41Z,5.94,56.65
2026-09-20T02:10:41Z,,58.94
2026-09-20T02:11:41Z,5.17,58.99
2026-09-20T02:12:41Z,5.17,59.01
2026-09-20T02:13:41Z,5.18,59.17
2026-09-20T02:14:41Z,5.21,59.57
2026-09-20T02:15:41Z,5.24,60.19
2026-09-20T02:23:41Z,5.26,60.44
2026-09-20T02:24:41Z,5.23,60.01
2026-09-20T02:25:41Z,5.19,59.32
2026-09-20T02:26:41Z,5.15,58.65
2026-09-20T02:27:41Z,5.09,57.66
2026-09-20T02:28:41Z,5.06,
2026-09-20T02:36:41Z,5.18,59.18
2026-09-20T02:37:41Z,6.2,61
2026-09-20T02:38:41Z,6.25,61.85
2026-09-20T02:39:41Z,6.33,63.13
2026-09-20T02:40:41Z,7.33,64.74
2026-09-20T02:50:41Z,8.07,77.09
2026-09-20T02:51:41Z,8.09,77.38
2026-09-20T02:52:41Z,7.21,78.01
2026-09-20T02:53:41Z,7.23,78.28
2026-09-20T02:59:41Z,6.42,80.01
2026-09-20T03:00:41Z,6.45,80.44
2026-09-20T03:01:41Z,6.45,80.54
2026-09-20T03:02:41Z,6.43,80.1
2026-09-20T03:03:41Z,6.43,80.2
2026-09-20T03:04:41Z,6.39,79.53
2026-09-20T03:11:41Z,6.22,76.69
2026-09-20T03:12:41Z,6.17,75.83
2026-09-20T03:13:41Z,6.17,75.79
2026-09-20T03:14:41Z,6.18,75.86
2026-09-20T03:15:41Z,6.16,75.66
2026-09-20T03:22:41Z,6.07,74.16
2026-09-20T03:23:41Z,6.06,73.99
2026-09-20T03:24:41Z,6.04,73.66
2026-09-20T03:25:41Z,5.96,72.28
2026-09-20T03:26:41Z,5.94,71.94
2026-09-20T03:27:41Z,5.94,71.91
2026-09-20T03:34:41Z,6.51,68.37
2026-09-20T03:35:41Z,6.46,67.59
2026-09-20T03:36:41Z,5.64,66.92
2026-09-20T03:37:41Z,6.39,66.44
2026-09-20T03:38:41Z,6.33,65.27
2026-09-20T03:39:41Z,6.27,64.42
2026-09-20T03:45:41Z,,60.47
2026-09-20T03:46:41Z,6.92,60.05
2026-09-20T03:47:41Z,6.04,60.49
2026-09-20T03:48:41Z,6.03,60.38
2026-09-20T03:49:41Z,5.21,59.63
2026-09-20T03:50:41Z,5.98,59.4
2026-09-20T03:51:41Z,5.97,59.31
2026-09-20T03:59:41Z,6.79,57.83
2026-09-20T04:00:41Z,5.86,57.49
2026-09-20T04:01:41Z,5.07,57.22
2026-09-20T04:02:41Z,5.04,56.69
2026-09-20T04:03:41Z,5.85,57.27
2026-09-20T04:10:41Z,,58.64
2026-09-20T04:11:41Z,5.17,58.98
2026-09-20T04:12:41Z,6.11,59.52
2026-09-20T04:13:41Z,7.05,60.03
2026-09-20T04:14:41Z,5.25,60.36
2026-09-20T04:15:41Z,5.26,60.44
2026-09-20T04:23:41Z,5.36,62.21
2026-09-20T04:24:41Z,5.4,62.8
2026-09-20T04:25:41Z,5.43,63.41
2026-09-20T04:26:41Z,5.44,63.46
2026-09-20T04:27:41Z,5.45,63.64
2026-09-20T04:35:41Z,5.5,64.55
2026-09-20T04:36:41Z,5.48,64.19
2026-09-20T04:37:41Z,5.47,63.97
2026-09-20T04:38:41Z,6.4,64.34
2026-09-20T04:39:41Z,6.43,64.78
2026-09-20T04:40:41Z,6.45,65.18
2026-09-20T04:48:41Z,6.48,65.7
2026-09-20T04:49:41Z,5.55,65.37
2026-09-20T04:50:41Z,5.55,65.32
2026-09-20T04:51:41Z,6.47,65.44
2026-09-20T04:52:41Z,6.32,65.22
2026-09-20T05:02:41Z,5.66,67.26
2026-09-20T05:03:41Z,6.45,67.37
2026-09-20T05:04:41Z,5.69,67.66
2026-09-20T05:05:41Z,5.71,67.97
2026-09-20T05:10:41Z,6.53,68.74
2026-09-20T05:11:41Z,6.5,68.26
2026-09-20T05:12:41Z,8.36,68.85
2026-09-20T05:13:41Z,7.46,69.02
2026-09-20T05:14:41Z,6.56,69.24
2026-09-20T05:15:41Z,7.48,69.45
2026-09-20T06:00:41Z,6.03,73.41
2026-09-20T06:01:41Z,6.1,74.55
2026-09-20T06:02:41Z,6.09,
2026-09-20T06:09:41Z,6.69,71.42
2026-09-20T06:10:41Z,6.62,70.15
2026-09-20T06:11:41Z,6.61,70.13
2026-09-20T06:12:41Z,5.83,70.11
2026-09-20T06:13:41Z,5.77,69.12
2026-09-20T06:14:41Z,5.78,69.18
2026-09-20T06:21:41Z,5.78,69.17
2026-09-20T06:22:41Z,5.81,69.78
2026-09-20T06:23:41Z,5.79,69.42
2026-09-20T06:24:41Z,5.76,68.92
2026-09-20T06:25:41Z,5.79,69.43
2026-09-20T06:33:41Z,5.66,67.19
2026-09-20T06:34:41Z,5.61,66.36
2026-09-20T06:35:41Z,5.56,65.58
2026-09-20T06:36:41Z,5.57,65.67
2026-09-20T06:37:41Z,5.53,65.06
2026-09-20T06:44:41Z,5.37,62.37
2026-09-20T06:45:41Z,5.35,62.04
2026-09-20T06:46:41Z,5.35,61.92
2026-09-20T06:47:41Z,5.34,61.83
2026-09-20T06:48:41Z,5.34,61.84
2026-09-20T06:49:41Z,5.3,61.07
2026-09-20T06:50:41Z,5.29,61.05
2026-09-20T06:51:41Z,6.04,60.54
2026-09-20T06:57:41Z,5.18,59.11
2026-09-20T06:58:41Z,5.18,59.13
2026-09-20T06:59:41Z,5.21,59.63
2026-09-20T07:00:41Z,5.24,60.08
2026-09-20T07:01:41Z,6.01,59.97
2026-09-20T07:02:41Z,6.04,60.41
2026-09-20T07:09:41Z,5.36,62.15
2026-09-20T07:10:41Z,5.36,62.23
2026-09-20T07:11:41Z,6.14,62.17
2026-09-20T07:12:41Z,5.37,62.4
2026-09-20T07:13:41Z,5.37,62.35
2026-09-20T07:14:41Z,5.39,62.59
2026-09-20T07:22:41Z,5.38,62.49
2026-09-20T07:23:41Z,5.39,62.67
2026-09-20T07:24:41Z,5.41,63.05
2026-09-20T07:25:41Z,5.41,63
2026-09-20T07:26:41Z,5.38,62.51
2026-09-20T07:27:41Z,5.36,
2026-09-20T07:34:41Z,5.43,63.33
2026-09-20T07:35:41Z,5.44,63.5
2026-09-20T07:36:41Z,5.44,63.53
2026-09-20T07:37:41Z,6.24,63.85
2026-09-20T07:38:41Z,5.47,63.99
2026-09-20T07:45:41Z,,63.89
2026-09-20T07:46:41Z,6.24,63.9
2026-09-20T07:47:41Z,6.24,63.82
2026-09-20T07:48:41Z,6.25,64
2026-09-20T07:49:41Z,6.23,63.72
2026-09-20T07:50:41Z,6.22,63.52
2026-09-20T07:51:41Z,7.13,
2026-09-20T07:58:41Z,6.26,64.1
2026-09-20T07:59:41Z,5.48,64.13
2026-09-20T08:00:41Z,5.49,64.29
2026-09-20T08:01:41Z,5.49,64.28
2026-09-20T08:02:41Z,5.5,64.51
2026-09-20T08:03:41Z,5.49,64.31
2026-09-20T08:10:41Z,6.33,65.27
2026-09-20T08:11:41Z,5.57,65.64
2026-09-20T08:12:41Z,5.58,65.9
2026-09-20T08:13:41Z,6.39,66.42
2026-09-20T08:14:41Z,5.64,66.93
2026-09-20T08:15:41Z,5.67,67.29
2026-09-20T08:23:41Z,6.53,68.69
2026-09-20T08:24:41Z,6.53,68.76
2026-09-20T08:25:41Z,5.75,68.79
2026-09-20T08:26:41Z,5.75,68.79
2026-09-20T08:27:41Z,5.75,68.7
2026-09-20T08:35:41Z,5.75,68.65
2026-09-20T08:36:41Z,5.73,68.41
2026-09-20T08:37:41Z,6.51,68.38
2026-09-20T08:38:41Z,5.74,68.59
2026-09-20T08:39:41Z,5.73,68.43
2026-09-20T08:40:41Z,,68.24
2026-09-20T08:47:41Z,6.49,68.12
2026-09-20T08:48:41Z,5.72,68.27
2026-09-20T08:49:41Z,5.72,68.2
2026-09-20T08:50:41Z,5.72,68.2
2026-09-20T08:51:41Z,6.5,68.28
2026-09-20T08:52:41Z,5.73,68.44
2026-09-20T08:59:41Z,6.58,69.49
2026-09-20T09:00:41Z,5.8,69.53
2026-09-20T09:01:41Z,5.79,69.45
2026-09-20T09:02:41Z,6.58,69.58
2026-09-20T09:03:41Z,5.8,69.53
2026-09-20T09:04:41Z,5.78,69.26
2026-09-20T09:10:41Z,5.78,69.27
2026-09-20T09:11:41Z,5.79,69.45
2026-09-20T09:12:41Z,5.81,69.71
2026-09-20T09:13:41Z,5.82,69.81
2026-09-20T09:14:41Z,5.82,69.87
2026-09-20T09:15:41Z,5.83,70.04
2026-09-20T09:22:41Z,5.82,69.85
2026-09-20T09:23:41Z,5.81,69.76
2026-09-20T09:24:41Z,5.82,69.88
2026-09-20T09:25:41Z,5.8,69.47
2026-09-20T09:26:41Z,7.36,69.57
2026-09-20T09:27:41Z,6.58,69.52
2026-09-20T09:33:41Z,5.81,69.79
2026-09-20T09:34:41Z,5.8,69.47
2026-09-20T09:35:41Z,5.8,69.56
2026-09-20T09:36:41Z,5.78,69.16
2026-09-20T09:37:41Z,5.75,68.63
2026-09-20T09:38:41Z,6.53,
2026-09-20T09:44:41Z,5.79,69.46
2026-09-20T09:45:41Z,5.79,69.37
2026-09-20T09:46:41Z,5.77,69.09
2026-09-20T09:47:41Z,5.78,69.16
2026-09-20T09:48:41Z,5.79,69.41
2026-09-20T09:49:41Z,5.78,69.19
2026-09-20T10:00:41Z,5.81,69.77
2026-09-20T10:01:41Z,6.6,69.91
2026-09-20T10:08:41Z,6.62,70.18
2026-09-20T10:09:41Z,5.85,70.34
2026-09-20T10:10:41Z,5.85,70.45
2026-09-20T10:11:41Z,5.86,70.49
2026-09-20T10:12:41Z,6.65,70.65
2026-09-20T10:20:41Z,5.87,70.71
2026-09-20T10:21:41Z,5.87,70.75
2026-09-20T10:22:41Z,5.87,70.76
2026-09-20T10:23:41Z,5.88,70.96
2026-09-20T10:24:41Z,5.86,70.58
2026-09-20T10:25:41Z,5.86,70.54
2026-09-20T10:32:41Z,5.89,
2026-09-20T10:33:41Z,6.65,70.78
2026-09-20T10:34:41Z,6.65,70.72
2026-09-20T10:35:41Z,5.87,70.75
2026-09-20T10:36:41Z,5.88,70.92
2026-09-20T10:37:41Z,6.65,70.79
2026-09-20T10:43:41Z,6.67,
2026-09-20T10:44:41Z,5.9,71.25
2026-09-20T10:45:41Z,5.9,71.29
2026-09-20T10:46:41Z,5.91,71.33
2026-09-20T10:47:41Z,5.89,71.12
2026-09-20T10:48:41Z,5.89,71.08
2026-09-20T10:49:41Z,,70.98
2026-09-20T10:55:41Z,5.9,
2026-09-20T10:56:41Z,5.9,
2026-09-20T10:57:41Z,5.89,71.04
2026-09-20T10:58:41Z,6.67,71.13
2026-09-20T10:59:41Z,6.69,71.41
2026-09-20T11:00:41Z,5.9,71.27
2026-09-20T11:01:41Z,5.91,71.38
2026-09-20T11:02:41Z,,71.42
2026-09-20T11:10:41Z,5.93,71.68
2026-09-20T11:11:41Z,5.93,71.67
2026-09-20T11:12:41Z,5.93,71.71
2026-09-20T11:13:41Z,5.92,71.61
2026-09-20T11:14:41Z,6.7,71.54
2026-09-20T11:15:41Z,,71.66
2026-09-20T11:21:41Z,5.92,71.5
2026-09-20T11:22:41Z,5.93,71.68
2026-09-20T11:23:41Z,5.92,71.54
2026-09-20T11:24:41Z,5.92,71.55
2026-09-20T11:25:41Z,6.69,71.35
2026-09-20T11:26:41Z,5.91,71.42
2026-09-20T11:34:41Z,5.92,71.56
2026-09-20T11:35:41Z,5.93,71.78
2026-09-20T11:36:41Z,5.93,71.7
2026-09-20T11:37:41Z,5.93,71.68
2026-09-20T11:38:41Z,5.93,71.67
2026-09-20T11:39:41Z,5.94,71.88
2026-09-20T11:46:41Z,,72.27
2026-09-20T11:47:41Z,5.96,72.23
2026-09-20T11:48:41Z,5.96,72.26
2026-09-20T11:49:41Z,5.96,72.17
2026-09-20T11:50:41Z,5.96,72.19
2026-09-20T11:51:41Z,5.97,72.44
2026-09-20T11:52:41Z,5.98,
2026-09-20T11:59:41Z,,72.52
2026-09-20T12:00:41Z,,72.53
2026-09-20T12:01:41Z,5.97,72.49
2026-09-20T12:02:41Z,5.98,72.55
2026-09-20T12:03:41Z,6.76,72.61
2026-09-20T12:04:41Z,5.98,72.58
2026-09-20T12:05:41Z,5.99,
2026-09-20T12:11:41Z,,72.7
2026-09-20T12:12:41Z,,72.58
2026-09-20T12:13:41Z,5.98,72.54
2026-09-20T12:14:41Z,5.97,72.41
2026-09-20T12:15:41Z,5.98,72.56
2026-09-20T12:16:41Z,5.97,72.37
2026-09-20T12:17:41Z,5.97,
2026-09-20T12:24:41Z,,71.18
2026-09-20T12:25:41Z,,70.8
2026-09-20T12:26:41Z,,70.79
2026-09-20T12:27:41Z,5.87,70.71
2026-09-20T12:28:41Z,5.86,70.53
2026-09-20T12:29:41Z,5.85,70.46
2026-09-20T12:30:41Z,5.84,70.28
2026-09-20T12:31:41Z,5.83,69.97
2026-09-20T12:37:41Z,,69.3
2026-09-20T12:38:41Z,,69.12
2026-09-20T12:39:41Z,5.77,68.96
2026-09-20T12:40:41Z,5.73,68.34
2026-09-20T12:41:41Z,6.49,68.08
2026-09-20T12:42:41Z,5.72,68.21
2026-09-20T12:43:41Z,5.73,
2026-09-20T12:49:41Z,5.73,68.34
2026-09-20T12:50:41Z,5.73,68.31
2026-09-20T12:51:41Z,5.74,68.56
2026-09-20T12:52:41Z,5.75,68.75
2026-09-20T12:53:41Z,5.74,68.59
2026-09-20T12:54:41Z,5.75,
2026-09-20T13:04:41Z,5.85,70.37
2026-09-20T13:05:41Z,6.64,70.49
2026-09-20T13:06:41Z,6.66,70.88
2026-09-20T13:07:41Z,5.88,70.97
2026-09-20T13:08:41Z,6.69,71.32
2026-09-20T13:09:41Z,6.7,71.56
2026-09-20T13:11:41Z,6.72,71.83
2026-09-20T13:12:41Z,5.95,72.01
2026-09-20T13:13:41Z,5.95,71.99
2026-09-20T13:14:41Z,5.95,72.01
2026-09-20T13:15:41Z,5.96,72.17
2026-09-20T13:22:41Z,5.95,72.15
2026-09-20T13:23:41Z,5.96,72.26
2026-09-20T13:24:41Z,5.97,72.42
2026-09-20T13:25:41Z,5.97,72.4
2026-09-20T13:26:41Z,6.74,72.29
2026-09-20T13:34:41Z,6.74,72.27
2026-09-20T13:35:41Z,6.74,72.3
2026-09-20T13:36:41Z,6.74,72.18
2026-09-20T13:37:41Z,5.95,72.07
2026-09-20T13:38:41Z,6.73,72.11
2026-09-20T13:39:41Z,6.73,72.03
2026-09-20T13:46:41Z,5.94,71.84
2026-09-20T13:47:41Z,5.94,71.89
2026-09-20T13:48:41Z,5.94,71.9
2026-09-20T13:49:41Z,6.73,72.02
2026-09-20T13:50:41Z,6.73,72.1
2026-09-20T13:51:41Z,5.95,72.12
2026-09-20T13:58:41Z,5.9,71.17
2026-09-20T13:59:41Z,5.88,70.88
2026-09-20T14:00:41Z,5.89,71.02
2026-09-20T14:01:41Z,5.86,70.62
2026-09-20T14:02:41Z,5.86,70.51
2026-09-20T14:03:41Z,5.86,
2026-09-20T14:09:41Z,,70.18
2026-09-20T14:10:41Z,5.84,70.26
2026-09-20T14:11:41Z,5.84,70.24
2026-09-20T14:12:41Z,5.84,70.28
2026-09-20T14:13:41Z,5.85,70.33
2026-09-20T14:14:41Z,5.84,70.28
2026-09-20T14:15:41Z,5.85,
2026-09-20T14:22:41Z,,71.12
2026-09-20T14:23:41Z,5.9,71.22
2026-09-20T14:24:41Z,5.9,71.22
2026-09-20T14:25:41Z,5.9,71.28
2026-09-20T14:26:41Z,5.9,71.26
2026-09-20T14:27:41Z,5.91,
2026-09-20T14:34:41Z,,71.25
2026-09-20T14:35:41Z,5.91,71.39
2026-09-20T14:36:41Z,6.69,71.48
2026-09-20T14:37:41Z,6.71,71.66
2026-09-20T14:38:41Z,5.93,71.77
2026-09-20T14:39:41Z,5.95,72.02
2026-09-20T14:40:41Z,6.73,
2026-09-20T14:46:41Z,,72.5
2026-09-20T14:47:41Z,,72.65
2026-09-20T14:48:41Z,5.98,72.65
2026-09-20T14:49:41Z,5.99,72.71
2026-09-20T14:50:41Z,5.99,72.73
2026-09-20T14:51:41Z,6,72.85
2026-09-20T14:52:41Z,6.01,
2026-09-20T14:59:41Z,,73.57
2026-09-20T15:00:41Z,,73.79
2026-09-20T15:01:41Z,,73.56
2026-09-20T15:02:41Z,6.04,73.62
2026-09-20T15:03:41Z,6.04,73.63
2026-09-20T15:04:41Z,6.05,73.7
2026-09-20T15:05:41Z,6.04,73.66
2026-09-20T15:11:41Z,6.84,73.97
2026-09-20T15:12:41Z,,73.99
2026-09-20T15:13:41Z,,73.94
2026-09-20T15:14:41Z,,73.98
2026-09-20T15:15:41Z,,73.97
2026-09-20T15:23:41Z,,73.89
2026-09-20T15:24:41Z,,74.03
2026-09-20T15:25:41Z,,73.74
2026-09-20T15:26:41Z,,73.6
2026-09-20T15:27:41Z,,73.48
2026-09-20T15:28:41Z,6.03,
2026-09-20T15:29:41Z,6.02,
2026-09-20T15:30:41Z,6.02,
2026-09-20T15:31:41Z,6.02,
2026-09-20T15:33:41Z,6.03,
2026-09-20T15:34:41Z,6.03,
2026-09-20T15:35:41Z,6.02,73.33
2026-09-20T15:36:41Z,6.03,73.38
2026-09-20T15:37:41Z,6.8,73.3
2026-09-20T15:38:41Z,,73.38
2026-09-20T15:39:41Z,,73.35
2026-09-20T15:40:41Z,,73.5
2026-09-20T15:44:41Z,6.84,
2026-09-20T15:45:41Z,6.84,
2026-09-20T15:46:41Z,6.05,
2026-09-20T15:47:41Z,6.06,
2026-09-20T15:48:41Z,6.06,
2026-09-20T15:49:41Z,,74.02
2026-09-20T15:50:41Z,,73.88
2026-09-20T15:51:41Z,,73.94
2026-09-20T15:52:41Z,,73.89
2026-09-20T15:53:41Z,,73.89
2026-09-20T15:54:41Z,6.06,73.88
2026-09-20T15:55:41Z,6.06,73.88
2026-09-20T15:56:41Z,6.06,73.85
2026-09-20T15:57:41Z,6.06,73.84
2026-09-20T15:58:41Z,6.06,73.91
2026-09-20T15:59:41Z,6.06,73.93
2026-09-20T16:00:41Z,6.07,74.09
2026-09-20T16:01:41Z,6.06,74
2026-09-20T16:02:41Z,6.06,73.95
2026-09-20T16:03:41Z,6.06,73.92
2026-09-20T16:04:41Z,6.06,73.87
2026-09-20T16:05:41Z,6.06,73.86
2026-09-20T16:12:41Z,6.06,73.93
2026-09-20T16:13:41Z,6.06,73.92
2026-09-20T16:14:41Z,6.06,74
2026-09-20T16:15:41Z,6.06,73.89
2026-09-20T16:16:41Z,6.84,73.86
2026-09-20T16:17:41Z,6.82,73.59
2026-09-20T16:27:41Z,,74.02
2026-09-20T16:28:41Z,6.07,74.1
2026-09-20T16:29:41Z,6.07,74.09
2026-09-20T16:30:41Z,6.08,74.23
2026-09-20T16:31:41Z,6.09,74.34
2026-09-20T16:32:41Z,6.09,74.43
2026-09-20T16:40:41Z,6.11,74.74
2026-09-20T16:41:41Z,6.11,74.74
2026-09-20T16:42:41Z,6.11,74.83
2026-09-20T16:43:41Z,6.12,74.93
2026-09-20T16:44:41Z,6.12,74.87
2026-09-20T16:45:41Z,6.12,
2026-09-20T16:52:41Z,,75.16
2026-09-20T16:53:41Z,6.91,75.12
2026-09-20T16:54:41Z,6.91,75.16
2026-09-20T16:55:41Z,6.14,75.31
2026-09-20T16:56:41Z,6.14,75.24
2026-09-20T16:57:41Z,6.14,75.27
2026-09-20T17:04:41Z,,75.05
2026-09-20T17:05:41Z,6.13,75.09
2026-09-20T17:06:41Z,6.14,75.19
2026-09-20T17:07:41Z,6.13,75.16
2026-09-20T17:08:41Z,6.14,75.22
2026-09-20T17:09:41Z,6.14,75.31
2026-09-20T17:10:41Z,6.14,
2026-09-20T17:16:41Z,,75.48
2026-09-20T17:17:41Z,6.14,75.33
2026-09-20T17:18:41Z,6.14,75.34
2026-09-20T17:19:41Z,6.15,75.4
2026-09-20T17:20:41Z,6.15,75.4
2026-09-20T17:21:41Z,6.15,75.46
2026-09-20T17:22:41Z,6.15,
2026-09-20T17:28:41Z,,74.76
2026-09-20T17:29:41Z,6.11,74.8
2026-09-20T17:30:41Z,6.11,74.7
2026-09-20T17:31:41Z,6.1,74.62
2026-09-20T17:32:41Z,6.1,74.56
2026-09-20T17:33:41Z,6.1,
2026-09-20T17:34:41Z,6.1,
2026-09-20T17:40:41Z,,74.47
2026-09-20T17:41:41Z,6.1,74.52
2026-09-20T17:42:41Z,6.1,74.53
2026-09-20T17:43:41Z,6.1,74.61
2026-09-20T17:44:41Z,6.1,74.61
2026-09-20T17:45:41Z,6.09,74.44
2026-09-20T17:46:41Z,6.09,
2026-09-20T17:47:41Z,6.1,74.54
2026-09-20T17:48:41Z,6.09,74.41
2026-09-20T17:49:41Z,6.09,74.44
2026-09-20T17:50:41Z,6.09,74.37
2026-09-20T17:51:41Z,6.09,74.42
2026-09-20T17:55:41Z,6.09,74.41
2026-09-20T17:56:41Z,6.1,74.54
2026-09-20T17:57:41Z,6.1,74.58
2026-09-20T17:58:41Z,6.09,74.49
2026-09-20T17:59:41Z,6.09,74.46
2026-09-20T18:00:41Z,6.09,74.41
2026-09-20T18:01:41Z,6.09,74.41
2026-09-20T18:02:41Z,6.09,74.35
2026-09-20T18:11:41Z,6.09,74.37
2026-09-20T18:12:41Z,6.09,74.4
2026-09-20T18:13:41Z,6.08,74.33
2026-09-20T18:14:41Z,6.09,74.36
2026-09-20T18:15:41Z,6.09,74.41
2026-09-20T18:23:41Z,6.1,74.51
2026-09-20T18:24:41Z,6.1,74.53
2026-09-20T18:25:41Z,6.09,74.4
2026-09-20T18:26:41Z,6.1,74.51
2026-09-20T18:27:41Z,6.1,74.55
2026-09-20T18:34:41Z,6.09,74.42
2026-09-20T18:35:41Z,6.1,74.53
2026-09-20T18:36:41Z,6.1,74.56
2026-09-20T18:37:41Z,6.1,74.52
2026-09-20T18:38:41Z,6.1,74.51
2026-09-20T18:39:41Z,6.1,74.63
2026-09-20T18:46:41Z,6.08,74.26
2026-09-20T18:47:41Z,6.09,74.44
2026-09-20T18:48:41Z,6.08,74.31
2026-09-20T18:49:41Z,6.08,74.29
2026-09-20T18:50:41Z,6.08,74.27
2026-09-20T18:51:41Z,6.09,74.36
2026-09-20T18:58:41Z,6.1,74.52
2026-09-20T18:59:41Z,6.1,74.62
2026-09-20T19:00:41Z,6.11,74.78
2026-09-20T19:01:41Z,6.12,74.86
2026-09-20T19:02:41Z,6.12,75.01
2026-09-20T19:09:41Z,,75.25
2026-09-20T19:10:41Z,6.13,75.11
2026-09-20T19:11:41Z,6.14,75.19
2026-09-20T19:12:41Z,6.13,75.17
2026-09-20T19:13:41Z,6.13,75.14
2026-09-20T19:14:41Z,6.14,75.21
2026-09-20T19:21:41Z,6.15,
2026-09-20T19:22:41Z,6.16,75.58
2026-09-20T19:23:41Z,6.16,75.62
2026-09-20T19:24:41Z,6.16,75.53
2026-09-20T19:25:41Z,6.16,75.61
2026-09-20T19:26:41Z,6.16,75.58
2026-09-20T19:34:41Z,6.14,75.24
2026-09-20T19:35:41Z,6.12,74.9
2026-09-20T19:36:41Z,6.11,74.73
2026-09-20T19:37:41Z,6.11,74.71
2026-09-20T19:38:41Z,,74.59
2026-09-20T19:43:41Z,6.11,
2026-09-20T19:44:41Z,6.11,74.8
2026-09-20T19:45:41Z,6.11,74.71
2026-09-20T19:46:41Z,6.11,74.75
2026-09-20T19:47:41Z,6.11,74.8
2026-09-20T19:48:41Z,,74.87
2026-09-20T19:49:41Z,,74.85
2026-09-20T19:58:41Z,6.11,74.7
2026-09-20T19:59:41Z,6.11,74.72
2026-09-20T20:00:41Z,6.1,74.64
2026-09-20T20:01:41Z,6.11,74.7
2026-09-20T20:02:41Z,,74.71
2026-09-20T20:07:41Z,6.11,
2026-09-20T20:08:41Z,6.11,
2026-09-20T20:09:41Z,6.11,74.84
2026-09-20T20:10:41Z,6.12,74.86
2026-09-20T20:11:41Z,6.12,74.89
2026-09-20T20:12:41Z,6.11,74.68
2026-09-20T20:13:41Z,,74.6
2026-09-20T20:17:41Z,6.1,74.65
2026-09-20T20:18:41Z,6.1,74.61
2026-09-20T20:19:41Z,6.1,74.64
2026-09-20T20:20:41Z,6.1,74.64
2026-09-20T20:21:41Z,6.1,74.65
2026-09-20T20:28:41Z,6.1,74.63
2026-09-20T20:29:41Z,6.11,74.68
2026-09-20T20:30:41Z,6.11,74.72
2026-09-20T20:31:41Z,6.11,74.73
2026-09-20T20:32:41Z,6.11,74.84
2026-09-20T20:33:41Z,6.12,74.91
2026-09-20T20:39:41Z,6.14,75.29
2026-09-20T20:40:41Z,6.14,75.27
2026-09-20T20:41:41Z,6.14,75.19
2026-09-20T20:42:41Z,6.14,75.24
2026-09-20T20:43:41Z,6.13,75.17
2026-09-20T20:44:41Z,6.14,75.2
2026-09-20T20:50:41Z,6.14,75.2
2026-09-20T20:51:41Z,6.14,75.22
2026-09-20T20:52:41Z,6.13,75.13
2026-09-20T20:53:41Z,6.14,75.22
2026-09-20T20:54:41Z,6.14,75.2
2026-09-20T20:55:41Z,6.15,75.38
2026-09-20T21:03:41Z,6.12,74.87
2026-09-20T21:04:41Z,6.11,74.82
2026-09-20T21:05:41Z,6.11,74.76
2026-09-20T21:06:41Z,6.11,74.72
2026-09-20T21:07:41Z,6.1,74.61
2026-09-20T21:14:41Z,6.13,75.08
2026-09-20T21:15:41Z,6.13,75.15
2026-09-20T21:16:41Z,6.12,74.98
2026-09-20T21:17:41Z,6.12,75.01
2026-09-20T21:18:41Z,6.13,75.05
2026-09-20T21:19:41Z,6.13,75.06
2026-09-20T21:20:41Z,,75.01
2026-09-20T21:28:41Z,6.13,
2026-09-20T21:29:41Z,6.14,75.27
2026-09-20T21:30:41Z,6.15,75.4
2026-09-20T21:31:41Z,6.15,75.49
2026-09-20T21:32:41Z,6.16,75.61
2026-09-20T21:33:41Z,6.16,75.54
2026-09-20T21:34:41Z,,75.58
2026-09-20T21:39:41Z,6.16,
2026-09-20T21:40:41Z,6.16,
2026-09-20T21:41:41Z,6.15,75.46
2026-09-20T21:42:41Z,6.15,75.44
2026-09-20T21:43:41Z,6.15,75.48
2026-09-20T21:44:41Z,6.15,75.44
2026-09-20T21:45:41Z,,75.59
2026-09-20T21:51:41Z,6.18,
2026-09-20T21:52:41Z,6.17,
2026-09-20T21:53:41Z,6.15,75.44
2026-09-20T21:54:41Z,6.15,75.35
2026-09-20T21:55:41Z,6.14,75.27
2026-09-20T21:56:41Z,,75.33
2026-09-20T21:57:41Z,,75.07
2026-09-20T22:04:41Z,6.08,
2026-09-20T22:05:41Z,6.09,74.35
2026-09-20T22:06:41Z,6.08,74.2
2026-09-20T22:07:41Z,6.07,74.15
2026-09-20T22:08:41Z,6.08,74.23
2026-09-20T22:09:41Z,,74.09
2026-09-20T22:10:41Z,,73.99
2026-09-20T22:15:41Z,6.06,
2026-09-20T22:16:41Z,6.06,
2026-09-20T22:17:41Z,6.05,
2026-09-20T22:18:41Z,6.05,73.78
2026-09-20T22:19:41Z,6.04,73.56
2026-09-20T22:20:41Z,6.04,73.52
2026-09-20T22:21:41Z,6.03,73.46
2026-09-20T22:22:41Z,,73.38
2026-09-20T22:29:41Z,6,
2026-09-20T22:30:41Z,6,72.96
2026-09-20T22:31:41Z,5.99,72.66
2026-09-20T22:32:41Z,5.98,72.56
2026-09-20T22:33:41Z,5.98,72.57
2026-09-20T22:34:41Z,5.97,72.49
2026-09-20T22:35:41Z,,72.3
2026-09-20T22:41:41Z,5.92,
2026-09-20T22:42:41Z,5.93,71.68
2026-09-20T22:43:41Z,5.93,71.81
2026-09-20T22:44:41Z,5.9,71.31
2026-09-20T22:45:41Z,5.92,71.55
2026-09-20T22:46:41Z,5.93,71.71
2026-09-20T22:47:41Z,,71.66
2026-09-20T22:52:41Z,5.9,
2026-09-20T22:53:41Z,5.89,
2026-09-20T22:54:41Z,5.89,
2026-09-20T22:55:41Z,5.89,
2026-09-20T22:56:41Z,5.9,71.3
2026-09-20T22:57:41Z,5.89,71.12
2026-09-20T22:58:41Z,5.9,71.2
2026-09-20T22:59:41Z,5.87,70.79
2026-09-20T23:00:41Z,5.87,70.77
2026-09-20T23:01:41Z,5.86,
2026-09-20T23:07:41Z,5.84,70.19
2026-09-20T23:08:41Z,5.84,70.24
2026-09-20T23:09:41Z,5.86,70.56
2026-09-20T23:10:41Z,5.82,69.94
2026-09-20T23:11:41Z,5.82,69.88
2026-09-20T23:12:41Z,,69.5
2026-09-20T23:18:41Z,5.81,69.76
2026-09-20T23:19:41Z,5.82,69.88
2026-09-20T23:20:41Z,5.82,69.95
2026-09-20T23:21:41Z,5.84,70.18
2026-09-20T23:22:41Z,5.82,69.93
2026-09-20T23:23:41Z,5.81,69.72
2026-09-20T23:30:41Z,5.76,68.94
2026-09-20T23:31:41Z,5.75,68.66
2026-09-20T23:32:41Z,5.74,68.6
2026-09-20T23:33:41Z,5.75,68.72
2026-09-20T23:34:41Z,5.75,68.73
2026-09-20T23:41:41Z,,69.53
2026-09-20T23:42:41Z,5.81,69.68
2026-09-20T23:43:41Z,5.83,70.05
2026-09-20T23:44:41Z,5.82,69.92
2026-09-20T23:45:41Z,5.83,70.02
2026-09-20T23:46:41Z,5.82,69.92
2026-09-20T23:53:41Z,5.81,69.73
2026-09-20T23:54:41Z,5.8,69.5
2026-09-20T23:55:41Z,5.76,68.9
2026-09-20T23:56:41Z,5.74,68.6
2026-09-20T23:57:41Z,5.73,68.33
2026-09-21T00:04:41Z,,67.1
2026-09-21T00:05:41Z,,66.81
2026-09-21T00:06:41Z,5.61,66.35
2026-09-21T00:07:41Z,5.58,65.84
2026-09-21T00:08:41Z,5.6,66.15
2026-09-21T00:09:41Z,5.61,66.38
2026-09-21T00:10:41Z,5.58,
2026-09-21T00:11:41Z,6.37,
2026-09-21T00:15:41Z,,66.26
2026-09-21T00:16:41Z,,66.84
2026-09-21T00:17:41Z,6.39,66.43
2026-09-21T00:18:41Z,5.63,66.75
2026-09-21T00:19:41Z,5.64,66.88
2026-09-21T00:20:41Z,5.58,65.81
2026-09-21T00:21:41Z,5.58,65.78
2026-09-21T00:22:41Z,5.56,
2026-09-21T00:29:41Z,5.56,65.52
2026-09-21T00:30:41Z,6.35,65.69
2026-09-21T00:31:41Z,6.31,65.01
2026-09-21T00:32:41Z,5.54,65.2
2026-09-21T00:33:41Z,5.55,65.35
2026-09-21T00:34:41Z,6.3,64.86
2026-09-21T00:40:41Z,5.37,62.39
2026-09-21T00:41:41Z,5.37,62.33
2026-09-21T00:42:41Z,5.36,62.12
2026-09-21T00:43:41Z,5.37,62.24
2026-09-21T00:44:41Z,5.31,61.36
2026-09-21T00:45:41Z,5.29,61.04
2026-09-21T00:52:41Z,,57.66
2026-09-21T00:53:41Z,5.1,57.82
2026-09-21T00:54:41Z,5.07,57.32
2026-09-21T00:55:41Z,5.87,57.68
2026-09-21T00:56:41Z,5.85,57.35
2026-09-21T00:57:41Z,5.86,57.37
2026-09-21T01:04:41Z,,53.77
2026-09-21T01:05:41Z,4.87,53.97
2026-09-21T01:06:41Z,4.85,53.65
2026-09-21T01:07:41Z,4.84,53.45
2026-09-21T01:08:41Z,4.86,53.81
2026-09-21T01:09:41Z,4.83,53.22
2026-09-21T01:10:41Z,4.87,
2026-09-21T01:11:41Z,4.92,
2026-09-21T01:16:41Z,,55.14
2026-09-21T01:17:41Z,,55.36
2026-09-21T01:18:41Z,4.95,55.25
2026-09-21T01:19:41Z,4.94,55.17
2026-09-21T01:20:41Z,4.89,54.27
2026-09-21T01:21:41Z,4.95,55.21
2026-09-21T01:22:41Z,4.94,
2026-09-21T02:03:41Z,,56.32
2026-09-21T02:04:41Z,5.01,56.2
2026-09-21T02:05:41Z,4.98,55.78
2026-09-21T02:06:41Z,4.97,55.57
2026-09-21T02:07:41Z,4.97,55.56
2026-09-21T02:08:41Z,4.92,
2026-09-21T02:09:41Z,4.91,
2026-09-21T02:13:41Z,4.93,54.98
2026-09-21T02:14:41Z,5.82,54.62
2026-09-21T02:15:41Z,5.81,54.5
2026-09-21T02:16:41Z,4.86,53.66
2026-09-21T02:17:41Z,4.83,53.28
2026-09-21T02:25:41Z,4.65,50.15
2026-09-21T02:26:41Z,4.65,50.2
2026-09-21T02:27:41Z,4.64,49.99
2026-09-21T02:28:41Z,4.65,50.29
2026-09-21T02:29:41Z,5.53,49.79
2026-09-21T02:30:41Z,5.51,49.38
2026-09-21T02:37:41Z,4.59,49.26
2026-09-21T02:38:41Z,5.49,49.07
2026-09-21T02:39:41Z,5.48,48.95
2026-09-21T02:40:41Z,4.59,49.17
2026-09-21T02:41:41Z,5.47,48.75
2026-09-21T02:42:41Z,5.47,
2026-09-21T02:45:41Z,4.62,49.67
2026-09-21T02:46:41Z,4.58,49.06
2026-09-21T02:47:41Z,4.56,48.75
2026-09-21T02:48:41Z,4.55,48.54
2026-09-21T02:49:41Z,5.49,48.98
2026-09-21T02:50:41Z,4.58,49.08
2026-09-21T02:58:41Z,4.61,49.53
2026-09-21T02:59:41Z,4.57,48.88
2026-09-21T03:00:41Z,5.49,49.05
2026-09-21T03:01:41Z,5.49,49
2026-09-21T03:02:41Z,5.45,48.43
2026-09-21T03:05:41Z,5.45,48.32
2026-09-21T03:06:41Z,5.45,48.29
2026-09-21T03:07:41Z,4.54,48.42
2026-09-21T03:08:41Z,4.51,47.86
2026-09-21T03:09:41Z,4.49,47.52
2026-09-21T03:12:41Z,4.53,48.2
2026-09-21T03:13:41Z,4.53,48.23
2026-09-21T03:14:41Z,4.56,48.63
2026-09-21T03:15:41Z,4.57,48.87
2026-09-21T03:16:41Z,,48.83
2026-09-21T03:17:41Z,4.55,
2026-09-21T03:18:41Z,4.53,48.23
2026-09-21T03:19:41Z,5.48,48.87
2026-09-21T03:20:41Z,5.51,49.36
2026-09-21T03:21:41Z,4.62,49.78
2026-09-21T03:23:41Z,5.57,50.36
2026-09-21T03:24:41Z,4.68,50.77
2026-09-21T03:25:41Z,4.64,50.04
2026-09-21T03:26:41Z,4.62,49.65
2026-09-21T03:27:41Z,4.61,49.58
2026-09-21T03:29:41Z,5.53,49.72
2026-09-21T03:30:41Z,5.54,49.95
2026-09-21T03:31:41Z,4.63,49.8
2026-09-21T03:32:41Z,4.62,49.73
2026-09-21T03:33:41Z,4.57,48.91
2026-09-21T03:34:41Z,4.56,
2026-09-21T03:35:41Z,4.54,48.29
2026-09-21T03:36:41Z,4.57,48.88
2026-09-21T03:37:41Z,4.57,48.86
2026-09-21T03:38:41Z,4.6,49.45
2026-09-21T03:39:41Z,4.59,49.17
2026-09-21T03:40:41Z,4.55,48.6
2026-09-21T03:41:41Z,4.56,48.63
2026-09-21T03:42:41Z,4.59,49.15
2026-09-21T03:43:41Z,4.61,49.49
2026-09-21T03:44:41Z,4.61,49.48
2026-09-21T03:45:41Z,4.61,
2026-09-21T03:46:41Z,4.64,50.12
2026-09-21T03:47:41Z,5.59,50.79
2026-09-21T03:48:41Z,6.68,51.63
2026-09-21T03:49:41Z,5.66,51.82
2026-09-21T03:50:41Z,4.75,51.86
2026-09-21T03:52:41Z,5.67,51.99
2026-09-21T03:53:41Z,5.65,51.75
2026-09-21T03:54:41Z,4.77,52.25
2026-09-21T03:55:41Z,5.69,52.34
2026-09-21T03:56:41Z,6.74,52.6
2026-09-21T03:58:41Z,5.72,52.94
2026-09-21T03:59:41Z,5.71,52.76
2026-09-21T04:00:41Z,5.69,52.39
2026-09-21T04:01:41Z,4.75,51.97
2026-09-21T04:02:41Z,4.7,51
2026-09-21T04:04:41Z,5.63,51.39
2026-09-21T04:05:41Z,6.68,51.54
2026-09-21T04:06:41Z,5.67,52.08
2026-09-21T04:07:41Z,5.64,51.54
2026-09-21T04:08:41Z,5.65,51.75
2026-09-21T04:10:41Z,4.7,
2026-09-21T04:11:41Z,4.7,51.11
2026-09-21T04:12:41Z,4.67,50.6
2026-09-21T04:13:41Z,4.68,50.76
2026-09-21T04:14:41Z,4.67,50.62
2026-09-21T04:16:41Z,5.64,
2026-09-21T04:17:41Z,4.74,51.7
2026-09-21T04:18:41Z,4.73,51.51
2026-09-21T04:19:41Z,4.72,51.31
2026-09-21T04:20:41Z,4.74,51.69
2026-09-21T04:21:41Z,,51.33
2026-09-21T04:22:41Z,4.68,
2026-09-21T04:23:41Z,4.71,51.21
2026-09-21T04:24:41Z,5.61,51.12
2026-09-21T04:25:41Z,4.72,51.32
2026-09-21T04:26:41Z,4.72,51.33
2026-09-21T04:27:41Z,,51.23
2026-09-21T04:28:41Z,4.7,
2026-09-21T04:29:41Z,4.71,51.19
2026-09-21T04:30:41Z,4.66,50.31
2026-09-21T04:31:41Z,4.65,50.26
2026-09-21T04:32:41Z,4.68,50.72
2026-09-21T04:33:41Z,,51.44
2026-09-21T04:35:41Z,5.64,51.58
2026-09-21T04:36:41Z,6.7,51.85
2026-09-21T04:37:41Z,5.71,52.7
2026-09-21T04:38:41Z,5.7,52.61
2026-09-21T04:39:41Z,,52.88
2026-09-21T04:40:41Z,6.77,
2026-09-21T04:41:41Z,6.76,52.92
2026-09-21T04:42:41Z,4.82,53.01
2026-09-21T04:43:41Z,4.85,53.55
2026-09-21T04:44:41Z,4.85,53.52
2026-09-21T04:45:41Z,4.84,53.42
2026-09-21T04:46:41Z,4.81,52.89
2026-09-21T04:47:41Z,5.72,52.86
2026-09-21T04:48:41Z,4.8,52.71
2026-09-21T04:49:41Z,4.76,52.1
2026-09-21T04:50:41Z,,51.29
2026-09-21T04:51:41Z,4.73,
2026-09-21T04:52:41Z,4.75,51.81
2026-09-21T04:53:41Z,4.77,52.16
2026-09-21T04:54:41Z,4.76,52.01
2026-09-21T04:55:41Z,4.73,51.64
2026-09-21T04:56:41Z,,51.67
2026-09-21T04:57:41Z,4.75,51.83
2026-09-21T04:58:41Z,4.77,52.3
2026-09-21T04:59:41Z,5.68,52.17
2026-09-21T05:00:41Z,4.78,52.32
2026-09-21T05:01:41Z,4.74,51.75
2026-09-21T05:03:41Z,5.59,50.67
2026-09-21T05:04:41Z,4.66,50.3
2026-09-21T05:05:41Z,4.65,50.26
2026-09-21T05:06:41Z,4.66,50.44
2026-09-21T05:07:41Z,4.67,50.62
2026-09-21T05:09:41Z,4.7,51.04
2026-09-21T05:10:41Z,5.63,51.37
2026-09-21T05:11:41Z,5.67,52.05
2026-09-21T05:12:41Z,5.7,52.53
2026-09-21T05:13:41Z,6.75,52.79
2026-09-21T05:14:41Z,6.75,
2026-09-21T05:15:41Z,6.75,52.79
2026-09-21T05:16:41Z,5.74,53.25
2026-09-21T05:17:41Z,5.76,53.59
2026-09-21T05:18:41Z,5.76,53.61
2026-09-21T05:19:41Z,5.76,53.65
2026-09-21T05:20:41Z,6.78,
2026-09-21T05:21:41Z,5.73,53.04
2026-09-21T05:22:41Z,5.71,52.68
2026-09-21T05:23:41Z,5.68,52.28
2026-09-21T05:24:41Z,5.65,51.68
2026-09-21T05:25:41Z,,52.12
2026-09-21T05:26:41Z,4.78,
2026-09-21T05:27:41Z,5.68,52.27
2026-09-21T05:28:41Z,5.72,52.85
2026-09-21T05:29:41Z,4.78,52.47
2026-09-21T05:30:41Z,4.77,52.23
2026-09-21T05:31:41Z,,52.21
2026-09-21T05:32:41Z,4.77,
2026-09-21T05:33:41Z,4.79,52.5
2026-09-21T05:34:41Z,4.76,52.13
2026-09-21T05:35:41Z,4.78,52.36
2026-09-21T05:36:41Z,4.76,52.05
2026-09-21T05:37:41Z,4.77,
2026-09-21T05:38:41Z,4.76,52.02
2026-09-21T05:39:41Z,4.74,51.78
2026-09-21T05:40:41Z,4.71,51.18
2026-09-21T05:41:41Z,4.68,50.71
2026-09-21T05:42:41Z,,49.99
2026-09-21T05:43:41Z,4.57,
2026-09-21T05:44:41Z,4.58,49.03
2026-09-21T05:45:41Z,4.59,49.22
2026-09-21T05:46:41Z,5.5,49.29
2026-09-21T05:47:41Z,4.63,49.89
2026-09-21T05:49:41Z,4.53,48.24
2026-09-21T05:50:41Z,4.51,47.81
2026-09-21T05:51:41Z,4.48,47.27
2026-09-21T05:52:41Z,4.45,46.93
2026-09-21T05:53:41Z,5.37,46.97
2026-09-21T05:54:41Z,4.42,46.28
2026-09-21T05:55:41Z,4.41,46.2
2026-09-21T05:56:41Z,4.45,46.78
2026-09-21T05:57:41Z,4.47,47.21
2026-09-21T05:58:41Z,4.49,47.49
2026-09-21T05:59:41Z,4.48,47.31
2026-09-21T06:01:41Z,4.55,48.45
2026-09-21T06:02:41Z,4.54,48.35
2026-09-21T06:03:41Z,4.58,49.09
2026-09-21T06:04:41Z,4.63,49.94
2026-09-21T06:05:41Z,4.65,50.13
2026-09-21T06:07:41Z,4.65,50.22
2026-09-21T06:08:41Z,4.65,50.24
2026-09-21T06:09:41Z,4.63,49.87
2026-09-21T06:10:41Z,4.67,50.51
2026-09-21T06:11:41Z,4.71,51.25
2026-09-21T06:13:41Z,4.71,51.17
2026-09-21T06:14:41Z,4.72,51.38
2026-09-21T06:15:41Z,4.73,51.61
2026-09-21T06:16:41Z,4.73,51.51
2026-09-21T06:17:41Z,4.72,51.42
2026-09-21T06:18:41Z,4.71,51.14
2026-09-21T06:19:41Z,4.66,50.46
2026-09-21T06:20:41Z,4.59,49.27
2026-09-21T06:21:41Z,4.58,48.96
2026-09-21T06:22:41Z,4.56,48.7
2026-09-21T06:24:41Z,4.52,48.09
2026-09-21T06:25:41Z,4.51,47.82
2026-09-21T06:26:41Z,4.51,47.87
2026-09-21T06:27:41Z,4.51,47.84
2026-09-21T06:28:41Z,4.53,48.14
2026-09-21T06:30:41Z,4.44,46.68
2026-09-21T06:31:41Z,4.46,47.03
2026-09-21T06:32:41Z,4.44,46.68
2026-09-21T06:33:41Z,4.43,46.43
2026-09-21T06:34:41Z,4.39,45.87
2026-09-21T06:35:41Z,4.33,44.86
2026-09-21T06:36:41Z,4.34,45.04
2026-09-21T06:37:41Z,4.34,45.06
2026-09-21T06:38:41Z,4.32,44.73
2026-09-21T06:39:41Z,4.3,44.4
2026-09-21T06:40:41Z,4.33,44.75
2026-09-21T06:41:41Z,4.32,44.71
2026-09-21T06:42:41Z,4.33,44.87
2026-09-21T06:43:41Z,4.32,44.7
2026-09-21T06:44:41Z,4.33,44.88
2026-09-21T06:45:41Z,4.34,44.98
2026-09-21T06:46:41Z,5.25,45.07
2026-09-21T06:47:41Z,4.36,45.4
2026-09-21T06:48:41Z,4.4,45.97
2026-09-21T06:49:41Z,4.43,46.44
2026-09-21T06:50:41Z,4.44,46.61
2026-09-21T06:52:41Z,4.46,47.04
2026-09-21T06:53:41Z,4.46,47.07
2026-09-21T06:54:41Z,4.47,47.25
2026-09-21T06:55:41Z,4.49,47.47
2026-09-21T09:01:41Z,,57.1
2026-09-21T09:02:41Z,5.06,57.07
2026-09-21T09:03:41Z,6.88,57.11
2026-09-21T09:04:41Z,6.89,57.2
2026-09-21T09:05:41Z,6.89,57.34
2026-09-21T09:06:41Z,5.99,
2026-09-21T09:07:41Z,,57.38
2026-09-21T09:08:41Z,5.99,57.49
2026-09-21T09:09:41Z,6,57.63
2026-09-21T09:10:41Z,6.01,57.71
2026-09-21T09:11:41Z,6,57.62
2026-09-21T09:12:41Z,6.92,
2026-09-21T09:13:41Z,,57.78
2026-09-21T09:14:41Z,6,57.68
2026-09-21T09:15:41Z,6.91,57.7
2026-09-21T09:16:41Z,6.02,57.87
2026-09-21T09:17:41Z,5.12,58.19
2026-09-21T09:18:41Z,6.04,
2026-09-21T09:19:41Z,6.94,58.11
2026-09-21T09:20:41Z,,58.33
2026-09-21T09:21:41Z,,58.62
2026-09-21T09:22:41Z,6.98,58.76
2026-09-21T09:23:41Z,6.98,58.83
2026-09-21T09:24:41Z,8.04,59.06
2026-09-21T09:25:41Z,8.04,
2026-09-21T09:26:41Z,6.11,59.39
2026-09-21T09:27:41Z,,59.44
2026-09-21T09:28:41Z,7.02,59.43
2026-09-21T09:29:41Z,8.07,59.62
2026-09-21T09:30:41Z,7.03,59.68
2026-09-21T09:31:41Z,7.04,
2026-09-21T09:32:41Z,7.05,
2026-09-21T09:33:41Z,,60.07
2026-09-21T09:34:41Z,6.15,60.17
2026-09-21T09:35:41Z,6.16,60.28
2026-09-21T09:36:41Z,7.08,60.4
2026-09-21T09:37:41Z,8.1,
2026-09-21T09:38:41Z,8.1,
2026-09-21T09:39:41Z,,60.22
2026-09-21T09:40:41Z,,60.02
2026-09-21T09:41:41Z,6.15,60.09
2026-09-21T09:42:41Z,6.14,60.02
2026-09-21T09:43:41Z,6.14,59.89
2026-09-21T09:44:41Z,6.14,
2026-09-21T09:45:41Z,6.16,60.22
2026-09-21T09:46:41Z,,60.29
2026-09-21T09:47:41Z,7.07,60.36
2026-09-21T09:48:41Z,7.08,60.5
2026-09-21T09:49:41Z,8.13,60.58
2026-09-21T09:50:41Z,7.07,
2026-09-21T09:51:41Z,5.25,60.3
2026-09-21T09:52:41Z,5.25,60.3
2026-09-21T09:53:41Z,5.24,60.19
2026-09-21T09:54:41Z,5.24,60.14
2026-09-21T09:55:41Z,5.23,60.01
2026-09-21T09:56:41Z,6.14,
2026-09-21T09:58:41Z,,59.98
2026-09-21T09:59:41Z,,59.75
2026-09-21T10:00:41Z,6.12,59.59
2026-09-21T10:01:41Z,6.13,59.72
2026-09-21T10:02:41Z,6.12,59.68
2026-09-21T10:03:41Z,5.2,
2026-09-21T10:04:41Z,5.2,
2026-09-21T10:05:41Z,,59.49
2026-09-21T10:06:41Z,,59.4
2026-09-21T10:07:41Z,5.21,59.6
2026-09-21T10:08:41Z,5.2,59.43
2026-09-21T10:09:41Z,5.19,59.29
2026-09-21T10:10:41Z,5.18,
2026-09-21T10:11:41Z,5.16,58.76
2026-09-21T10:12:41Z,,58.65
2026-09-21T10:13:41Z,5.14,58.45
2026-09-21T10:14:41Z,6.03,58.15
2026-09-21T10:15:41Z,6.03,58.14
2026-09-21T10:16:41Z,5.13,
2026-09-21T10:17:41Z,5.12,
2026-09-21T10:18:41Z,,57.83
2026-09-21T10:19:41Z,,57.84
2026-09-21T10:20:41Z,5.09,57.57
2026-09-21T10:21:41Z,5.07,57.3
2026-09-21T10:22:41Z,5.08,57.36
2026-09-21T10:23:41Z,5.06,
2026-09-21T10:24:41Z,5.07,57.35
2026-09-21T10:25:41Z,,57.2
2026-09-21T10:26:41Z,,57.06
2026-09-21T10:27:41Z,5.05,56.94
2026-09-21T10:28:41Z,5.04,56.78
2026-09-21T10:29:41Z,5.04,56.84
2026-09-21T10:30:41Z,5.04,
2026-09-21T10:31:41Z,5.05,56.86
2026-09-21T10:32:41Z,,56.97
2026-09-21T10:33:41Z,5.96,56.96
2026-09-21T10:34:41Z,7.02,57.24
2026-09-21T10:35:41Z,5.98,57.3
2026-09-21T10:36:41Z,7.02,
2026-09-21T10:37:41Z,5.99,57.39
2026-09-21T10:38:41Z,,57.43
2026-09-21T10:39:41Z,,57.6
2026-09-21T10:40:41Z,7.02,57.25
2026-09-21T10:41:41Z,5.99,57.49
2026-09-21T10:42:41Z,5.08,
2026-09-21T10:43:41Z,6,
2026-09-21T10:44:41Z,5.1,57.8
2026-09-21T10:45:41Z,,58.04
2026-09-21T10:46:41Z,,57.75
2026-09-21T10:47:41Z,5.11,57.96
2026-09-21T10:48:41Z,6.02,
2026-09-21T10:49:41Z,6.01,
2026-09-21T10:50:41Z,6.01,57.73
2026-09-21T10:51:41Z,7.05,57.77
2026-09-21T10:52:41Z,,57.66
2026-09-21T10:53:41Z,7.05,57.8
2026-09-21T10:54:41Z,6.02,57.92
2026-09-21T10:55:41Z,6.04,
2026-09-21T10:56:41Z,6.05,
2026-09-21T10:57:41Z,7.11,58.83
2026-09-21T10:58:41Z,,59
2026-09-21T10:59:41Z,,59.25
2026-09-21T11:00:41Z,7.18,59.98
2026-09-21T11:01:41Z,7.2,60.35
2026-09-21T11:02:41Z,6.17,
2026-09-21T11:03:41Z,6.18,
2026-09-21T11:04:41Z,6.18,60.68
2026-09-21T11:05:41Z,,60.79
2026-09-21T11:06:41Z,,61.04
2026-09-21T11:07:41Z,6.21,61.08
2026-09-21T11:08:41Z,5.31,61.24
2026-09-21T11:09:41Z,6.22,61.39
2026-09-21T11:10:41Z,5.31,
2026-09-21T11:11:41Z,6.22,
2026-09-21T11:12:41Z,,61.57
2026-09-21T11:13:41Z,7.28,61.73
2026-09-21T11:14:41Z,6.26,61.92
2026-09-21T11:15:41Z,5.36,62.18
2026-09-21T11:16:41Z,6.27,
2026-09-21T11:17:41Z,5.37,
2026-09-21T11:18:41Z,,62.59
2026-09-21T11:19:41Z,,62.72
2026-09-21T11:20:41Z,6.32,63.02
2026-09-21T11:21:41Z,5.41,63.06
2026-09-21T11:22:41Z,5.43,63.38
2026-09-21T11:23:41Z,6.34,
2026-09-21T11:24:41Z,6.35,63.56
2026-09-21T11:25:41Z,,63.73
2026-09-21T11:26:41Z,,64.05
2026-09-21T11:27:41Z,,64.17
2026-09-21T11:28:41Z,5.47,64.04
2026-09-21T11:29:41Z,5.48,64.15
2026-09-21T11:30:41Z,6.4,
2026-09-21T11:31:41Z,6.4,
2026-09-21T11:32:41Z,6.42,64.66
2026-09-21T11:33:41Z,,64.59
2026-09-21T11:34:41Z,6.43,64.77
2026-09-21T11:35:41Z,6.44,64.98
2026-09-21T11:36:41Z,6.45,65.11
2026-09-21T11:37:41Z,6.45,
2026-09-21T11:38:41Z,6.47,
2026-09-21T11:39:41Z,5.58,65.89
2026-09-21T11:40:41Z,,66.21
2026-09-21T11:41:41Z,6.53,66.57
2026-09-21T11:42:41Z,7.59,66.94
2026-09-21T11:43:41Z,6.57,67.17
2026-09-21T11:44:41Z,5.67,
2026-09-21T11:45:41Z,5.68,
2026-09-21T11:46:41Z,,67.48
2026-09-21T11:47:41Z,,67.72
2026-09-21T11:48:41Z,5.7,67.9
2026-09-21T11:49:41Z,5.7,67.85
2026-09-21T11:50:41Z,6.62,68.04
2026-09-21T11:51:41Z,6.62,
2026-09-21T11:52:41Z,5.71,
2026-09-21T11:53:41Z,,68.37
2026-09-21T11:54:41Z,,68.44
2026-09-21T11:55:41Z,5.74,68.53
2026-09-21T11:56:41Z,5.74,68.6
2026-09-21T11:57:41Z,6.66,68.68
2026-09-21T11:58:41Z,7.7,
2026-09-21T11:59:41Z,7.71,
2026-09-21T12:00:41Z,5.76,
2026-09-21T12:01:41Z,,68.84
2026-09-21T12:02:41Z,,68.91
2026-09-21T12:03:41Z,,68.92
2026-09-21T12:04:41Z,7.57,68.74
2026-09-21T12:05:41Z,7.55,68.45
2026-09-21T12:06:41Z,6.64,
2026-09-21T12:07:41Z,5.74,
2026-09-21T12:08:41Z,5.74,68.58
2026-09-21T12:09:41Z,,68.39
2026-09-21T12:10:41Z,,68.3
2026-09-21T12:11:41Z,7.52,67.88
2026-09-21T12:12:41Z,6.61,67.88
2026-09-21T12:13:41Z,6.59,
2026-09-21T12:14:41Z,7.5,67.54
2026-09-21T12:15:41Z,7.49,67.4
2026-09-21T12:16:41Z,,67.33
2026-09-21T12:17:41Z,,67.5
2026-09-21T12:18:41Z,6.59,67.61
2026-09-21T12:19:41Z,6.59,
2026-09-21T12:20:41Z,6.6,
2026-09-21T12:21:41Z,5.71,68.03
2026-09-21T12:22:41Z,6.61,67.88
2026-09-21T12:23:41Z,,67.75
2026-09-21T12:24:41Z,6.62,68
2026-09-21T12:25:41Z,6.61,67.89
2026-09-21T12:26:41Z,6.58,
2026-09-21T12:27:41Z,7.49,
2026-09-21T12:28:41Z,6.58,67.32
2026-09-21T12:29:41Z,,67.4
2026-09-21T12:30:41Z,,67.53
2026-09-21T12:31:41Z,5.69,67.76
2026-09-21T12:32:41Z,5.7,67.93
2026-09-21T12:33:41Z,6.61,
2026-09-21T12:34:41Z,5.7,67.87
2026-09-21T12:35:41Z,5.69,67.75
2026-09-21T12:36:41Z,,67.78
2026-09-21T12:37:41Z,,67.82
2026-09-21T12:38:41Z,5.69,67.77
2026-09-21T12:39:41Z,5.69,67.65
2026-09-21T12:40:41Z,5.7,
2026-09-21T12:41:41Z,6.62,68.04
2026-09-21T12:42:41Z,6.62,68.11
2026-09-21T12:43:41Z,,68.36
2026-09-21T12:44:41Z,5.73,68.34
2026-09-21T12:45:41Z,5.73,68.4
2026-09-21T12:46:41Z,5.73,
2026-09-21T12:47:41Z,6.64,68.31
2026-09-21T12:48:41Z,6.65,68.6
2026-09-21T12:49:41Z,,68.55
2026-09-21T12:50:41Z,,68.64
2026-09-21T12:51:41Z,5.74,68.6
2026-09-21T12:52:41Z,5.75,
2026-09-21T12:53:41Z,6.66,
2026-09-21T12:54:41Z,5.75,68.68
2026-09-21T12:55:41Z,5.75,68.66
2026-09-21T12:56:41Z,,68.7
2026-09-21T12:57:41Z,,68.69
2026-09-21T12:59:41Z,7.57,
2026-09-21T13:00:41Z,8.6,
2026-09-21T13:01:41Z,8.61,
2026-09-21T13:02:41Z,8.49,68.84
2026-09-21T13:03:41Z,,68.73
2026-09-21T13:04:41Z,,68.88
2026-09-21T13:05:41Z,7.59,69.04
2026-09-21T13:06:41Z,6.68,
2026-09-21T13:07:41Z,7.6,
2026-09-21T13:08:41Z,7.61,69.34
2026-09-21T13:09:41Z,7.61,69.45
2026-09-21T13:10:41Z,,69.53
2026-09-21T13:11:41Z,,69.46
2026-09-21T13:12:41Z,6.7,69.42
2026-09-21T13:13:41Z,6.7,
2026-09-21T13:14:41Z,5.79,69.42
2026-09-21T13:15:41Z,6.71,69.58
2026-09-21T13:16:41Z,5.78,69.24
2026-09-21T13:17:41Z,,69.36
2026-09-21T13:18:41Z,,69.51
2026-09-21T13:19:41Z,6.72,69.68
2026-09-21T13:20:41Z,7.62,
2026-09-21T13:21:41Z,7.63,
2026-09-21T13:22:41Z,6.72,69.77
2026-09-21T13:23:41Z,6.72,69.64
2026-09-21T13:24:41Z,6.72,69.77
2026-09-21T13:25:41Z,,69.87
2026-09-21T13:26:41Z,5.82,69.94
2026-09-21T13:27:41Z,5.83,
2026-09-21T13:28:41Z,6.74,70.1
2026-09-21T13:29:41Z,6.74,70.14
2026-09-21T13:30:41Z,6.74,70.1
2026-09-21T13:31:41Z,,70.12
2026-09-21T13:32:41Z,,70.23
2026-09-21T13:33:41Z,5.84,
2026-09-21T13:34:41Z,5.84,
2026-09-21T13:35:41Z,6.76,70.34
2026-09-21T13:36:41Z,6.75,70.29
2026-09-21T13:37:41Z,,70.5
2026-09-21T13:38:41Z,,70.26
2026-09-21T13:39:41Z,6.75,70.2
2026-09-21T13:40:41Z,6.75,
2026-09-21T13:41:41Z,7.66,
2026-09-21T13:42:41Z,6.75,70.25
2026-09-21T13:43:41Z,5.85,70.44
2026-09-21T13:44:41Z,,70.9
2026-09-21T13:45:41Z,6.77,70.57
2026-09-21T13:46:41Z,6.78,70.71
2026-09-21T13:47:41Z,7.69,
2026-09-21T13:48:41Z,7.69,
2026-09-21T13:49:41Z,6.78,70.8
2026-09-21T13:50:41Z,6.79,70.85
2026-09-21T13:51:41Z,,70.85
2026-09-21T13:52:41Z,,70.91
2026-09-21T13:53:41Z,,70.9
2026-09-21T15:00:41Z,6.74,70.11
2026-09-21T15:01:41Z,5.84,70.2
2026-09-21T15:02:41Z,6.75,70.27
2026-09-21T15:06:41Z,5.85,70.31
2026-09-21T15:07:41Z,5.85,70.43
2026-09-21T15:08:41Z,6.77,70.49
2026-09-21T15:09:41Z,6.76,70.4
2026-09-21T15:10:41Z,6.77,70.57
2026-09-21T15:12:41Z,5.86,70.51
2026-09-21T15:13:41Z,5.86,70.51
2026-09-21T15:14:41Z,6.76,70.42
2026-09-21T15:15:41Z,7.67,70.42
2026-09-21T15:16:41Z,6.77,70.56
2026-09-21T15:18:41Z,8.57,70.29
2026-09-21T15:19:41Z,6.76,70.33
2026-09-21T15:20:41Z,5.85,70.34
2026-09-21T15:21:41Z,6.74,70.1
2026-09-21T15:22:41Z,5.83,70.09
2026-09-21T15:23:41Z,5.84,70.17
2026-09-21T15:24:41Z,5.83,70.11
2026-09-21T15:26:41Z,5.83,70.05
2026-09-21T15:27:41Z,5.82,69.94
2026-09-21T15:28:41Z,5.82,69.96
2026-09-21T15:29:41Z,6.73,69.97
2026-09-21T15:30:41Z,6.74,69.98
2026-09-21T15:32:41Z,6.73,69.97
2026-09-21T15:33:41Z,6.73,69.87
2026-09-21T15:34:41Z,6.74,70.04
2026-09-21T15:35:41Z,6.73,69.94
2026-09-21T15:36:41Z,6.73,69.88
2026-09-21T15:37:41Z,5.82,69.9
2026-09-21T15:38:41Z,5.83,69.99
2026-09-21T15:39:41Z,6.73,69.96
2026-09-21T15:40:41Z,5.83,69.99
2026-09-21T15:41:41Z,5.82,69.82
2026-09-21T15:43:41Z,6.72,69.76
2026-09-21T15:44:41Z,6.72,69.76
2026-09-21T15:45:41Z,5.82,69.82
2026-09-21T15:46:41Z,6.73,69.81
2026-09-21T15:47:41Z,6.73,69.84
2026-09-21T15:49:41Z,5.82,69.91
2026-09-21T15:50:41Z,5.82,69.85
2026-09-21T15:51:41Z,5.82,69.81
2026-09-21T15:52:41Z,5.81,69.74
2026-09-21T15:53:41Z,5.81,69.76
2026-09-21T15:54:41Z,5.81,69.7
2026-09-21T15:55:41Z,6.71,69.56
2026-09-21T15:56:41Z,5.8,69.61
2026-09-21T15:57:41Z,5.81,69.74
2026-09-21T15:58:41Z,6.72,69.64
2026-09-21T15:59:41Z,6.72,69.78
2026-09-21T16:02:41Z,5.82,69.9
2026-09-21T16:03:41Z,5.83,69.99
2026-09-21T16:04:41Z,5.82,69.93
2026-09-21T16:05:41Z,5.81,69.77
2026-09-21T16:06:41Z,6.72,69.72
2026-09-21T16:08:41Z,5.81,
2026-09-21T16:09:41Z,5.81,69.72
2026-09-21T16:10:41Z,5.81,69.79
2026-09-21T16:11:41Z,6.72,69.73
2026-09-21T16:12:41Z,5.81,69.75
2026-09-21T16:13:41Z,,69.77
2026-09-21T16:14:41Z,5.81,
2026-09-21T16:15:41Z,5.81,69.78
2026-09-21T16:16:41Z,5.81,69.76
2026-09-21T16:17:41Z,5.82,69.92
2026-09-21T16:18:41Z,5.82,69.87
2026-09-21T16:19:41Z,,69.92
2026-09-21T16:20:41Z,5.83,
2026-09-21T16:21:41Z,5.82,69.95
2026-09-21T16:22:41Z,5.83,69.97
2026-09-21T16:23:41Z,6.74,69.99
2026-09-21T16:24:41Z,5.83,70.03
2026-09-21T16:25:41Z,,69.85
2026-09-21T16:26:41Z,5.82,69.85
2026-09-21T16:27:41Z,5.81,69.64
2026-09-21T16:28:41Z,5.8,69.6
2026-09-21T16:29:41Z,5.8,69.55
2026-09-21T16:30:41Z,6.71,69.52
2026-09-21T16:31:41Z,,69.5
2026-09-21T16:33:41Z,5.79,69.34
2026-09-21T16:34:41Z,6.7,69.38
2026-09-21T16:35:41Z,5.8,69.48
2026-09-21T16:36:41Z,5.79,69.4
2026-09-21T16:38:41Z,5.78,
2026-09-21T16:39:41Z,6.69,69.16
2026-09-21T16:40:41Z,5.78,69.15
2026-09-21T16:41:41Z,5.77,69.11
2026-09-21T16:42:41Z,5.78,69.14
2026-09-21T16:44:41Z,5.78,69.27
2026-09-21T16:45:41Z,5.78,69.28
2026-09-21T16:46:41Z,5.78,69.27
2026-09-21T16:47:41Z,5.79,69.35
2026-09-21T16:50:41Z,5.79,69.33
2026-09-21T16:51:41Z,5.78,69.28
2026-09-21T16:52:41Z,6.7,69.32
2026-09-21T16:53:41Z,6.69,69.14
2026-09-21T16:54:41Z,6.68,69.05
2026-09-21T16:56:41Z,5.78,69.13
2026-09-21T16:57:41Z,5.76,68.85
2026-09-21T16:58:41Z,5.76,68.9
2026-09-21T16:59:41Z,5.76,68.8
2026-09-21T17:00:41Z,5.76,68.95
2026-09-21T17:02:41Z,5.75,68.76
2026-09-21T17:03:41Z,5.75,68.7
2026-09-21T17:04:41Z,5.75,68.74
2026-09-21T17:05:41Z,5.75,68.74
2026-09-21T17:06:41Z,5.75,68.69
2026-09-21T17:09:41Z,5.75,68.79
2026-09-21T17:10:41Z,5.76,68.89
2026-09-21T17:11:41Z,5.76,68.92
2026-09-21T17:12:41Z,5.77,68.97
2026-09-21T17:14:41Z,5.76,68.91
2026-09-21T17:15:41Z,5.77,69.09
2026-09-21T17:16:41Z,5.78,69.24
2026-09-21T17:17:41Z,5.79,69.34
2026-09-21T17:18:41Z,5.78,69.17
2026-09-21T17:19:41Z,6.68,68.98
2026-09-21T17:21:41Z,5.77,69.04
2026-09-21T17:22:41Z,5.77,69.12
2026-09-21T17:23:41Z,5.78,69.15
2026-09-21T17:24:41Z,5.78,69.2
2026-09-21T17:25:41Z,5.79,69.3
2026-09-21T17:27:41Z,6.67,68.94
2026-09-21T17:28:41Z,6.67,68.81
2026-09-21T17:29:41Z,5.75,68.63
2026-09-21T17:30:41Z,5.74,68.55
2026-09-21T17:31:41Z,5.73,68.35
2026-09-21T17:34:41Z,5.72,68.12
2026-09-21T17:35:41Z,5.73,68.39
2026-09-21T17:36:41Z,5.73,68.34
2026-09-21T17:37:41Z,5.73,68.29
2026-09-21T17:40:41Z,5.71,68.1
2026-09-21T17:41:41Z,5.7,67.92
2026-09-21T17:42:41Z,5.71,68.02
2026-09-21T17:43:41Z,5.73,68.3
2026-09-21T17:44:41Z,5.74,68.46
2026-09-21T17:47:41Z,5.74,68.62
2026-09-21T17:48:41Z,5.76,68.9
2026-09-21T17:49:41Z,5.76,68.83
2026-09-21T17:50:41Z,5.75,68.7
2026-09-21T17:52:41Z,5.77,69.08
2026-09-21T17:53:41Z,5.8,69.57
2026-09-21T17:54:41Z,5.79,69.44
2026-09-21T17:55:41Z,5.79,69.3
2026-09-21T17:56:41Z,5.77,68.97
2026-09-21T17:58:41Z,5.77,
2026-09-21T17:59:41Z,5.74,68.62
2026-09-21T18:00:41Z,5.74,68.52
2026-09-21T18:01:41Z,5.72,68.22
2026-09-21T18:02:41Z,5.72,68.17
2026-09-21T18:03:41Z,,67.99
2026-09-21T18:04:41Z,6.6,
2026-09-21T18:05:41Z,6.6,67.73
2026-09-21T18:06:41Z,5.69,67.69
2026-09-21T18:07:41Z,5.68,67.48
2026-09-21T18:08:41Z,6.58,67.41
2026-09-21T18:09:41Z,,67.51
2026-09-21T18:10:41Z,6.59,
2026-09-21T18:11:41Z,6.61,67.87
2026-09-21T18:12:41Z,6.62,68.01
2026-09-21T18:13:41Z,6.62,68.04
2026-09-21T18:14:41Z,6.62,67.98
2026-09-21T18:15:41Z,,68.07
2026-09-21T18:16:41Z,5.72,
2026-09-21T18:17:41Z,5.72,68.2
2026-09-21T18:18:41Z,5.75,68.63
2026-09-21T18:19:41Z,5.76,68.85
2026-09-21T18:20:41Z,5.77,69
2026-09-21T18:21:41Z,,68.89
2026-09-21T18:23:41Z,5.74,68.55
2026-09-21T18:24:41Z,5.74,68.62
2026-09-21T18:25:41Z,5.73,68.4
2026-09-21T18:26:41Z,5.72,68.14
2026-09-21T18:27:41Z,,67.95
2026-09-21T18:29:41Z,5.67,67.39
2026-09-21T18:30:41Z,5.67,67.35
2026-09-21T18:31:41Z,5.67,67.28
2026-09-21T18:32:41Z,5.67,67.28
2026-09-21T18:33:41Z,,67.26
2026-09-21T18:34:41Z,5.65,67
2026-09-21T18:35:41Z,5.65,
2026-09-21T18:36:41Z,5.64,66.81
2026-09-21T18:37:41Z,5.64,66.81
2026-09-21T18:38:41Z,5.63,66.62
2026-09-21T18:39:41Z,5.63,66.74
2026-09-21T18:40:41Z,,66.59
2026-09-21T18:41:41Z,5.63,
2026-09-21T18:42:41Z,5.63,66.61
2026-09-21T18:43:41Z,5.63,66.62
2026-09-21T18:44:41Z,5.63,66.71
2026-09-21T18:45:41Z,5.63,66.74
2026-09-21T18:46:41Z,5.64,66.78
2026-09-21T18:47:41Z,5.63,
2026-09-21T18:48:41Z,5.63,66.63
2026-09-21T18:49:41Z,5.63,66.74
2026-09-21T18:50:41Z,5.63,66.75
2026-09-21T18:51:41Z,,66.68
2026-09-21T18:52:41Z,5.63,
2026-09-21T18:53:41Z,5.63,66.63
2026-09-21T18:54:41Z,5.62,66.53
2026-09-21T18:55:41Z,5.63,66.65
2026-09-21T18:56:41Z,5.63,66.61
2026-09-21T18:57:41Z,,66.3
2026-09-21T18:58:41Z,5.61,
2026-09-21T18:59:41Z,5.61,
2026-09-21T19:00:41Z,5.6,66.2
2026-09-21T19:01:41Z,5.59,66.07
2026-09-21T19:02:41Z,5.6,66.18
2026-09-21T19:03:41Z,,66.2
2026-09-21T19:04:41Z,5.59,66.02
2026-09-21T19:05:41Z,5.58,
2026-09-21T19:06:41Z,5.57,
2026-09-21T19:07:41Z,5.58,65.83
2026-09-21T19:08:41Z,5.58,65.82
2026-09-21T19:09:41Z,,65.69
2026-09-21T19:10:41Z,5.57,65.64
2026-09-21T19:11:41Z,5.57,65.69
2026-09-21T19:12:41Z,5.58,65.83
2026-09-21T19:13:41Z,5.58,65.78
2026-09-21T19:14:41Z,5.56,65.59
2026-09-21T19:15:41Z,,65.8
2026-09-21T19:16:41Z,5.58,65.88
2026-09-21T19:17:41Z,5.6,
2026-09-21T19:18:41Z,5.6,66.22
2026-09-21T19:19:41Z,5.61,66.29
2026-09-21T19:20:41Z,5.61,66.33
2026-09-21T19:21:41Z,,66.33
2026-09-21T19:22:41Z,5.63,66.69
2026-09-21T19:23:41Z,5.64,
2026-09-21T19:24:41Z,5.64,66.92
2026-09-21T19:25:41Z,5.64,66.85
2026-09-21T19:26:41Z,5.65,66.98
2026-09-21T19:27:41Z,,66.88
2026-09-21T19:28:41Z,,67.06
2026-09-21T19:29:41Z,5.65,67.04
2026-09-21T19:30:41Z,5.65,
2026-09-21T19:31:41Z,5.66,67.17
2026-09-21T19:32:41Z,6.57,67.19
2026-09-21T19:33:41Z,6.56,67.09
2026-09-21T19:34:41Z,6.57,67.13
2026-09-21T19:35:41Z,5.66,67.13
2026-09-21T19:36:41Z,5.65,
2026-09-21T19:37:41Z,5.65,67.05
2026-09-21T19:38:41Z,5.66,67.21
2026-09-21T19:39:41Z,5.68,67.52
2026-09-21T19:40:41Z,5.68,67.57
2026-09-21T19:41:41Z,5.68,67.6
2026-09-21T19:42:41Z,5.68,67.52
2026-09-21T19:43:41Z,5.68,67.57
2026-09-21T19:44:41Z,5.68,67.48
2026-09-21T19:45:41Z,,67.48
2026-09-21T19:46:41Z,5.68,67.49
2026-09-21T19:47:41Z,5.67,
2026-09-21T19:48:41Z,5.67,
2026-09-21T19:49:41Z,5.68,67.48
2026-09-21T19:50:41Z,5.67,67.44
2026-09-21T19:51:41Z,,67.47
2026-09-21T19:52:41Z,5.67,67.32
2026-09-21T19:53:41Z,5.66,
2026-09-21T19:54:41Z,5.65,67.08
2026-09-21T19:55:41Z,5.65,67.03
2026-09-21T19:56:41Z,5.64,66.89
2026-09-21T19:57:41Z,,66.69
2026-09-21T19:58:41Z,5.63,66.62
2026-09-21T19:59:41Z,5.63,66.61
2026-09-21T20:00:41Z,5.63,66.72
2026-09-21T20:01:41Z,5.63,66.65
2026-09-21T20:02:41Z,5.63,66.61
2026-09-21T20:03:41Z,5.62,66.57
2026-09-21T20:04:41Z,5.62,66.5
2026-09-21T20:05:41Z,5.62,66.49
2026-09-21T20:06:41Z,5.62,66.49
2026-09-21T20:07:41Z,5.62,66.57
2026-09-21T20:08:41Z,5.62,66.56
2026-09-21T20:09:41Z,5.61,66.39
2026-09-21T20:10:41Z,5.61,66.3
2026-09-21T20:11:41Z,5.61,66.28
2026-09-21T20:12:41Z,5.58,65.82
2026-09-21T20:13:41Z,5.56,65.57
2026-09-21T20:14:41Z,5.56,65.5
2026-09-21T20:15:41Z,5.55,65.27
2026-09-21T20:16:41Z,5.54,65.23
2026-09-21T20:17:41Z,5.54,
2026-09-21T20:18:41Z,5.54,65.15
2026-09-21T20:19:41Z,5.53,64.97
2026-09-21T20:20:41Z,5.52,64.86
2026-09-21T20:21:41Z,5.51,64.64
2026-09-21T20:22:41Z,5.51,
2026-09-21T20:23:41Z,5.5,64.58
2026-09-21T20:24:41Z,5.51,64.64
2026-09-21T20:25:41Z,5.51,64.72
2026-09-21T20:26:41Z,5.52,64.81
2026-09-21T20:27:41Z,5.52,
2026-09-21T20:28:41Z,5.52,64.87
2026-09-21T20:29:41Z,5.54,65.14
2026-09-21T20:30:41Z,5.54,65.17
2026-09-21T20:31:41Z,,65.15
2026-09-21T20:32:41Z,5.55,65.3
2026-09-21T20:33:41Z,5.55,
2026-09-21T20:34:41Z,5.57,65.64
2026-09-21T20:35:41Z,5.57,65.76
2026-09-21T20:36:41Z,5.58,65.89
2026-09-21T20:37:41Z,,65.92
2026-09-21T20:38:41Z,5.58,65.93
2026-09-21T20:39:41Z,5.6,66.12
2026-09-21T20:40:41Z,5.61,66.27
2026-09-21T20:41:41Z,5.62,66.49
2026-09-21T20:42:41Z,,66.46
2026-09-21T20:43:41Z,5.62,66.48
2026-09-21T20:44:41Z,5.63,66.61
2026-09-21T20:45:41Z,5.63,66.77
2026-09-21T20:46:41Z,5.63,66.76
2026-09-21T20:47:41Z,,66.88
2026-09-21T20:48:41Z,5.65,67.02
2026-09-21T20:49:41Z,5.64,
2026-09-21T20:50:41Z,5.66,67.16
2026-09-21T20:51:41Z,5.67,67.3
2026-09-21T20:52:41Z,5.67,67.39
2026-09-21T20:53:41Z,,67.42
2026-09-21T20:54:41Z,5.68,67.61
2026-09-21T20:55:41Z,5.69,
2026-09-21T20:56:41Z,5.69,
2026-09-21T20:57:41Z,5.7,67.95
2026-09-21T20:58:41Z,5.71,68.06
2026-09-21T20:59:41Z,,68.08
2026-09-21T21:00:41Z,5.71,68.03
2026-09-21T21:01:41Z,5.73,68.36
2026-09-21T21:02:41Z,5.73,68.37
2026-09-21T21:03:41Z,5.72,68.28
2026-09-21T21:04:41Z,5.72,68.24
2026-09-21T21:05:41Z,,68.02
2026-09-21T21:06:41Z,5.72,68.13
2026-09-21T21:07:41Z,5.71,
2026-09-21T21:08:41Z,5.71,67.99
2026-09-21T21:09:41Z,5.71,68.06
2026-09-21T21:10:41Z,5.7,67.95
2026-09-21T21:11:41Z,,67.96
2026-09-21T21:12:41Z,5.71,67.99
2026-09-21T21:13:41Z,5.71,
2026-09-21T21:14:41Z,5.71,68.04
2026-09-21T21:15:41Z,5.72,68.12
2026-09-21T21:16:41Z,5.72,68.16
2026-09-21T21:17:41Z,,68.21
2026-09-21T21:18:41Z,5.72,68.15
2026-09-21T21:19:41Z,5.7,
2026-09-21T21:20:41Z,5.7,
2026-09-21T21:21:41Z,5.69,67.73
2026-09-21T21:22:41Z,5.68,67.58
2026-09-21T21:23:41Z,,67.47
2026-09-21T21:24:41Z,5.67,67.41
2026-09-21T21:25:41Z,5.66,67.27
2026-09-21T21:26:41Z,5.66,67.24
2026-09-21T21:27:41Z,5.66,67.26
2026-09-21T21:28:41Z,5.67,67.3
2026-09-21T21:29:41Z,,67.33
2026-09-21T21:30:41Z,5.67,67.39
2026-09-21T21:31:41Z,5.68,
2026-09-21T21:32:41Z,5.69,67.63
2026-09-21T21:33:41Z,5.69,67.73
2026-09-21T21:34:41Z,5.69,67.66
2026-09-21T21:35:41Z,,67.34
2026-09-21T21:36:41Z,5.68,67.53
2026-09-21T21:37:41Z,5.67,
2026-09-21T21:38:41Z,5.68,67.47
2026-09-21T21:39:41Z,5.68,67.51
2026-09-21T21:40:41Z,5.69,67.76
2026-09-21T21:41:41Z,,67.92
2026-09-21T21:42:41Z,5.71,68.09
2026-09-21T21:43:41Z,5.72,68.12
2026-09-21T21:44:41Z,5.71,68.06
2026-09-21T21:45:41Z,5.72,68.19
2026-09-21T21:46:41Z,5.72,68.26
2026-09-21T21:47:41Z,5.72,68.24
2026-09-21T21:48:41Z,5.73,
2026-09-21T21:49:41Z,5.73,68.35
2026-09-21T21:50:41Z,5.73,68.34
2026-09-21T21:51:41Z,5.72,68.22
2026-09-21T21:52:41Z,5.72,68.14
2026-09-21T21:53:41Z,5.71,68.01
2026-09-21T21:54:41Z,5.72,68.28
2026-09-21T21:55:41Z,5.72,68.16
2026-09-21T21:56:41Z,5.72,
2026-09-21T21:57:41Z,,68.28
2026-09-21T21:58:41Z,5.71,67.97
2026-09-21T21:59:41Z,5.71,68
2026-09-21T22:00:41Z,5.71,68.03
2026-09-21T22:01:41Z,5.72,68.22
2026-09-21T22:02:41Z,5.72,
2026-09-21T22:03:41Z,,68.18
2026-09-21T22:04:41Z,5.71,68.03
2026-09-21T22:05:41Z,5.72,68.21
2026-09-21T22:06:41Z,5.72,68.21
2026-09-21T22:07:41Z,5.71,67.98
2026-09-21T22:08:41Z,5.71,
2026-09-21T22:09:41Z,,67.81
2026-09-21T22:10:41Z,5.68,67.61
2026-09-21T22:11:41Z,5.68,67.57
2026-09-21T22:12:41Z,5.7,67.81
2026-09-21T22:13:41Z,5.69,67.72
2026-09-21T22:14:41Z,5.68,67.46
2026-09-21T22:15:41Z,,67.27
2026-09-21T22:16:41Z,5.66,67.23
2026-09-21T22:17:41Z,5.67,67.3
2026-09-21T22:18:41Z,5.67,67.38
2026-09-21T22:19:41Z,5.66,67.18
2026-09-21T22:20:41Z,5.67,
2026-09-21T22:21:41Z,,67.52
2026-09-21T22:22:41Z,5.68,67.54
2026-09-21T22:23:41Z,5.71,68.11
2026-09-21T22:24:41Z,5.69,67.76
2026-09-21T22:25:41Z,5.72,68.19
2026-09-21T22:26:41Z,5.69,
2026-09-21T22:27:41Z,,67.39
2026-09-21T22:28:41Z,5.67,67.41
2026-09-21T22:30:41Z,5.67,67.44
2026-09-21T22:31:41Z,5.67,67.29
2026-09-21T22:32:41Z,5.66,
2026-09-21T22:33:41Z,,67.16
2026-09-21T22:34:41Z,5.65,67.07
2026-09-21T22:35:41Z,5.64,66.9
2026-09-21T22:36:41Z,5.66,67.2
2026-09-21T22:37:41Z,5.64,66.93
2026-09-21T22:38:41Z,5.65,
2026-09-21T22:39:41Z,,67.1
2026-09-21T22:40:41Z,5.64,66.94
2026-09-21T22:41:41Z,5.64,66.9
2026-09-21T22:42:41Z,5.65,66.95
2026-09-21T22:43:41Z,5.65,67.1
2026-09-21T22:44:41Z,5.65,
2026-09-21T22:45:41Z,,67.19
2026-09-21T22:46:41Z,5.64,66.83
2026-09-21T22:47:41Z,5.63,66.72
2026-09-21T22:48:41Z,5.62,66.6
2026-09-21T22:49:41Z,5.61,66.42
2026-09-21T22:50:41Z,5.58,
2026-09-21T22:51:41Z,,65.97
2026-09-21T22:52:41Z,5.58,65.79
2026-09-21T22:53:41Z,5.58,65.77
2026-09-21T22:54:41Z,5.58,65.91
2026-09-21T22:55:41Z,6.36,65.93
2026-09-21T22:56:41Z,6.35,
2026-09-21T22:57:41Z,,65.6
2026-09-21T22:58:41Z,,65.4
2026-09-21T22:59:41Z,5.57,65.6
2026-09-21T23:00:41Z,5.58,65.89
2026-09-21T23:01:41Z,5.58,65.91
2026-09-21T23:02:41Z,5.58,
2026-09-21T23:04:41Z,,65.49
2026-09-21T23:05:41Z,5.51,64.62
2026-09-21T23:06:41Z,6.29,64.63
2026-09-21T23:07:41Z,5.49,64.29
2026-09-21T23:08:41Z,5.47,
2026-09-21T23:09:41Z,5.49,
2026-09-21T23:10:41Z,,64.43
2026-09-21T23:11:41Z,5.51,64.65
2026-09-21T23:12:41Z,5.51,64.73
2026-09-21T23:13:41Z,5.51,64.65
2026-09-21T23:14:41Z,5.51,64.7
2026-09-21T23:15:41Z,5.53,65.06
2026-09-21T23:16:41Z,5.5,64.57
2026-09-21T23:17:41Z,5.48,64.19
2026-09-21T23:18:41Z,5.49,64.34
2026-09-21T23:19:41Z,6.26,64.22
2026-09-21T23:20:41Z,6.27,
2026-09-21T23:22:41Z,,64.52
2026-09-21T23:23:41Z,6.25,63.97
2026-09-21T23:24:41Z,5.47,64.07
2026-09-21T23:25:41Z,5.46,63.85
2026-09-21T23:26:41Z,5.48,64.11
2026-09-21T23:29:41Z,5.4,62.83
2026-09-21T23:30:41Z,5.39,62.61
2026-09-21T23:31:41Z,6.17,62.66
2026-09-21T23:32:41Z,5.39,62.57
2026-09-21T23:33:41Z,5.39,
2026-09-21T23:34:41Z,5.39,62.64
2026-09-21T23:35:41Z,5.4,62.78
2026-09-21T23:36:41Z,6.19,62.96
2026-09-21T23:37:41Z,5.4,62.81
2026-09-21T23:38:41Z,7.09,62.79
2026-09-21T23:40:41Z,5.4,62.81
2026-09-21T23:41:41Z,5.42,63.14
2026-09-21T23:42:41Z,5.41,62.98
2026-09-21T23:43:41Z,5.38,62.46
2026-09-21T23:44:41Z,5.39,62.72
2026-09-21T23:46:41Z,5.4,62.76
2026-09-21T23:47:41Z,6.2,63.11
2026-09-21T23:48:41Z,6.22,63.58
2026-09-21T23:49:41Z,5.43,63.37
2026-09-21T23:50:41Z,5.41,63.07
2026-09-21T23:51:41Z,5.44,
2026-09-21T23:52:41Z,,63.04
2026-09-21T23:53:41Z,5.42,63.18
2026-09-21T23:54:41Z,5.45,63.65
2026-09-21T23:55:41Z,5.45,63.6
2026-09-21T23:56:41Z,5.46,63.85
2026-09-21T23:59:41Z,5.47,63.96
2026-09-22T00:00:41Z,5.47,63.97
2026-09-22T00:01:41Z,5.47,64.01
2026-09-22T00:02:41Z,5.45,63.74
2026-09-22T00:03:41Z,5.46,63.77
2026-09-22T00:05:41Z,5.47,64.07
2026-09-22T00:06:41Z,5.48,64.19
2026-09-22T00:07:41Z,5.49,64.35
2026-09-22T00:08:41Z,5.49,64.38
2026-09-22T00:09:41Z,5.49,64.39
2026-09-22T00:12:41Z,5.47,63.97
2026-09-22T00:13:41Z,5.44,63.48
2026-09-22T00:14:41Z,5.48,64.22
2026-09-22T00:15:41Z,6.27,64.34
2026-09-22T00:16:41Z,6.25,64.03
2026-09-22T00:18:41Z,5.48,64.15
2026-09-22T00:19:41Z,5.49,64.35
2026-09-22T00:20:41Z,6.26,64.2
2026-09-22T00:21:41Z,6.25,63.93
2026-09-22T00:22:41Z,6.27,64.28
2026-09-22T00:24:41Z,5.49,64.31
2026-09-22T00:25:41Z,5.49,64.27
2026-09-22T00:26:41Z,5.47,64.03
2026-09-22T00:27:41Z,6.27,64.26
2026-09-22T00:28:41Z,6.27,64.34
2026-09-22T00:29:41Z,5.46,63.85
2026-09-22T00:31:41Z,5.46,63.86
2026-09-22T00:32:41Z,5.46,63.75
2026-09-22T00:33:41Z,6.2,63.16
2026-09-22T00:34:41Z,5.42,63.08
2026-09-22T00:35:41Z,5.38,62.47
2026-09-22T00:37:41Z,5.31,61.31
2026-09-22T00:38:41Z,5.28,60.77
2026-09-22T00:39:41Z,5.27,60.7
2026-09-22T00:40:41Z,5.27,60.56
2026-09-22T00:41:41Z,5.23,60.02
2026-09-22T00:43:41Z,5.96,59.19
2026-09-22T00:44:41Z,5.95,58.96
2026-09-22T00:45:41Z,5.96,59.17
2026-09-22T00:46:41Z,5.18,59.11
2026-09-22T00:47:41Z,5.97,59.37
2026-09-22T00:49:41Z,5.19,59.26
2026-09-22T00:50:41Z,5.18,59.13
2026-09-22T00:51:41Z,5.16,58.74
2026-09-22T00:52:41Z,5.18,59.09
2026-09-22T00:53:41Z,5.17,58.97
2026-09-22T00:55:41Z,5.17,58.93
2026-09-22T00:56:41Z,6.06,58.59
2026-09-22T00:57:41Z,6.07,58.71
2026-09-22T00:58:41Z,6.06,58.66
2026-09-22T00:59:41Z,5.15,58.55
2026-09-22T01:00:41Z,5.15,58.58
2026-09-22T01:01:41Z,6.02,57.98
2026-09-22T01:03:41Z,6.02,58.01
2026-09-22T01:04:41Z,5.13,58.28
2026-09-22T01:05:41Z,6.02,57.99
2026-09-22T01:06:41Z,5.13,58.3
2026-09-22T01:07:41Z,5.09,57.66
2026-09-22T01:10:41Z,5.06,57.13
2026-09-22T01:11:41Z,5.9,55.88
2026-09-22T01:12:41Z,5.89,55.71
2026-09-22T01:13:41Z,5.88,55.64
2026-09-22T01:14:41Z,4.96,55.34
2026-09-22T01:17:41Z,5.8,54.17
2026-09-22T01:18:41Z,6.69,53.87
2026-09-22T01:19:41Z,5.77,53.71
2026-09-22T01:20:41Z,5.76,53.54
2026-09-22T01:21:41Z,4.83,53.31
2026-09-22T01:24:41Z,4.75,51.89
2026-09-22T01:25:41Z,4.76,52.13
2026-09-22T01:26:41Z,5.72,52.84
2026-09-22T01:27:41Z,4.77,52.24
2026-09-22T01:28:41Z,4.71,51.3
2026-09-22T02:00:41Z,4.37,45.44
2026-09-22T02:01:41Z,4.34,45.02
2026-09-22T02:02:41Z,4.32,44.69
2026-09-22T02:04:41Z,4.36,45.36
2026-09-22T02:05:41Z,4.37,45.46
2026-09-22T02:06:41Z,4.35,45.21
2026-09-22T02:07:41Z,4.36,45.38
2026-09-22T02:08:41Z,4.35,45.18
2026-09-22T02:09:41Z,4.36,45.28
2026-09-22T02:11:41Z,6.25,44.36
2026-09-22T02:12:41Z,5.25,44.97
2026-09-22T02:13:41Z,4.37,45.47
2026-09-22T02:14:41Z,7.5,45.67
2026-09-22T02:15:41Z,6.39,
2026-09-22T02:17:41Z,6.39,44.45
2026-09-22T02:18:41Z,6.4,44.62
2026-09-22T02:19:41Z,5.36,44.62
2026-09-22T02:20:41Z,4.32,44.58
2026-09-22T02:21:41Z,4.28,43.97
2026-09-22T02:24:41Z,6.28,42.66
2026-09-22T02:25:41Z,5.26,42.99
2026-09-22T02:26:41Z,4.21,42.81
2026-09-22T02:27:41Z,4.22,42.92
2026-09-22T02:28:41Z,4.19,42.47
2026-09-22T02:30:41Z,,42.63
2026-09-22T02:31:41Z,4.21,42.78
2026-09-22T02:32:41Z,4.22,42.98
2026-09-22T02:33:41Z,4.22,42.98
2026-09-22T02:34:41Z,4.2,42.69
2026-09-22T02:35:41Z,4.2,42.64
2026-09-22T02:36:41Z,,43.21
2026-09-22T02:37:41Z,5.29,43.49
2026-09-22T02:38:41Z,4.27,43.78
2026-09-22T02:39:41Z,4.25,43.43
2026-09-22T02:40:41Z,7.35,43.09
2026-09-22T02:41:41Z,6.26,42.38
2026-09-22T02:43:41Z,,42.33
2026-09-22T02:44:41Z,5.2,42.05
2026-09-22T02:45:41Z,6.27,42.52
2026-09-22T02:46:41Z,8.34,42.29
2026-09-22T02:47:41Z,6.28,42.67
2026-09-22T02:48:41Z,6.29,
2026-09-22T02:50:41Z,,42.12
2026-09-22T02:51:41Z,7.29,42.1
2026-09-22T02:52:41Z,5.22,42.36
2026-09-22T02:53:41Z,6.23,41.83
2026-09-22T02:54:41Z,7.3,42.38
2026-09-22T02:55:41Z,5.22,
2026-09-22T02:57:41Z,,42.64
2026-09-22T02:58:41Z,7.34,43.05
2026-09-22T02:59:41Z,5.25,42.78
2026-09-22T03:00:41Z,5.25,42.8
2026-09-22T03:01:41Z,6.3,43.07
2026-09-22T03:03:41Z,,42.74
2026-09-22T03:04:41Z,4.19,42.43
2026-09-22T03:05:41Z,5.2,42.01
2026-09-22T03:06:41Z,7.29,42.2
2026-09-22T03:07:41Z,6.27,42.54
2026-09-22T03:08:41Z,5.22,
2026-09-22T03:10:41Z,,42.21
2026-09-22T03:11:41Z,,41.83
2026-09-22T03:12:41Z,4.12,41.29
2026-09-22T03:13:41Z,4.09,40.84
2026-09-22T03:14:41Z,4.09,40.85
2026-09-22T03:15:41Z,4.09,40.76
2026-09-22T03:17:41Z,4.06,40.31
2026-09-22T03:18:41Z,5.09,40.2
2026-09-22T03:19:41Z,4.05,40.12
2026-09-22T03:20:41Z,4.05,40.09
2026-09-22T03:21:41Z,4.03,39.73
2026-09-22T03:23:41Z,6.16,40.6
2026-09-22T03:24:41Z,5.14,41
2026-09-22T03:25:41Z,6.18,40.98
2026-09-22T03:26:41Z,5.15,41.07
2026-09-22T03:27:41Z,5.14,40.94
2026-09-22T03:29:41Z,4.1,40.99
2026-09-22T03:30:41Z,5.16,41.27
2026-09-22T03:31:41Z,5.12,40.66
2026-09-22T03:32:41Z,5.14,40.9
2026-09-22T03:33:41Z,5.13,40.74
2026-09-22T03:35:41Z,4.08,40.64
2026-09-22T03:36:41Z,5.11,40.46
2026-09-22T03:37:41Z,4.04,40
2026-09-22T03:38:41Z,4.02,39.67
2026-09-22T03:39:41Z,4.04,40
2026-09-22T03:41:41Z,4.01,39.37
2026-09-22T03:42:41Z,4.03,39.75
2026-09-22T03:43:41Z,3.99,39.17
2026-09-22T03:44:41Z,3.96,38.67
2026-09-22T03:45:41Z,4,39.24
2026-09-22T03:47:41Z,3.96,38.62
2026-09-22T03:48:41Z,3.93,38.04
2026-09-22T03:49:41Z,3.92,37.93
2026-09-22T03:50:41Z,3.92,37.86
2026-09-22T03:51:41Z,3.93,38.04
2026-09-22T03:53:41Z,3.93,38.05
2026-09-22T03:54:41Z,3.9,37.67
2026-09-22T03:55:41Z,3.93,38.07
2026-09-22T03:56:41Z,3.9,37.66
2026-09-22T03:57:41Z,3.9,37.67
2026-09-22T04:00:41Z,4.94,37.53
2026-09-22T04:01:41Z,4.95,37.74
2026-09-22T04:02:41Z,4.92,37.31
2026-09-22T04:03:41Z,5.96,37.23
2026-09-22T04:04:41Z,6,37.99
2026-09-22T04:06:41Z,4.99,38.52
2026-09-22T04:07:41Z,4.98,38.2
2026-09-22T04:08:41Z,6.01,38.07
2026-09-22T04:09:41Z,6.03,38.47
2026-09-22T04:10:41Z,5.01,38.7
2026-09-22T04:12:41Z,,37.88
2026-09-22T04:13:41Z,3.91,37.81
2026-09-22T04:14:41Z,4.94,37.55
2026-09-22T04:15:41Z,6,37.99
2026-09-22T04:16:41Z,4.94,37.6
2026-09-22T04:19:41Z,5.99,37.85
2026-09-22T04:20:41Z,5.98,37.6
2026-09-22T04:21:41Z,5.96,37.29
2026-09-22T04:22:41Z,4.92,37.29
2026-09-22T04:23:41Z,4.92,37.26
2026-09-22T04:25:41Z,7.02,37.56
2026-09-22T04:26:41Z,4.95,37.73
2026-09-22T04:27:41Z,4.93,37.5
2026-09-22T04:28:41Z,4.93,37.49
2026-09-22T04:29:41Z,5.96,37.25
2026-09-22T04:32:41Z,3.83,36.47
2026-09-22T04:33:41Z,4.88,36.53
2026-09-22T04:34:41Z,4.89,36.71
2026-09-22T04:35:41Z,4.91,37.04
2026-09-22T04:36:41Z,5.93,36.84
2026-09-22T04:39:41Z,6.93,36.13
2026-09-22T04:40:41Z,5.91,36.46
2026-09-22T04:41:41Z,5.9,36.2
2026-09-22T04:42:41Z,5.91,36.49
2026-09-22T04:44:41Z,4.9,36.97
2026-09-22T04:45:41Z,7,37.27
2026-09-22T04:46:41Z,7.01,37.49
2026-09-22T04:47:41Z,7.03,37.78
2026-09-22T04:48:41Z,5.99,37.79
2026-09-22T04:50:41Z,4.94,37.62
2026-09-22T04:51:41Z,4.93,37.37
2026-09-22T04:52:41Z,5.94,36.91
2026-09-22T04:53:41Z,5.95,37.13
2026-09-22T04:54:41Z,6.97,36.74
2026-09-22T04:57:41Z,5.98,37.65
2026-09-22T04:58:41Z,7.04,37.99
2026-09-22T04:59:41Z,5.94,36.92
2026-09-22T05:00:41Z,4.92,37.3
2026-09-22T05:01:41Z,3.84,36.57
2026-09-22T05:04:41Z,5.89,36.13
2026-09-22T05:05:41Z,4.83,35.78
2026-09-22T05:06:41Z,4.84,35.87
2026-09-22T05:07:41Z,7.96,35.88
2026-09-22T05:08:41Z,4.81,35.49
2026-09-22T05:10:41Z,5.88,35.95
2026-09-22T05:11:41Z,4.84,35.91
2026-09-22T05:12:41Z,4.83,35.75
2026-09-22T05:13:41Z,4.81,35.5
2026-09-22T05:14:41Z,5.87,35.73
2026-09-22T05:16:41Z,4.79,
2026-09-22T05:17:41Z,5.8,34.61
2026-09-22T05:18:41Z,6.83,34.42
2026-09-22T05:19:41Z,4.75,34.41
2026-09-22T05:20:41Z,4.75,34.38
2026-09-22T05:21:41Z,,34.19
2026-09-22T05:23:41Z,3.61,32.64
2026-09-22T05:24:41Z,3.61,32.69
2026-09-22T05:25:41Z,3.62,32.95
2026-09-22T05:26:41Z,3.61,32.8
2026-09-22T05:27:41Z,5.68,32.56
2026-09-22T05:29:41Z,3.57,32.12
2026-09-22T05:30:41Z,3.56,31.91
2026-09-22T05:31:41Z,3.54,31.57
2026-09-22T05:32:41Z,3.49,30.74
2026-09-22T05:33:41Z,3.49,30.71
2026-09-22T05:34:41Z,3.48,30.5
2026-09-22T05:35:41Z,3.51,31.01
2026-09-22T05:36:41Z,4.54,30.94
2026-09-22T05:37:41Z,4.55,30.97
2026-09-22T05:38:41Z,4.54,30.88
2026-09-22T05:39:41Z,3.48,30.47
2026-09-22T05:41:41Z,3.46,30.24
2026-09-22T05:42:41Z,4.56,31.16
2026-09-22T05:43:41Z,4.53,30.71
2026-09-22T05:44:41Z,5.45,30.81
2026-09-22T05:45:41Z,4.55,31.03
2026-09-22T05:48:41Z,5.47,31.18
2026-09-22T05:49:41Z,4.44,31.45
2026-09-22T05:50:41Z,4.45,31.62
2026-09-22T05:51:41Z,3.47,30.43
2026-09-22T05:53:41Z,3.47,30.43
2026-09-22T05:54:41Z,3.49,30.65
2026-09-22T05:55:41Z,5.48,31.4
2026-09-22T05:56:41Z,5.48,31.36
2026-09-22T05:57:41Z,5.5,31.66
2026-09-22T06:00:41Z,4.4,30.7
2026-09-22T06:01:41Z,4.38,30.36
2026-09-22T06:02:41Z,5.4,30.1
2026-09-22T06:03:41Z,5.42,30.32
2026-09-22T06:04:41Z,4.37,30.29
2026-09-22T06:07:41Z,4.35,29.84
2026-09-22T06:08:41Z,4.37,30.28
2026-09-22T06:09:41Z,3.44,29.86
2026-09-22T06:10:41Z,4.29,28.85
2026-09-22T06:11:41Z,3.37,28.72
2026-09-22T06:13:41Z,3.41,29.34
2026-09-22T06:14:41Z,3.37,28.7
2026-09-22T06:15:41Z,4.28,28.69
2026-09-22T06:16:41Z,4.29,28.82
2026-09-22T06:17:41Z,3.38,28.94
2026-09-22T06:19:41Z,3.38,28.83
2026-09-22T06:20:41Z,3.37,28.63
2026-09-22T06:21:41Z,4.27,28.48
2026-09-22T06:22:41Z,5.29,28.17
2026-09-22T06:23:41Z,4.18,27.03
2026-09-22T06:25:41Z,3.24,26.5
2026-09-22T06:26:41Z,3.11,24.36
2026-09-22T06:27:41Z,4.03,24.47
2026-09-22T06:28:41Z,3.23,26.28
2026-09-22T06:29:41Z,4.19,27.21
2026-09-22T06:30:41Z,3.29,27.4
2026-09-22T06:32:41Z,3.35,28.39
2026-09-22T06:33:41Z,4.27,28.48
2026-09-22T06:34:41Z,4.25,28.23
2026-09-22T06:35:41Z,3.35,28.3
2026-09-22T06:36:41Z,3.37,28.72
2026-09-22T06:38:41Z,3.25,26.65
2026-09-22T06:39:41Z,3.16,25.2
2026-09-22T06:40:41Z,3.13,24.72
2026-09-22T06:41:41Z,3.1,24.18
2026-09-22T06:42:41Z,3.2,25.75
2026-09-22T08:00:41Z,4.82,37.85
2026-09-22T08:01:41Z,3.97,38.73
2026-09-22T08:02:41Z,4,
2026-09-22T08:03:41Z,,39.51
2026-09-22T08:04:41Z,4.05,40.11
2026-09-22T08:05:41Z,4.07,40.38
2026-09-22T08:06:41Z,4.11,41.13
2026-09-22T08:07:41Z,4.15,41.76
2026-09-22T08:08:41Z,4.17,
2026-09-22T08:10:41Z,,42.27
2026-09-22T08:11:41Z,4.21,42.73
2026-09-22T08:12:41Z,4.25,43.52
2026-09-22T08:13:41Z,4.29,44.1
2026-09-22T08:14:41Z,4.33,44.91
2026-09-22T08:15:41Z,5.47,
2026-09-22T08:17:41Z,,47.19
2026-09-22T08:18:41Z,4.49,47.44
2026-09-22T08:19:41Z,4.48,47.34
2026-09-22T08:20:41Z,4.49,47.44
2026-09-22T08:21:41Z,4.51,47.81
2026-09-22T08:22:41Z,5.57,
2026-09-22T08:23:41Z,,47.62
2026-09-22T08:24:41Z,5.5,47.02
2026-09-22T08:25:41Z,5.51,47.26
2026-09-22T08:26:41Z,4.5,47.63
2026-09-22T08:27:41Z,4.55,48.49
2026-09-22T08:28:41Z,4.57,
2026-09-22T08:29:41Z,4.59,
2026-09-22T08:30:41Z,,49.76
2026-09-22T08:31:41Z,,51.05
2026-09-22T08:32:41Z,5.77,51.52
2026-09-22T08:33:41Z,5.75,51.29
2026-09-22T08:34:41Z,5.73,50.92
2026-09-22T08:35:41Z,4.7,51.01
2026-09-22T08:36:41Z,4.7,
2026-09-22T08:37:41Z,,49.45
2026-09-22T08:38:41Z,,49.21
2026-09-22T08:39:41Z,4.6,49.45
2026-09-22T08:40:41Z,4.63,49.88
2026-09-22T08:41:41Z,4.62,49.78
2026-09-22T08:42:41Z,4.61,
2026-09-22T08:43:41Z,4.56,48.75
2026-09-22T08:44:41Z,,49.93
2026-09-22T08:45:41Z,5.7,50.4
2026-09-22T08:46:41Z,5.74,51
2026-09-22T08:47:41Z,4.71,51.15
2026-09-22T08:48:41Z,4.67,
2026-09-22T08:49:41Z,4.66,
2026-09-22T08:50:41Z,,50.66
2026-09-22T08:51:41Z,,51.43
2026-09-22T08:52:41Z,4.75,51.81
2026-09-22T08:53:41Z,4.73,51.62
2026-09-22T08:54:41Z,4.74,51.72
2026-09-22T08:55:41Z,4.81,
2026-09-22T08:56:41Z,4.84,
2026-09-22T08:58:41Z,,53.98
2026-09-22T08:59:41Z,,54.71
2026-09-22T09:00:41Z,4.95,55.24
2026-09-22T09:01:41Z,4.94,55.11
2026-09-22T09:02:41Z,4.96,55.4
2026-09-22T09:03:41Z,4.93,
2026-09-22T09:04:41Z,5,56.1
2026-09-22T09:05:41Z,,55.88
2026-09-22T09:06:41Z,,55.9
2026-09-22T09:07:41Z,5.01,56.31
2026-09-22T09:08:41Z,5.03,56.57
2026-09-22T09:09:41Z,5.05,56.86
2026-09-22T09:10:41Z,5.06,
2026-09-22T09:11:41Z,5.08,
2026-09-22T09:12:41Z,,57.53
2026-09-22T09:13:41Z,5.06,57.05
2026-09-22T09:14:41Z,6.1,57.09
2026-09-22T09:15:41Z,5.07,57.25
2026-09-22T09:16:41Z,5.06,
2026-09-22T09:17:41Z,5.08,
2026-09-22T09:18:41Z,,57.65
2026-09-22T09:19:41Z,,57.79
2026-09-22T09:20:41Z,,57.97
2026-09-22T09:21:41Z,5.13,58.36
2026-09-22T09:22:41Z,5.14,58.44
2026-09-22T09:23:41Z,5.13,
2026-09-22T09:24:41Z,5.13,
2026-09-22T09:25:41Z,5.11,57.89
2026-09-22T09:26:41Z,,57.97
2026-09-22T09:27:41Z,,57.95
2026-09-22T09:28:41Z,5.14,58.47
2026-09-22T09:29:41Z,6.05,58.53
2026-09-22T09:30:41Z,5.15,
2026-09-22T09:31:41Z,5.17,
2026-09-22T09:32:41Z,,59.19
2026-09-22T09:33:41Z,,59.13
2026-09-22T09:34:41Z,5.2,59.41
2026-09-22T09:35:41Z,5.2,59.54
2026-09-22T09:36:41Z,5.17,59.02
2026-09-22T09:37:41Z,5.18,
2026-09-22T09:38:41Z,,59.54
2026-09-22T09:39:41Z,,59.26
2026-09-22T09:40:41Z,5.17,59
2026-09-22T09:41:41Z,5.2,59.4
2026-09-22T09:42:41Z,6.12,59.6
2026-09-22T09:43:41Z,6.14,
2026-09-22T09:44:41Z,6.17,
2026-09-22T09:45:41Z,,60.48
2026-09-22T09:46:41Z,,60.62
2026-09-22T09:47:41Z,5.3,61.21
2026-09-22T09:48:41Z,5.32,61.55
2026-09-22T09:49:41Z,5.29,60.9
2026-09-22T09:50:41Z,5.28,
2026-09-22T09:51:41Z,6.18,60.69
2026-09-22T09:52:41Z,,60.69
2026-09-22T09:53:41Z,6.2,60.92
2026-09-22T09:54:41Z,5.29,60.94
2026-09-22T09:55:41Z,6.17,60.55
2026-09-22T09:56:41Z,5.27,
2026-09-22T09:57:41Z,5.3,
2026-09-22T09:58:41Z,,61.22
2026-09-22T09:59:41Z,,61.29
2026-09-22T10:00:41Z,,61.33
2026-09-22T10:01:41Z,5.3,61.17
2026-09-22T10:02:41Z,5.32,61.54
2026-09-22T10:03:41Z,5.34,
2026-09-22T10:04:41Z,5.35,
2026-09-22T10:05:41Z,5.36,62.22
2026-09-22T10:06:41Z,,62.17
2026-09-22T10:07:41Z,,62.1
2026-09-22T10:08:41Z,5.36,62.16
2026-09-22T10:09:41Z,5.37,62.36
2026-09-22T10:10:41Z,5.37,
2026-09-22T10:11:41Z,5.36,
2026-09-22T10:12:41Z,5.38,62.43
2026-09-22T10:13:41Z,,62.16
2026-09-22T10:14:41Z,5.35,62.04
2026-09-22T10:15:41Z,5.36,62.12
2026-09-22T10:16:41Z,5.35,61.92
2026-09-22T10:17:41Z,5.35,
2026-09-22T10:18:41Z,5.36,
2026-09-22T10:19:41Z,,61.75
2026-09-22T10:20:41Z,,61.56
2026-09-22T10:21:41Z,5.34,61.75
2026-09-22T10:22:41Z,5.3,61.12
2026-09-22T10:23:41Z,5.3,61.15
2026-09-22T10:24:41Z,5.31,
2026-09-22T10:25:41Z,5.31,
2026-09-22T10:26:41Z,,61.43
2026-09-22T10:27:41Z,,61.68
2026-09-22T10:28:41Z,5.33,61.58
2026-09-22T10:29:41Z,6.25,61.87
2026-09-22T10:30:41Z,5.36,62.07
2026-09-22T10:31:41Z,5.36,
2026-09-22T10:32:41Z,5.38,
2026-09-22T10:33:41Z,,62.8
2026-09-22T10:34:41Z,5.41,63.05
2026-09-22T10:35:41Z,5.43,63.27
2026-09-22T10:36:41Z,5.43,63.28
2026-09-22T10:37:41Z,5.43,63.25
2026-09-22T10:38:41Z,5.42,
2026-09-22T10:39:41Z,,63.15
2026-09-22T10:40:41Z,,62.55
2026-09-22T10:41:41Z,5.39,62.66
2026-09-22T10:42:41Z,5.41,63.04
2026-09-22T10:43:41Z,5.42,63.18
2026-09-22T10:44:41Z,5.43,63.38
2026-09-22T10:45:41Z,6.36,63.6
2026-09-22T10:46:41Z,5.46,63.87
2026-09-22T10:47:41Z,5.48,64.23
2026-09-22T10:48:41Z,,64.25
2026-09-22T10:49:41Z,5.5,
2026-09-22T10:50:41Z,5.51,
2026-09-22T10:51:41Z,5.53,64.98
2026-09-22T10:52:41Z,5.53,65.06
2026-09-22T10:53:41Z,5.56,65.45
2026-09-22T10:54:41Z,,65.62
2026-09-22T10:56:41Z,6.49,65.77
2026-09-22T10:57:41Z,5.57,65.74
2026-09-22T10:58:41Z,5.59,65.94
2026-09-22T10:59:41Z,6.51,66.13
2026-09-22T11:00:41Z,5.61,66.27
2026-09-22T11:02:41Z,5.64,
2026-09-22T11:03:41Z,5.62,66.55
2026-09-22T11:04:41Z,5.63,66.75
2026-09-22T11:05:41Z,5.64,66.84
2026-09-22T11:06:41Z,5.64,66.87
2026-09-22T11:07:41Z,,66.86
2026-09-22T11:09:41Z,5.64,
2026-09-22T11:10:41Z,5.64,66.94
2026-09-22T11:11:41Z,6.57,67.27
2026-09-22T11:12:41Z,5.67,67.28
2026-09-22T11:13:41Z,6.57,67.25
2026-09-22T11:14:41Z,,67.26
2026-09-22T11:15:41Z,6.58,
2026-09-22T11:16:41Z,6.6,67.65
2026-09-22T11:17:41Z,5.69,67.69
2026-09-22T11:18:41Z,5.68,67.59
2026-09-22T11:19:41Z,5.68,67.46
2026-09-22T11:20:41Z,,67.39
2026-09-22T11:22:41Z,5.7,67.86
2026-09-22T11:23:41Z,5.72,68.13
2026-09-22T11:24:41Z,6.63,68.18
2026-09-22T11:25:41Z,6.64,68.3
2026-09-22T11:26:41Z,6.65,68.5
2026-09-22T11:28:41Z,6.66,
2026-09-22T11:29:41Z,5.75,68.69
2026-09-22T11:30:41Z,6.66,68.77
2026-09-22T11:31:41Z,6.67,68.92
2026-09-22T11:32:41Z,5.77,68.98
2026-09-22T11:33:41Z,,68.76
2026-09-22T11:34:41Z,5.76,
2026-09-22T11:35:41Z,6.67,68.9
2026-09-22T11:36:41Z,5.76,68.93
2026-09-22T11:37:41Z,5.77,69.08
2026-09-22T11:38:41Z,5.76,68.85
2026-09-22T11:39:41Z,5.77,69.03
2026-09-22T11:41:41Z,5.77,69.11
2026-09-22T11:42:41Z,5.77,69
2026-09-22T11:43:41Z,5.76,68.95
2026-09-22T11:44:41Z,5.76,68.9
2026-09-22T11:45:41Z,,69.28
2026-09-22T11:47:41Z,5.77,69.09
2026-09-22T11:48:41Z,5.76,68.86
2026-09-22T11:49:41Z,6.68,68.97
2026-09-22T11:50:41Z,6.68,69.02
2026-09-22T11:51:41Z,5.77,68.96
2026-09-22T11:53:41Z,5.76,68.89
2026-09-22T11:54:41Z,5.78,69.17
2026-09-22T11:55:41Z,5.78,69.28
2026-09-22T11:56:41Z,6.69,69.15
2026-09-22T11:57:41Z,5.78,69.21
2026-09-22T12:00:41Z,5.79,69.31
2026-09-22T12:01:41Z,5.78,69.28
2026-09-22T12:02:41Z,5.78,69.29
2026-09-22T12:03:41Z,5.78,69.16
2026-09-22T12:04:41Z,5.78,69.27
2026-09-22T12:07:41Z,6.7,69.36
2026-09-22T12:08:41Z,5.79,69.37
2026-09-22T12:09:41Z,5.79,69.35
2026-09-22T12:10:41Z,5.8,69.49
2026-09-22T12:11:41Z,5.8,69.47
2026-09-22T12:13:41Z,5.8,
2026-09-22T12:14:41Z,5.79,69.44
2026-09-22T12:15:41Z,5.8,69.52
2026-09-22T12:16:41Z,6.71,69.61
2026-09-22T12:17:41Z,5.81,69.73
2026-09-22T12:20:41Z,5.78,69.29
2026-09-22T12:21:41Z,5.76,68.85
2026-09-22T12:22:41Z,5.74,68.58
2026-09-22T12:23:41Z,5.73,68.43
2026-09-22T12:24:41Z,5.73,68.44
2026-09-22T13:00:41Z,5.78,69.14
2026-09-22T13:01:41Z,5.77,69.08
2026-09-22T13:03:41Z,5.77,69.05
2026-09-22T13:04:41Z,5.78,69.2
2026-09-22T13:05:41Z,5.78,69.21
2026-09-22T13:06:41Z,5.78,69.18
2026-09-22T13:07:41Z,6.7,69.35
2026-09-22T13:09:41Z,,69.27
2026-09-22T13:10:41Z,5.78,69.21
2026-09-22T13:11:41Z,5.78,69.22
2026-09-22T13:12:41Z,5.78,69.2
2026-09-22T13:13:41Z,5.78,69.23
2026-09-22T13:14:41Z,5.79,
2026-09-22T13:15:41Z,,69.14
2026-09-22T13:16:41Z,5.78,69.17
2026-09-22T13:17:41Z,5.79,69.36
2026-09-22T13:18:41Z,5.78,69.28
2026-09-22T13:19:41Z,5.79,69.34
2026-09-22T13:20:41Z,5.79,
2026-09-22T13:22:41Z,,69.31
2026-09-22T13:23:41Z,5.78,69.29
2026-09-22T13:24:41Z,5.78,69.2
2026-09-22T13:25:41Z,6.69,69.29
2026-09-22T13:26:41Z,5.78,69.17
2026-09-22T13:28:41Z,,69.28
2026-09-22T13:29:41Z,5.78,69.2
2026-09-22T13:30:41Z,5.78,69.27
2026-09-22T13:31:41Z,5.79,69.34
2026-09-22T13:32:41Z,5.79,69.42
2026-09-22T13:33:41Z,5.8,
2026-09-22T13:34:41Z,5.8,69.57
2026-09-22T13:35:41Z,5.8,69.57
2026-09-22T13:36:41Z,5.8,69.51
2026-09-22T13:37:41Z,5.81,69.67
2026-09-22T13:38:41Z,5.79,69.46
2026-09-22T13:39:41Z,5.8,
2026-09-22T13:40:41Z,5.8,69.58
2026-09-22T13:41:41Z,5.8,69.57
2026-09-22T13:42:41Z,5.81,69.74
2026-09-22T13:43:41Z,6.72,69.73
2026-09-22T13:44:41Z,5.81,69.76
2026-09-22T13:47:41Z,5.81,69.68
2026-09-22T13:48:41Z,5.81,69.64
2026-09-22T13:49:41Z,5.81,69.67
2026-09-22T13:50:41Z,5.81,69.64
2026-09-22T13:51:41Z,5.8,69.56
2026-09-22T13:53:41Z,5.81,69.68
2026-09-22T13:54:41Z,5.8,69.62
2026-09-22T13:55:41Z,5.81,69.75
2026-09-22T13:56:41Z,5.81,69.71
2026-09-22T13:59:41Z,6.73,69.88
2026-09-22T14:00:41Z,5.83,70.03
2026-09-22T14:01:41Z,5.83,70.07
2026-09-22T14:02:41Z,5.84,70.14
2026-09-22T14:03:41Z,5.83,70.09
2026-09-22T14:05:41Z,5.84,70.24
2026-09-22T14:06:41Z,5.84,70.17
2026-09-22T14:07:41Z,5.84,70.24
2026-09-22T14:08:41Z,5.84,70.28
2026-09-22T14:09:41Z,5.85,70.42
2026-09-22T14:12:41Z,5.85,70.44
2026-09-22T14:13:41Z,5.85,70.46
2026-09-22T14:14:41Z,5.86,70.57
2026-09-22T14:15:41Z,5.85,70.4
2026-09-22T14:16:41Z,5.85,70.36
2026-09-22T14:18:41Z,5.85,70.4
2026-09-22T14:19:41Z,5.85,70.31
2026-09-22T14:20:41Z,5.85,70.37
2026-09-22T14:21:41Z,5.85,70.34
2026-09-22T14:22:41Z,5.85,70.45
2026-09-22T14:25:41Z,5.85,70.38
2026-09-22T14:26:41Z,5.85,70.43
2026-09-22T14:27:41Z,5.86,70.5
2026-09-22T14:28:41Z,5.86,70.52
2026-09-22T14:29:41Z,5.86,70.56
2026-09-22T14:30:41Z,5.87,70.65
2026-09-22T14:32:41Z,5.85,70.46
2026-09-22T14:33:41Z,5.84,70.24
2026-09-22T14:34:41Z,5.81,69.7
2026-09-22T14:35:41Z,5.79,69.4
2026-09-22T14:36:41Z,6.72,69.8
2026-09-22T14:39:41Z,5.85,70.33
2026-09-22T14:40:41Z,5.86,70.61
2026-09-22T14:41:41Z,5.87,70.71
2026-09-22T14:42:41Z,6.79,70.88
2026-09-22T14:43:41Z,5.81,69.73
2026-09-22T14:45:41Z,5.87,70.67
2026-09-22T14:46:41Z,5.85,70.43
2026-09-22T14:47:41Z,5.83,70.03
2026-09-22T14:48:41Z,5.8,69.59
2026-09-22T14:49:41Z,5.79,69.32
2026-09-22T14:52:41Z,5.76,
2026-09-22T14:53:41Z,5.75,68.73
2026-09-22T14:54:41Z,5.77,68.99
2026-09-22T14:55:41Z,6.67,68.95
2026-09-22T14:56:41Z,5.77,69.04
2026-09-22T15:00:41Z,5.79,69.43
2026-09-22T15:01:41Z,5.8,69.61
2026-09-22T15:02:41Z,5.81,69.65
2026-09-22T15:03:41Z,6.72,69.69
2026-09-22T15:04:41Z,5.82,69.86
2026-09-22T15:06:41Z,5.81,69.75
2026-09-22T15:07:41Z,5.81,69.78
2026-09-22T15:08:41Z,5.82,69.81
2026-09-22T15:09:41Z,5.82,69.94
2026-09-22T15:10:41Z,5.83,70.09
2026-09-22T15:12:41Z,5.84,
2026-09-22T15:13:41Z,5.84,70.26
2026-09-22T15:14:41Z,5.84,70.21
2026-09-22T15:15:41Z,5.84,70.21
2026-09-22T15:16:41Z,5.85,70.32
2026-09-22T15:17:41Z,,70.44
2026-09-22T15:19:41Z,5.86,70.48
2026-09-22T15:20:41Z,5.86,70.64
2026-09-22T15:21:41Z,5.87,70.71
2026-09-22T15:22:41Z,5.87,70.76
2026-09-22T15:23:41Z,5.88,70.83
2026-09-22T15:26:41Z,5.88,70.97
2026-09-22T15:27:41Z,5.89,70.98
2026-09-22T15:28:41Z,5.89,71.06
2026-09-22T15:29:41Z,5.89,71.11
2026-09-22T15:30:41Z,5.9,71.2
2026-09-22T15:33:41Z,5.9,71.18
2026-09-22T15:34:41Z,5.9,71.22
2026-09-22T15:35:41Z,5.9,71.16
2026-09-22T15:36:41Z,5.89,71.1
2026-09-22T15:37:41Z,5.89,71.1
2026-09-22T15:40:41Z,5.89,71.12
2026-09-22T15:41:41Z,5.9,71.18
2026-09-22T15:42:41Z,5.9,71.18
2026-09-22T15:43:41Z,5.9,71.26
2026-09-22T15:44:41Z,5.9,71.22
2026-09-22T15:47:41Z,5.87,70.79
2026-09-22T15:48:41Z,5.87,70.75
2026-09-22T15:49:41Z,5.87,70.71
2026-09-22T15:50:41Z,5.87,70.69
2026-09-22T15:51:41Z,5.87,70.75
2026-09-22T15:53:41Z,5.85,
2026-09-22T15:54:41Z,5.84,70.19
2026-09-22T15:55:41Z,5.84,70.25
2026-09-22T15:56:41Z,5.85,70.31
2026-09-22T15:57:41Z,5.84,70.21
2026-09-22T15:58:41Z,,70.13
2026-09-22T15:59:41Z,,70.11
2026-09-22T16:02:41Z,5.82,
2026-09-22T16:03:41Z,5.82,
2026-09-22T16:04:41Z,5.83,70.05
2026-09-22T16:05:41Z,5.83,70.11
2026-09-22T16:06:41Z,5.83,70.05
2026-09-22T16:07:41Z,,70.15
2026-09-22T16:08:41Z,,70.25
2026-09-22T16:09:41Z,5.85,
2026-09-22T16:10:41Z,5.85,
2026-09-22T16:11:41Z,5.85,
2026-09-22T16:12:41Z,5.85,70.41
2026-09-22T16:13:41Z,5.85,70.47
2026-09-22T16:14:41Z,5.86,70.52
2026-09-22T16:15:41Z,,70.7
2026-09-22T16:17:41Z,5.88,
2026-09-22T16:18:41Z,5.89,
2026-09-22T16:19:41Z,5.89,71.04
2026-09-22T16:20:41Z,5.88,70.93
2026-09-22T16:21:41Z,5.88,70.97
2026-09-22T16:22:41Z,,71.01
2026-09-22T16:23:41Z,,71.11
2026-09-22T16:24:41Z,5.9,
2026-09-22T16:25:41Z,5.92,
2026-09-22T16:26:41Z,5.92,71.6
2026-09-22T16:27:41Z,5.93,71.69
2026-09-22T16:28:41Z,,71.74
2026-09-22T16:29:41Z,,71.93
2026-09-22T16:30:41Z,5.95,72.02
2026-09-22T16:31:41Z,5.95,
2026-09-22T16:32:41Z,5.96,72.21
2026-09-22T16:33:41Z,5.95,72.15
2026-09-22T16:34:41Z,5.97,72.4
2026-09-22T16:35:41Z,,72.58
2026-09-22T16:36:41Z,,72.69
2026-09-22T16:37:41Z,6,
2026-09-22T16:38:41Z,6,
2026-09-22T16:39:41Z,6,72.84
2026-09-22T16:40:41Z,6,72.98
2026-09-22T16:41:41Z,6.01,73.05
2026-09-22T16:42:41Z,,73.12
2026-09-22T16:43:41Z,6.02,73.22
2026-09-22T16:44:41Z,6.02,
2026-09-22T16:45:41Z,6.02,73.22
2026-09-22T16:46:41Z,6.02,73.27
2026-09-22T16:47:41Z,6.03,73.35
2026-09-22T16:48:41Z,,73.41
2026-09-22T16:49:41Z,,73.46
2026-09-22T16:50:41Z,6.04,
2026-09-22T16:51:41Z,6.05,
2026-09-22T16:52:41Z,6.05,73.76
2026-09-22T16:53:41Z,6.98,74.04
2026-09-22T16:54:41Z,6.07,74.01
2026-09-22T16:55:41Z,,74.13
2026-09-22T16:56:41Z,,74.13
2026-09-22T16:58:41Z,6.08,74.18
2026-09-22T16:59:41Z,6.98,74.12
2026-09-22T17:00:41Z,6.07,74.16
2026-09-22T17:01:41Z,6.07,74.13
2026-09-22T17:02:41Z,,74.17
2026-09-22T17:03:41Z,6.07,
2026-09-22T17:04:41Z,6.07,74.11
2026-09-22T17:05:41Z,6.09,74.4
2026-09-22T17:06:41Z,7,74.36
2026-09-22T17:07:41Z,6.09,74.38
2026-09-22T17:08:41Z,,74.51
2026-09-22T17:09:41Z,,74.66
2026-09-22T17:10:41Z,7.02,
2026-09-22T17:11:41Z,6.11,74.69
2026-09-22T17:12:41Z,6.11,74.79
2026-09-22T17:13:41Z,6.11,74.74
2026-09-22T17:14:41Z,6.11,74.75
2026-09-22T17:15:41Z,6.11,74.68
2026-09-22T17:16:41Z,6.11,
2026-09-22T17:17:41Z,7.02,74.73
2026-09-22T17:18:41Z,6.11,74.77
2026-09-22T17:19:41Z,6.11,74.73
2026-09-22T17:20:41Z,6.1,74.67
2026-09-22T17:21:41Z,,74.65
2026-09-22T17:22:41Z,6.1,
2026-09-22T17:23:41Z,6.11,74.75
2026-09-22T17:24:41Z,6.11,74.72
2026-09-22T17:25:41Z,6.1,74.64
2026-09-22T17:26:41Z,6.11,74.74
2026-09-22T17:27:41Z,,74.69
2026-09-22T17:28:41Z,6.9,
2026-09-22T17:29:41Z,6.12,74.94
2026-09-22T17:30:41Z,6.12,74.96
2026-09-22T17:31:41Z,6.12,74.95
2026-09-22T17:32:41Z,6.12,74.98
2026-09-22T17:33:41Z,,75.1
2026-09-22T17:34:41Z,6.14,
2026-09-22T17:35:41Z,6.14,75.33
2026-09-22T17:36:41Z,6.14,75.25
2026-09-22T17:37:41Z,6.13,75.1
2026-09-22T17:38:41Z,6.13,75.15
2026-09-22T17:39:41Z,,75.11
2026-09-22T17:40:41Z,6.13,
2026-09-22T17:41:41Z,6.13,
2026-09-22T17:42:41Z,6.13,75.13
2026-09-22T17:43:41Z,6.14,75.26
2026-09-22T17:44:41Z,6.15,75.37
2026-09-22T17:45:41Z,,75.36
2026-09-22T17:46:41Z,6.15,
2026-09-22T17:47:41Z,6.16,
2026-09-22T17:48:41Z,6.14,75.29
2026-09-22T17:49:41Z,6.14,75.21
2026-09-22T17:50:41Z,6.15,75.38
2026-09-22T17:51:41Z,6.15,75.37
2026-09-22T17:52:41Z,6.14,75.28
2026-09-22T17:53:41Z,6.15,75.42
2026-09-22T17:54:41Z,6.14,75.32
2026-09-22T17:55:41Z,6.14,75.33
2026-09-22T17:56:41Z,6.14,75.19
2026-09-22T17:57:41Z,,75.19
2026-09-22T17:58:41Z,6.92,75.23
2026-09-22T17:59:41Z,6.91,75.14
2026-09-22T18:00:41Z,6.91,75.08
2026-09-22T18:01:41Z,6.13,75.11
2026-09-22T18:02:41Z,6.13,75.09
2026-09-22T18:04:41Z,6.91,75.05
2026-09-22T18:05:41Z,6.91,75.18
2026-09-22T18:06:41Z,6.92,75.22
2026-09-22T18:07:41Z,6.92,75.23
2026-09-22T18:08:41Z,6.92,75.25
2026-09-22T18:09:41Z,,75.14
2026-09-22T18:11:41Z,6.13,75.11
2026-09-22T18:12:41Z,6.13,75.04
2026-09-22T18:13:41Z,6.12,74.99
2026-09-22T18:14:41Z,6.12,74.98
2026-09-22T18:15:41Z,6.12,74.94
2026-09-22T18:17:41Z,6.12,74.95
2026-09-22T18:18:41Z,6.12,74.92
2026-09-22T18:19:41Z,6.13,75.02
2026-09-22T18:20:41Z,6.13,75.12
2026-09-22T18:21:41Z,6.12,74.94
2026-09-22T18:23:41Z,6.14,75.19
2026-09-22T18:24:41Z,6.15,75.35
2026-09-22T18:25:41Z,6.13,75.17
2026-09-22T18:26:41Z,6.13,75.14
2026-09-22T18:27:41Z,6.13,75.16
2026-09-22T18:29:41Z,6.13,75.17
2026-09-22T18:30:41Z,6.14,75.3
2026-09-22T18:31:41Z,6.13,75.16
2026-09-22T18:32:41Z,6.14,75.29
2026-09-22T18:33:41Z,6.15,75.42
2026-09-22T18:34:41Z,6.15,75.37
2026-09-22T18:35:41Z,6.15,75.38
2026-09-22T18:36:41Z,6.15,75.38
2026-09-22T18:37:41Z,6.15,75.49
2026-09-22T18:38:41Z,6.15,75.47
2026-09-22T18:39:41Z,6.15,75.51
2026-09-22T18:41:41Z,6.16,75.64
2026-09-22T18:42:41Z,6.17,75.69
2026-09-22T18:43:41Z,6.16,75.68
2026-09-22T18:44:41Z,6.17,75.7
2026-09-22T18:45:41Z,6.17,75.76
2026-09-22T18:46:41Z,6.17,75.7
2026-09-22T18:47:41Z,6.16,75.62
2026-09-22T18:48:41Z,6.17,75.69
2026-09-22T18:49:41Z,6.16,75.59
2026-09-22T18:50:41Z,6.16,75.55
2026-09-22T18:52:41Z,6.14,75.34
2026-09-22T18:53:41Z,6.15,75.46
2026-09-22T18:54:41Z,6.15,75.48
2026-09-22T18:55:41Z,6.16,75.55
2026-09-22T18:56:41Z,6.17,75.73
2026-09-22T18:59:41Z,6.18,75.87
2026-09-22T19:00:41Z,6.17,75.79
2026-09-22T19:01:41Z,6.17,75.82
2026-09-22T19:02:41Z,6.18,75.98
2026-09-22T19:04:41Z,6.19,76.17
2026-09-22T19:05:41Z,6.2,76.24
2026-09-22T19:06:41Z,6.21,76.37
2026-09-22T19:07:41Z,6.2,76.35
2026-09-22T19:08:41Z,6.21,76.46
2026-09-22T19:09:41Z,6.22,76.6
2026-09-22T19:11:41Z,6.24,76.87
2026-09-22T19:12:41Z,6.24,76.9
2026-09-22T19:13:41Z,6.24,76.98
2026-09-22T19:14:41Z,6.25,77.19
2026-09-22T19:15:41Z,6.26,77.27
2026-09-22T19:17:41Z,6.27,77.42
2026-09-22T19:18:41Z,6.27,77.43
2026-09-22T19:19:41Z,6.27,77.44
2026-09-22T19:20:41Z,6.27,77.48
2026-09-22T19:21:41Z,6.28,77.56
2026-09-22T19:23:41Z,6.28,77.64
2026-09-22T19:24:41Z,6.28,77.65
2026-09-22T19:25:41Z,6.29,77.71
2026-09-22T19:26:41Z,6.29,77.86
2026-09-22T19:27:41Z,6.29,77.79
2026-09-22T19:29:41Z,6.29,77.78
2026-09-22T19:30:41Z,6.3,77.91
2026-09-22T19:31:41Z,6.3,77.96
2026-09-22T19:32:41Z,6.3,77.88
2026-09-22T19:33:41Z,7.08,77.94
2026-09-22T19:35:41Z,6.3,78.03
2026-09-22T19:36:41Z,7.08,77.9
2026-09-22T19:37:41Z,6.3,77.88
2026-09-22T19:38:41Z,6.3,77.89
2026-09-22T19:39:41Z,6.29,77.84
2026-09-22T19:41:41Z,6.28,77.66
2026-09-22T19:42:41Z,6.28,77.63
2026-09-22T19:43:41Z,6.27,77.52
2026-09-22T19:44:41Z,6.27,77.51
2026-09-22T19:45:41Z,6.27,77.5
2026-09-22T19:46:41Z,6.27,77.51
2026-09-22T19:47:41Z,6.27,77.46
2026-09-22T19:48:41Z,6.27,77.37
2026-09-22T19:49:41Z,6.27,77.44
2026-09-22T19:50:41Z,6.27,77.41
2026-09-22T19:52:41Z,6.28,77.55
2026-09-22T19:53:41Z,6.27,77.53
2026-09-22T19:54:41Z,6.27,77.47
2026-09-22T19:55:41Z,6.27,77.45
2026-09-22T19:56:41Z,6.28,77.54
2026-09-22T19:58:41Z,,77.51
2026-09-22T19:59:41Z,6.27,77.47
2026-09-22T20:00:41Z,6.28,77.55
2026-09-22T20:01:41Z,6.27,77.51
2026-09-22T20:02:41Z,6.27,77.47
2026-09-22T20:03:41Z,6.26,77.32
2026-09-22T20:04:41Z,6.26,77.27
2026-09-22T20:05:41Z,6.25,77.15
2026-09-22T20:07:41Z,6.25,77.08
2026-09-22T20:08:41Z,6.25,77.12
2026-09-22T20:09:41Z,6.25,77.11
2026-09-22T20:10:41Z,6.24,76.98
2026-09-22T20:11:41Z,6.24,76.88
2026-09-22T20:13:41Z,6.24,76.88
2026-09-22T20:14:41Z,6.24,76.87
2026-09-22T20:15:41Z,6.22,76.58
2026-09-22T20:16:41Z,6.22,76.55
2026-09-22T20:17:41Z,6.21,76.52
2026-09-22T20:20:41Z,6.2,76.34
2026-09-22T20:21:41Z,6.2,76.32
2026-09-22T20:22:41Z,6.2,76.3
2026-09-22T20:23:41Z,6.21,76.39
2026-09-22T20:24:41Z,6.21,76.38
2026-09-22T20:25:41Z,6.19,76.14
2026-09-22T20:26:41Z,6.18,76.02
2026-09-22T20:27:41Z,6.18,75.91
2026-09-22T20:28:41Z,6.17,75.73
2026-09-22T20:29:41Z,6.17,75.78
2026-09-22T20:30:41Z,,75.53
2026-09-22T20:31:41Z,6.15,75.51
2026-09-22T20:32:41Z,6.15,75.37
2026-09-22T20:33:41Z,6.15,75.38
2026-09-22T20:34:41Z,6.14,75.31
2026-09-22T20:35:41Z,6.13,75.03
2026-09-22T20:37:41Z,6.12,74.96
2026-09-22T20:38:41Z,6.12,74.95
2026-09-22T20:39:41Z,6.12,74.92
2026-09-22T20:40:41Z,6.11,74.75
2026-09-22T20:41:41Z,6.09,74.5
2026-09-22T20:43:41Z,6.09,74.35
2026-09-22T20:44:41Z,6.07,74.12
2026-09-22T20:45:41Z,6.06,73.91
2026-09-22T20:46:41Z,6.06,74
2026-09-22T20:47:41Z,6.06,73.91
2026-09-22T20:49:41Z,6.06,73.86
2026-09-22T20:50:41Z,6.06,73.88
2026-09-22T20:51:41Z,6.04,73.66
2026-09-22T20:52:41Z,6.04,73.61
2026-09-22T20:53:41Z,6.04,73.61
2026-09-22T20:55:41Z,6.05,73.69
2026-09-22T20:56:41Z,6.05,73.81
2026-09-22T20:57:41Z,6.05,73.76
2026-09-22T20:58:41Z,6.06,73.87
2026-09-22T20:59:41Z,6.06,73.87
2026-09-22T21:00:41Z,6.06,
2026-09-22T21:02:41Z,6.06,73.97
2026-09-22T21:03:41Z,6.06,73.89
2026-09-22T21:04:41Z,6.06,73.91
2026-09-22T21:05:41Z,6.06,73.85
2026-09-22T21:06:41Z,6.05,73.79
2026-09-22T21:08:41Z,,73.75
2026-09-22T21:09:41Z,6.06,73.84
2026-09-22T21:10:41Z,6.06,73.93
2026-09-22T21:11:41Z,6.06,73.85
2026-09-22T21:12:41Z,6.06,73.89
2026-09-22T21:13:41Z,6.06,
2026-09-22T21:14:41Z,6.06,73.93
2026-09-22T21:15:41Z,6.06,73.84
2026-09-22T21:16:41Z,6.07,74.01
2026-09-22T21:17:41Z,6.07,74.13
2026-09-22T21:18:41Z,6.07,74.12
2026-09-22T21:20:41Z,6.06,74
2026-09-22T21:21:41Z,6.06,73.99
2026-09-22T21:22:41Z,6.06,74
2026-09-22T21:23:41Z,6.06,74
2026-09-22T21:24:41Z,6.06,73.95
2026-09-22T21:27:41Z,6.07,74.14
2026-09-22T21:28:41Z,6.08,74.26
2026-09-22T21:29:41Z,6.08,74.3
2026-09-22T21:30:41Z,6.09,74.35
2026-09-22T21:31:41Z,6.09,74.35
2026-09-22T21:33:41Z,6.09,74.46
2026-09-22T21:34:41Z,6.1,74.51
2026-09-22T21:35:41Z,6.1,74.59
2026-09-22T21:36:41Z,6.1,74.51
2026-09-22T21:37:41Z,6.1,74.66
2026-09-22T21:39:41Z,6.11,74.68
2026-09-22T21:40:41Z,6.1,74.55
2026-09-22T21:41:41Z,6.1,74.63
2026-09-22T21:42:41Z,6.11,74.73
2026-09-22T21:43:41Z,6.11,74.71
2026-09-22T21:44:41Z,6.11,74.68
2026-09-22T21:45:41Z,6.1,74.65
2026-09-22T21:46:41Z,6.09,74.46
2026-09-22T21:47:41Z,6.09,74.49
2026-09-22T21:48:41Z,6.1,74.55
2026-09-22T21:49:41Z,6.1,
2026-09-22T21:50:41Z,,74.67
2026-09-22T21:51:41Z,6.11,74.76
2026-09-22T21:52:41Z,6.1,74.65
2026-09-22T21:53:41Z,6.1,74.66
2026-09-22T21:54:41Z,6.11,74.7
2026-09-22T21:55:41Z,6.1,74.64
2026-09-22T21:56:41Z,6.11,74.76
2026-09-22T21:57:41Z,6.11,74.83
2026-09-22T21:58:41Z,6.11,74.75
2026-09-22T21:59:41Z,6.11,74.75
2026-09-22T22:00:41Z,6.11,74.75
2026-09-22T22:02:41Z,6.1,
2026-09-22T22:03:41Z,6.11,74.72
2026-09-22T22:04:41Z,6.11,74.82
2026-09-22T22:05:41Z,6.11,74.77
2026-09-22T22:06:41Z,6.1,74.58
2026-09-22T22:07:41Z,,74.48
2026-09-22T22:09:41Z,6.09,74.47
2026-09-22T22:10:41Z,6.09,74.35
2026-09-22T22:11:41Z,6.09,74.42
2026-09-22T22:12:41Z,6.1,74.57
2026-09-22T22:13:41Z,,74.46
2026-09-22T22:14:41Z,6.09,
2026-09-22T22:15:41Z,6.1,74.65
2026-09-22T22:16:41Z,6.08,74.32
2026-09-22T22:17:41Z,6.87,74.47
2026-09-22T22:18:41Z,6.08,74.25
2026-09-22T22:19:41Z,,74.15
2026-09-22T22:20:41Z,6.08,
2026-09-22T22:21:41Z,6.08,
2026-09-22T22:22:41Z,6.07,74.14
2026-09-22T22:23:41Z,6.87,74.36
2026-09-22T22:24:41Z,6.08,74.24
2026-09-22T22:25:41Z,,73.89
2026-09-22T22:26:41Z,6.06,
2026-09-22T22:27:41Z,6.85,
2026-09-22T22:28:41Z,6.06,73.86
2026-09-22T22:29:41Z,6.06,73.99
2026-09-22T22:30:41Z,6.06,73.93
2026-09-22T22:31:41Z,,73.46
2026-09-22T22:32:41Z,6.03,
2026-09-22T22:33:41Z,6.81,73.49
2026-09-22T22:34:41Z,6.02,73.26
2026-09-22T22:35:41Z,6.02,73.18
2026-09-22T22:36:41Z,6.02,73.19
2026-09-22T22:37:41Z,,72.78
2026-09-22T22:38:41Z,5.99,
2026-09-22T22:39:41Z,5.99,72.66
2026-09-22T22:40:41Z,5.99,72.75
2026-09-22T22:41:41Z,5.97,72.44
2026-09-22T22:42:41Z,5.98,72.53
2026-09-22T22:43:41Z,5.96,72.17
2026-09-22T22:44:41Z,5.95,72.14
2026-09-22T22:45:41Z,5.96,72.2
2026-09-22T22:46:41Z,5.93,71.78
2026-09-22T22:47:41Z,5.92,71.62
2026-09-22T22:48:41Z,,71.8
2026-09-22T22:49:41Z,5.95,72.04
2026-09-22T22:50:41Z,5.92,
2026-09-22T22:51:41Z,5.92,71.52
2026-09-22T22:52:41Z,5.9,71.21
2026-09-22T22:53:41Z,5.89,71.14
2026-09-22T22:54:41Z,,71.07
2026-09-22T22:55:41Z,5.88,70.89
2026-09-22T22:56:41Z,5.89,71.12
2026-09-22T22:57:41Z,5.89,71.04
2026-09-22T22:58:41Z,5.87,70.68
2026-09-22T22:59:41Z,5.86,70.64
2026-09-22T23:00:41Z,5.88,70.96
2026-09-22T23:02:41Z,5.83,70.11
2026-09-22T23:03:41Z,5.86,70.6
2026-09-22T23:04:41Z,5.84,70.28
2026-09-22T23:05:41Z,5.84,70.22
2026-09-22T23:06:41Z,5.83,70.12
2026-09-22T23:09:41Z,6.62,70.19
2026-09-22T23:10:41Z,6.62,70.18
2026-09-22T23:11:41Z,5.82,69.91
2026-09-22T23:12:41Z,5.84,70.22
2026-09-22T23:13:41Z,5.83,70.11
2026-09-22T23:15:41Z,5.83,70.04
2026-09-22T23:16:41Z,5.82,69.9
2026-09-22T23:17:41Z,5.82,69.9
2026-09-22T23:18:41Z,5.78,69.24
2026-09-22T23:19:41Z,6.57,69.36
2026-09-22T23:21:41Z,,69.85
2026-09-22T23:22:41Z,5.8,69.63
2026-09-22T23:23:41Z,5.8,69.5
2026-09-22T23:24:41Z,5.8,69.52
2026-09-22T23:25:41Z,5.79,69.37
2026-09-22T23:27:41Z,5.79,69.46
2026-09-22T23:28:41Z,5.78,69.28
2026-09-22T23:29:41Z,5.76,68.93
2026-09-22T23:30:41Z,6.55,69.12
2026-09-22T23:31:41Z,5.77,69.11
2026-09-22T23:33:41Z,5.76,
2026-09-22T23:34:41Z,5.77,69
2026-09-22T23:35:41Z,5.77,68.96
2026-09-22T23:36:41Z,5.76,68.85
2026-09-22T23:37:41Z,5.77,69.01
2026-09-22T23:39:41Z,6.59,69.64
2026-09-22T23:40:41Z,5.81,69.79
2026-09-22T23:41:41Z,5.82,69.83
2026-09-22T23:42:41Z,5.84,70.15
2026-09-22T23:43:41Z,5.85,70.33
2026-09-22T23:45:41Z,5.82,69.93
2026-09-22T23:46:41Z,5.81,69.67
2026-09-22T23:47:41Z,5.8,69.47
2026-09-22T23:48:41Z,5.8,69.6
2026-09-22T23:49:41Z,5.8,69.56
2026-09-22T23:50:41Z,5.78,69.18
2026-09-22T23:52:41Z,6.58,69.53
2026-09-22T23:53:41Z,5.78,69.2
2026-09-22T23:54:41Z,5.77,69.02
2026-09-22T23:55:41Z,5.78,69.19
2026-09-22T23:56:41Z,5.76,68.84
2026-09-22T23:59:41Z,5.76,68.92
2026-09-23T00:00:41Z,5.76,68.87
2026-09-23T00:01:41Z,5.75,68.68
2026-09-23T00:02:41Z,5.72,68.12
2026-09-23T00:03:41Z,5.72,68.18
2026-09-23T00:05:41Z,5.69,67.72
2026-09-23T00:06:41Z,5.7,67.9
2026-09-23T00:07:41Z,5.68,67.54
2026-09-23T00:08:41Z,5.66,67.24
2026-09-23T00:09:41Z,5.66,67.14
2026-09-23T00:11:41Z,5.66,67.23
2026-09-23T00:12:41Z,5.64,66.81
2026-09-23T00:13:41Z,5.63,66.7
2026-09-23T00:14:41Z,5.61,66.27
2026-09-23T00:15:41Z,5.61,66.34
2026-09-23T00:17:41Z,6.38,66.15
2026-09-23T00:18:41Z,5.6,66.23
2026-09-23T00:19:41Z,6.4,66.5
2026-09-23T00:20:41Z,5.61,66.42
2026-09-23T00:21:41Z,5.6,66.16
2026-09-23T00:23:41Z,5.57,65.74
2026-09-23T00:24:41Z,5.59,66.08
2026-09-23T00:25:41Z,5.57,65.65
2026-09-23T00:26:41Z,6.32,65.13
2026-09-23T00:27:41Z,6.34,65.49
2026-09-23T00:29:41Z,7.09,65
2026-09-23T00:30:41Z,6.32,65.12
2026-09-23T00:31:41Z,7.1,65.26
2026-09-23T00:32:41Z,6.29,64.67
2026-09-23T00:33:41Z,7.04,64.12
2026-09-23T00:35:41Z,7.03,64
2026-09-23T00:36:41Z,7.03,64.05
2026-09-23T00:37:41Z,7.15,63.77
2026-09-23T00:38:41Z,7.12,63.29
2026-09-23T00:39:41Z,6.21,63.26
2026-09-23T00:42:41Z,6.16,62.54
2026-09-23T00:43:41Z,6.13,61.91
2026-09-23T00:44:41Z,6.12,61.84
2026-09-23T00:45:41Z,6.11,61.7
2026-09-23T00:47:41Z,7.02,
2026-09-23T00:48:41Z,6.99,61.14
2026-09-23T00:49:41Z,7.88,60.9
2026-09-23T00:50:41Z,7.92,61.41
2026-09-23T00:51:41Z,7.01,61.46
2026-09-23T00:54:41Z,5.25,60.31
2026-09-23T00:55:41Z,5.24,60.07
2026-09-23T00:56:41Z,5.21,59.66
2026-09-23T00:57:41Z,5.16,58.83
2026-09-23T00:59:41Z,5.09,57.65
2026-09-23T01:00:41Z,5.86,57.48
2026-09-23T01:01:41Z,5.11,58.02
2026-09-23T01:02:41Z,6.95,58.36
2026-09-23T01:03:41Z,6.99,58.91
2026-09-23T01:04:41Z,6.08,58.98
2026-09-23T01:05:41Z,5.15,58.61
2026-09-23T01:06:41Z,5.13,58.29
2026-09-23T01:07:41Z,6.03,58.08
2026-09-23T01:08:41Z,6.02,57.95
2026-09-23T01:10:41Z,6.02,57.89
2026-09-23T01:11:41Z,5.09,57.69
2026-09-23T01:12:41Z,5.05,56.86
2026-09-23T01:13:41Z,5.02,56.5
2026-09-23T01:14:41Z,4.98,55.83
2026-09-23T01:16:41Z,5.9,55.91
2026-09-23T01:17:41Z,5.88,55.52
2026-09-23T01:18:41Z,4.94,55.03
2026-09-23T01:19:41Z,5.78,53.9
2026-09-23T01:20:41Z,4.9,54.46
2026-09-23T01:21:41Z,4.86,53.71
2026-09-23T01:22:41Z,4.86,53.68
2026-09-23T01:24:41Z,5.8,54.22
2026-09-23T01:25:41Z,5.82,54.58
2026-09-23T01:26:41Z,5.8,54.17
2026-09-23T01:27:41Z,5.78,53.94
2026-09-23T01:28:41Z,4.86,53.82
2026-09-23T01:30:41Z,5.79,54.02
2026-09-23T01:31:41Z,4.89,54.17
2026-09-23T01:32:41Z,4.84,53.37
2026-09-23T01:33:41Z,5.74,53.22
2026-09-23T01:34:41Z,5.73,53.02
2026-09-23T01:36:41Z,5.74,53.17
2026-09-23T01:37:41Z,5.72,52.88
2026-09-23T01:38:41Z,5.74,53.22
2026-09-23T01:39:41Z,4.83,53.28
2026-09-23T01:40:41Z,4.81,52.87
2026-09-23T03:00:41Z,5.52,49.56
2026-09-23T03:03:41Z,4.68,50.68
2026-09-23T03:04:41Z,4.67,50.62
2026-09-23T03:05:41Z,4.67,50.63
2026-09-23T03:06:41Z,4.67,50.56
2026-09-23T03:08:41Z,4.63,49.86
2026-09-23T03:09:41Z,5.52,49.49
2026-09-23T03:10:41Z,5.55,50.07
2026-09-23T03:11:41Z,4.64,50.01
2026-09-23T03:12:41Z,4.55,48.54
2026-09-23T03:14:41Z,5.48,48.85
2026-09-23T03:15:41Z,5.51,49.32
2026-09-23T03:16:41Z,4.58,49.09
2026-09-23T03:17:41Z,5.52,49.46
2026-09-23T03:18:41Z,5.66,49.77
2026-09-23T03:20:41Z,,48.37
2026-09-23T03:21:41Z,4.55,48.56
2026-09-23T03:22:41Z,4.54,48.38
2026-09-23T03:23:41Z,4.51,47.88
2026-09-23T03:24:41Z,4.5,47.62
2026-09-23T03:26:41Z,5.48,48.84
2026-09-23T03:27:41Z,4.55,48.47
2026-09-23T03:28:41Z,4.52,47.97
2026-09-23T03:29:41Z,4.52,48.1
2026-09-23T03:30:41Z,4.48,47.39
2026-09-23T03:31:41Z,4.47,47.24
2026-09-23T03:32:41Z,4.47,47.17
2026-09-23T03:33:41Z,4.46,46.97
2026-09-23T03:34:41Z,4.46,46.99
2026-09-23T03:35:41Z,4.45,46.78
2026-09-23T03:36:41Z,5.35,46.67
2026-09-23T03:38:41Z,4.47,47.12
2026-09-23T03:39:41Z,4.45,46.8
2026-09-23T03:40:41Z,4.39,45.79
2026-09-23T03:41:41Z,4.35,45.15
2026-09-23T03:42:41Z,4.35,45.09
2026-09-23T03:43:41Z,5.43,45.89
2026-09-23T03:44:41Z,5.46,46.28
2026-09-23T03:45:41Z,5.47,46.49
2026-09-23T03:46:41Z,5.5,47.09
2026-09-23T03:47:41Z,5.51,47.14
2026-09-23T03:49:41Z,4.47,47.13
2026-09-23T03:50:41Z,4.47,47.17
2026-09-23T03:51:41Z,4.47,47.23
2026-09-23T03:52:41Z,6.51,46.52
2026-09-23T03:53:41Z,5.48,46.64
2026-09-23T03:55:41Z,5.51,47.12
2026-09-23T03:56:41Z,4.48,47.34
2026-09-23T03:57:41Z,6.57,47.46
2026-09-23T03:58:41Z,6.59,47.91
2026-09-23T03:59:41Z,5.57,48.22
2026-09-23T04:00:41Z,4.52,48.02
2026-09-23T04:03:41Z,4.42,46.29
2026-09-23T04:04:41Z,4.38,45.62
2026-09-23T04:05:41Z,4.4,46.08
2026-09-23T04:06:41Z,4.39,45.78
2026-09-23T04:07:41Z,5.42,45.67
2026-09-23T04:10:41Z,4.41,46.22
2026-09-23T04:11:41Z,4.4,46.08
2026-09-23T04:12:41Z,4.38,45.63
2026-09-23T04:13:41Z,4.38,45.6
2026-09-23T04:14:41Z,4.39,45.91
2026-09-23T04:16:41Z,4.33,44.81
2026-09-23T04:17:41Z,4.35,45.1
2026-09-23T04:18:41Z,4.33,44.86
2026-09-23T04:19:41Z,4.35,45.18
2026-09-23T04:20:41Z,4.35,45.21
2026-09-23T04:23:41Z,5.45,46.11
2026-09-23T04:24:41Z,5.46,46.37
2026-09-23T04:25:41Z,5.46,46.27
2026-09-23T04:26:41Z,5.45,46.1
2026-09-23T04:27:41Z,5.45,46.21
2026-09-23T04:30:41Z,5.45,46.17
2026-09-23T04:31:41Z,4.39,45.78
2026-09-23T04:32:41Z,4.37,45.51
2026-09-23T04:33:41Z,4.37,45.43
2026-09-23T04:34:41Z,,45.4
2026-09-23T04:35:41Z,4.37,45.57
2026-09-23T04:36:41Z,4.32,44.61
2026-09-23T04:37:41Z,4.34,44.99
2026-09-23T04:38:41Z,4.35,45.12
2026-09-23T04:39:41Z,4.33,44.84
2026-09-23T04:41:41Z,4.33,44.84
2026-09-23T04:42:41Z,4.34,45.08
2026-09-23T04:43:41Z,5.39,45.14
2026-09-23T06:46:41Z,4.66,50.41
2026-09-23T06:48:41Z,4.7,50.97
2026-09-23T06:50:41Z,6.89,52.85
2026-09-23T06:51:41Z,5.87,53.23
2026-09-23T06:52:41Z,5.91,53.94
2026-09-23T06:53:41Z,4.88,54.1
2026-09-23T06:54:41Z,5.92,54.04
2026-09-23T06:55:41Z,5.96,54.79
2026-09-23T06:56:41Z,7.05,
2026-09-23T06:57:41Z,6.04,56.15
2026-09-23T06:58:41Z,6.07,56.67
2026-09-23T06:59:41Z,6.09,56.94
2026-09-23T07:00:41Z,6.09,57
2026-09-23T07:01:41Z,6.11,57.22
2026-09-23T07:02:41Z,6.14,57.78
2026-09-23T07:03:41Z,5.08,57.51
2026-09-23T07:04:41Z,5.09,57.56
2026-09-23T07:05:41Z,7.07,58.15
2026-09-23T07:06:41Z,6.05,58.4
2026-09-23T07:07:41Z,6.06,58.65
2026-09-23T07:08:41Z,6.08,59.04
2026-09-23T07:09:41Z,6.1,59.29
2026-09-23T07:10:41Z,6.11,59.39
2026-09-23T07:11:41Z,5.2,59.52
2026-09-23T07:13:41Z,6.14,59.89
2026-09-23T07:14:41Z,5.22,59.84
2026-09-23T07:15:41Z,5.21,59.55
2026-09-23T07:16:41Z,6.13,59.77
2026-09-23T07:17:41Z,5.23,59.96
2026-09-23T07:19:41Z,7.21,60.49
2026-09-23T07:20:41Z,5.28,60.72
2026-09-23T07:21:41Z,5.28,60.86
2026-09-23T07:22:41Z,5.24,60.12
2026-09-23T07:23:41Z,6.15,60.13
2026-09-23T07:24:41Z,6.15,60.15
2026-09-23T07:25:41Z,5.27,60.65
2026-09-23T07:26:41Z,6.17,60.5
2026-09-23T07:27:41Z,5.26,60.52
2026-09-23T07:28:41Z,5.28,60.72
2026-09-23T07:29:41Z,5.26,60.45
2026-09-23T07:30:41Z,5.25,60.24
2026-09-23T07:32:41Z,6.2,60.93
2026-09-23T07:33:41Z,5.28,60.76
2026-09-23T07:34:41Z,5.27,60.69
2026-09-23T07:35:41Z,5.28,60.76
2026-09-23T07:36:41Z,5.27,60.7
2026-09-23T09:00:41Z,6.45,65.1
2026-09-23T09:02:41Z,6.46,
2026-09-23T09:03:41Z,6.34,65.51
2026-09-23T09:04:41Z,5.56,65.48
2026-09-23T09:05:41Z,5.56,65.48
2026-09-23T09:06:41Z,5.56,65.58
2026-09-23T09:07:41Z,,65.84
2026-09-23T09:09:41Z,5.62,
2026-09-23T09:10:41Z,5.61,66.31
2026-09-23T09:11:41Z,6.39,66.31
2026-09-23T09:12:41Z,6.41,66.71
2026-09-23T09:13:41Z,5.63,66.74
2026-09-23T09:14:41Z,,66.84
2026-09-23T09:15:41Z,5.64,
2026-09-23T09:16:41Z,5.64,66.93
2026-09-23T09:17:41Z,5.65,66.95
2026-09-23T09:18:41Z,5.62,66.6
2026-09-23T09:19:41Z,5.63,66.76
2026-09-23T09:20:41Z,6.42,66.94
2026-09-23T09:22:41Z,5.66,67.18
2026-09-23T09:23:41Z,6.46,67.48
2026-09-23T09:24:41Z,6.46,67.54
2026-09-23T09:25:41Z,5.66,67.26
2026-09-23T09:26:41Z,5.67,67.36
2026-09-23T09:28:41Z,5.69,
2026-09-23T09:29:41Z,5.7,67.92
2026-09-23T09:30:41Z,5.71,68.04
2026-09-23T09:31:41Z,5.7,67.94
2026-09-23T09:32:41Z,5.72,68.19
2026-09-23T09:34:41Z,6.53,
2026-09-23T09:35:41Z,6.55,69
2026-09-23T09:36:41Z,5.77,69.01
2026-09-23T09:37:41Z,5.74,68.54
2026-09-23T09:38:41Z,5.74,68.62
2026-09-23T09:39:41Z,5.75,68.74
2026-09-23T09:40:41Z,5.76,
2026-09-23T09:41:41Z,5.77,69.12
2026-09-23T09:42:41Z,5.77,69.07
2026-09-23T09:43:41Z,5.78,69.18
2026-09-23T09:44:41Z,5.79,69.31
2026-09-23T09:45:41Z,,69.68
2026-09-23T09:46:41Z,5.8,
2026-09-23T09:47:41Z,5.8,69.47
2026-09-23T09:48:41Z,6.59,69.68
2026-09-23T09:49:41Z,5.81,69.68
2026-09-23T09:50:41Z,5.8,69.5
2026-09-23T09:51:41Z,,69.56
2026-09-23T09:52:41Z,5.79,
2026-09-23T09:53:41Z,5.78,69.29
2026-09-23T09:54:41Z,5.78,69.23
2026-09-23T09:55:41Z,5.78,69.19
2026-09-23T09:56:41Z,5.79,69.41
2026-09-23T09:57:41Z,,69.57
2026-09-23T09:59:41Z,5.75,
2026-09-23T10:00:41Z,5.75,68.79
2026-09-23T10:01:41Z,5.75,68.69
2026-09-23T10:02:41Z,5.75,68.77
2026-09-23T10:03:41Z,6.66,68.73
2026-09-23T10:04:41Z,,68.43
2026-09-23T10:05:41Z,5.74,
2026-09-23T10:06:41Z,5.74,68.62
2026-09-23T10:07:41Z,5.73,68.44
2026-09-23T10:08:41Z,5.74,68.51
2026-09-23T10:09:41Z,5.73,68.38
2026-09-23T10:10:41Z,,68.29
2026-09-23T10:11:41Z,,68.17
2026-09-23T10:12:41Z,5.72,
2026-09-23T10:13:41Z,5.73,68.33
2026-09-23T10:14:41Z,5.72,68.21
2026-09-23T10:15:41Z,5.72,68.15
2026-09-23T10:16:41Z,5.71,68.01
2026-09-23T10:17:41Z,,67.94
2026-09-23T10:19:41Z,6.61,
2026-09-23T10:20:41Z,6.64,
2026-09-23T10:21:41Z,6.6,67.74
2026-09-23T10:22:41Z,6.63,68.18
2026-09-23T10:23:41Z,6.63,68.21
2026-09-23T10:24:41Z,,68.48
2026-09-23T10:25:41Z,,67.98
2026-09-23T10:26:41Z,5.7,
2026-09-23T10:27:41Z,5.72,68.18
2026-09-23T10:28:41Z,6.62,68
2026-09-23T10:29:41Z,6.62,68.08
2026-09-23T10:30:41Z,6.63,68.23
2026-09-23T10:31:41Z,,68.3
2026-09-23T10:33:41Z,5.72,
2026-09-23T10:34:41Z,6.63,68.2
2026-09-23T10:35:41Z,6.65,68.48
2026-09-23T10:36:41Z,6.65,68.55
2026-09-23T10:37:41Z,6.66,68.72
2026-09-23T10:38:41Z,,68.81
2026-09-23T10:40:41Z,5.77,
2026-09-23T10:41:41Z,5.75,68.75
2026-09-23T10:42:41Z,6.66,68.65
2026-09-23T10:43:41Z,6.67,68.93
2026-09-23T10:44:41Z,5.77,69.02
2026-09-23T10:45:41Z,,68.96
2026-09-23T10:47:41Z,5.8,
2026-09-23T10:48:41Z,5.8,69.54
2026-09-23T10:49:41Z,5.79,69.33
2026-09-23T10:50:41Z,6.7,69.35
2026-09-23T10:51:41Z,6.7,69.43
2026-09-23T10:52:41Z,,69.6
2026-09-23T10:54:41Z,5.82,69.87
2026-09-23T10:55:41Z,5.83,70.01
2026-09-23T10:56:41Z,5.82,69.83
2026-09-23T10:57:41Z,5.83,70.01
2026-09-23T10:58:41Z,5.82,69.82
2026-09-23T10:59:41Z,,70.18
2026-09-23T11:02:41Z,6.75,
2026-09-23T11:03:41Z,6.76,70.44
2026-09-23T11:04:41Z,6.77,70.57
2026-09-23T11:05:41Z,5.87,70.67
2026-09-23T11:06:41Z,6.78,70.73
2026-09-23T11:07:41Z,,70.87
2026-09-23T11:09:41Z,5.9,
2026-09-23T11:10:41Z,5.91,
2026-09-23T11:11:41Z,5.9,71.27
2026-09-23T11:12:41Z,6.82,71.38
2026-09-23T11:13:41Z,5.91,71.37
2026-09-23T11:14:41Z,7.74,71.59
2026-09-23T11:16:41Z,6.84,71.76
2026-09-23T11:17:41Z,5.94,71.98
2026-09-23T11:18:41Z,5.94,71.84
2026-09-23T11:19:41Z,5.93,71.72
2026-09-23T11:20:41Z,5.94,71.82
2026-09-23T11:21:41Z,5.93,71.71
2026-09-23T11:22:41Z,5.93,71.73
2026-09-23T11:23:41Z,5.93,71.71
2026-09-23T11:24:41Z,6.8,71.12
2026-09-23T11:25:41Z,6.8,71.01
2026-09-23T11:28:41Z,6.8,71.07
2026-09-23T11:29:41Z,6.8,71.11
2026-09-23T11:30:41Z,5.9,71.29
2026-09-23T11:31:41Z,5.9,71.19
2026-09-23T11:32:41Z,5.9,71.23
2026-09-23T11:35:41Z,6.79,70.84
2026-09-23T11:36:41Z,6.79,70.87
2026-09-23T11:37:41Z,5.87,70.74
2026-09-23T11:38:41Z,6.77,70.53
2026-09-23T11:39:41Z,6.77,70.53
2026-09-23T11:40:41Z,,70.59
2026-09-23T11:42:41Z,6.78,
2026-09-23T11:43:41Z,5.87,70.73
2026-09-23T11:44:41Z,5.86,70.58
2026-09-23T11:45:41Z,5.86,70.64
2026-09-23T11:46:41Z,5.87,70.67
2026-09-23T11:47:41Z,,70.97
2026-09-23T11:49:41Z,5.88,
2026-09-23T11:50:41Z,5.89,71.01
2026-09-23T11:51:41Z,6.79,70.94
2026-09-23T11:52:41Z,6.8,71
2026-09-23T11:53:41Z,,70.96
2026-09-23T11:54:41Z,5.89,71.12
2026-09-23T11:55:41Z,6.8,71.06
2026-09-23T11:56:41Z,5.89,71.14
2026-09-23T11:57:41Z,5.9,71.16
2026-09-23T11:58:41Z,6.82,71.44
2026-09-23T11:59:41Z,7.75,71.7
2026-09-23T12:00:41Z,,71.85
2026-09-23T12:01:41Z,,72.14
2026-09-23T12:03:41Z,6.87,
2026-09-23T12:04:41Z,6.89,72.63
2026-09-23T12:05:41Z,6.91,72.87
2026-09-23T12:06:41Z,6.9,72.69
2026-09-23T12:07:41Z,6,72.96
2026-09-23T12:08:41Z,,73.08
2026-09-23T12:10:41Z,6.01,73.08
2026-09-23T12:11:41Z,6.92,73.08
2026-09-23T12:12:41Z,6.01,73.11
2026-09-23T12:13:41Z,6.01,73.16
2026-09-23T12:14:41Z,6.79,73.12
2026-09-23T12:17:41Z,6.04,73.61
2026-09-23T12:18:41Z,6.03,73.48
2026-09-23T12:19:41Z,6.8,73.3
2026-09-23T12:20:41Z,6.81,73.36
2026-09-23T12:21:41Z,6.81,73.45
2026-09-23T12:23:41Z,,73.38
2026-09-23T12:24:41Z,6.03,73.42
2026-09-23T12:25:41Z,6.04,73.56
2026-09-23T12:26:41Z,6.82,73.58
2026-09-23T12:27:41Z,6.83,73.8
2026-09-23T12:28:41Z,6.8,
2026-09-23T12:30:41Z,,73.23
2026-09-23T12:31:41Z,6.8,73.22
2026-09-23T12:32:41Z,6.8,73.32
2026-09-23T12:33:41Z,6.79,73.14
2026-09-23T12:34:41Z,6.01,73.07
2026-09-23T12:35:41Z,6.01,
2026-09-23T12:37:41Z,6.77,72.83
2026-09-23T12:38:41Z,6,72.89
2026-09-23T12:39:41Z,6,72.92
2026-09-23T12:40:41Z,6,72.83
2026-09-23T12:41:41Z,5.98,72.61
2026-09-23T12:43:41Z,,72.36
2026-09-23T12:44:41Z,5.96,72.16
2026-09-23T12:45:41Z,5.96,72.18
2026-09-23T12:46:41Z,6.73,72.05
2026-09-23T12:47:41Z,5.95,72.1
2026-09-23T12:50:41Z,,72.14
2026-09-23T12:51:41Z,5.95,72.02
2026-09-23T12:52:41Z,5.94,71.96
2026-09-23T12:53:41Z,5.93,71.77
2026-09-23T12:54:41Z,5.93,71.66
2026-09-23T12:57:41Z,5.91,71.42
2026-09-23T12:58:41Z,5.92,71.5
2026-09-23T12:59:41Z,5.92,71.49
2026-09-23T13:00:41Z,5.92,71.61
2026-09-23T13:01:41Z,5.91,71.48
2026-09-23T13:04:41Z,5.91,71.39
2026-09-23T13:05:41Z,5.91,71.35
2026-09-23T13:06:41Z,6.69,71.46
2026-09-23T13:07:41Z,5.92,71.61
2026-09-23T13:08:41Z,5.92,71.61
2026-09-23T13:09:41Z,5.92,71.54
2026-09-23T13:12:41Z,5.93,71.72
2026-09-23T13:13:41Z,5.92,71.52
2026-09-23T13:14:41Z,6.7,71.65
2026-09-23T13:15:41Z,5.93,71.72
2026-09-23T13:16:41Z,5.93,71.79
2026-09-23T13:19:41Z,5.94,71.88
2026-09-23T13:20:41Z,5.94,71.93
2026-09-23T13:21:41Z,5.92,71.61
2026-09-23T13:22:41Z,5.93,71.65
2026-09-23T13:23:41Z,5.92,71.58
2026-09-23T13:25:41Z,5.92,71.56
2026-09-23T13:26:41Z,5.92,71.51
2026-09-23T13:27:41Z,5.92,71.62
2026-09-23T13:28:41Z,5.93,71.69
2026-09-23T13:29:41Z,5.93,71.8
2026-09-23T13:30:41Z,5.93,71.77
2026-09-23T13:33:41Z,5.93,71.74
2026-09-23T13:34:41Z,5.93,71.72
2026-09-23T13:35:41Z,5.94,71.92
2026-09-23T13:36:41Z,5.94,71.88
2026-09-23T13:37:41Z,5.92,71.59
2026-09-23T13:40:41Z,5.95,72.11
2026-09-23T13:41:41Z,5.95,72.02
2026-09-23T13:42:41Z,5.95,72.07
2026-09-23T13:43:41Z,5.96,72.22
2026-09-23T13:44:41Z,5.95,72.14
2026-09-23T13:46:41Z,5.96,72.17
2026-09-23T13:47:41Z,6.74,72.21
2026-09-23T13:48:41Z,6.74,72.2
2026-09-23T13:49:41Z,6.75,72.38
2026-09-23T13:50:41Z,5.97,72.44
2026-09-23T13:51:41Z,,72.39
2026-09-23T13:53:41Z,5.98,72.59
2026-09-23T13:54:41Z,5.97,72.49
2026-09-23T13:55:41Z,5.98,72.58
2026-09-23T13:56:41Z,5.97,72.4
2026-09-23T13:57:41Z,5.98,72.55
2026-09-23T14:01:41Z,5.97,72.49
2026-09-23T14:02:41Z,5.98,72.57
2026-09-23T14:03:41Z,5.98,72.65
2026-09-23T14:04:41Z,5.98,72.6
2026-09-23T14:05:41Z,5.99,72.74
2026-09-23T14:06:41Z,5.97,72.39
2026-09-23T14:07:41Z,5.98,72.61
2026-09-23T14:08:41Z,5.98,72.58
2026-09-23T14:09:41Z,5.98,72.6
2026-09-23T14:12:41Z,5.99,72.75
2026-09-23T14:13:41Z,5.98,72.63
2026-09-23T14:14:41Z,5.98,72.61
2026-09-23T14:15:41Z,5.99,72.79
2026-09-23T14:16:41Z,5.99,72.74
2026-09-23T14:19:41Z,6,72.83
2026-09-23T14:20:41Z,6,72.96
2026-09-23T14:21:41Z,5.99,72.8
2026-09-23T14:22:41Z,6,72.95
2026-09-23T14:23:41Z,5.99,72.8
2026-09-23T14:24:41Z,6.77,72.76
2026-09-23T14:27:41Z,5.99,72.73
2026-09-23T14:28:41Z,6,72.88
2026-09-23T14:29:41Z,5.99,72.82
2026-09-23T14:30:41Z,5.99,72.74
2026-09-23T14:31:41Z,5.99,72.72
2026-09-23T14:33:41Z,5.99,
2026-09-23T14:34:41Z,5.99,72.76
2026-09-23T14:35:41Z,6,72.86
2026-09-23T14:36:41Z,6,72.94
2026-09-23T14:37:41Z,6.01,73.02
2026-09-23T14:38:41Z,,72.98
2026-09-23T14:40:41Z,6.01,73.02
2026-09-23T14:41:41Z,6,72.96
2026-09-23T14:42:41Z,6.02,73.19
2026-09-23T14:43:41Z,6.01,73.09
2026-09-23T14:44:41Z,6.01,73.1
2026-09-23T14:45:41Z,,73.31
2026-09-23T14:47:41Z,6.02,73.17
2026-09-23T14:48:41Z,6.79,73.06
2026-09-23T14:49:41Z,6.01,73.11
2026-09-23T14:50:41Z,6.01,73.15
2026-09-23T14:51:41Z,6.01,73.15
2026-09-23T14:53:41Z,6.79,73.08
2026-09-23T14:54:41Z,6.8,73.2
2026-09-23T14:55:41Z,6.02,73.32
2026-09-23T14:56:41Z,6.02,73.18
2026-09-23T14:57:41Z,6.02,73.22
2026-09-23T15:01:41Z,6.01,
2026-09-23T15:02:41Z,6.02,73.26
2026-09-23T15:03:41Z,6.02,73.22
2026-09-23T15:04:41Z,6.02,73.22
2026-09-23T15:05:41Z,6.02,73.33
2026-09-23T15:08:41Z,6.03,73.41
2026-09-23T15:09:41Z,6.04,73.52
2026-09-23T15:10:41Z,6.04,73.54
2026-09-23T15:11:41Z,6.04,73.57
2026-09-23T15:12:41Z,6.04,73.55
2026-09-23T15:14:41Z,6.05,73.73
2026-09-23T15:15:41Z,6.06,73.86
2026-09-23T15:16:41Z,6.05,73.77
2026-09-23T15:17:41Z,6.05,73.75
2026-09-23T15:18:41Z,6.05,73.74
2026-09-23T15:19:41Z,6.06,73.85
2026-09-23T15:22:41Z,6.06,73.92
2026-09-23T15:23:41Z,6.84,73.98
2026-09-23T15:24:41Z,6.06,73.99
2026-09-23T15:25:41Z,6.07,74.08
2026-09-23T15:26:41Z,6.07,74.01
2026-09-23T15:29:41Z,6.07,74.05
2026-09-23T15:30:41Z,6.07,74.08
2026-09-23T15:31:41Z,6.07,74.13
2026-09-23T15:32:41Z,6.07,74.02
2026-09-23T15:33:41Z,6.84,
2026-09-23T15:35:41Z,6.85,74.06
2026-09-23T15:36:41Z,6.86,74.22
2026-09-23T15:37:41Z,6.85,74.1
2026-09-23T15:38:41Z,6.08,74.19
2026-09-23T15:39:41Z,6.07,74.06
2026-09-23T15:43:41Z,6.08,74.21
2026-09-23T15:44:41Z,6.08,74.2
2026-09-23T15:45:41Z,6.09,74.34
2026-09-23T15:46:41Z,6.07,74.05
2026-09-23T15:47:41Z,,74.04
2026-09-23T15:50:41Z,6.07,74.11
2026-09-23T15:51:41Z,6.07,74.01
2026-09-23T15:52:41Z,6.06,73.91
2026-09-23T15:53:41Z,6.06,73.92
2026-09-23T15:54:41Z,6.07,74.12
2026-09-23T15:57:41Z,6.06,74
2026-09-23T15:58:41Z,6.06,74
2026-09-23T15:59:41Z,6.07,74.02
2026-09-23T16:00:41Z,6.07,74.17
2026-09-23T16:01:41Z,6.07,74.11
2026-09-23T16:04:41Z,6.07,74.05
2026-09-23T16:05:41Z,6.07,74.14
2026-09-23T16:06:41Z,6.06,73.9
2026-09-23T16:07:41Z,6.85,74.06
2026-09-23T16:08:41Z,6.07,74.11
2026-09-23T16:09:41Z,6.07,74.1
2026-09-23T16:12:41Z,6.08,74.31
2026-09-23T16:13:41Z,6.08,74.3
2026-09-23T16:14:41Z,6.08,74.32
2026-09-23T16:15:41Z,6.87,74.39
2026-09-23T16:16:41Z,6.87,74.49
2026-09-23T16:18:41Z,6.09,74.48
2026-09-23T16:19:41Z,6.87,74.43
2026-09-23T16:20:41Z,6.88,74.55
2026-09-23T16:21:41Z,6.09,74.49
2026-09-23T16:22:41Z,6.1,74.6
2026-09-23T16:25:41Z,6.88,74.6
2026-09-23T16:26:41Z,6.1,74.64
2026-09-23T16:27:41Z,6.1,74.67
2026-09-23T16:28:41Z,6.1,74.64
2026-09-23T16:29:41Z,6.1,74.67
2026-09-23T16:32:41Z,,74.85
2026-09-23T16:33:41Z,6.1,74.63
2026-09-23T16:34:41Z,6.11,74.74
2026-09-23T16:35:41Z,6.11,74.75
2026-09-23T16:36:41Z,6.11,74.76
2026-09-23T16:38:41Z,6.89,74.68
2026-09-23T16:39:41Z,6.11,74.7
2026-09-23T16:40:41Z,6.11,74.77
2026-09-23T16:41:41Z,6.11,74.76
2026-09-23T16:42:41Z,6.11,74.77
2026-09-23T16:44:41Z,,74.86
2026-09-23T16:45:41Z,6.9,74.85
2026-09-23T16:46:41Z,6.12,75.01
2026-09-23T16:47:41Z,6.13,75.03
2026-09-23T16:48:41Z,6.12,74.97
2026-09-23T16:49:41Z,6.13,75.03
2026-09-23T16:52:41Z,6.13,75.15
2026-09-23T16:53:41Z,6.13,75.04
2026-09-23T16:54:41Z,6.13,75.09
2026-09-23T16:55:41Z,6.13,75.16
2026-09-23T16:56:41Z,6.13,75.17
2026-09-23T16:59:41Z,,75.32
2026-09-23T17:00:41Z,6.14,75.33
2026-09-23T17:01:41Z,6.15,75.37
2026-09-23T17:02:41Z,6.93,75.37
2026-09-23T17:03:41Z,6.14,75.28
2026-09-23T17:04:41Z,6.14,
2026-09-23T17:06:41Z,,75.34
2026-09-23T17:07:41Z,6.93,75.47
2026-09-23T17:08:41Z,6.15,75.45
2026-09-23T17:09:41Z,6.15,75.36
2026-09-23T17:10:41Z,6.16,75.58
2026-09-23T17:11:41Z,6.15,75.47
2026-09-23T17:13:41Z,,75.09
2026-09-23T17:14:41Z,6.91,75.17
2026-09-23T17:15:41Z,6.92,75.21
2026-09-23T17:16:41Z,6.13,75.15
2026-09-23T17:17:41Z,6.13,75.1
2026-09-23T17:18:41Z,6.13,
2026-09-23T17:20:41Z,,75.11
2026-09-23T17:21:41Z,6.13,75.02
2026-09-23T17:22:41Z,6.11,74.82
2026-09-23T17:23:41Z,6.12,74.92
2026-09-23T17:24:41Z,6.13,75.07
2026-09-23T17:25:41Z,6.91,
2026-09-23T17:27:41Z,6.13,75.14
2026-09-23T17:28:41Z,6.89,74.83
2026-09-23T17:29:41Z,6.12,74.97
2026-09-23T17:30:41Z,6.13,75.04
2026-09-23T17:31:41Z,6.13,75.07
2026-09-23T17:32:41Z,,74.93
2026-09-23T17:33:41Z,6.13,75.02
2026-09-23T17:34:41Z,6.13,75.06
2026-09-23T17:35:41Z,6.11,74.76
2026-09-23T17:36:41Z,6.9,74.9
2026-09-23T17:37:41Z,6.12,
2026-09-23T17:39:41Z,,74.76
2026-09-23T17:40:41Z,6.9,74.86
2026-09-23T17:41:41Z,6.91,75.09
2026-09-23T17:42:41Z,6.13,75.12
2026-09-23T17:43:41Z,6.13,75.15
2026-09-23T17:44:41Z,6.14,
2026-09-23T17:46:41Z,,75.26
2026-09-23T17:47:41Z,,75.32
2026-09-23T17:48:41Z,6.15,75.35
2026-09-23T17:49:41Z,6.15,75.39
2026-09-23T17:50:41Z,6.14,75.32
2026-09-23T17:51:41Z,6.14,
2026-09-23T17:52:41Z,6.14,
2026-09-23T17:53:41Z,,75.11
2026-09-23T17:54:41Z,,75.01
2026-09-23T17:55:41Z,6.12,74.99
2026-09-23T17:56:41Z,6.12,74.99
2026-09-23T17:57:41Z,6.12,75
2026-09-23T17:58:41Z,6.13,75.07
2026-09-23T17:59:41Z,6.12,74.96
2026-09-23T18:00:41Z,6.12,74.85
2026-09-23T18:01:41Z,6.11,
2026-09-23T18:05:41Z,,74.72
2026-09-23T18:06:41Z,6.89,74.72
2026-09-23T18:07:41Z,6.11,74.74
2026-09-23T18:08:41Z,6.11,74.76
2026-09-23T18:09:41Z,6.1,74.59
2026-09-23T18:10:41Z,6.1,
2026-09-23T18:12:41Z,,74.57
2026-09-23T18:13:41Z,6.1,74.59
2026-09-23T18:14:41Z,6.1,74.58
2026-09-23T18:15:41Z,6.09,74.5
2026-09-23T18:16:41Z,6.1,74.55
2026-09-23T18:17:41Z,6.1,
2026-09-23T18:19:41Z,6.11,74.81
2026-09-23T18:20:41Z,6.11,74.84
2026-09-23T18:21:41Z,6.11,74.77
2026-09-23T18:22:41Z,6.11,74.76
2026-09-23T18:23:41Z,6.11,74.8
2026-09-23T18:25:41Z,,74.99
2026-09-23T18:26:41Z,6.13,75.12
2026-09-23T18:27:41Z,6.13,75.18
2026-09-23T18:28:41Z,6.13,75.09
2026-09-23T18:29:41Z,6.13,75.13
2026-09-23T18:30:41Z,6.13,75.17
2026-09-23T18:32:41Z,6.14,75.33
2026-09-23T18:33:41Z,6.15,75.37
2026-09-23T18:34:41Z,6.15,75.38
2026-09-23T18:35:41Z,6.15,75.35
2026-09-23T18:36:41Z,6.15,75.46
2026-09-23T18:38:41Z,,75.4
2026-09-23T18:39:41Z,6.15,75.51
2026-09-23T18:40:41Z,6.15,75.51
2026-09-23T18:41:41Z,6.16,75.63
2026-09-23T18:42:41Z,6.16,75.64
2026-09-23T18:44:41Z,6.16,75.67
2026-09-23T18:45:41Z,6.17,75.71
2026-09-23T18:46:41Z,6.17,75.69
2026-09-23T18:47:41Z,6.17,75.79
2026-09-23T18:48:41Z,6.18,75.87
2026-09-23T18:49:41Z,6.18,
2026-09-23T18:51:41Z,6.18,75.91
2026-09-23T18:52:41Z,6.18,75.89
2026-09-23T18:53:41Z,6.19,76.07
2026-09-23T18:54:41Z,6.2,76.25
2026-09-23T18:55:41Z,6.21,76.4
2026-09-23T18:58:41Z,6.21,76.36
2026-09-23T18:59:41Z,6.21,76.41
2026-09-23T19:00:41Z,6.22,76.68
2026-09-23T19:01:41Z,6.23,76.73
2026-09-23T19:02:41Z,6.23,76.84
2026-09-23T19:04:41Z,6.22,76.54
2026-09-23T19:05:41Z,6.22,76.55
2026-09-23T19:06:41Z,6.22,76.67
2026-09-23T19:07:41Z,6.22,76.67
2026-09-23T19:08:41Z,6.22,76.67
2026-09-23T19:09:41Z,6.22,76.64
2026-09-23T19:11:41Z,6.22,76.61
2026-09-23T19:12:41Z,6.22,76.69
2026-09-23T19:13:41Z,6.22,76.67
2026-09-23T19:14:41Z,6.23,76.77
2026-09-23T19:15:41Z,6.22,76.68
2026-09-23T19:18:41Z,6.23,76.75
2026-09-23T19:19:41Z,6.22,76.66
2026-09-23T19:20:41Z,6.23,76.71
2026-09-23T19:21:41Z,6.23,76.72
2026-09-23T19:22:41Z,6.23,76.86
2026-09-23T19:24:41Z,6.24,76.89
2026-09-23T19:25:41Z,6.24,76.95
2026-09-23T19:26:41Z,6.24,76.96
2026-09-23T19:27:41Z,6.24,76.97
2026-09-23T19:28:41Z,6.25,77.04
2026-09-23T19:29:41Z,6.24,76.89
2026-09-23T19:32:41Z,6.24,76.93
2026-09-23T19:33:41Z,6.24,76.93
2026-09-23T19:34:41Z,6.24,77.02
2026-09-23T19:35:41Z,7.02,77
2026-09-23T19:36:41Z,6.25,77.04
2026-09-23T19:39:41Z,6.24,76.88
2026-09-23T19:40:41Z,7.02,76.99
2026-09-23T19:41:41Z,6.24,76.93
2026-09-23T19:42:41Z,6.24,76.91
2026-09-23T19:43:41Z,6.24,76.92
2026-09-23T19:45:41Z,6.24,
2026-09-23T19:46:41Z,6.24,76.98
2026-09-23T19:47:41Z,6.24,76.99
2026-09-23T19:48:41Z,6.25,77.09
2026-09-23T19:49:41Z,6.25,77.13
2026-09-23T19:50:41Z,,77.18
2026-09-23T19:52:41Z,6.25,77.11
2026-09-23T19:53:41Z,6.25,77.12
2026-09-23T19:54:41Z,6.25,77.11
2026-09-23T19:55:41Z,6.26,77.22
2026-09-23T19:56:41Z,6.26,77.27
2026-09-23T20:00:41Z,6.26,77.25
2026-09-23T20:01:41Z,6.25,77.18
2026-09-23T20:02:41Z,6.25,77.17
2026-09-23T20:03:41Z,6.25,77.18
2026-09-23T20:04:41Z,6.25,77.16
2026-09-23T20:07:41Z,6.26,
2026-09-23T20:08:41Z,6.27,77.43
2026-09-23T20:09:41Z,6.26,77.36
2026-09-23T20:10:41Z,6.27,77.43
2026-09-23T20:11:41Z,6.27,77.47
2026-09-23T20:14:41Z,6.28,77.63
2026-09-23T20:15:41Z,6.29,77.75
2026-09-23T20:16:41Z,6.28,77.69
2026-09-23T20:17:41Z,6.28,77.69
2026-09-23T20:18:41Z,,77.64
2026-09-23T20:21:41Z,6.29,
2026-09-23T20:22:41Z,6.29,77.86
2026-09-23T20:23:41Z,6.3,77.95
2026-09-23T20:24:41Z,6.3,77.99
2026-09-23T20:25:41Z,6.29,77.87
2026-09-23T20:26:41Z,,77.79
2026-09-23T20:28:41Z,6.28,
2026-09-23T20:29:41Z,6.28,77.66
2026-09-23T20:30:41Z,6.29,77.74
2026-09-23T20:31:41Z,6.29,77.81
2026-09-23T20:32:41Z,6.29,77.75
2026-09-23T20:33:41Z,,77.84
2026-09-23T20:35:41Z,6.29,
2026-09-23T20:36:41Z,6.28,77.67
2026-09-23T20:37:41Z,6.29,77.8
2026-09-23T20:38:41Z,6.29,77.78
2026-09-23T20:39:41Z,6.29,77.77
2026-09-23T20:40:41Z,,77.73
2026-09-23T20:42:41Z,6.3,
2026-09-23T20:43:41Z,6.31,78.06
2026-09-23T20:44:41Z,6.3,77.97
2026-09-23T20:45:41Z,6.3,78.02
2026-09-23T20:46:41Z,6.29,77.82
2026-09-23T20:47:41Z,,77.97
2026-09-23T20:49:41Z,6.3,
2026-09-23T20:50:41Z,6.3,77.94
2026-09-23T20:51:41Z,6.29,77.86
2026-09-23T20:52:41Z,6.3,77.91
2026-09-23T20:53:41Z,6.29,77.85
2026-09-23T20:54:41Z,,77.81
2026-09-23T20:55:41Z,6.29,
2026-09-23T20:56:41Z,6.29,
2026-09-23T20:57:41Z,6.29,77.86
2026-09-23T20:58:41Z,7.08,77.92
2026-09-23T20:59:41Z,6.3,77.99
2026-09-23T21:00:41Z,6.3,77.95
2026-09-23T21:01:41Z,,78
2026-09-23T21:03:41Z,6.31,
2026-09-23T21:04:41Z,6.31,78.13
2026-09-23T21:05:41Z,6.31,78.12
2026-09-23T21:06:41Z,6.31,78.18
2026-09-23T21:07:41Z,6.31,78.2
2026-09-23T21:08:41Z,,78.28
2026-09-23T21:11:41Z,6.32,78.25
2026-09-23T21:12:41Z,6.32,78.29
2026-09-23T21:13:41Z,6.32,78.25
2026-09-23T21:14:41Z,6.32,78.24
2026-09-23T21:15:41Z,6.32,78.24
2026-09-23T21:18:41Z,6.33,78.38
2026-09-23T21:19:41Z,6.33,78.44
2026-09-23T21:20:41Z,6.33,78.48
2026-09-23T21:21:41Z,6.33,78.51
2026-09-23T21:22:41Z,6.33,78.48
2026-09-23T21:25:41Z,6.34,78.68
2026-09-23T21:26:41Z,6.34,78.69
2026-09-23T21:27:41Z,6.35,78.82
2026-09-23T21:28:41Z,6.35,78.78
2026-09-23T21:29:41Z,6.35,78.87
2026-09-23T21:32:41Z,6.36,79.04
2026-09-23T21:33:41Z,6.36,78.99
2026-09-23T21:34:41Z,6.37,79.05
2026-09-23T21:35:41Z,6.37,79.08
2026-09-23T21:36:41Z,6.37,79.08
2026-09-23T21:39:41Z,6.37,79.09
2026-09-23T21:40:41Z,6.37,79.07
2026-09-23T21:41:41Z,6.37,79.05
2026-09-23T21:42:41Z,6.38,79.26
2026-09-23T21:43:41Z,6.37,79.2
2026-09-23T21:45:41Z,,79.14
2026-09-23T21:46:41Z,6.37,79.06
2026-09-23T21:47:41Z,6.37,79.11
2026-09-23T21:48:41Z,6.37,79.11
2026-09-23T21:49:41Z,6.37,79.11
2026-09-23T21:50:41Z,6.37,
2026-09-23T21:52:41Z,,79.04
2026-09-23T21:53:41Z,6.37,79.09
2026-09-23T21:54:41Z,6.36,79.01
2026-09-23T21:55:41Z,6.37,79.19
2026-09-23T21:56:41Z,6.37,79.17
2026-09-23T21:57:41Z,6.38,79.24
2026-09-23T21:58:41Z,6.38,79.26
2026-09-23T21:59:41Z,6.38,79.33
2026-09-23T22:00:41Z,6.38,79.36
2026-09-23T22:01:41Z,6.38,79.38
2026-09-23T22:03:41Z,6.39,79.44
2026-09-23T22:04:41Z,6.39,79.52
2026-09-23T22:05:41Z,6.39,79.43
2026-09-23T22:06:41Z,6.39,79.44
2026-09-23T22:07:41Z,6.37,79.1
2026-09-23T22:10:41Z,6.38,79.25
2026-09-23T22:11:41Z,6.38,79.29
2026-09-23T22:12:41Z,6.37,79.16
2026-09-23T22:13:41Z,6.37,79.09
2026-09-23T22:14:41Z,6.37,79.21
2026-09-23T22:17:41Z,6.38,79.31
2026-09-23T22:18:41Z,6.39,79.5
2026-09-23T22:19:41Z,6.39,79.4
2026-09-23T22:20:41Z,6.39,79.45
2026-09-23T22:21:41Z,6.36,79.03
2026-09-23T22:24:41Z,6.37,79.05
2026-09-23T22:25:41Z,6.37,79.12
2026-09-23T22:26:41Z,6.37,79.12
2026-09-23T22:27:41Z,6.36,79
2026-09-23T22:28:41Z,6.35,
2026-09-23T22:30:41Z,6.36,78.88
2026-09-23T22:31:41Z,6.33,78.54
2026-09-23T22:32:41Z,6.32,78.37
2026-09-23T22:33:41Z,6.33,78.39
2026-09-23T22:34:41Z,6.3,77.92
2026-09-23T22:36:41Z,6.27,77.52
2026-09-23T22:37:41Z,6.27,77.43
2026-09-23T22:38:41Z,6.93,77.55
2026-09-23T22:39:41Z,6.28,77.57
2026-09-23T22:40:41Z,6.26,77.3
2026-09-23T22:42:41Z,6.25,77.19
2026-09-23T22:43:41Z,6.26,77.33
2026-09-23T22:44:41Z,6.26,77.36
2026-09-23T22:45:41Z,6.25,77.15
2026-09-23T22:46:41Z,6.21,76.49
2026-09-23T22:49:41Z,6.22,76.55
2026-09-23T22:50:41Z,6.21,76.4
2026-09-23T22:51:41Z,6.22,76.59
2026-09-23T22:52:41Z,6.22,76.62
2026-09-23T22:54:41Z,6.15,75.45
2026-09-23T22:55:41Z,6.12,74.91
2026-09-23T22:56:41Z,6.14,75.27
2026-09-23T22:57:41Z,6.12,74.95
2026-09-23T23:00:41Z,6.08,
2026-09-23T23:01:41Z,6.1,74.52
2026-09-23T23:02:41Z,6.07,74.13
2026-09-23T23:03:41Z,6.07,74.1
2026-09-23T23:04:41Z,6.03,73.47
2026-09-23T23:05:41Z,,73.01
2026-09-23T23:07:41Z,5.97,72.39
2026-09-23T23:08:41Z,5.94,71.86
2026-09-23T23:09:41Z,5.94,71.85
2026-09-23T23:10:41Z,5.93,71.67
2026-09-23T23:11:41Z,5.91,71.32
2026-09-23T23:12:41Z,5.89,
2026-09-23T23:13:41Z,5.88,70.89
2026-09-23T23:14:41Z,5.89,71.13
2026-09-23T23:15:41Z,5.9,71.18
2026-09-23T23:16:41Z,5.86,70.6
2026-09-23T23:17:41Z,,70.15
2026-09-23T23:18:41Z,5.83,
2026-09-23T23:19:41Z,5.81,69.68
2026-09-23T23:20:41Z,5.81,69.72
2026-09-23T23:21:41Z,5.82,69.87
2026-09-23T23:22:41Z,5.81,69.78
2026-09-23T23:23:41Z,,69.58
2026-09-23T23:24:41Z,5.81,
2026-09-23T23:25:41Z,5.77,69.11
2026-09-23T23:26:41Z,5.79,69.34
2026-09-23T23:27:41Z,5.79,69.37
2026-09-23T23:28:41Z,5.77,68.96
2026-09-23T23:29:41Z,,68.55
2026-09-23T23:30:41Z,,68.59
2026-09-23T23:31:41Z,5.74,
2026-09-23T23:32:41Z,5.74,68.47
2026-09-23T23:33:41Z,6.39,68.49
2026-09-23T23:34:41Z,6.39,68.54
2026-09-23T23:35:41Z,5.78,69.16
2026-09-23T23:36:41Z,,69.26
2026-09-23T23:37:41Z,5.77,
2026-09-23T23:38:41Z,5.75,68.67
2026-09-23T23:39:41Z,5.76,68.84
2026-09-23T23:40:41Z,5.76,68.94
2026-09-23T23:41:41Z,6.41,68.85
2026-09-23T23:42:41Z,,68.8
2026-09-23T23:43:41Z,5.74,
2026-09-23T23:44:41Z,5.72,68.15
2026-09-23T23:45:41Z,5.69,67.72
2026-09-23T23:46:41Z,5.7,67.79
2026-09-23T23:47:41Z,5.69,67.69
2026-09-23T23:48:41Z,,67.57
2026-09-24T00:00:41Z,5.6,66.24
2026-09-24T00:01:41Z,,65.66
2026-09-24T00:03:41Z,5.55,65.37
2026-09-24T00:04:41Z,5.56,65.46
2026-09-24T00:05:41Z,5.57,65.62
2026-09-24T00:06:41Z,5.59,65.94
2026-09-24T00:07:41Z,5.58,65.78
2026-09-24T00:10:41Z,6.28,64.43
2026-09-24T00:11:41Z,6.29,64.64
2026-09-24T00:12:41Z,6.3,64.9
2026-09-24T00:13:41Z,6.27,64.36
2026-09-24T00:14:41Z,5.5,64.54
2026-09-24T00:17:41Z,5.43,63.4
2026-09-24T00:18:41Z,5.47,63.94
2026-09-24T00:19:41Z,5.45,63.65
2026-09-24T00:20:41Z,5.41,63.06
2026-09-24T00:22:41Z,5.41,62.96
2026-09-24T00:23:41Z,5.4,62.84
2026-09-24T00:24:41Z,5.41,62.94
2026-09-24T00:25:41Z,5.43,63.29
2026-09-24T00:26:41Z,5.37,62.32
2026-09-24T00:28:41Z,6.2,
2026-09-24T00:29:41Z,6.19,63
2026-09-24T00:30:41Z,6.2,63.2
2026-09-24T00:31:41Z,5.39,62.71
2026-09-24T00:32:41Z,5.39,62.7
2026-09-24T00:34:41Z,6.15,
2026-09-24T00:35:41Z,6.15,62.24
2026-09-24T00:36:41Z,6.14,62.13
2026-09-24T00:37:41Z,5.35,61.96
2026-09-24T00:38:41Z,5.27,60.57
2026-09-24T00:39:41Z,5.25,60.38
2026-09-24T00:40:41Z,5.23,
2026-09-24T00:41:41Z,5.21,59.71
2026-09-24T00:42:41Z,5.22,59.85
2026-09-24T00:43:41Z,5.17,59.02
2026-09-24T00:44:41Z,5.15,58.6
2026-09-24T00:45:41Z,,58.34
2026-09-24T00:46:41Z,5.13,
2026-09-24T00:47:41Z,5.1,57.84
2026-09-24T00:48:41Z,5.09,57.59
2026-09-24T00:49:41Z,5.05,56.96
2026-09-24T00:50:41Z,5.02,56.35
2026-09-24T00:51:41Z,,56.61
2026-09-24T00:53:41Z,5.03,56.64
2026-09-24T00:54:41Z,5.02,56.46
2026-09-24T00:55:41Z,5.02,56.44
2026-09-24T00:56:41Z,5.03,56.61
2026-09-24T00:57:41Z,,56.96
2026-09-24T01:00:41Z,5.08,
2026-09-24T01:01:41Z,5.05,56.88
2026-09-24T01:02:41Z,5.07,57.3
2026-09-24T01:03:41Z,5.1,57.82
2026-09-24T01:04:41Z,5.08,57.43
2026-09-24T01:05:41Z,,57.54
2026-09-24T01:07:41Z,5.1,57.8
2026-09-24T01:08:41Z,5.09,57.67
2026-09-24T01:09:41Z,5.09,57.61
2026-09-24T01:10:41Z,5.09,57.59
2026-09-24T01:11:41Z,,57.51
2026-09-24T01:12:41Z,5.12,
2026-09-24T01:13:41Z,5.1,57.86
2026-09-24T01:14:41Z,5.1,57.84
2026-09-24T01:15:41Z,5.08,57.36
2026-09-24T01:16:41Z,5.04,56.85
2026-09-24T01:17:41Z,,56.28
2026-09-24T01:18:41Z,4.99,
2026-09-24T01:19:41Z,4.97,
2026-09-24T01:20:41Z,4.95,55.21
2026-09-24T01:21:41Z,4.93,54.94
2026-09-24T01:22:41Z,4.92,54.77
2026-09-24T01:23:41Z,,55.07
2026-09-24T01:24:41Z,5.88,55.56
2026-09-24T01:25:41Z,4.97,
2026-09-24T01:26:41Z,5.86,
2026-09-24T01:27:41Z,4.95,55.31
2026-09-24T01:28:41Z,4.95,55.26
2026-09-24T01:29:41Z,4.94,55.16
2026-09-24T01:30:41Z,4.93,54.85
2026-09-24T01:31:41Z,4.91,54.55
2026-09-24T01:32:41Z,4.91,54.62
2026-09-24T01:33:41Z,4.88,54
2026-09-24T01:34:41Z,4.84,53.4
2026-09-24T01:35:41Z,,52.99
2026-09-24T01:36:41Z,5.73,53.09
2026-09-24T01:37:41Z,4.82,
2026-09-24T01:38:41Z,4.84,53.39
2026-09-24T01:39:41Z,4.8,52.67
2026-09-24T01:40:41Z,4.79,52.61
2026-09-24T01:41:41Z,4.76,52.04
2026-09-24T01:42:41Z,4.73,51.58
2026-09-24T01:43:41Z,4.71,
2026-09-24T01:44:41Z,4.72,51.37
2026-09-24T01:45:41Z,4.73,51.57
2026-09-24T01:46:41Z,,51.97
2026-09-24T01:47:41Z,4.76,52.05
2026-09-24T01:48:41Z,4.79,
2026-09-24T01:49:41Z,4.77,
2026-09-24T01:50:41Z,4.79,52.56
2026-09-24T01:51:41Z,4.79,52.58
2026-09-24T01:52:41Z,,52.98
2026-09-24T01:53:41Z,4.77,52.21
2026-09-24T01:54:41Z,5.72,52.88
2026-09-24T01:55:41Z,5.75,53.49
2026-09-24T01:56:41Z,5.78,53.96
2026-09-24T01:57:41Z,4.88,54.13
2026-09-24T01:58:41Z,,53.38
2026-09-24T01:59:41Z,,53.13
2026-09-24T02:00:41Z,4.83,53.16
2026-09-24T02:01:41Z,4.82,
2026-09-24T02:02:41Z,4.82,
2026-09-24T02:03:41Z,4.82,53.02
2026-09-24T02:04:41Z,4.83,53.16
2026-09-24T02:05:41Z,,52.97
2026-09-24T02:06:41Z,4.82,53.13
2026-09-24T02:07:41Z,4.84,53.45
2026-09-24T02:08:41Z,5.79,
2026-09-24T02:09:41Z,4.84,53.41
2026-09-24T02:10:41Z,4.83,53.21
2026-09-24T02:11:41Z,,53.76
2026-09-24T02:12:41Z,5.81,54.36
2026-09-24T02:13:41Z,4.93,54.91
2026-09-24T02:14:41Z,4.92,
2026-09-24T02:15:41Z,4.89,54.18
2026-09-24T02:16:41Z,4.84,53.43
2026-09-24T02:17:41Z,,54.05
2026-09-24T02:18:41Z,4.81,52.9
2026-09-24T02:19:41Z,5.73,53.11
2026-09-24T02:20:41Z,4.8,
2026-09-24T02:21:41Z,4.78,
2026-09-24T02:22:41Z,4.81,52.89
2026-09-24T02:23:41Z,,53.15
2026-09-24T02:24:41Z,4.79,52.64
2026-09-24T02:25:41Z,4.82,53.04
2026-09-24T02:26:41Z,4.84,53.39
2026-09-24T02:27:41Z,4.85,
2026-09-24T02:28:41Z,4.83,
2026-09-24T02:29:41Z,4.81,52.84
2026-09-24T02:30:41Z,,52.76
2026-09-24T02:31:41Z,4.83,53.27
2026-09-24T02:32:41Z,4.81,52.95
2026-09-24T02:33:41Z,4.81,
2026-09-24T02:34:41Z,4.82,
2026-09-24T02:35:41Z,4.82,53.14
2026-09-24T02:36:41Z,,53.35
2026-09-24T02:37:41Z,5.8,54.18
2026-09-24T02:38:41Z,4.92,54.78
2026-09-24T02:39:41Z,4.92,54.78
2026-09-24T02:40:41Z,5.85,
2026-09-24T02:41:41Z,4.93,
2026-09-24T02:42:41Z,,54.55
2026-09-24T02:43:41Z,4.88,54.1
2026-09-24T02:44:41Z,4.85,53.54
2026-09-24T02:45:41Z,4.82,53.15
2026-09-24T02:46:41Z,4.82,
2026-09-24T02:47:41Z,4.84,
2026-09-24T02:48:41Z,,52.89
2026-09-24T02:49:41Z,4.8,52.76
2026-09-24T02:50:41Z,4.78,52.47
2026-09-24T02:51:41Z,4.79,52.62
2026-09-24T02:52:41Z,4.75,51.86
2026-09-24T02:53:41Z,4.7,
2026-09-24T02:55:41Z,4.71,51.24
2026-09-24T02:56:41Z,4.72,51.34
2026-09-24T02:57:41Z,4.73,51.53
2026-09-24T02:58:41Z,5.63,51.46
2026-09-24T02:59:41Z,4.75,51.82
2026-09-24T03:00:41Z,4.76,
2026-09-24T03:02:41Z,4.77,52.27
2026-09-24T03:03:41Z,4.74,51.7
2026-09-24T03:04:41Z,5.66,51.92
2026-09-24T03:05:41Z,4.74,51.8
2026-09-24T03:06:41Z,4.69,50.93
2026-09-24T03:08:41Z,4.64,50.09
2026-09-24T03:09:41Z,4.64,50.04
2026-09-24T03:10:41Z,4.64,50.07
2026-09-24T03:11:41Z,4.67,50.58
2026-09-24T03:12:41Z,4.65,50.18
2026-09-24T03:14:41Z,4.64,50.01
2026-09-24T03:15:41Z,4.65,50.19
2026-09-24T03:16:41Z,4.62,49.76
2026-09-24T03:17:41Z,5.53,49.66
2026-09-24T03:18:41Z,4.64,49.97
2026-09-24T03:19:41Z,4.62,49.71
2026-09-24T03:21:41Z,5.49,49.1
2026-09-24T03:22:41Z,4.61,49.53
2026-09-24T03:23:41Z,5.52,49.59
2026-09-24T03:24:41Z,4.58,49.02
2026-09-24T03:25:41Z,5.52,49.48
2026-09-24T03:27:41Z,5.57,50.38
2026-09-24T03:28:41Z,5.6,50.87
2026-09-24T03:29:41Z,5.63,51.32
2026-09-24T03:30:41Z,4.74,51.67
2026-09-24T03:31:41Z,4.74,51.66
2026-09-24T03:33:41Z,4.65,50.14
2026-09-24T03:34:41Z,4.64,50.04
2026-09-24T03:35:41Z,4.67,50.54
2026-09-24T03:36:41Z,4.68,50.68
2026-09-24T03:37:41Z,4.65,50.23
2026-09-24T03:40:41Z,5.58,50.5
2026-09-24T03:41:41Z,5.59,50.67
2026-09-24T03:42:41Z,4.67,50.6
2026-09-24T03:43:41Z,4.69,50.95
2026-09-24T03:44:41Z,4.62,49.75
2026-09-24T03:46:41Z,4.62,49.66
2026-09-24T03:47:41Z,4.62,49.63
2026-09-24T03:48:41Z,4.61,49.62
2026-09-24T03:49:41Z,4.57,48.93
2026-09-24T03:50:41Z,4.59,49.12
2026-09-24T03:51:41Z,,49
2026-09-24T03:52:41Z,5.51,
2026-09-24T03:53:41Z,4.62,49.68
2026-09-24T03:54:41Z,5.55,50.04
2026-09-24T03:55:41Z,5.71,50.49
2026-09-24T03:56:41Z,5.73,50.85
2026-09-24T03:59:41Z,5.58,50.5
2026-09-24T04:00:41Z,4.69,50.82
2026-09-24T04:01:41Z,4.66,50.38
2026-09-24T04:02:41Z,4.67,50.5
2026-09-24T04:03:41Z,5.59,50.68
2026-09-24T04:04:41Z,,50.44
2026-09-24T04:05:41Z,4.66,
2026-09-24T04:06:41Z,4.63,49.8
2026-09-24T04:07:41Z,4.58,49.03
2026-09-24T04:08:41Z,4.56,48.64
2026-09-24T04:09:41Z,5.5,49.21
2026-09-24T04:10:41Z,,49.5
2026-09-24T04:12:41Z,4.51,47.9
2026-09-24T04:13:41Z,4.5,47.68
2026-09-24T04:14:41Z,4.47,47.24
2026-09-24T04:15:41Z,4.44,46.7
2026-09-24T04:16:41Z,4.43,46.59
2026-09-24T04:18:41Z,4.42,46.42
2026-09-24T04:19:41Z,4.43,46.52
2026-09-24T04:20:41Z,4.4,46.03
2026-09-24T04:21:41Z,5.48,46.74
2026-09-24T04:22:41Z,5.52,47.39
2026-09-24T04:24:41Z,5.55,
2026-09-24T04:25:41Z,4.5,47.69
2026-09-24T04:26:41Z,4.49,47.53
2026-09-24T04:27:41Z,5.54,47.62
2026-09-24T04:28:41Z,4.53,48.25
2026-09-24T04:29:41Z,4.52,47.96
2026-09-24T05:00:41Z,4.73,51.64
2026-09-24T05:01:41Z,,51.28
2026-09-24T05:03:41Z,4.76,
2026-09-24T05:04:41Z,4.76,52.04
2026-09-24T05:05:41Z,4.77,52.25
2026-09-24T05:06:41Z,4.77,52.26
2026-09-24T05:07:41Z,4.72,51.44
2026-09-24T05:08:41Z,,51.21
2026-09-24T05:10:41Z,5.79,
2026-09-24T05:11:41Z,5.77,51.51
2026-09-24T05:12:41Z,5.62,51.17
2026-09-24T05:13:41Z,5.73,50.91
2026-09-24T05:14:41Z,5.76,51.34
2026-09-24T05:15:41Z,,50.39
2026-09-24T05:17:41Z,4.62,
2026-09-24T05:18:41Z,5.5,49.23
2026-09-24T05:19:41Z,4.58,49.03
2026-09-24T05:20:41Z,4.54,48.4
2026-09-24T05:21:41Z,4.51,47.9
2026-09-24T05:23:41Z,4.47,
2026-09-24T05:24:41Z,5.52,47.38
2026-09-24T05:25:41Z,4.52,48.09
2026-09-24T05:26:41Z,4.52,47.99
2026-09-24T05:27:41Z,4.5,47.72
2026-09-24T05:30:41Z,4.47,47.2
2026-09-24T05:31:41Z,4.5,47.71
2026-09-24T05:32:41Z,4.49,47.55
2026-09-24T05:33:41Z,4.48,47.41
2026-09-24T05:34:41Z,4.47,47.25
2026-09-24T05:35:41Z,,47.18
2026-09-24T05:37:41Z,4.47,47.12
2026-09-24T05:38:41Z,4.47,47.21
2026-09-24T05:39:41Z,4.47,47.25
2026-09-24T05:40:41Z,4.45,46.86
2026-09-24T05:41:41Z,4.44,46.72
2026-09-24T05:43:41Z,4.48,47.29
2026-09-24T05:44:41Z,4.44,46.76
2026-09-24T05:45:41Z,4.41,46.2
2026-09-24T05:46:41Z,4.43,46.53
2026-09-24T05:47:41Z,4.43,46.51
2026-09-24T05:50:41Z,5.48,46.68
2026-09-24T05:51:41Z,5.47,46.48
2026-09-24T05:52:41Z,5.48,46.7
2026-09-24T05:53:41Z,4.44,46.74
2026-09-24T05:54:41Z,4.46,47
2026-09-24T05:55:41Z,4.41,46.13
2026-09-24T05:57:41Z,4.41,46.14
2026-09-24T05:58:41Z,4.41,46.22
2026-09-24T05:59:41Z,4.41,46.11
2026-09-24T06:00:41Z,4.41,46.12
2026-09-24T06:01:41Z,4.43,46.57
2026-09-24T06:04:41Z,5.51,47.13
2026-09-24T06:05:41Z,5.51,47.24
2026-09-24T06:06:41Z,4.47,47.23
2026-09-24T06:07:41Z,4.49,47.5
2026-09-24T06:08:41Z,5.53,47.51
2026-09-24T06:09:41Z,5.51,47.25
2026-09-24T06:12:41Z,4.45,46.9
2026-09-24T06:13:41Z,5.51,47.18
2026-09-24T06:14:41Z,4.45,46.83
2026-09-24T06:15:41Z,4.46,46.96
2026-09-24T06:18:41Z,4.4,46.04
2026-09-24T06:19:41Z,5.45,46.11
2026-09-24T06:20:41Z,5.46,46.3
2026-09-24T06:21:41Z,5.46,46.36
2026-09-24T06:22:41Z,5.5,46.94
2026-09-24T06:24:41Z,4.45,46.89
2026-09-24T06:25:41Z,4.43,46.53
2026-09-24T06:26:41Z,4.41,46.23
2026-09-24T06:27:41Z,4.43,46.55
2026-09-24T06:28:41Z,5.47,46.55
2026-09-24T06:30:41Z,5.49,46.79
2026-09-24T06:31:41Z,5.5,46.98
2026-09-24T06:32:41Z,4.49,47.45
2026-09-24T06:33:41Z,4.5,47.76
2026-09-24T06:34:41Z,4.47,47.25
2026-09-24T06:35:41Z,4.47,47.26
2026-09-24T06:36:41Z,4.47,47.16
2026-09-24T06:37:41Z,4.49,47.54
2026-09-24T06:38:41Z,4.48,47.42
2026-09-24T06:39:41Z,4.46,47.07
2026-09-24T06:40:41Z,4.49,47.56
2026-09-24T06:42:41Z,4.49,47.49
2026-09-24T06:43:41Z,4.5,47.76
2026-09-24T06:44:41Z,4.5,47.62
2026-09-24T06:45:41Z,4.48,47.38
2026-09-24T06:46:41Z,4.47,47.26
2026-09-24T06:48:41Z,4.5,47.7
2026-09-24T06:49:41Z,4.51,47.92
2026-09-24T06:50:41Z,4.54,48.43
2026-09-24T06:51:41Z,4.55,48.49
2026-09-24T06:52:41Z,4.56,48.68
2026-09-24T06:54:41Z,4.6,49.3
2026-09-24T06:55:41Z,4.6,49.4
2026-09-24T06:56:41Z,4.61,49.55
2026-09-24T06:57:41Z,4.62,49.65
2026-09-24T06:58:41Z,4.65,
2026-09-24T07:00:41Z,,51.21
2026-09-24T07:01:41Z,4.73,51.55
2026-09-24T07:02:41Z,5.8,52.02
2026-09-24T07:03:41Z,5.86,53.03
2026-09-24T07:04:41Z,5.9,53.73
2026-09-24T07:05:41Z,5.92,
2026-09-24T07:07:41Z,,54.36
2026-09-24T07:08:41Z,4.9,54.37
2026-09-24T07:09:41Z,4.93,54.97
2026-09-24T07:10:41Z,4.91,54.63
2026-09-24T07:11:41Z,4.93,54.97
2026-09-24T07:13:41Z,,54.76
2026-09-24T07:14:41Z,5.97,54.95
2026-09-24T07:15:41Z,4.97,55.51
2026-09-24T07:16:41Z,4.95,55.22
2026-09-24T07:17:41Z,4.97,55.54
2026-09-24T07:20:41Z,5.93,56.39
2026-09-24T07:21:41Z,5.03,56.56
2026-09-24T07:22:41Z,5.06,57.16
2026-09-24T07:23:41Z,6.01,57.74
2026-09-24T07:24:41Z,5.09,57.67
2026-09-24T07:27:41Z,5.12,58.17
2026-09-24T07:28:41Z,5.11,57.92
2026-09-24T07:29:41Z,5.08,57.36
2026-09-24T07:30:41Z,5.11,57.89
2026-09-24T07:31:41Z,5.09,57.66
2026-09-24T07:33:41Z,5.09,57.55
2026-09-24T07:34:41Z,5.12,58.14
2026-09-24T07:35:41Z,5.1,57.84
2026-09-24T07:36:41Z,5.1,57.74
2026-09-24T07:37:41Z,5.13,58.21
2026-09-24T07:39:41Z,6.05,58.44
2026-09-24T07:40:41Z,6.07,58.79
2026-09-24T07:41:41Z,6.1,59.22
2026-09-24T07:42:41Z,6.11,59.38
2026-09-24T07:44:41Z,5.21,59.6
2026-09-24T07:45:41Z,5.2,59.49
2026-09-24T07:46:41Z,5.2,59.45
2026-09-24T07:47:41Z,5.2,59.39
2026-09-24T07:48:41Z,5.2,59.45
2026-09-24T07:50:41Z,5.23,59.91
2026-09-24T07:51:41Z,5.22,59.77
2026-09-24T07:52:41Z,5.21,59.61
2026-09-24T07:53:41Z,5.2,59.54
2026-09-24T07:54:41Z,5.24,60.05
2026-09-24T07:57:41Z,5.22,59.81
2026-09-24T07:58:41Z,5.21,59.55
2026-09-24T07:59:41Z,5.22,59.83
2026-09-24T08:00:41Z,5.23,59.98
2026-09-24T08:01:41Z,5.22,59.82
2026-09-24T08:03:41Z,5.21,59.67
2026-09-24T08:04:41Z,5.21,59.67
2026-09-24T08:05:41Z,5.25,60.28
2026-09-24T08:06:41Z,5.29,60.93
2026-09-24T08:07:41Z,5.28,60.81
2026-09-24T08:10:41Z,5.28,60.75
2026-09-24T08:11:41Z,6.19,60.78
2026-09-24T08:12:41Z,6.22,61.39
2026-09-24T08:13:41Z,6.24,61.57
2026-09-24T08:14:41Z,6.25,61.76
2026-09-24T08:16:41Z,6.27,62.22
2026-09-24T08:17:41Z,6.28,62.33
2026-09-24T08:18:41Z,6.3,62.64
2026-09-24T08:19:41Z,6.29,62.46
2026-09-24T08:20:41Z,5.37,62.38
2026-09-24T08:22:41Z,6.28,62.26
2026-09-24T08:23:41Z,5.36,62.09
2026-09-24T08:24:41Z,5.37,62.37
2026-09-24T08:25:41Z,5.38,62.52
2026-09-24T08:26:41Z,5.39,62.6
2026-09-24T08:28:41Z,,62.36
2026-09-24T08:29:41Z,6.3,62.72
2026-09-24T08:30:41Z,5.39,62.68
2026-09-24T08:31:41Z,5.39,62.59
2026-09-24T08:32:41Z,5.37,62.31
2026-09-24T08:34:41Z,,62.93
2026-09-24T08:35:41Z,5.42,63.09
2026-09-24T08:36:41Z,6.35,63.46
2026-09-24T08:37:41Z,7.29,64
2026-09-24T08:38:41Z,6.41,64.46
2026-09-24T08:39:41Z,6.42,64.74
2026-09-24T08:41:41Z,,65.05
2026-09-24T08:42:41Z,6.46,65.36
2026-09-24T08:43:41Z,6.47,65.56
2026-09-24T08:44:41Z,5.56,65.53
2026-09-24T08:45:41Z,5.54,65.17
2026-09-24T08:48:41Z,6.41,64.46
2026-09-24T08:49:41Z,6.43,64.8
2026-09-24T08:50:41Z,6.43,64.88
2026-09-24T08:51:41Z,5.52,64.87
2026-09-24T08:52:41Z,5.52,64.76
2026-09-24T08:54:41Z,5.54,65.11
2026-09-24T08:55:41Z,5.53,64.98
2026-09-24T08:56:41Z,6.45,65.14
2026-09-24T08:57:41Z,6.45,65.21
2026-09-24T08:58:41Z,6.43,64.91
2026-09-24T08:59:41Z,6.45,65.16
2026-09-24T09:02:41Z,6.27,64.33
2026-09-24T09:03:41Z,6.27,64.39
2026-09-24T09:04:41Z,5.46,63.79
2026-09-24T09:05:41Z,5.44,63.49
2026-09-24T09:06:41Z,5.46,63.87
2026-09-24T09:08:41Z,5.47,
2026-09-24T09:09:41Z,5.45,63.74
2026-09-24T09:10:41Z,6.35,63.53
2026-09-24T09:11:41Z,6.24,63.82
2026-09-24T09:12:41Z,6.38,63.99
2026-09-24T09:14:41Z,6.27,64.35
2026-09-24T09:15:41Z,6.27,64.3
2026-09-24T09:16:41Z,6.26,64.24
2026-09-24T09:17:41Z,6.29,64.61
2026-09-24T09:18:41Z,7.2,64.62
2026-09-24T09:21:41Z,5.53,65.04
2026-09-24T09:22:41Z,5.54,65.19
2026-09-24T09:23:41Z,6.34,65.47
2026-09-24T09:24:41Z,6.35,65.61
2026-09-24T09:25:41Z,5.57,65.76
2026-09-24T10:00:41Z,5.85,70.37
2026-09-24T10:01:41Z,5.84,70.2
2026-09-24T10:02:41Z,6.76,70.39
2026-09-24T10:04:41Z,,70.7
2026-09-24T10:05:41Z,6.8,70.99
2026-09-24T10:06:41Z,5.9,71.19
2026-09-24T10:07:41Z,6.82,71.44
2026-09-24T10:08:41Z,6.83,71.59
2026-09-24T10:09:41Z,7.76,71.92
2026-09-24T10:12:41Z,5.95,72.12
2026-09-24T10:13:41Z,6.83,71.63
2026-09-24T10:14:41Z,6.84,71.77
2026-09-24T10:15:41Z,6.83,71.65
2026-09-24T10:16:41Z,6.83,71.57
2026-09-24T10:18:41Z,6.82,71.32
2026-09-24T10:19:41Z,6.82,71.47
2026-09-24T10:20:41Z,5.92,71.52
2026-09-24T10:21:41Z,5.93,71.66
2026-09-24T10:22:41Z,6.82,71.47
2026-09-24T10:24:41Z,,71.78
2026-09-24T10:25:41Z,6.84,71.78
2026-09-24T10:26:41Z,6.86,72.06
2026-09-24T10:27:41Z,5.94,71.91
2026-09-24T10:28:41Z,6.84,71.82
2026-09-24T10:29:41Z,6.86,72.13
2026-09-24T10:32:41Z,6.87,72.27
2026-09-24T10:33:41Z,6.88,72.44
2026-09-24T10:34:41Z,5.98,72.57
2026-09-24T10:35:41Z,5.98,72.63
2026-09-24T10:36:41Z,6.89,
2026-09-24T10:38:41Z,6,72.91
2026-09-24T10:39:41Z,6,72.88
2026-09-24T10:40:41Z,5.99,72.78
2026-09-24T10:41:41Z,5.99,72.81
2026-09-24T10:42:41Z,5.99,
2026-09-24T10:44:41Z,6.84,71.76
2026-09-24T10:45:41Z,6.86,72.04
2026-09-24T10:46:41Z,5.95,72.05
2026-09-24T10:47:41Z,5.96,72.19
2026-09-24T10:48:41Z,5.93,71.71
2026-09-24T10:49:41Z,5.92,
2026-09-24T10:51:41Z,,71.64
2026-09-24T10:52:41Z,6.85,71.87
2026-09-24T10:53:41Z,6.85,71.98
2026-09-24T10:54:41Z,5.96,72.17
2026-09-24T10:55:41Z,5.96,72.2
2026-09-24T10:58:41Z,,71.48
2026-09-24T10:59:41Z,5.92,71.56
2026-09-24T11:00:41Z,5.92,71.5
2026-09-24T11:01:41Z,5.92,71.55
2026-09-24T11:02:41Z,5.91,71.43
2026-09-24T11:04:41Z,6.84,71.74
2026-09-24T11:05:41Z,5.94,71.97
2026-09-24T11:06:41Z,6.83,71.51
2026-09-24T11:07:41Z,6.83,71.58
2026-09-24T11:08:41Z,5.94,71.98
2026-09-24T11:09:41Z,5.94,71.97
2026-09-24T11:11:41Z,,72.02
2026-09-24T11:12:41Z,5.95,72.15
2026-09-24T11:13:41Z,5.95,72.09
2026-09-24T11:14:41Z,5.96,72.24
2026-09-24T11:15:41Z,6.88,72.37
2026-09-24T11:18:41Z,6.88,72.38
2026-09-24T11:19:41Z,6.76,72.53
2026-09-24T11:20:41Z,6.76,72.51
2026-09-24T11:21:41Z,6.77,72.71
2026-09-24T11:22:41Z,6,72.91
2026-09-24T11:24:41Z,,73
2026-09-24T11:25:41Z,6.02,73.24
2026-09-24T11:26:41Z,6.02,73.17
2026-09-24T11:27:41Z,5.99,72.79
2026-09-24T11:28:41Z,5.99,72.76
2026-09-24T11:29:41Z,6.01,73
2026-09-24T11:32:41Z,6.02,73.2
2026-09-24T11:33:41Z,6.03,73.46
2026-09-24T11:34:41Z,6.05,73.76
2026-09-24T11:35:41Z,6.04,73.61
2026-09-24T11:36:41Z,6.02,73.3
2026-09-24T11:38:41Z,,73.71
2026-09-24T11:39:41Z,6.06,73.9
2026-09-24T11:40:41Z,6.07,74.1
2026-09-24T11:41:41Z,6.07,74.04
2026-09-24T11:42:41Z,6.06,73.99
2026-09-24T11:43:41Z,6.07,
2026-09-24T11:44:41Z,,74
2026-09-24T11:45:41Z,6.84,73.92
2026-09-24T11:46:41Z,6.07,74.12
2026-09-24T11:47:41Z,6.08,74.28
2026-09-24T11:48:41Z,6.09,74.41
2026-09-24T11:49:41Z,6.07,74.15
2026-09-24T11:51:41Z,,74.07
2026-09-24T11:52:41Z,6.08,74.26
2026-09-24T11:53:41Z,6.1,74.52
2026-09-24T11:54:41Z,6.1,74.55
2026-09-24T11:55:41Z,6.11,74.69
2026-09-24T11:56:41Z,6.11,
2026-09-24T11:59:41Z,,74.72
2026-09-24T12:00:41Z,6.11,74.82
2026-09-24T12:01:41Z,6.11,74.71
2026-09-24T12:02:41Z,6.12,74.91
2026-09-24T12:03:41Z,6.89,74.76
2026-09-24T12:04:41Z,6.11,
2026-09-24T12:06:41Z,,74.54
2026-09-24T12:07:41Z,6.1,74.65
2026-09-24T12:08:41Z,6.11,74.69
2026-09-24T12:09:41Z,6.11,74.79
2026-09-24T12:10:41Z,6.1,74.67
2026-09-24T12:11:41Z,6.1,
2026-09-24T12:12:41Z,,74.48
2026-09-24T12:13:41Z,,74.32
2026-09-24T12:14:41Z,6.85,74.09
2026-09-24T12:15:41Z,6.09,74.46
2026-09-24T12:16:41Z,6.07,74.16
2026-09-24T12:17:41Z,6.86,
2026-09-24T12:18:41Z,6.86,
2026-09-24T12:19:41Z,,74.41
2026-09-24T12:20:41Z,,74.4
2026-09-24T12:21:41Z,6.09,74.45
2026-09-24T12:22:41Z,6.85,74.01
2026-09-24T12:23:41Z,6.08,74.18
2026-09-24T12:24:41Z,6.08,74.33
2026-09-24T12:25:41Z,6.07,
2026-09-24T12:26:41Z,,73.98
2026-09-24T12:27:41Z,,74.2
2026-09-24T12:28:41Z,6.07,74.09
2026-09-24T12:29:41Z,6.86,74.34
2026-09-24T12:30:41Z,6.09,74.39
2026-09-24T12:31:41Z,6.09,
2026-09-24T12:33:41Z,,74.53
2026-09-24T12:34:41Z,6.09,74.46
2026-09-24T12:35:41Z,6.09,74.49
2026-09-24T12:36:41Z,6.86,74.2
2026-09-24T12:37:41Z,6.85,74.16
2026-09-24T12:38:41Z,6.86,
2026-09-24T12:39:41Z,,74.26
2026-09-24T12:40:41Z,,74.54
2026-09-24T12:41:41Z,6.86,74.31
2026-09-24T12:42:41Z,6.1,74.57
2026-09-24T12:43:41Z,6.1,74.65
2026-09-24T12:44:41Z,6.08,74.22
2026-09-24T12:45:41Z,6.85,
2026-09-24T12:46:41Z,,74.32
2026-09-24T12:47:41Z,,74.42
2026-09-24T12:48:41Z,6.86,74.27
2026-09-24T12:49:41Z,6.88,74.54
2026-09-24T12:50:41Z,6.88,74.59
2026-09-24T12:51:41Z,6.87,74.36
2026-09-24T12:52:41Z,6.09,
2026-09-24T12:53:41Z,,74.69
2026-09-24T12:54:41Z,6.11,74.82
2026-09-24T12:55:41Z,6.11,74.82
2026-09-24T12:56:41Z,6.1,74.65
2026-09-24T12:57:41Z,6.88,74.63
2026-09-24T12:58:41Z,6.88,
2026-09-24T12:59:41Z,6.89,
2026-09-24T13:00:41Z,,74.79
2026-09-24T13:01:41Z,,74.85
2026-09-24T13:02:41Z,6.9,74.93
2026-09-24T13:03:41Z,6.89,74.73
2026-09-24T13:04:41Z,7.81,74.88
2026-09-24T13:05:41Z,6.91,
2026-09-24T13:06:41Z,6.14,
2026-09-24T13:07:41Z,,75.46
2026-09-24T13:08:41Z,,75.26
2026-09-24T13:09:41Z,6.92,75.23
2026-09-24T13:10:41Z,6.93,75.49
2026-09-24T13:11:41Z,6.15,75.37
2026-09-24T13:12:41Z,6.91,
2026-09-24T13:13:41Z,6.91,75.1
2026-09-24T13:14:41Z,,75.14
2026-09-24T13:15:41Z,6.13,75.06
2026-09-24T13:16:41Z,6.12,75
2026-09-24T13:17:41Z,6.13,75.15
2026-09-24T13:18:41Z,6.12,
2026-09-24T13:19:41Z,6.9,
2026-09-24T13:20:41Z,6.89,74.79
2026-09-24T13:21:41Z,,74.74
2026-09-24T13:22:41Z,6.9,74.89
2026-09-24T13:23:41Z,6.89,74.71
2026-09-24T13:24:41Z,6.86,74.34
2026-09-24T13:25:41Z,6.88,
2026-09-24T13:26:41Z,6.11,
2026-09-24T13:27:41Z,,74.69
2026-09-24T13:28:41Z,,74.33
2026-09-24T13:29:41Z,6.86,74.26
2026-09-24T13:30:41Z,6.09,74.47
2026-09-24T13:31:41Z,6.09,74.34
2026-09-24T13:32:41Z,6.1,
2026-09-24T13:33:41Z,6.1,
2026-09-24T13:34:41Z,6.1,74.54
2026-09-24T13:35:41Z,,74.34
2026-09-24T13:36:41Z,6.09,74.34
2026-09-24T13:37:41Z,6.09,74.42
2026-09-24T13:38:41Z,6.09,74.38
2026-09-24T13:39:41Z,6.86,
2026-09-24T13:40:41Z,6.86,
2026-09-24T13:41:41Z,,74.36
2026-09-24T13:42:41Z,6.86,74.26
2026-09-24T13:43:41Z,6.85,74.15
2026-09-24T13:44:41Z,6.85,74.13
2026-09-24T13:45:41Z,6.86,74.2
2026-09-24T13:46:41Z,6.85,
2026-09-24T13:47:41Z,,74.34
2026-09-24T13:48:41Z,,74.18
2026-09-24T13:49:41Z,7.77,74.21
2026-09-24T13:50:41Z,7.77,74.33
2026-09-24T13:51:41Z,6.85,74.07
2026-09-24T13:52:41Z,6.86,
2026-09-24T13:53:41Z,6.87,
2026-09-24T13:54:41Z,,74.34
2026-09-24T13:55:41Z,6.09,74.42
2026-09-24T13:56:41Z,6.09,74.46
2026-09-24T13:57:41Z,6.1,74.58
2026-09-24T13:58:41Z,6.1,
2026-09-24T13:59:41Z,6.87,
2026-09-24T14:00:41Z,7.78,
2026-09-24T14:01:41Z,,74.41
2026-09-24T14:02:41Z,,74.48
2026-09-24T14:03:41Z,6.1,74.53
2026-09-24T14:04:41Z,6.1,74.55
2026-09-24T14:05:41Z,6.09,74.44
2026-09-24T14:06:41Z,6.87,
2026-09-24T14:07:41Z,6.87,
2026-09-24T14:08:41Z,,74.31
2026-09-24T14:09:41Z,,74.33
2026-09-24T14:10:41Z,,74.3
2026-09-24T14:11:41Z,6.86,74.33
2026-09-24T14:12:41Z,6.09,74.44
2026-09-24T14:13:41Z,6.08,
2026-09-24T14:14:41Z,6.08,
2026-09-24T14:15:41Z,,74
2026-09-24T14:16:41Z,,74.1
2026-09-24T14:17:41Z,6.06,73.94
2026-09-24T14:18:41Z,6.06,73.86
2026-09-24T14:19:41Z,6.04,73.53
2026-09-24T14:20:41Z,6.82,
2026-09-24T14:21:41Z,6.04,
2026-09-24T14:22:41Z,,73.55
2026-09-24T14:23:41Z,,73.61
2026-09-24T14:24:41Z,6.04,73.55
2026-09-24T14:25:41Z,6.04,73.5
2026-09-24T14:26:41Z,6.02,73.26
2026-09-24T14:27:41Z,6.02,
2026-09-24T14:28:41Z,,73.44
2026-09-24T14:29:41Z,,73.29
2026-09-24T14:30:41Z,6.03,73.37
2026-09-24T14:31:41Z,6.01,73.13
2026-09-24T14:32:41Z,6.8,73.21
2026-09-24T14:33:41Z,6.01,
2026-09-24T14:34:41Z,6.02,
2026-09-24T14:35:41Z,,73.27
2026-09-24T14:36:41Z,,73.17
2026-09-24T14:37:41Z,6.02,73.28
2026-09-24T14:38:41Z,6.02,73.27
2026-09-24T14:39:41Z,6.02,73.29
2026-09-24T14:40:41Z,6.79,
2026-09-24T14:41:41Z,6.81,
2026-09-24T14:42:41Z,,73.49
2026-09-24T14:43:41Z,,73.47
2026-09-24T14:44:41Z,6.02,73.28
2026-09-24T14:45:41Z,6.8,73.17
2026-09-24T14:46:41Z,6.81,73.47
2026-09-24T14:47:41Z,6.04,
2026-09-24T14:48:41Z,,73.51
2026-09-24T14:49:41Z,,73.59
2026-09-24T14:50:41Z,6.04,73.5
2026-09-24T14:51:41Z,6.81,73.36
2026-09-24T14:52:41Z,6.83,73.68
2026-09-24T14:53:41Z,6.82,
2026-09-24T14:54:41Z,6.05,73.71
2026-09-24T14:55:41Z,,73.63
2026-09-24T14:56:41Z,,73.67
2026-09-24T14:57:41Z,6.06,73.88
2026-09-24T14:58:41Z,6.05,73.83
2026-09-24T14:59:41Z,6.05,73.74
2026-09-24T15:00:41Z,6.05,
2026-09-24T15:01:41Z,6.06,
2026-09-24T15:03:41Z,,73.88
2026-09-24T15:04:41Z,6.06,73.88
2026-09-24T15:05:41Z,6.06,73.85
2026-09-24T15:06:41Z,6.06,73.86
2026-09-24T15:07:41Z,6.06,73.97
2026-09-24T15:08:41Z,6.06,
2026-09-24T15:10:41Z,,74.12
2026-09-24T15:11:41Z,6.07,74.17
2026-09-24T15:12:41Z,6.08,74.21
2026-09-24T15:13:41Z,6.08,74.3
2026-09-24T15:14:41Z,6.08,74.28
2026-09-24T15:15:41Z,6.09,
2026-09-24T15:16:41Z,,74.48
2026-09-24T15:17:41Z,,74.52
2026-09-24T15:18:41Z,6.1,74.62
2026-09-24T15:19:41Z,6.09,74.43
2026-09-24T15:20:41Z,6.09,74.48
2026-09-24T15:21:41Z,6.1,74.58
2026-09-24T15:23:41Z,,74.72
2026-09-24T15:24:41Z,6.11,74.73
2026-09-24T15:25:41Z,6.11,74.68
2026-09-24T15:26:41Z,6.11,74.76
2026-09-24T15:27:41Z,6.11,74.79
2026-09-24T15:28:41Z,6.11,
2026-09-24T15:30:41Z,,74.78
2026-09-24T15:31:41Z,,74.85
2026-09-24T15:32:41Z,6.12,74.86
2026-09-24T15:33:41Z,6.12,74.94
2026-09-24T15:34:41Z,6.13,75.08
2026-09-24T15:35:41Z,6.12,
2026-09-24T15:37:41Z,,75.16
2026-09-24T15:38:41Z,,75.24
2026-09-24T15:39:41Z,6.14,75.32
2026-09-24T15:40:41Z,6.14,75.31
2026-09-24T15:41:41Z,6.14,75.29
2026-09-24T15:42:41Z,6.15,75.4
2026-09-24T15:44:41Z,6.15,75.37
2026-09-24T15:45:41Z,6.15,75.4
2026-09-24T15:46:41Z,6.15,75.51
2026-09-24T15:47:41Z,6.16,75.56
2026-09-24T15:50:41Z,6.17,75.71
2026-09-24T15:51:41Z,6.17,75.72
2026-09-24T15:52:41Z,6.17,75.73
2026-09-24T15:53:41Z,6.17,75.82
2026-09-24T15:54:41Z,6.17,75.81
2026-09-24T15:58:41Z,6.17,75.82
2026-09-24T15:59:41Z,6.17,75.76
2026-09-24T16:00:41Z,6.17,75.73
2026-09-24T16:01:41Z,6.17,75.7
2026-09-24T16:03:41Z,6.18,75.93
2026-09-24T16:04:41Z,6.18,75.99
2026-09-24T16:05:41Z,6.17,75.83
2026-09-24T16:06:41Z,6.17,75.72
2026-09-24T16:07:41Z,6.17,75.8
2026-09-24T16:10:41Z,6.17,75.8
2026-09-24T16:11:41Z,6.17,75.82
2026-09-24T16:12:41Z,6.18,75.96
2026-09-24T16:13:41Z,6.18,75.98
2026-09-24T16:14:41Z,6.18,75.87
2026-09-24T16:16:41Z,6.18,76.01
2026-09-24T16:17:41Z,6.18,75.93
2026-09-24T16:18:41Z,6.18,75.98
2026-09-24T16:19:41Z,6.18,75.95
2026-09-24T16:20:41Z,6.19,76.08
2026-09-24T16:22:41Z,6.18,75.87
2026-09-24T16:23:41Z,6.96,75.99
2026-09-24T16:24:41Z,6.19,76.03
2026-09-24T16:25:41Z,6.19,76.03
2026-09-24T16:26:41Z,6.18,75.98
2026-09-24T16:28:41Z,6.17,75.85
2026-09-24T16:29:41Z,6.18,75.91
2026-09-24T16:30:41Z,6.18,75.94
2026-09-24T16:31:41Z,6.18,75.94
2026-09-24T16:32:41Z,6.18,75.95
2026-09-24T16:35:41Z,6.18,75.88
2026-09-24T16:36:41Z,6.18,75.93
2026-09-24T16:37:41Z,6.19,76.05
2026-09-24T16:38:41Z,6.19,76.05
2026-09-24T16:39:41Z,6.18,75.91
2026-09-24T16:41:41Z,6.18,76
2026-09-24T16:42:41Z,6.19,76.09
2026-09-24T16:43:41Z,6.97,76.1
2026-09-24T16:44:41Z,6.19,76.16
2026-09-24T16:45:41Z,6.19,76.09
2026-09-24T16:47:41Z,6.19,76.17
2026-09-24T16:48:41Z,6.19,76.18
2026-09-24T16:49:41Z,6.2,76.21
2026-09-24T16:50:41Z,6.2,76.24
2026-09-24T16:51:41Z,6.2,76.26
2026-09-24T16:54:41Z,,76.22
2026-09-24T16:55:41Z,6.2,76.28
2026-09-24T16:56:41Z,6.2,76.32
2026-09-24T16:57:41Z,6.2,76.29
2026-09-24T16:58:41Z,6.2,76.32
2026-09-24T16:59:41Z,6.19,76.14
2026-09-24T17:01:41Z,6.99,
2026-09-24T17:02:41Z,6.2,76.34
2026-09-24T17:03:41Z,6.21,76.43
2026-09-24T17:04:41Z,6.99,76.4
2026-09-24T17:05:41Z,6.21,76.48
2026-09-24T17:06:41Z,,76.67
2026-09-24T17:07:41Z,6.21,
2026-09-24T17:08:41Z,6.22,76.54
2026-09-24T17:09:41Z,6.21,76.45
2026-09-24T17:10:41Z,6.21,76.43
2026-09-24T17:11:41Z,6.21,76.5
2026-09-24T17:12:41Z,,76.54
2026-09-24T17:14:41Z,7,
2026-09-24T17:15:41Z,6.23,76.74
2026-09-24T17:16:41Z,6.23,76.77
2026-09-24T17:17:41Z,6.23,76.71
2026-09-24T17:18:41Z,6.22,76.62
2026-09-24T17:19:41Z,,76.66
2026-09-24T17:22:41Z,6.23,76.74
2026-09-24T17:23:41Z,6.23,76.78
2026-09-24T17:24:41Z,6.23,76.79
2026-09-24T17:25:41Z,6.23,76.79
2026-09-24T17:26:41Z,,76.83
2026-09-24T17:28:41Z,6.24,
2026-09-24T17:29:41Z,6.24,76.97
2026-09-24T17:30:41Z,6.24,77.03
2026-09-24T17:31:41Z,6.24,77.03
2026-09-24T17:32:41Z,6.25,77.14
2026-09-24T17:33:41Z,,77.14
2026-09-24T17:35:41Z,6.25,77.14
2026-09-24T17:36:41Z,6.25,77.19
2026-09-24T17:37:41Z,6.26,77.28
2026-09-24T17:38:41Z,6.26,77.25
2026-09-24T17:39:41Z,6.26,77.25
2026-09-24T17:42:41Z,6.27,77.45
2026-09-24T17:43:41Z,6.27,77.42
2026-09-24T17:44:41Z,6.27,77.45
2026-09-24T17:45:41Z,6.27,77.46
2026-09-24T17:46:41Z,,77.44
2026-09-24T17:48:41Z,6.27,
2026-09-24T17:49:41Z,6.27,77.4
2026-09-24T17:50:41Z,6.27,77.43
2026-09-24T17:51:41Z,6.27,77.48
2026-09-24T17:52:41Z,6.27,77.45
2026-09-24T17:54:41Z,6.27,
2026-09-24T17:55:41Z,6.27,77.47
2026-09-24T17:56:41Z,6.28,77.67
2026-09-24T17:57:41Z,6.28,77.65
2026-09-24T17:58:41Z,6.28,77.67
2026-09-24T17:59:41Z,6.27,77.53
2026-09-24T18:00:41Z,6.28,77.56
2026-09-24T18:04:41Z,6.28,77.68
2026-09-24T18:05:41Z,6.29,77.74
2026-09-24T18:06:41Z,6.29,77.77
2026-09-24T18:07:41Z,6.29,77.87
2026-09-24T18:08:41Z,,78
2026-09-24T18:09:41Z,,78
2026-09-24T18:10:41Z,6.3,
2026-09-24T18:11:41Z,6.3,77.98
2026-09-24T18:12:41Z,6.31,78.08
2026-09-24T18:13:41Z,6.3,77.98
2026-09-24T18:14:41Z,6.3,77.99
2026-09-24T18:15:41Z,,78.01
2026-09-24T18:16:41Z,6.3,
2026-09-24T18:17:41Z,6.31,78.07
2026-09-24T18:18:41Z,6.31,78.09
2026-09-24T18:19:41Z,6.31,78.17
2026-09-24T18:20:41Z,6.32,78.22
2026-09-24T18:21:41Z,,78.26
2026-09-24T18:23:41Z,6.31,
2026-09-24T18:24:41Z,6.31,78.14
2026-09-24T18:25:41Z,6.31,78.17
2026-09-24T18:26:41Z,6.32,78.23
2026-09-24T18:27:41Z,6.32,78.26
2026-09-24T18:28:41Z,,78.29
2026-09-24T18:30:41Z,6.32,
2026-09-24T18:31:41Z,6.32,78.36
2026-09-24T18:32:41Z,6.32,78.32
2026-09-24T18:33:41Z,6.33,78.41
2026-09-24T18:34:41Z,6.34,78.57
2026-09-24T18:35:41Z,,78.63
2026-09-24T18:36:41Z,6.34,
2026-09-24T18:37:41Z,6.34,
2026-09-24T18:38:41Z,6.35,78.74
2026-09-24T18:39:41Z,6.34,78.66
2026-09-24T18:40:41Z,6.33,78.51
2026-09-24T18:41:41Z,6.34,78.55
2026-09-24T18:43:41Z,6.33,78.5
2026-09-24T18:44:41Z,6.33,78.49
2026-09-24T18:45:41Z,6.33,78.5
2026-09-24T18:46:41Z,6.33,78.45
2026-09-24T18:47:41Z,,78.55
2026-09-24T18:49:41Z,6.34,78.69
2026-09-24T18:50:41Z,6.35,78.75
2026-09-24T18:51:41Z,6.35,78.77
2026-09-24T18:52:41Z,6.35,78.76
2026-09-24T18:53:41Z,6.35,78.76
2026-09-24T18:55:41Z,6.35,78.76
2026-09-24T18:56:41Z,6.36,78.94
2026-09-24T18:57:41Z,6.37,79.09
2026-09-24T18:58:41Z,6.36,78.96
2026-09-24T18:59:41Z,6.37,79.13
2026-09-24T19:00:41Z,,79.23
2026-09-24T19:02:41Z,6.38,
2026-09-24T19:03:41Z,6.38,79.27
2026-09-24T19:04:41Z,6.38,79.23
2026-09-24T19:05:41Z,6.38,79.32
2026-09-24T19:06:41Z,6.39,79.41
2026-09-24T19:09:41Z,6.38,
2026-09-24T19:10:41Z,6.38,79.38
2026-09-24T19:11:41Z,6.39,79.41
2026-09-24T19:12:41Z,6.39,79.4
2026-09-24T19:13:41Z,6.39,79.45
2026-09-24T19:14:41Z,,79.43
2026-09-24T19:17:41Z,6.38,
2026-09-24T19:18:41Z,6.38,79.36
2026-09-24T19:19:41Z,6.38,79.3
2026-09-24T19:20:41Z,6.37,79.2
2026-09-24T19:21:41Z,6.36,78.99
2026-09-24T19:22:41Z,,79.07
2026-09-24T19:24:41Z,6.36,
2026-09-24T19:25:41Z,6.35,78.82
2026-09-24T19:26:41Z,6.35,78.85
2026-09-24T19:27:41Z,6.34,78.67
2026-09-24T19:28:41Z,7.12,78.65
2026-09-24T19:29:41Z,,78.64
2026-09-24T19:32:41Z,6.33,
2026-09-24T19:33:41Z,6.32,78.31
2026-09-24T19:34:41Z,6.32,78.28
2026-09-24T19:35:41Z,6.32,78.36
2026-09-24T19:36:41Z,6.32,78.3
2026-09-24T19:37:41Z,,78.32
2026-09-24T19:38:41Z,6.32,
2026-09-24T19:39:41Z,6.31,78.14
2026-09-24T19:40:41Z,6.31,78.19
2026-09-24T19:41:41Z,6.32,78.34
2026-09-24T19:42:41Z,6.32,78.26
2026-09-24T19:43:41Z,,78.18
2026-09-24T19:44:41Z,6.31,
2026-09-24T19:45:41Z,6.31,78.13
2026-09-24T19:46:41Z,6.31,78.11
2026-09-24T19:47:41Z,6.31,78.08
2026-09-24T19:48:41Z,,78.06
2026-09-24T19:49:41Z,,78.03
2026-09-24T19:50:41Z,6.31,
2026-09-24T19:51:41Z,6.31,78.04
2026-09-24T19:52:41Z,6.3,77.98
2026-09-24T19:53:41Z,6.3,77.9
2026-09-24T19:54:41Z,6.3,77.88
2026-09-24T19:55:41Z,6.29,77.87
2026-09-24T19:56:41Z,6.29,
2026-09-24T19:57:41Z,6.28,
2026-09-24T19:58:41Z,6.28,77.6
2026-09-24T19:59:41Z,6.28,77.64
2026-09-24T20:00:41Z,6.28,77.65
2026-09-24T20:01:41Z,6.27,77.49
2026-09-24T20:02:41Z,,77.47
2026-09-24T20:03:41Z,6.27,
2026-09-24T20:04:41Z,6.27,
2026-09-24T20:05:41Z,6.28,77.58
2026-09-24T20:06:41Z,6.27,77.45
2026-09-24T20:07:41Z,6.27,77.43
2026-09-24T20:08:41Z,6.27,77.39
2026-09-24T20:10:41Z,6.27,77.44
2026-09-24T20:11:41Z,6.27,77.42
2026-09-24T20:12:41Z,6.27,77.38
2026-09-24T20:13:41Z,6.26,77.26
2026-09-24T20:14:41Z,6.26,77.27
2026-09-24T20:16:41Z,,77.22
2026-09-24T20:17:41Z,6.25,77.18
2026-09-24T20:18:41Z,6.24,76.93
2026-09-24T20:19:41Z,6.24,76.9
2026-09-24T20:20:41Z,6.23,76.85
2026-09-24T20:21:41Z,6.24,76.93
2026-09-24T20:23:41Z,6.24,77.01
2026-09-24T20:24:41Z,6.24,76.99
2026-09-24T20:25:41Z,6.24,76.95
2026-09-24T20:26:41Z,6.23,76.84
2026-09-24T20:27:41Z,6.24,
2026-09-24T20:29:41Z,6.25,77.11
2026-09-24T20:30:41Z,6.26,77.23
2026-09-24T20:31:41Z,6.27,77.44
2026-09-24T20:32:41Z,6.25,77.12
2026-09-24T20:33:41Z,6.23,
2026-09-24T20:34:41Z,,76.63
2026-09-24T20:35:41Z,6.22,76.63
2026-09-24T20:36:41Z,6.22,76.65
2026-09-24T20:37:41Z,6.23,76.73
2026-09-24T20:38:41Z,6.23,76.83
2026-09-24T20:39:41Z,6.24,76.98
2026-09-24T20:40:41Z,6.26,77.29
2026-09-24T20:41:41Z,6.28,77.65
2026-09-24T20:42:41Z,6.29,77.76
2026-09-24T20:43:41Z,,77.98
2026-09-24T20:44:41Z,6.31,78.14
2026-09-24T20:45:41Z,6.3,77.97
2026-09-24T20:46:41Z,6.31,78.18
2026-09-24T20:47:41Z,6.32,78.29
2026-09-24T20:48:41Z,6.32,78.31
2026-09-24T20:51:41Z,6.33,78.51
2026-09-24T20:52:41Z,6.34,78.56
2026-09-24T20:53:41Z,6.34,78.58
2026-09-24T20:54:41Z,6.35,78.72
2026-09-24T20:57:41Z,6.36,79.01
2026-09-24T20:58:41Z,6.37,79.21
2026-09-24T20:59:41Z,6.38,79.32
2026-09-24T21:00:41Z,6.38,79.28
2026-09-24T21:01:41Z,6.38,79.31
2026-09-24T21:03:41Z,,79.42
2026-09-24T21:04:41Z,6.39,79.42
2026-09-24T21:05:41Z,6.39,79.48
2026-09-24T21:06:41Z,6.4,79.62
2026-09-24T21:07:41Z,6.4,79.56
2026-09-24T21:08:41Z,6.4,
2026-09-24T21:10:41Z,,79.62
2026-09-24T21:11:41Z,6.41,79.77
2026-09-24T21:12:41Z,6.41,79.79
2026-09-24T21:13:41Z,6.41,79.88
2026-09-24T21:14:41Z,6.42,80.02
2026-09-24T21:15:41Z,6.42,
2026-09-24T21:16:41Z,,80.08
2026-09-24T21:17:41Z,6.43,80.11
2026-09-24T21:18:41Z,6.43,80.2
2026-09-24T21:19:41Z,6.43,80.09
2026-09-24T21:20:41Z,6.42,80.03
2026-09-24T21:21:41Z,6.42,
2026-09-24T21:22:41Z,,80
2026-09-24T21:23:41Z,6.42,79.97
2026-09-24T21:24:41Z,6.42,79.92
2026-09-24T21:25:41Z,6.42,79.93
2026-09-24T21:26:41Z,6.41,79.77
2026-09-24T21:27:41Z,6.41,
2026-09-24T21:29:41Z,,79.68
2026-09-24T21:30:41Z,6.4,79.61
2026-09-24T21:31:41Z,6.4,79.56
2026-09-24T21:32:41Z,6.4,79.57
2026-09-24T21:33:41Z,6.39,79.41
2026-09-24T21:34:41Z,6.38,
2026-09-24T21:35:41Z,,79.24
2026-09-24T21:36:41Z,6.39,79.39
2026-09-24T21:37:41Z,6.4,79.6
2026-09-24T21:38:41Z,6.4,79.59
2026-09-24T21:39:41Z,6.4,79.68
2026-09-24T21:40:41Z,6.4,
2026-09-24T21:41:41Z,,79.61
2026-09-24T21:42:41Z,6.4,79.67
2026-09-24T21:43:41Z,6.4,79.66
2026-09-24T21:44:41Z,6.41,79.76
2026-09-24T21:45:41Z,6.41,79.79
2026-09-24T21:46:41Z,6.42,79.9
2026-09-24T21:47:41Z,,79.92
2026-09-24T21:48:41Z,6.42,79.94
2026-09-24T21:49:41Z,6.42,79.95
2026-09-24T21:50:41Z,6.42,79.95
2026-09-24T21:51:41Z,6.42,79.94
2026-09-24T21:52:41Z,6.41,
2026-09-24T21:53:41Z,,79.91
2026-09-24T21:54:41Z,6.42,79.92
2026-09-24T21:55:41Z,6.42,79.93
2026-09-24T21:56:41Z,6.42,79.99
2026-09-24T21:57:41Z,6.42,80.01
2026-09-24T21:58:41Z,6.42,
2026-09-24T21:59:41Z,6.42,
2026-09-24T22:00:41Z,,80.06
2026-09-24T22:01:41Z,6.43,80.09
2026-09-24T22:02:41Z,6.43,80.13
2026-09-24T22:03:41Z,6.43,80.21
2026-09-24T22:04:41Z,6.44,80.3
2026-09-24T22:05:41Z,6.43,
2026-09-24T22:06:41Z,,80.3
2026-09-24T22:07:41Z,6.44,80.31
2026-09-24T22:08:41Z,6.44,80.27
2026-09-24T22:09:41Z,6.45,80.48
2026-09-24T22:10:41Z,6.45,80.45
2026-09-24T22:11:41Z,6.44,80.37
2026-09-24T22:13:41Z,6.45,80.4
2026-09-24T22:14:41Z,6.44,80.31
2026-09-24T22:15:41Z,6.46,80.58
2026-09-24T22:16:41Z,6.44,80.39
2026-09-24T22:17:41Z,6.45,80.4
2026-09-24T22:19:41Z,6.47,80.82
2026-09-24T22:20:41Z,6.46,80.72
2026-09-24T22:21:41Z,6.47,80.74
2026-09-24T22:22:41Z,6.46,80.61
2026-09-24T22:23:41Z,6.46,80.61
2026-09-24T22:24:41Z,6.46,
2026-09-24T22:25:41Z,6.44,80.34
2026-09-24T22:26:41Z,6.44,80.28
2026-09-24T22:27:41Z,6.43,80.18
2026-09-24T22:28:41Z,6.43,80.08
2026-09-24T22:29:41Z,6.42,79.97
2026-09-24T22:30:41Z,6.42,
2026-09-24T22:32:41Z,6.41,79.78
2026-09-24T22:33:41Z,6.4,79.69
2026-09-24T22:34:41Z,6.4,79.58
2026-09-24T22:35:41Z,6.39,79.41
2026-09-24T22:36:41Z,6.38,79.3
2026-09-24T22:38:41Z,,79.11
2026-09-24T22:39:41Z,6.36,79.04
2026-09-24T22:40:41Z,6.35,78.81
2026-09-24T22:41:41Z,6.35,78.78
2026-09-24T22:42:41Z,6.35,78.76
2026-09-24T22:44:41Z,6.33,78.53
2026-09-24T22:45:41Z,6.33,78.4
2026-09-24T22:46:41Z,6.31,78.11
2026-09-24T22:47:41Z,6.3,77.96
2026-09-24T22:48:41Z,6.3,
2026-09-24T22:49:41Z,,77.62
2026-09-24T22:50:41Z,6.28,77.54
2026-09-24T22:51:41Z,6.27,77.37
2026-09-24T22:52:41Z,6.25,77.16
2026-09-24T22:53:41Z,6.25,77.07
2026-09-24T22:54:41Z,6.25,
2026-09-24T22:55:41Z,,76.94
2026-09-24T22:56:41Z,,76.87
2026-09-24T22:57:41Z,6.22,76.61
2026-09-24T22:58:41Z,6.21,76.47
2026-09-24T22:59:41Z,6.21,76.46
2026-09-24T23:00:41Z,6.21,76.46
2026-09-24T23:01:41Z,6.2,76.29
2026-09-24T23:02:41Z,6.21,76.4
2026-09-24T23:03:41Z,6.22,76.54
2026-09-24T23:04:41Z,6.21,76.4
2026-09-24T23:05:41Z,6.2,76.25
2026-09-24T23:06:41Z,6.2,76.26
2026-09-24T23:07:41Z,6.19,76.05
2026-09-24T23:08:41Z,6.19,76.03
2026-09-24T23:09:41Z,6.18,76.02
2026-09-24T23:11:41Z,6.17,
2026-09-24T23:12:41Z,6.17,75.74
2026-09-24T23:13:41Z,6.16,75.61
2026-09-24T23:14:41Z,6.16,75.66
2026-09-24T23:15:41Z,6.16,75.53
2026-09-24T23:16:41Z,,75.44
2026-09-24T23:18:41Z,6.13,75.11
2026-09-24T23:19:41Z,6.1,74.66
2026-09-24T23:20:41Z,6.1,74.59
2026-09-24T23:21:41Z,6.09,74.47
2026-09-24T23:22:41Z,6.08,74.29
2026-09-24T23:24:41Z,6.06,73.93
2026-09-24T23:25:41Z,6.06,73.88
2026-09-24T23:26:41Z,6.04,73.66
2026-09-24T23:27:41Z,6.05,73.68
2026-09-24T23:28:41Z,6.03,73.38
2026-09-24T23:30:41Z,6.01,73.12
2026-09-24T23:31:41Z,5.99,72.71
2026-09-24T23:32:41Z,5.94,71.85
2026-09-24T23:33:41Z,5.91,71.38
2026-09-24T23:34:41Z,5.91,71.47
2026-09-24T23:36:41Z,5.91,71.46
2026-09-24T23:37:41Z,5.93,71.66
2026-09-24T23:38:41Z,5.93,71.71
2026-09-24T23:39:41Z,5.93,71.81
2026-09-24T23:40:41Z,5.93,71.79
2026-09-24T23:42:41Z,5.9,71.26
2026-09-24T23:43:41Z,5.9,71.16
2026-09-24T23:44:41Z,5.88,70.92
2026-09-24T23:45:41Z,5.88,70.83
2026-09-24T23:46:41Z,5.87,70.71
2026-09-24T23:48:41Z,5.88,70.95
2026-09-24T23:49:41Z,5.88,70.92
2026-09-24T23:50:41Z,5.87,70.72
2026-09-24T23:51:41Z,5.87,70.72
2026-09-24T23:52:41Z,5.88,70.93
2026-09-24T23:53:41Z,5.88,
2026-09-24T23:54:41Z,5.86,70.55
2026-09-24T23:55:41Z,5.86,70.63
2026-09-24T23:56:41Z,5.84,70.29
2026-09-24T23:57:41Z,5.83,70.13
2026-09-25T00:01:41Z,5.83,69.98
2026-09-25T00:02:41Z,5.81,69.79
2026-09-25T00:03:41Z,5.82,69.94
2026-09-25T00:04:41Z,5.83,69.98
2026-09-25T00:05:41Z,5.84,70.3
2026-09-25T00:07:41Z,5.82,69.94
2026-09-25T00:08:41Z,5.83,69.97
2026-09-25T00:09:41Z,5.83,69.99
2026-09-25T00:10:41Z,5.83,70.04
2026-09-25T00:11:41Z,5.81,69.71
2026-09-25T00:13:41Z,5.81,69.64
2026-09-25T00:14:41Z,5.83,70
2026-09-25T00:15:41Z,5.82,69.93
2026-09-25T00:16:41Z,5.82,69.8
2026-09-25T00:17:41Z,5.77,69.03
2026-09-25T00:20:41Z,5.77,69.03
2026-09-25T00:21:41Z,5.77,69.11
2026-09-25T00:22:41Z,5.78,69.13
2026-09-25T00:23:41Z,5.77,69.05
2026-09-25T00:24:41Z,5.77,68.96
2026-09-25T00:26:41Z,,68.72
2026-09-25T00:27:41Z,5.73,68.36
2026-09-25T00:28:41Z,5.71,68
2026-09-25T00:29:41Z,5.71,68.01
2026-09-25T00:30:41Z,5.7,67.79
2026-09-25T00:31:41Z,5.7,67.82
2026-09-25T00:33:41Z,5.65,66.99
2026-09-25T00:34:41Z,5.63,66.64
2026-09-25T00:35:41Z,5.61,66.4
2026-09-25T00:36:41Z,5.59,65.97
2026-09-25T00:37:41Z,5.54,65.11
2026-09-25T02:00:41Z,4.73,51.59
2026-09-25T02:01:41Z,,51.21
2026-09-25T02:02:41Z,4.74,
2026-09-25T02:03:41Z,4.75,51.81
2026-09-25T02:04:41Z,4.75,51.84
2026-09-25T02:05:41Z,5.67,52
2026-09-25T02:06:41Z,6.59,52.21
2026-09-25T02:07:41Z,,52.89
2026-09-25T02:09:41Z,4.77,
2026-09-25T02:10:41Z,4.73,51.53
2026-09-25T02:11:41Z,4.74,51.8
2026-09-25T02:12:41Z,4.7,51.01
2026-09-25T02:13:41Z,4.65,50.22
2026-09-25T02:14:41Z,,50.19
2026-09-25T02:15:41Z,4.67,
2026-09-25T02:16:41Z,4.65,50.15
2026-09-25T02:17:41Z,4.66,50.41
2026-09-25T02:18:41Z,4.65,50.21
2026-09-25T02:19:41Z,4.61,49.58
2026-09-25T02:20:41Z,,49.05
2026-09-25T02:21:41Z,,49.07
2026-09-25T02:22:41Z,4.58,
2026-09-25T02:23:41Z,4.55,48.61
2026-09-25T02:24:41Z,4.54,48.4
2026-09-25T02:25:41Z,4.55,48.55
2026-09-25T02:26:41Z,4.52,48.03
2026-09-25T02:28:41Z,4.52,
2026-09-25T02:29:41Z,4.53,48.11
2026-09-25T02:30:41Z,4.53,48.13
2026-09-25T02:31:41Z,4.51,47.86
2026-09-25T02:32:41Z,4.49,47.53
2026-09-25T02:33:41Z,,47.68
2026-09-25T02:35:41Z,4.53,
2026-09-25T02:36:41Z,4.51,47.81
2026-09-25T02:37:41Z,5.41,47.71
2026-09-25T02:38:41Z,6.51,48.64
2026-09-25T02:39:41Z,4.56,48.74
2026-09-25T02:40:41Z,,48.41
2026-09-25T02:41:41Z,5.46,
2026-09-25T02:42:41Z,5.46,48.6
2026-09-25T02:43:41Z,5.45,48.43
2026-09-25T02:44:41Z,5.44,48.19
2026-09-25T02:45:41Z,4.54,48.31
2026-09-25T02:46:41Z,,48.14
2026-09-25T02:47:41Z,4.51,
2026-09-25T02:48:41Z,5.43,47.98
2026-09-25T02:49:41Z,7.54,48.51
2026-09-25T02:50:41Z,5.45,48.36
2026-09-25T02:51:41Z,5.42,47.91
2026-09-25T02:52:41Z,4.5,47.67
2026-09-25T02:53:41Z,5.4,47.58
2026-09-25T02:54:41Z,4.47,
2026-09-25T02:55:41Z,4.44,46.63
2026-09-25T02:56:41Z,4.4,46
2026-09-25T02:57:41Z,4.4,46.05
2026-09-25T02:58:41Z,4.37,45.56
2026-09-25T02:59:41Z,4.37,45.55
2026-09-25T03:00:41Z,4.36,45.27
2026-09-25T03:02:41Z,,45.34
2026-09-25T03:03:41Z,5.28,45.45
2026-09-25T03:04:41Z,4.32,44.66
2026-09-25T03:05:41Z,5.21,44.38
2026-09-25T03:06:41Z,5.24,44.8
2026-09-25T03:07:41Z,4.33,
2026-09-25T03:08:41Z,,44.77
2026-09-25T03:09:41Z,4.28,43.96
2026-09-25T03:10:41Z,5.23,44.72
2026-09-25T03:11:41Z,4.36,45.34
2026-09-25T03:12:41Z,4.36,45.27
2026-09-25T03:13:41Z,4.36,
2026-09-25T03:14:41Z,,45.15
2026-09-25T03:15:41Z,4.39,45.79
2026-09-25T03:16:41Z,4.43,46.51
2026-09-25T03:17:41Z,4.42,46.28
2026-09-25T03:18:41Z,4.43,46.48
2026-09-25T03:19:41Z,4.45,
2026-09-25T03:20:41Z,4.47,
2026-09-25T03:21:41Z,,48.03
2026-09-25T03:22:41Z,5.41,47.64
2026-09-25T03:23:41Z,6.45,47.7
2026-09-25T03:24:41Z,7.53,48.38
2026-09-25T03:25:41Z,5.48,48.9
2026-09-25T03:26:41Z,4.54,
2026-09-25T03:27:41Z,,47.69
2026-09-25T03:28:41Z,5.47,48.66
2026-09-25T03:29:41Z,5.45,48.41
2026-09-25T03:30:41Z,4.52,47.99
2026-09-25T03:31:41Z,4.53,48.22
2026-09-25T03:32:41Z,4.54,
2026-09-25T03:33:41Z,,48.65
2026-09-25T03:34:41Z,4.57,48.8
2026-09-25T03:35:41Z,4.55,48.53
2026-09-25T03:36:41Z,4.58,49.11
2026-09-25T03:37:41Z,4.59,49.15
2026-09-25T03:38:41Z,4.6,
2026-09-25T03:40:41Z,,49.87
2026-09-25T03:41:41Z,4.64,50.06
2026-09-25T03:42:41Z,4.67,50.53
2026-09-25T03:43:41Z,4.69,50.96
2026-09-25T03:44:41Z,4.7,51.03
2026-09-25T03:45:41Z,4.7,
2026-09-25T03:46:41Z,,51.19
2026-09-25T03:47:41Z,7.71,51.33
2026-09-25T03:48:41Z,5.67,52.05
2026-09-25T03:49:41Z,5.67,52.08
2026-09-25T03:50:41Z,6.71,52.04
2026-09-25T03:51:41Z,7.74,
2026-09-25T03:52:41Z,,52.16
2026-09-25T03:53:41Z,4.76,51.99
2026-09-25T03:54:41Z,10.85,51.71
2026-09-25T03:55:41Z,5.64,51.48
2026-09-25T03:56:41Z,4.7,51.06
2026-09-25T03:57:41Z,4.68,
2026-09-25T03:59:41Z,,50.18
2026-09-25T04:00:41Z,4.63,49.86
2026-09-25T04:01:41Z,5.55,50.01
2026-09-25T04:02:41Z,5.53,49.71
2026-09-25T04:03:41Z,4.6,49.35
2026-09-25T04:04:41Z,4.55,48.61
2026-09-25T04:06:41Z,,47.45
2026-09-25T04:07:41Z,4.47,47.18
2026-09-25T04:08:41Z,4.44,46.7
2026-09-25T04:09:41Z,4.42,46.35
2026-09-25T04:10:41Z,5.33,46.28
2026-09-25T04:11:41Z,5.3,
2026-09-25T04:12:41Z,,45.8
2026-09-25T04:13:41Z,5.31,45.97
2026-09-25T04:14:41Z,5.32,46.16
2026-09-25T04:15:41Z,5.34,46.45
2026-09-25T04:16:41Z,4.4,46.07
2026-09-25T04:17:41Z,4.37,
2026-09-25T04:18:41Z,,44.99
2026-09-25T04:19:41Z,,45.12
2026-09-25T04:20:41Z,5.25,44.97
2026-09-25T04:21:41Z,4.32,44.73
2026-09-25T04:22:41Z,4.33,44.89
2026-09-25T04:23:41Z,4.36,
2026-09-25T04:24:41Z,4.39,
2026-09-25T04:25:41Z,,45.84
2026-09-25T04:26:41Z,,46.29
2026-09-25T04:27:41Z,4.43,46.52
2026-09-25T04:28:41Z,4.45,46.86
2026-09-25T04:29:41Z,4.45,46.85
2026-09-25T04:30:41Z,4.43,
2026-09-25T04:31:41Z,4.39,
2026-09-25T04:32:41Z,,46.04
2026-09-25T04:33:41Z,4.45,46.82
2026-09-25T04:34:41Z,4.48,47.32
2026-09-25T04:35:41Z,4.49,47.46
2026-09-25T04:36:41Z,4.5,47.62
2026-09-25T04:37:41Z,4.54,
2026-09-25T04:38:41Z,,48.33
2026-09-25T04:39:41Z,5.45,48.31
2026-09-25T04:40:41Z,4.56,48.75
2026-09-25T04:41:41Z,4.54,48.36
2026-09-25T04:42:41Z,4.53,48.23
2026-09-25T04:43:41Z,4.55,
2026-09-25T04:44:41Z,4.57,48.85
2026-09-25T04:45:41Z,,49.29
2026-09-25T04:46:41Z,4.62,49.63
2026-09-25T04:47:41Z,4.63,49.82
2026-09-25T04:48:41Z,4.63,49.81
2026-09-25T04:49:41Z,4.66,50.33
2026-09-25T04:50:41Z,4.65,
2026-09-25T04:51:41Z,,50.3
2026-09-25T04:52:41Z,,50.83
2026-09-25T04:53:41Z,5.63,51.38
2026-09-25T04:54:41Z,5.6,50.84
2026-09-25T04:55:41Z,4.66,50.36
2026-09-25T04:56:41Z,4.67,
2026-09-25T04:58:41Z,,50.95
2026-09-25T04:59:41Z,5.64,51.56
2026-09-25T05:00:41Z,5.67,52.03
2026-09-25T05:01:41Z,4.75,51.94
2026-09-25T05:02:41Z,4.77,52.15
2026-09-25T05:04:41Z,,52.55
2026-09-25T05:05:41Z,4.77,52.17
2026-09-25T05:06:41Z,4.73,51.57
2026-09-25T05:07:41Z,4.73,51.49
2026-09-25T05:08:41Z,4.72,51.46
2026-09-25T05:09:41Z,4.7,51
2026-09-25T05:12:41Z,4.7,51.08
2026-09-25T05:13:41Z,4.72,51.47
2026-09-25T05:14:41Z,4.76,52.01
2026-09-25T05:15:41Z,4.77,52.22
2026-09-25T05:16:41Z,5.68,
2026-09-25T05:17:41Z,,52.99
2026-09-25T05:18:41Z,5.73,53.05
2026-09-25T05:19:41Z,5.72,52.94
2026-09-25T05:20:41Z,7.86,53.99
2026-09-25T05:21:41Z,4.89,54.3
2026-09-25T05:22:41Z,4.9,
2026-09-25T05:24:41Z,,55.14
2026-09-25T05:25:41Z,5.86,55.34
2026-09-25T05:26:41Z,4.97,55.62
2026-09-25T05:27:41Z,4.97,55.55
2026-09-25T05:28:41Z,4.97,55.62
2026-09-25T05:29:41Z,4.99,
2026-09-25T05:30:41Z,,55.94
2026-09-25T05:31:41Z,,56.26
2026-09-25T05:32:41Z,6.98,56.62
2026-09-25T05:33:41Z,7,56.99
2026-09-25T05:34:41Z,7.01,57.15
2026-09-25T05:35:41Z,5.99,57.38
2026-09-25T05:36:41Z,5.1,57.75
2026-09-25T05:37:41Z,,57.55
2026-09-25T05:38:41Z,5.09,57.68
2026-09-25T05:39:41Z,5.11,57.91
2026-09-25T05:40:41Z,5.12,58.16
2026-09-25T05:41:41Z,5.09,57.58
2026-09-25T05:42:41Z,5.09,57.61
2026-09-25T05:43:41Z,5.07,57.19
2026-09-25T05:44:41Z,5.95,56.79
2026-09-25T05:45:41Z,5.02,56.43
2026-09-25T05:46:41Z,4.98,55.82
2026-09-25T05:47:41Z,5.84,54.84
2026-09-25T05:48:41Z,4.93,55
2026-09-25T05:49:41Z,4.95,55.32
2026-09-25T05:50:41Z,,55.13
2026-09-25T05:52:41Z,4.98,
2026-09-25T05:53:41Z,4.97,55.65
2026-09-25T05:54:41Z,5.92,56.25
2026-09-25T05:55:41Z,6.97,56.49
2026-09-25T05:56:41Z,5.95,56.79
2026-09-25T07:00:41Z,6.17,60.53
2026-09-25T07:01:41Z,5.3,
2026-09-25T07:03:41Z,,61.54
2026-09-25T07:04:41Z,5.32,61.46
2026-09-25T07:05:41Z,5.34,61.73
2026-09-25T07:06:41Z,5.34,61.78
2026-09-25T07:07:41Z,5.34,61.89
2026-09-25T07:08:41Z,5.36,
2026-09-25T07:10:41Z,,62.25
2026-09-25T07:11:41Z,6.29,62.45
2026-09-25T07:12:41Z,6.3,62.65
2026-09-25T07:13:41Z,6.3,62.67
2026-09-25T07:14:41Z,5.39,62.67
2026-09-25T07:15:41Z,7.23,
2026-09-25T07:17:41Z,5.42,63.14
2026-09-25T07:18:41Z,6.33,63.22
2026-09-25T07:19:41Z,7.24,63.11
2026-09-25T07:20:41Z,8.29,63.33
2026-09-25T07:21:41Z,6.36,63.61
2026-09-25T07:24:41Z,5.4,62.84
2026-09-25T07:25:41Z,5.4,62.86
2026-09-25T07:26:41Z,5.41,62.97
2026-09-25T07:27:41Z,5.42,63.2
2026-09-25T07:30:41Z,5.42,63.1
2026-09-25T07:31:41Z,6.34,63.28
2026-09-25T07:32:41Z,5.44,63.43
2026-09-25T07:33:41Z,5.46,63.75
2026-09-25T07:34:41Z,6.38,64.05
2026-09-25T07:36:41Z,,64.45
2026-09-25T07:37:41Z,5.51,64.64
2026-09-25T07:38:41Z,5.52,64.85
2026-09-25T07:39:41Z,5.5,64.48
2026-09-25T07:40:41Z,5.51,64.63
2026-09-25T07:41:41Z,5.51,64.69
2026-09-25T07:43:41Z,5.5,64.55
2026-09-25T07:44:41Z,5.49,64.33
2026-09-25T07:45:41Z,5.51,64.73
2026-09-25T07:46:41Z,5.52,64.89
2026-09-25T07:47:41Z,5.51,64.68
2026-09-25T07:50:41Z,6.46,65.29
2026-09-25T07:51:41Z,5.55,65.32
2026-09-25T07:52:41Z,5.55,65.33
2026-09-25T07:53:41Z,5.55,65.27
2026-09-25T07:54:41Z,5.54,65.24
2026-09-25T07:55:41Z,5.53,65.08
2026-09-25T07:56:41Z,6.46,65.36
2026-09-25T07:57:41Z,6.48,65.65
2026-09-25T07:58:41Z,6.49,65.9
2026-09-25T07:59:41Z,5.58,65.8
2026-09-25T08:00:41Z,5.57,65.7
2026-09-25T08:01:41Z,5.55,65.39
2026-09-25T08:04:41Z,5.55,65.33
2026-09-25T08:05:41Z,5.54,65.23
2026-09-25T08:06:41Z,5.54,65.21
2026-09-25T08:07:41Z,5.55,65.28
2026-09-25T08:08:41Z,5.52,64.77
2026-09-25T08:12:41Z,5.54,65.18
2026-09-25T08:13:41Z,5.54,65.13
2026-09-25T08:14:41Z,5.53,65
2026-09-25T08:15:41Z,5.54,65.17
2026-09-25T08:18:41Z,5.53,65
2026-09-25T08:19:41Z,5.54,65.24
2026-09-25T08:20:41Z,5.56,65.45
2026-09-25T08:21:41Z,6.47,65.46
2026-09-25T08:22:41Z,5.57,65.66
2026-09-25T08:25:41Z,5.56,65.56
2026-09-25T08:26:41Z,5.56,65.57
2026-09-25T08:27:41Z,6.45,65.25
2026-09-25T08:28:41Z,6.31,65.06
2026-09-25T08:29:41Z,6.32,65.23
2026-09-25T08:33:41Z,5.58,65.82
2026-09-25T08:34:41Z,5.58,65.85
2026-09-25T08:35:41Z,5.59,66.09
2026-09-25T08:36:41Z,5.59,66.03
2026-09-25T08:39:41Z,6.38,66.21
2026-09-25T08:40:41Z,6.39,66.3
2026-09-25T08:41:41Z,6.41,66.7
2026-09-25T08:42:41Z,5.64,66.92
2026-09-25T08:43:41Z,5.65,67.04
2026-09-25T08:45:41Z,5.65,67
2026-09-25T08:46:41Z,5.65,67.02
2026-09-25T08:47:41Z,5.64,66.9
2026-09-25T08:48:41Z,5.66,67.17
2026-09-25T08:49:41Z,5.63,66.7
2026-09-25T08:50:41Z,5.62,66.59
2026-09-25T08:52:41Z,5.64,66.92
2026-09-25T08:53:41Z,5.66,67.12
2026-09-25T08:54:41Z,5.67,67.38
2026-09-25T08:55:41Z,5.67,67.43
2026-09-25T08:56:41Z,5.68,67.56
2026-09-25T09:00:41Z,5.7,67.91
2026-09-25T09:01:41Z,5.7,67.82
2026-09-25T09:02:41Z,5.7,67.94
2026-09-25T09:03:41Z,5.68,67.6
2026-09-25T09:04:41Z,5.68,67.61
2026-09-25T09:07:41Z,5.7,67.81
2026-09-25T09:08:41Z,5.71,68.07
2026-09-25T09:09:41Z,5.73,68.4
2026-09-25T09:10:41Z,5.74,68.62
2026-09-25T09:11:41Z,5.77,68.98
2026-09-25T09:14:41Z,5.79,69.45
2026-09-25T09:15:41Z,5.8,69.55
2026-09-25T09:16:41Z,5.8,69.47
2026-09-25T09:17:41Z,6.6,69.81
2026-09-25T09:18:41Z,5.83,69.98
2026-09-25T09:19:41Z,5.82,
2026-09-25T09:22:41Z,,69.84
2026-09-25T09:23:41Z,6.62,70.22
2026-09-25T09:24:41Z,6.62,70.21
2026-09-25T09:25:41Z,7.53,70.26
2026-09-25T09:26:41Z,5.86,70.56
2026-09-25T09:29:41Z,5.83,70.05
2026-09-25T09:30:41Z,5.83,70.06
2026-09-25T09:31:41Z,5.83,69.97
2026-09-25T09:32:41Z,6.63,70.33
2026-09-25T09:33:41Z,7.56,70.8
2026-09-25T09:36:41Z,5.89,71.08
2026-09-25T09:37:41Z,5.88,70.92
2026-09-25T09:38:41Z,5.89,70.98
2026-09-25T09:39:41Z,5.89,71.09
2026-09-25T09:40:41Z,5.89,71.11
2026-09-25T09:41:41Z,5.9,71.17
2026-09-25T09:43:41Z,,71.1
2026-09-25T09:44:41Z,5.89,71.09
2026-09-25T09:45:41Z,5.89,71.07
2026-09-25T09:46:41Z,5.88,70.82
2026-09-25T09:47:41Z,5.89,71.01
2026-09-25T09:50:41Z,5.89,71.03
2026-09-25T09:51:41Z,5.89,71.09
2026-09-25T09:52:41Z,5.89,70.98
2026-09-25T09:53:41Z,5.89,71.04
2026-09-25T09:54:41Z,5.89,71.11
2026-09-25T09:57:41Z,5.91,71.43
2026-09-25T09:58:41Z,5.9,71.18
2026-09-25T09:59:41Z,6.69,71.34
2026-09-25T10:00:41Z,5.91,71.48
2026-09-25T10:01:41Z,5.92,71.63
2026-09-25T10:05:41Z,5.93,71.73
2026-09-25T10:06:41Z,5.94,71.87
2026-09-25T10:07:41Z,5.93,71.79
2026-09-25T10:08:41Z,5.93,71.72
2026-09-25T10:09:41Z,5.93,71.67
2026-09-25T10:13:41Z,5.94,71.92
2026-09-25T10:14:41Z,5.95,72.05
2026-09-25T10:15:41Z,6.74,72.26
2026-09-25T10:16:41Z,6.74,72.16
2026-09-25T10:17:41Z,6.75,72.34
2026-09-25T10:20:41Z,6.78,72.91
2026-09-25T10:21:41Z,6.79,73.15
2026-09-25T10:22:41Z,6.02,73.24
2026-09-25T10:23:41Z,6.03,73.36
2026-09-25T10:24:41Z,6.03,73.41
2026-09-25T10:25:41Z,6.03,73.37
2026-09-25T10:28:41Z,6.05,73.78
2026-09-25T10:29:41Z,6.04,73.57
2026-09-25T10:30:41Z,6.05,73.79
2026-09-25T10:31:41Z,6.04,73.65
2026-09-25T10:32:41Z,6.05,73.72
2026-09-25T10:35:41Z,6.05,73.78
2026-09-25T10:36:41Z,6.06,73.97
2026-09-25T10:37:41Z,6.06,73.98
2026-09-25T10:38:41Z,6.85,74.09
2026-09-25T10:39:41Z,6.85,74.13
2026-09-25T10:40:41Z,6.09,74.35
2026-09-25T10:43:41Z,6.09,74.41
2026-09-25T10:44:41Z,6.87,74.5
2026-09-25T10:45:41Z,6.09,74.47
2026-09-25T10:46:41Z,6.88,74.62
2026-09-25T10:47:41Z,6.1,74.54
2026-09-25T10:48:41Z,6.1,74.59
2026-09-25T10:51:41Z,6.89,74.79
2026-09-25T10:52:41Z,6.12,74.99
2026-09-25T10:53:41Z,6.11,74.83
2026-09-25T10:54:41Z,6.1,74.59
2026-09-25T10:55:41Z,6.09,74.5
2026-09-25T10:59:41Z,6.12,75
2026-09-25T11:00:41Z,6.11,74.84
2026-09-25T11:01:41Z,6.13,75.04
2026-09-25T11:02:41Z,6.14,75.19
2026-09-25T11:03:41Z,,75.03
2026-09-25T11:05:41Z,6.14,
2026-09-25T11:06:41Z,6.14,75.2
2026-09-25T11:07:41Z,6.13,75.18
2026-09-25T11:08:41Z,6.91,75.18
2026-09-25T11:09:41Z,6.92,75.3
2026-09-25T11:10:41Z,6.93,75.46
2026-09-25T11:11:41Z,,75.39
2026-09-25T11:13:41Z,6.93,75.46
2026-09-25T11:14:41Z,6.95,75.69
2026-09-25T11:15:41Z,6.96,75.9
2026-09-25T11:16:41Z,6.96,75.86
2026-09-25T11:17:41Z,7.87,75.94
2026-09-25T11:20:41Z,6.2,76.25
2026-09-25T11:21:41Z,6.19,76.04
2026-09-25T11:22:41Z,6.19,76.16
2026-09-25T11:23:41Z,6.19,76.15
2026-09-25T11:24:41Z,6.19,76.1
2026-09-25T11:25:41Z,6.97,76.07
2026-09-25T11:26:41Z,6.97,76.05
2026-09-25T11:27:41Z,6.2,76.29
2026-09-25T11:28:41Z,6.2,76.23
2026-09-25T11:29:41Z,6.19,76.14
2026-09-25T11:32:41Z,6.99,76.44
2026-09-25T11:33:41Z,6.21,76.46
2026-09-25T11:34:41Z,6.21,76.44
2026-09-25T11:35:41Z,6.22,76.55
2026-09-25T11:36:41Z,6.21,76.51
2026-09-25T13:00:41Z,6.18,75.97
2026-09-25T13:01:41Z,6.19,76.05
2026-09-25T13:02:41Z,6.19,76.15
2026-09-25T13:03:41Z,6.18,76.01
2026-09-25T13:04:41Z,6.19,76.05
2026-09-25T13:05:41Z,,76.19
2026-09-25T13:08:41Z,6.18,75.96
2026-09-25T13:09:41Z,6.18,76
2026-09-25T13:10:41Z,6.19,76.08
2026-09-25T13:11:41Z,6.19,76.1
2026-09-25T13:12:41Z,6.2,76.25
2026-09-25T13:15:41Z,6.2,76.25
2026-09-25T13:16:41Z,6.19,76.15
2026-09-25T13:17:41Z,6.19,76.07
2026-09-25T13:18:41Z,6.2,76.3
2026-09-25T13:19:41Z,6.19,76.12
2026-09-25T13:23:41Z,6.2,76.28
2026-09-25T13:24:41Z,6.2,76.24
2026-09-25T13:25:41Z,6.2,76.3
2026-09-25T13:26:41Z,6.21,76.45
2026-09-25T13:27:41Z,6.21,76.48
2026-09-25T13:30:41Z,6.2,76.25
2026-09-25T13:31:41Z,6.2,76.3
2026-09-25T13:32:41Z,6.2,76.35
2026-09-25T13:33:41Z,6.21,76.39
2026-09-25T13:34:41Z,6.21,76.36
2026-09-25T13:35:41Z,6.21,76.41
2026-09-25T13:38:41Z,6.21,76.4
2026-09-25T13:39:41Z,6.19,76.08
2026-09-25T13:40:41Z,6.19,76.03
2026-09-25T13:41:41Z,6.19,76.05
2026-09-25T13:42:41Z,6.19,76.18
2026-09-25T13:43:41Z,6.2,76.25
2026-09-25T13:44:41Z,6.2,76.24
2026-09-25T13:45:41Z,6.21,76.45
2026-09-25T13:46:41Z,6.2,76.2
2026-09-25T13:48:41Z,6.21,76.42
2026-09-25T13:49:41Z,6.21,76.46
2026-09-25T13:50:41Z,6.21,76.47
2026-09-25T13:51:41Z,6.22,76.59
2026-09-25T13:52:41Z,7,76.65
2026-09-25T13:54:41Z,6.23,76.79
2026-09-25T13:55:41Z,6.23,76.76
2026-09-25T13:56:41Z,7.01,76.73
2026-09-25T13:57:41Z,6.24,76.92
2026-09-25T13:58:41Z,6.23,76.78
2026-09-25T13:59:41Z,6.24,76.91
2026-09-25T14:03:41Z,7.01,76.75
2026-09-25T14:04:41Z,7,76.6
2026-09-25T14:05:41Z,6.22,76.67
2026-09-25T14:06:41Z,6.22,76.58
2026-09-25T14:07:41Z,6.21,76.43
2026-09-25T14:10:41Z,,76.56
2026-09-25T14:11:41Z,6.22,76.61
2026-09-25T14:12:41Z,6.22,76.61
2026-09-25T14:13:41Z,6.22,76.66
2026-09-25T14:14:41Z,6.21,76.52
2026-09-25T14:18:41Z,6.2,76.29
2026-09-25T14:19:41Z,6.21,76.42
2026-09-25T14:20:41Z,6.21,76.45
2026-09-25T14:21:41Z,6.22,76.64
2026-09-25T14:22:41Z,6.22,76.59
2026-09-25T14:24:41Z,6.21,
2026-09-25T14:25:41Z,6.2,76.33
2026-09-25T14:26:41Z,6.19,76.15
2026-09-25T14:27:41Z,6.2,76.33
2026-09-25T14:28:41Z,6.2,76.23
2026-09-25T14:29:41Z,6.97,76.16
2026-09-25T14:32:41Z,6.21,
2026-09-25T14:33:41Z,6.21,76.41
2026-09-25T14:34:41Z,6.21,76.38
2026-09-25T14:35:41Z,6.2,76.35
2026-09-25T14:36:41Z,6.21,76.5
2026-09-25T14:37:41Z,,76.61
2026-09-25T14:40:41Z,6.23,
2026-09-25T14:41:41Z,6.23,76.77
2026-09-25T14:42:41Z,6.23,76.85
2026-09-25T14:43:41Z,6.24,76.9
2026-09-25T14:44:41Z,6.23,76.75
2026-09-25T14:45:41Z,,76.94
2026-09-25T14:47:41Z,6.22,
2026-09-25T14:48:41Z,6.22,76.64
2026-09-25T14:49:41Z,6.22,76.69
2026-09-25T14:50:41Z,6.22,76.53
2026-09-25T14:51:41Z,6.22,76.65
2026-09-25T14:52:41Z,,76.6
2026-09-25T14:54:41Z,6.23,
2026-09-25T14:55:41Z,6.23,76.82
2026-09-25T14:56:41Z,6.22,76.65
2026-09-25T14:57:41Z,6.23,76.78
2026-09-25T14:58:41Z,6.22,76.66
2026-09-25T14:59:41Z,6.23,76.78
2026-09-25T15:00:41Z,,76.85
2026-09-25T15:04:41Z,6.22,76.54
2026-09-25T15:05:41Z,6.23,76.7
2026-09-25T15:06:41Z,6.22,76.65
2026-09-25T15:07:41Z,6.22,76.58
2026-09-25T15:08:41Z,7,76.65
2026-09-25T15:09:41Z,7.01,76.78
2026-09-25T15:12:41Z,6.25,77.09
2026-09-25T15:13:41Z,6.25,77.08
2026-09-25T15:14:41Z,6.25,77.18
2026-09-25T15:15:41Z,6.26,77.26
2026-09-25T15:16:41Z,7.04,77.31
2026-09-25T15:19:41Z,6.27,
2026-09-25T15:20:41Z,6.28,77.6
2026-09-25T15:21:41Z,6.28,77.58
2026-09-25T15:22:41Z,6.29,77.74
2026-09-25T15:23:41Z,6.28,77.7
2026-09-25T15:24:41Z,6.29,77.72
2026-09-25T15:28:41Z,6.3,77.9
2026-09-25T15:29:41Z,6.29,77.87
2026-09-25T15:30:41Z,6.31,78.06
2026-09-25T15:31:41Z,6.32,78.24
2026-09-25T15:32:41Z,6.31,78.1
2026-09-25T15:35:41Z,6.3,77.96
2026-09-25T15:36:41Z,6.3,78.03
2026-09-25T15:37:41Z,6.3,77.97
2026-09-25T15:38:41Z,6.3,78.02
2026-09-25T15:39:41Z,6.31,78.05
2026-09-25T15:43:41Z,6.32,78.25
2026-09-25T15:44:41Z,6.32,78.35
2026-09-25T15:45:41Z,6.32,78.24
2026-09-25T15:46:41Z,6.32,78.24
2026-09-25T15:47:41Z,6.32,78.26
2026-09-25T15:50:41Z,,78.23
2026-09-25T15:51:41Z,6.32,78.23
2026-09-25T15:52:41Z,6.31,78.13
2026-09-25T15:53:41Z,6.31,78.04
2026-09-25T15:54:41Z,6.3,77.92
2026-09-25T15:55:41Z,6.29,
2026-09-25T15:58:41Z,,77.37
2026-09-25T15:59:41Z,6.27,77.38
2026-09-25T16:00:41Z,6.27,77.51
2026-09-25T16:01:41Z,6.28,77.61
2026-09-25T16:02:41Z,6.28,77.59
2026-09-25T16:03:41Z,6.28,
2026-09-25T16:06:41Z,,77.67
2026-09-25T16:07:41Z,6.28,77.54
2026-09-25T16:08:41Z,6.28,77.62
2026-09-25T16:09:41Z,6.27,77.49
2026-09-25T16:10:41Z,6.28,77.57
2026-09-25T16:11:41Z,6.28,77.59
2026-09-25T16:12:41Z,7.06,77.55
2026-09-25T16:13:41Z,6.28,77.59
2026-09-25T16:14:41Z,6.28,77.67
2026-09-25T16:15:41Z,7.06,77.65
2026-09-25T16:17:41Z,7.06,77.61
2026-09-25T16:18:41Z,6.28,77.65
2026-09-25T16:19:41Z,6.28,77.56
2026-09-25T16:20:41Z,7.06,77.56
2026-09-25T16:21:41Z,6.28,77.54
2026-09-25T16:24:41Z,6.28,77.6
2026-09-25T16:25:41Z,6.28,77.6
2026-09-25T16:26:41Z,6.27,77.47
2026-09-25T16:27:41Z,6.27,77.47
2026-09-25T16:28:41Z,6.27,77.51
2026-09-25T16:29:41Z,6.26,77.33
2026-09-25T16:32:41Z,6.26,77.33
2026-09-25T16:33:41Z,6.26,77.23
2026-09-25T16:34:41Z,7.04,77.35
2026-09-25T16:35:41Z,7.05,77.53
2026-09-25T16:36:41Z,6.28,77.68
2026-09-25T16:39:41Z,6.29,77.72
2026-09-25T16:40:41Z,6.29,77.76
2026-09-25T16:41:41Z,6.29,77.8
2026-09-25T16:42:41Z,6.29,77.81
2026-09-25T16:43:41Z,6.29,77.73
2026-09-25T16:46:41Z,6.28,77.62
2026-09-25T16:47:41Z,6.27,77.47
2026-09-25T16:48:41Z,6.27,77.43
2026-09-25T16:49:41Z,6.27,77.48
2026-09-25T16:50:41Z,6.27,77.49
2026-09-25T16:53:41Z,6.26,77.27
2026-09-25T16:54:41Z,6.24,77.03
2026-09-25T16:55:41Z,6.25,77.17
2026-09-25T16:56:41Z,6.26,77.31
2026-09-25T16:57:41Z,6.27,77.39
2026-09-25T17:00:41Z,6.27,77.5
2026-09-25T17:01:41Z,6.28,77.54
2026-09-25T17:02:41Z,6.28,77.61
2026-09-25T17:03:41Z,6.29,77.72
2026-09-25T17:04:41Z,6.29,77.78
2026-09-25T17:05:41Z,6.28,77.69
2026-09-25T17:08:41Z,6.29,77.8
2026-09-25T17:09:41Z,6.29,77.82
2026-09-25T17:10:41Z,6.29,77.82
2026-09-25T17:11:41Z,6.29,77.83
2026-09-25T17:12:41Z,6.29,77.79
2026-09-25T17:14:41Z,,77.66
2026-09-25T17:15:41Z,6.28,77.7
2026-09-25T17:16:41Z,6.28,77.66
2026-09-25T17:17:41Z,6.28,77.65
2026-09-25T17:18:41Z,6.29,77.74
2026-09-25T17:19:41Z,6.29,77.71
2026-09-25T17:23:41Z,6.29,77.82
2026-09-25T17:24:41Z,6.29,77.87
2026-09-25T17:25:41Z,6.3,77.93
2026-09-25T17:26:41Z,6.3,77.95
2026-09-25T17:27:41Z,6.3,
2026-09-25T17:30:41Z,,78.12
2026-09-25T17:31:41Z,6.32,78.22
2026-09-25T17:32:41Z,6.32,78.22
2026-09-25T17:33:41Z,6.32,78.32
2026-09-25T17:34:41Z,6.32,78.35
2026-09-25T17:35:41Z,6.33,
2026-09-25T17:38:41Z,6.34,78.59
2026-09-25T17:39:41Z,6.34,78.64
2026-09-25T17:40:41Z,6.35,78.72
2026-09-25T17:41:41Z,6.35,78.8
2026-09-25T17:42:41Z,6.36,78.93
2026-09-25T17:44:41Z,,78.85
2026-09-25T17:45:41Z,6.36,78.97
2026-09-25T17:46:41Z,6.36,79.01
2026-09-25T17:47:41Z,6.36,79.03
2026-09-25T17:48:41Z,6.37,79.14
2026-09-25T17:49:41Z,6.37,
2026-09-25T17:51:41Z,,79.45
2026-09-25T17:52:41Z,6.4,79.71
2026-09-25T17:53:41Z,6.41,79.85
2026-09-25T17:54:41Z,6.42,79.94
2026-09-25T17:55:41Z,6.42,79.99
2026-09-25T17:56:41Z,6.43,
2026-09-25T18:00:41Z,,80.91
2026-09-25T18:01:41Z,6.48,80.9
2026-09-25T18:02:41Z,6.48,80.98
2026-09-25T18:03:41Z,6.49,81.21
2026-09-25T18:04:41Z,6.5,81.39
2026-09-25T18:05:41Z,6.51,
2026-09-25T18:08:41Z,,81.81
2026-09-25T18:09:41Z,6.53,81.78
2026-09-25T18:10:41Z,6.53,81.86
2026-09-25T18:11:41Z,6.54,82.06
2026-09-25T18:12:41Z,6.54,82.06
2026-09-25T18:15:41Z,6.54,82.04
2026-09-25T18:16:41Z,6.55,82.18
2026-09-25T18:17:41Z,6.56,82.27
2026-09-25T18:18:41Z,6.56,82.3
2026-09-25T18:19:41Z,6.56,82.41
2026-09-25T18:20:41Z,6.57,82.43
2026-09-25T18:24:41Z,6.57,82.48
2026-09-25T18:25:41Z,6.57,82.57
2026-09-25T18:26:41Z,6.59,82.75
2026-09-25T18:27:41Z,6.59,82.89
2026-09-25T18:28:41Z,,82.9
2026-09-25T18:31:41Z,6.58,82.74
2026-09-25T18:32:41Z,6.58,82.7
2026-09-25T18:33:41Z,6.59,82.77
2026-09-25T18:34:41Z,6.58,82.73
2026-09-25T18:35:41Z,6.59,82.77
2026-09-25T18:37:41Z,6.59,
2026-09-25T18:38:41Z,6.59,82.84
2026-09-25T18:39:41Z,6.59,82.86
2026-09-25T18:40:41Z,6.59,82.79
2026-09-25T18:41:41Z,6.59,82.85
2026-09-25T18:42:41Z,,82.8
2026-09-25T18:44:41Z,6.59,
2026-09-25T18:45:41Z,6.6,82.98
2026-09-25T18:46:41Z,6.61,83.1
2026-09-25T18:47:41Z,6.62,83.26
2026-09-25T18:48:41Z,6.61,83.25
2026-09-25T18:49:41Z,,83.33
2026-09-25T18:50:41Z,7.4,
2026-09-25T18:51:41Z,6.62,
2026-09-25T18:52:41Z,6.63,83.45
2026-09-25T18:53:41Z,6.63,83.47
2026-09-25T18:54:41Z,7.42,83.63
2026-09-25T18:55:41Z,,83.58
2026-09-25T18:56:41Z,,83.55
2026-09-25T18:57:41Z,6.63,
2026-09-25T18:58:41Z,6.64,
2026-09-25T18:59:41Z,6.65,
2026-09-25T19:00:41Z,6.65,83.86
2026-09-25T19:01:41Z,6.65,83.86
2026-09-25T19:02:41Z,6.64,83.75
2026-09-25T19:03:41Z,,83.73
2026-09-25T19:04:41Z,,83.63
2026-09-25T19:05:41Z,6.64,83.61
2026-09-25T19:06:41Z,6.63,
2026-09-25T19:07:41Z,6.63,
2026-09-25T19:08:41Z,6.64,83.63
2026-09-25T19:09:41Z,6.65,83.76
2026-09-25T19:10:41Z,6.65,83.79
2026-09-25T19:11:41Z,,83.89
2026-09-25T19:12:41Z,6.64,83.72
2026-09-25T19:13:41Z,6.64,
2026-09-25T19:14:41Z,6.64,83.61
2026-09-25T19:15:41Z,6.63,83.56
2026-09-25T19:16:41Z,6.64,83.65
2026-09-25T19:17:41Z,,83.62
2026-09-25T19:18:41Z,,83.57
2026-09-25T19:19:41Z,6.63,83.56
2026-09-25T19:20:41Z,6.63,
2026-09-25T19:21:41Z,6.63,
2026-09-25T19:22:41Z,6.63,83.51
2026-09-25T19:23:41Z,6.63,83.42
2026-09-25T19:24:41Z,,83.54
2026-09-25T19:25:41Z,,83.62
2026-09-25T19:26:41Z,,83.56
2026-09-25T19:27:41Z,6.63,
2026-09-25T19:28:41Z,6.63,
2026-09-25T19:29:41Z,6.63,83.53
2026-09-25T19:30:41Z,6.63,83.49
2026-09-25T19:31:41Z,6.64,83.61
2026-09-25T19:32:41Z,,83.72
2026-09-25T19:33:41Z,,83.6
2026-09-25T19:34:41Z,6.63,83.56
2026-09-25T19:35:41Z,6.63,
2026-09-25T19:36:41Z,6.63,
2026-09-25T19:37:41Z,6.63,83.55
2026-09-25T19:38:41Z,6.63,83.55
2026-09-25T19:39:41Z,,83.48
2026-09-25T19:40:41Z,,83.47
2026-09-25T19:41:41Z,,83.47
2026-09-25T19:42:41Z,6.63,
2026-09-25T19:43:41Z,6.64,
2026-09-25T19:44:41Z,6.65,83.8
2026-09-25T19:45:41Z,6.65,83.89
2026-09-25T19:46:41Z,6.66,83.98
2026-09-25T19:47:41Z,,83.98
2026-09-25T19:48:41Z,,83.88
2026-09-25T19:49:41Z,,83.88
2026-09-25T19:51:41Z,6.64,
2026-09-25T19:52:41Z,6.64,
2026-09-25T19:53:41Z,6.64,
2026-09-25T19:54:41Z,6.65,83.8
2026-09-25T19:55:41Z,6.65,83.84
2026-09-25T19:56:41Z,,83.83
2026-09-25T19:57:41Z,,84
2026-09-25T19:58:41Z,,83.95
2026-09-25T19:59:41Z,,83.97
2026-09-25T20:01:41Z,6.66,
2026-09-25T20:02:41Z,6.66,
2026-09-25T20:03:41Z,6.66,
2026-09-25T20:04:41Z,6.66,84.05
2026-09-25T20:05:41Z,6.67,84.13
2026-09-25T20:06:41Z,,84.15
2026-09-25T20:07:41Z,,84.05
2026-09-25T20:08:41Z,,83.98
2026-09-25T20:09:41Z,6.66,
2026-09-25T20:10:41Z,6.66,
2026-09-25T20:11:41Z,6.66,
2026-09-25T20:12:41Z,6.66,83.93
2026-09-25T20:13:41Z,6.65,83.87
2026-09-25T20:14:41Z,,83.88
2026-09-25T20:15:41Z,,83.94
2026-09-25T20:16:41Z,6.66,83.96
2026-09-25T20:17:41Z,6.66,
2026-09-25T20:18:41Z,6.64,
2026-09-25T20:19:41Z,6.64,83.7
2026-09-25T20:20:41Z,6.62,83.41
2026-09-25T20:21:41Z,6.62,83.41
2026-09-25T20:22:41Z,,83.25
2026-09-25T20:23:41Z,,83.09
2026-09-25T20:24:41Z,6.59,82.91
2026-09-25T20:25:41Z,6.59,
2026-09-25T20:26:41Z,6.59,
2026-09-25T20:27:41Z,6.58,82.7
2026-09-25T20:28:41Z,6.58,82.68
2026-09-25T20:29:41Z,,82.63
2026-09-25T20:30:41Z,,82.59
2026-09-25T20:31:41Z,6.57,82.54
2026-09-25T20:32:41Z,6.58,
2026-09-25T20:33:41Z,6.58,
2026-09-25T20:34:41Z,6.58,82.63
2026-09-25T20:35:41Z,6.59,82.86
2026-09-25T20:36:41Z,,82.9
2026-09-25T20:37:41Z,,83
2026-09-25T20:38:41Z,6.6,82.98
2026-09-25T20:39:41Z,6.61,
2026-09-25T20:40:41Z,6.61,
2026-09-25T20:41:41Z,6.6,
2026-09-25T20:42:41Z,6.6,83.04
2026-09-25T20:43:41Z,,83.06
2026-09-25T20:44:41Z,,83.08
2026-09-25T20:45:41Z,6.6,82.99
2026-09-25T20:46:41Z,6.6,
2026-09-25T20:47:41Z,6.6,
2026-09-25T20:48:41Z,6.6,83.05
2026-09-25T20:49:41Z,6.6,82.98
2026-09-25T20:50:41Z,,82.98
2026-09-25T20:51:41Z,,82.95
2026-09-25T20:52:41Z,6.6,82.99
2026-09-25T20:53:41Z,6.6,
2026-09-25T20:54:41Z,6.61,83.1
2026-09-25T20:55:41Z,6.6,83.07
2026-09-25T20:56:41Z,6.6,83.02
2026-09-25T20:57:41Z,,83.01
2026-09-25T20:58:41Z,,83.02
2026-09-25T20:59:41Z,,83.08
2026-09-25T21:00:41Z,6.6,
2026-09-25T21:01:41Z,6.61,
2026-09-25T21:02:41Z,6.6,
2026-09-25T21:03:41Z,6.61,83.13
2026-09-25T21:04:41Z,6.61,83.12
2026-09-25T21:05:41Z,,83.15
2026-09-25T21:06:41Z,,83.15
2026-09-25T21:07:41Z,6.61,83.11
2026-09-25T21:08:41Z,6.61,
2026-09-25T21:09:41Z,6.61,
2026-09-25T21:10:41Z,6.61,83.19
2026-09-25T21:11:41Z,6.62,83.28
2026-09-25T21:12:41Z,,83.21
2026-09-25T21:13:41Z,,83.23
2026-09-25T21:14:41Z,6.62,83.27
2026-09-25T21:15:41Z,6.61,
2026-09-25T21:16:41Z,6.62,
2026-09-25T21:17:41Z,6.62,83.32
2026-09-25T21:18:41Z,6.62,83.34
2026-09-25T21:19:41Z,,83.29
2026-09-25T21:20:41Z,,83.21
2026-09-25T21:21:41Z,,83.3
2026-09-25T21:22:41Z,6.61,
2026-09-25T21:23:41Z,6.62,
2026-09-25T21:24:41Z,6.62,83.35
2026-09-25T21:25:41Z,6.62,83.31
2026-09-25T21:26:41Z,6.62,83.28
2026-09-25T21:27:41Z,,83.27
2026-09-25T21:28:41Z,6.61,83.23
2026-09-25T21:29:41Z,6.62,
2026-09-25T21:30:41Z,6.61,
2026-09-25T21:31:41Z,6.61,83.15
2026-09-25T21:32:41Z,6.61,83.22
2026-09-25T21:33:41Z,,83.21
2026-09-25T21:34:41Z,,83.24
2026-09-25T21:35:41Z,6.6,83.06
2026-09-25T21:36:41Z,6.61,
2026-09-25T21:37:41Z,6.61,
2026-09-25T21:38:41Z,6.62,83.28
2026-09-25T21:39:41Z,6.62,83.31
2026-09-25T21:40:41Z,6.62,83.29
2026-09-25T21:41:41Z,,83.45
2026-09-25T21:42:41Z,,83.42
2026-09-25T21:43:41Z,6.62,
2026-09-25T21:44:41Z,6.62,
2026-09-25T21:45:41Z,6.62,83.4
2026-09-25T21:46:41Z,6.63,83.45
2026-09-25T21:47:41Z,6.63,83.49
2026-09-25T21:48:41Z,,83.63
2026-09-25T21:49:41Z,,83.68
2026-09-25T21:50:41Z,6.64,
2026-09-25T21:51:41Z,6.65,
2026-09-25T21:52:41Z,6.65,83.77
2026-09-25T21:53:41Z,6.65,83.81
2026-09-25T21:54:41Z,6.65,83.79
2026-09-25T21:55:41Z,,83.98
2026-09-25T21:56:41Z,,83.98
2026-09-25T21:57:41Z,6.66,
2026-09-25T21:58:41Z,6.66,
2026-09-25T21:59:41Z,6.66,
2026-09-25T22:00:41Z,6.66,84.02
2026-09-25T22:01:41Z,6.66,84
2026-09-25T22:02:41Z,,83.99
2026-09-25T22:03:41Z,,84
2026-09-25T22:04:41Z,,84.04
2026-09-25T22:05:41Z,6.66,
2026-09-25T22:06:41Z,6.66,
2026-09-25T22:07:41Z,6.67,
2026-09-25T22:08:41Z,6.66,84.08
2026-09-25T22:09:41Z,6.67,84.15
2026-09-25T22:10:41Z,,84.14
2026-09-25T22:11:41Z,,84.15
2026-09-25T22:12:41Z,6.67,84.19
2026-09-25T22:13:41Z,6.67,
2026-09-25T22:14:41Z,6.67,84.12
2026-09-25T22:15:41Z,6.66,84.09
2026-09-25T22:16:41Z,6.66,84.03
2026-09-25T22:17:41Z,6.67,84.12
2026-09-25T22:18:41Z,,83.98
2026-09-25T22:19:41Z,,83.93
2026-09-25T22:21:41Z,6.65,
2026-09-25T22:22:41Z,6.65,
2026-09-25T22:23:41Z,6.64,83.75
2026-09-25T22:24:41Z,6.64,83.67
2026-09-25T22:25:41Z,6.63,83.58
2026-09-25T22:26:41Z,,83.38
2026-09-25T22:27:41Z,,83.35
2026-09-25T22:29:41Z,6.6,
2026-09-25T22:30:41Z,6.6,
2026-09-25T22:31:41Z,6.59,82.88
2026-09-25T22:32:41Z,6.59,82.79
2026-09-25T22:33:41Z,6.59,82.76
2026-09-25T22:34:41Z,,82.67
2026-09-25T22:35:41Z,,82.47
2026-09-25T22:36:41Z,6.56,
2026-09-25T22:37:41Z,6.56,
2026-09-25T22:38:41Z,6.55,82.12
2026-09-25T22:39:41Z,6.54,82.07
2026-09-25T22:40:41Z,6.54,82.02
2026-09-25T22:41:41Z,,81.79
2026-09-25T22:42:41Z,,81.74
2026-09-25T22:44:41Z,6.5,
2026-09-25T22:45:41Z,6.5,81.26
2026-09-25T22:46:41Z,6.49,81.12
2026-09-25T22:47:41Z,6.48,80.97
2026-09-25T22:48:41Z,,80.71
2026-09-25T22:49:41Z,,80.69
2026-09-25T22:51:41Z,6.46,
2026-09-25T22:52:41Z,6.46,80.67
2026-09-25T22:53:41Z,6.46,80.59
2026-09-25T22:54:41Z,6.46,80.61
2026-09-25T22:55:41Z,,80.57
2026-09-25T22:56:41Z,,80.4
2026-09-25T22:58:41Z,6.43,
2026-09-25T22:59:41Z,6.43,
2026-09-25T23:00:41Z,6.42,79.94
2026-09-25T23:01:41Z,6.4,79.59
2026-09-25T23:02:41Z,6.4,79.63
2026-09-25T23:03:41Z,,79.77
2026-09-25T23:04:41Z,,79.45
2026-09-25T23:05:41Z,6.38,79.33
2026-09-25T23:06:41Z,6.39,79.41
2026-09-25T23:07:41Z,6.38,79.23
2026-09-25T23:08:41Z,6.37,79.05
2026-09-25T23:09:41Z,6.38,79.37
2026-09-25T23:12:41Z,,78.87
2026-09-25T23:13:41Z,6.35,78.86
2026-09-25T23:14:41Z,6.34,78.56
2026-09-25T23:15:41Z,6.33,78.4
2026-09-25T23:16:41Z,6.31,78.04
2026-09-25T23:19:41Z,6.29,77.84
2026-09-25T23:20:41Z,6.29,77.77
2026-09-25T23:21:41Z,6.29,77.76
2026-09-25T23:22:41Z,6.27,77.53
2026-09-25T23:23:41Z,6.27,77.39
2026-09-25T23:24:41Z,6.26,77.23
2026-09-25T23:26:41Z,6.24,76.99
2026-09-25T23:27:41Z,6.25,77.08
2026-09-25T23:28:41Z,6.23,76.71
2026-09-25T23:29:41Z,6.87,76.58
2026-09-25T23:30:41Z,6.23,76.82
2026-09-25T23:31:41Z,6.2,
2026-09-25T23:33:41Z,6.16,75.52
2026-09-25T23:34:41Z,6.11,74.84
2026-09-25T23:35:41Z,6.11,74.78
2026-09-25T23:36:41Z,6.12,74.96
2026-09-25T23:37:41Z,6.11,74.7
2026-09-25T23:40:41Z,6.09,74.4
2026-09-25T23:41:41Z,6.09,74.38
2026-09-25T23:42:41Z,6.09,74.46
2026-09-25T23:43:41Z,6.06,73.91
2026-09-25T23:44:41Z,6.04,73.55
2026-09-25T23:46:41Z,6,72.94
2026-09-25T23:47:41Z,5.95,72.02
2026-09-25T23:48:41Z,5.9,71.24
2026-09-25T23:49:41Z,5.88,70.84
2026-09-25T23:50:41Z,5.86,70.52
2026-09-25T23:51:41Z,5.85,70.35
2026-09-25T23:53:41Z,5.87,70.67
2026-09-25T23:54:41Z,5.86,70.62
2026-09-25T23:55:41Z,5.87,70.65
2026-09-25T23:56:41Z,5.86,70.56
2026-09-25T23:57:41Z,5.85,70.43
2026-09-26T00:01:41Z,5.82,69.95
2026-09-26T00:02:41Z,5.83,70.02
2026-09-26T00:03:41Z,5.81,69.78
2026-09-26T00:04:41Z,5.8,69.55
2026-09-26T00:05:41Z,5.8,69.57
2026-09-26T00:08:41Z,5.83,70.08
2026-09-26T00:09:41Z,5.83,70.07
2026-09-26T00:10:41Z,5.83,70.06
2026-09-26T00:11:41Z,5.81,69.67
2026-09-26T00:12:41Z,5.79,69.42
2026-09-26T00:15:41Z,5.77,69.03
2026-09-26T00:16:41Z,5.75,68.69
2026-09-26T00:17:41Z,5.74,68.57
2026-09-26T00:18:41Z,5.74,68.49
2026-09-26T00:19:41Z,5.71,68.1
2026-09-26T00:22:41Z,5.68,67.48
2026-09-26T00:23:41Z,5.64,66.93
2026-09-26T00:24:41Z,5.64,66.9
2026-09-26T00:25:41Z,5.63,66.76
2026-09-26T00:26:41Z,5.63,66.71
2026-09-26T00:28:41Z,5.6,66.15
2026-09-26T00:29:41Z,5.6,66.2
2026-09-26T00:30:41Z,5.59,66.03
2026-09-26T00:31:41Z,5.58,65.83
2026-09-26T00:32:41Z,5.55,65.41
2026-09-26T00:33:41Z,5.55,65.33
2026-09-26T00:35:41Z,5.51,64.63
2026-09-26T00:36:41Z,5.5,64.43
2026-09-26T00:37:41Z,5.47,64.03
2026-09-26T00:38:41Z,5.43,63.38
2026-09-26T00:39:41Z,5.4,62.86
2026-09-26T00:42:41Z,5.33,61.64
2026-09-26T00:43:41Z,5.31,61.26
2026-09-26T00:44:41Z,5.29,61.05
2026-09-26T00:45:41Z,5.28,60.78
2026-09-26T00:46:41Z,5.27,60.68
2026-09-26T00:48:41Z,5.21,59.62
2026-09-26T00:49:41Z,5.23,59.97
2026-09-26T00:50:41Z,5.19,59.34
2026-09-26T00:51:41Z,5.17,58.91
2026-09-26T00:52:41Z,5.93,58.67
2026-09-26T00:54:41Z,5.14,58.45
2026-09-26T00:55:41Z,5.93,58.59
2026-09-26T00:56:41Z,5.92,58.4
2026-09-26T00:57:41Z,5.91,58.24
2026-09-26T00:58:41Z,5.92,58.42
2026-09-26T00:59:41Z,5.15,
2026-09-26T01:02:41Z,,57.93
2026-09-26T01:03:41Z,5.09,57.69
2026-09-26T01:04:41Z,5.06,57.13
2026-09-26T01:05:41Z,5.06,57.12
2026-09-26T01:06:41Z,5.01,56.3
2026-09-26T01:08:41Z,,55.91
2026-09-26T01:09:41Z,4.96,55.5
2026-09-26T01:10:41Z,4.97,55.51
2026-09-26T01:11:41Z,4.94,55.05
2026-09-26T01:12:41Z,4.94,55.13
2026-09-26T01:13:41Z,4.93,
2026-09-26T01:14:41Z,,54.73
2026-09-26T01:15:41Z,4.89,54.29
2026-09-26T01:16:41Z,5.68,54.4
2026-09-26T01:17:41Z,4.91,54.6
2026-09-26T01:18:41Z,4.94,55.07
2026-09-26T01:19:41Z,4.97,55.51
2026-09-26T01:20:41Z,4.96,
2026-09-26T01:22:41Z,,54.75
2026-09-26T01:23:41Z,4.93,54.94
2026-09-26T01:24:41Z,4.94,55.05
2026-09-26T01:25:41Z,4.92,54.69
2026-09-26T01:26:41Z,4.89,54.33
2026-09-26T01:27:41Z,4.91,
2026-09-26T01:29:41Z,4.92,54.83
2026-09-26T01:30:41Z,5.72,55.07
2026-09-26T01:31:41Z,5.76,55.81
2026-09-26T01:32:41Z,5.78,56.14
2026-09-26T01:33:41Z,5.02,
2026-09-26T01:34:41Z,5.02,
2026-09-26T01:35:41Z,,56.13
2026-09-26T01:36:41Z,5,56.1
2026-09-26T01:37:41Z,4.97,55.63
2026-09-26T01:38:41Z,5,56.13
2026-09-26T01:39:41Z,6.72,56.68
2026-09-26T01:40:41Z,5.86,
2026-09-26T01:41:41Z,5.13,
2026-09-26T01:43:41Z,,58.89
2026-09-26T01:44:41Z,5.94,58.71
2026-09-26T01:45:41Z,5.98,59.45
2026-09-26T01:46:41Z,5.15,58.7
2026-09-26T01:47:41Z,5.95,58.98
2026-09-26T03:00:41Z,5.54,49.87
2026-09-26T03:01:41Z,4.59,49.18
2026-09-26T03:02:41Z,4.57,48.9
2026-09-26T03:03:41Z,4.54,
2026-09-26T03:04:41Z,4.5,
2026-09-26T03:05:41Z,,47.62
2026-09-26T03:06:41Z,4.5,47.75
2026-09-26T03:07:41Z,4.47,47.18
2026-09-26T03:08:41Z,4.43,46.46
2026-09-26T03:09:41Z,4.42,46.37
2026-09-26T03:10:41Z,4.44,
2026-09-26T03:11:41Z,6.25,
2026-09-26T03:12:41Z,,46.75
2026-09-26T03:13:41Z,4.44,46.74
2026-09-26T03:14:41Z,5.36,46.85
2026-09-26T03:15:41Z,4.45,46.89
2026-09-26T03:16:41Z,4.41,46.22
2026-09-26T03:17:41Z,4.39,
2026-09-26T03:20:41Z,,45.46
2026-09-26T03:21:41Z,4.36,45.34
2026-09-26T03:22:41Z,5.28,45.49
2026-09-26T03:23:41Z,4.35,45.24
2026-09-26T03:24:41Z,4.33,44.79
2026-09-26T03:25:41Z,4.33,
2026-09-26T03:27:41Z,,45.2
2026-09-26T03:28:41Z,4.38,45.68
2026-09-26T03:29:41Z,5.29,45.67
2026-09-26T03:30:41Z,4.38,45.75
2026-09-26T03:31:41Z,5.29,45.64
2026-09-26T03:32:41Z,7.37,
2026-09-26T03:34:41Z,,46.82
2026-09-26T03:35:41Z,4.45,46.82
2026-09-26T03:36:41Z,7.42,46.5
2026-09-26T03:37:41Z,5.34,46.6
2026-09-26T03:38:41Z,4.42,46.39
2026-09-26T03:39:41Z,5.3,45.89
2026-09-26T03:43:41Z,4.39,45.89
2026-09-26T03:44:41Z,4.35,45.24
2026-09-26T03:45:41Z,4.36,45.28
2026-09-26T03:46:41Z,4.34,45
2026-09-26T03:48:41Z,,45.04
2026-09-26T03:49:41Z,4.32,44.71
2026-09-26T03:50:41Z,4.31,44.48
2026-09-26T03:51:41Z,5.24,44.82
2026-09-26T03:52:41Z,4.31,44.53
2026-09-26T03:53:41Z,4.32,
2026-09-26T03:55:41Z,,43.94
2026-09-26T03:56:41Z,5.2,44.21
2026-09-26T03:57:41Z,4.28,43.97
2026-09-26T03:58:41Z,8.28,43.52
2026-09-26T03:59:41Z,5.17,43.67
2026-09-26T04:00:41Z,4.26,43.65
2026-09-26T04:03:41Z,5.22,
2026-09-26T04:04:41Z,5.19,44
2026-09-26T04:05:41Z,5.21,44.27
2026-09-26T04:06:41Z,4.29,44.11
2026-09-26T04:07:41Z,4.29,44.15
2026-09-26T04:10:41Z,9.48,43.97
2026-09-26T04:11:41Z,7.29,44.37
2026-09-26T04:12:41Z,5.23,44.68
2026-09-26T04:13:41Z,4.31,44.41
2026-09-26T04:14:41Z,4.27,43.79
2026-09-26T04:15:41Z,4.23,43.17
2026-09-26T04:16:41Z,4.22,43.02
2026-09-26T04:17:41Z,5.14,43.09
2026-09-26T04:18:41Z,4.23,
2026-09-26T04:20:41Z,4.2,42.62
2026-09-26T04:21:41Z,4.17,42.19
2026-09-26T04:22:41Z,4.17,42.15
2026-09-26T04:23:41Z,5.07,42
2026-09-26T04:24:41Z,4.2,42.59
2026-09-26T04:25:41Z,4.19,
2026-09-26T04:27:41Z,4.18,42.25
2026-09-26T04:28:41Z,4.18,42.25
2026-09-26T04:29:41Z,5.06,41.88
2026-09-26T04:30:41Z,4.16,41.9
2026-09-26T04:31:41Z,4.14,41.6
2026-09-26T04:34:41Z,4.15,41.79
2026-09-26T04:35:41Z,4.19,42.49
2026-09-26T04:36:41Z,5.13,43.01
2026-09-26T04:37:41Z,4.22,42.96
2026-09-26T04:38:41Z,4.17,42.22
2026-09-26T04:41:41Z,5.08,42.21
2026-09-26T04:42:41Z,4.17,42.19
2026-09-26T04:43:41Z,4.14,41.71
2026-09-26T04:44:41Z,4.14,41.65
2026-09-26T04:45:41Z,4.15,41.87
2026-09-26T04:47:41Z,4.13,41.43
2026-09-26T04:48:41Z,4.13,41.39
2026-09-26T04:49:41Z,4.12,41.27
2026-09-26T04:50:41Z,4.15,41.74
2026-09-26T04:51:41Z,4.16,41.91
2026-09-26T04:53:41Z,4.14,41.56
2026-09-26T04:54:41Z,5.18,41.64
2026-09-26T04:55:41Z,6.21,41.52
2026-09-26T04:56:41Z,8.32,41.98
2026-09-26T04:57:41Z,9.36,42.05
2026-09-26T05:01:41Z,8.33,42.12
2026-09-26T05:02:41Z,5.2,41.99
2026-09-26T05:03:41Z,4.12,41.31
2026-09-26T05:04:41Z,4.06,40.24
2026-09-26T05:05:41Z,6.19,41.19
2026-09-26T05:08:41Z,8.26,41.03
2026-09-26T05:09:41Z,7.25,41.43
2026-09-26T05:10:41Z,5.14,41.01
2026-09-26T05:11:41Z,4.1,40.94
2026-09-26T05:12:41Z,4.09,40.76
2026-09-26T05:14:41Z,4.01,39.49
2026-09-26T05:15:41Z,4.01,39.48
2026-09-26T05:16:41Z,3.98,39.01
2026-09-26T05:17:41Z,4.01,39.41
2026-09-26T05:18:41Z,5.04,39.3
2026-09-26T05:21:41Z,5.07,39.79
2026-09-26T05:22:41Z,5.07,39.75
2026-09-26T05:23:41Z,5.04,39.34
2026-09-26T05:24:41Z,5.1,40.22
2026-09-26T05:25:41Z,7.16,39.99
2026-09-26T05:28:41Z,6.09,39.48
2026-09-26T05:29:41Z,6.11,39.8
2026-09-26T05:30:41Z,5.08,39.88
2026-09-26T05:31:41Z,5.08,39.97
2026-09-26T05:32:41Z,4.03,39.79
2026-09-26T05:34:41Z,3.99,39.14
2026-09-26T05:35:41Z,5.05,39.51
2026-09-26T05:36:41Z,4.02,39.65
2026-09-26T05:37:41Z,4.05,40.08
2026-09-26T05:38:41Z,5.12,40.63
2026-09-26T05:42:41Z,5.18,41.64
2026-09-26T05:43:41Z,5.1,40.35
2026-09-26T05:44:41Z,4.07,40.38
2026-09-26T05:45:41Z,5.12,40.71
2026-09-26T05:46:41Z,5.13,40.74
2026-09-26T05:49:41Z,5.46,46.33
2026-09-26T05:50:41Z,5.49,46.77
2026-09-26T05:51:41Z,7.62,47.66
2026-09-26T05:52:41Z,5.55,47.93
2026-09-26T05:53:41Z,5.6,48.74
2026-09-26T05:54:41Z,5.58,48.4
2026-09-26T05:55:41Z,6.65,48.86
2026-09-26T05:56:41Z,5.62,49
2026-09-26T05:57:41Z,5.63,49.24
2026-09-26T06:01:41Z,4.6,49.36
2026-09-26T06:02:41Z,7.75,49.81
2026-09-26T06:03:41Z,6.73,50.14
2026-09-26T06:04:41Z,6.76,50.71
2026-09-26T06:05:41Z,5.72,50.78
2026-09-26T06:06:41Z,8.85,50.84
2026-09-26T06:07:41Z,5.73,50.89
2026-09-26T06:08:41Z,4.68,50.78
2026-09-26T06:09:41Z,4.66,50.39
2026-09-26T06:12:41Z,6.76,50.75
2026-09-26T06:13:41Z,6.77,50.85
2026-09-26T06:14:41Z,5.72,50.75
2026-09-26T06:15:41Z,5.71,50.59
2026-09-26T06:16:41Z,5.73,50.92
2026-09-26T06:19:41Z,,50.83
2026-09-26T06:20:41Z,5.74,51.04
2026-09-26T06:21:41Z,5.78,51.68
2026-09-26T06:22:41Z,4.75,51.91
2026-09-26T06:23:41Z,4.74,51.67
2026-09-26T06:24:41Z,7.89,52.27
2026-09-26T06:27:41Z,5.81,52.3
2026-09-26T06:28:41Z,4.77,52.2
2026-09-26T06:29:41Z,6.87,52.6
2026-09-26T06:30:41Z,5.84,52.78
2026-09-26T06:31:41Z,6.92,53.49
2026-09-26T06:34:41Z,4.89,54.25
2026-09-26T06:35:41Z,4.87,53.9
2026-09-26T06:36:41Z,5.94,54.35
2026-09-26T06:37:41Z,5.96,54.72
2026-09-26T06:38:41Z,5.95,54.62
2026-09-26T06:39:41Z,9.07,54.55
2026-09-26T06:42:41Z,5.97,54.87
2026-09-26T06:43:41Z,7.96,55.53
2026-09-26T06:44:41Z,6.91,55.39
2026-09-26T06:45:41Z,5.89,55.78
2026-09-26T06:46:41Z,6.97,56.49
2026-09-26T06:49:41Z,5.04,56.85
2026-09-26T06:50:41Z,8.08,57.57
2026-09-26T06:51:41Z,7.03,57.44
2026-09-26T06:52:41Z,5.12,58.17
2026-09-26T06:53:41Z,7.1,58.69
2026-09-26T06:54:41Z,7.08,58.33
2026-09-26T06:57:41Z,6.12,59.59
2026-09-26T06:58:41Z,7.18,59.92
2026-09-26T06:59:41Z,7.2,60.37
2026-09-26T07:00:41Z,6.17,60.54
2026-09-26T07:01:41Z,5.25,60.33
2026-09-26T07:05:41Z,7.28,61.61
2026-09-26T07:06:41Z,8.35,62.14
2026-09-26T07:07:41Z,8.36,62.31
2026-09-26T07:08:41Z,6.29,62.41
2026-09-26T07:09:41Z,6.29,62.48
2026-09-26T07:13:41Z,7.38,63.35
2026-09-26T07:14:41Z,6.33,63.13
2026-09-26T07:15:41Z,7.38,63.38
2026-09-26T07:16:41Z,6.36,63.62
2026-09-26T07:17:41Z,6.39,64.09
2026-09-26T07:21:41Z,5.54,65.15
2026-09-26T07:22:41Z,5.53,65.02
2026-09-26T07:23:41Z,6.47,65.46
2026-09-26T07:24:41Z,6.47,65.5
2026-09-26T07:25:41Z,7.53,65.9
2026-09-26T08:00:41Z,6.55,66.85
2026-09-26T08:01:41Z,6.54,66.74
2026-09-26T08:02:41Z,7.46,66.95
2026-09-26T08:03:41Z,8.38,67
2026-09-26T08:04:41Z,8.38,67.12
2026-09-26T08:08:41Z,,66.91
2026-09-26T08:09:41Z,6.55,66.8
2026-09-26T08:10:41Z,6.57,67.16
2026-09-26T08:11:41Z,6.56,67.1
2026-09-26T08:12:41Z,6.56,67.02
2026-09-26T08:13:41Z,6.58,
2026-09-26T08:15:41Z,,66.85
2026-09-26T08:16:41Z,,67.08
2026-09-26T08:17:41Z,8.25,67.01
2026-09-26T08:18:41Z,8.25,67.02
2026-09-26T08:19:41Z,8.29,67.69
2026-09-26T08:20:41Z,7.37,67.53
2026-09-26T08:21:41Z,7.38,
2026-09-26T08:24:41Z,,67.81
2026-09-26T08:25:41Z,8.3,67.94
2026-09-26T08:26:41Z,7.4,68.09
2026-09-26T08:27:41Z,8.32,68.16
2026-09-26T08:28:41Z,7.4,67.97
2026-09-26T08:29:41Z,7.41,
2026-09-26T08:32:41Z,,68.81
2026-09-26T08:33:41Z,6.52,68.49
2026-09-26T08:34:41Z,6.52,68.55
2026-09-26T08:35:41Z,5.73,68.31
2026-09-26T08:36:41Z,6.48,67.82
2026-09-26T08:37:41Z,7.4,
2026-09-26T08:40:41Z,,68.69
2026-09-26T08:41:41Z,,68.83
2026-09-26T08:42:41Z,5.75,68.76
2026-09-26T08:43:41Z,5.72,68.28
2026-09-26T08:44:41Z,6.49,68.01
2026-09-26T08:45:41Z,6.51,68.42
2026-09-26T08:48:41Z,,67.83
2026-09-26T08:49:41Z,7.37,67.55
2026-09-26T08:50:41Z,6.48,67.81
2026-09-26T08:51:41Z,7.38,67.74
2026-09-26T08:52:41Z,5.68,67.61
2026-09-26T08:53:41Z,5.66,
2026-09-26T08:55:41Z,5.7,67.81
2026-09-26T08:56:41Z,5.72,68.2
2026-09-26T08:57:41Z,7.37,67.49
2026-09-26T08:58:41Z,8.29,67.71
2026-09-26T08:59:41Z,6.48,67.93
2026-09-26T09:00:41Z,5.72,68.14
2026-09-26T09:01:41Z,5.7,
2026-09-26T09:06:41Z,5.66,67.24
2026-09-26T09:07:41Z,5.65,67.03
2026-09-26T09:08:41Z,5.68,67.54
2026-09-26T09:09:41Z,5.72,68.17
2026-09-26T09:10:41Z,5.71,68.01
2026-09-26T09:13:41Z,,68.58
2026-09-26T09:14:41Z,5.74,68.52
2026-09-26T09:15:41Z,7.44,68.71
2026-09-26T09:16:41Z,5.77,69.1
2026-09-26T09:17:41Z,5.77,69.12
2026-09-26T09:18:41Z,8.37,
2026-09-26T09:22:41Z,,69.26
2026-09-26T09:23:41Z,5.79,69.42
2026-09-26T09:24:41Z,5.81,69.71
2026-09-26T09:25:41Z,5.8,69.6
2026-09-26T09:26:41Z,5.82,69.88
2026-09-26T09:27:41Z,5.82,
2026-09-26T09:31:41Z,,70.38
2026-09-26T09:32:41Z,5.86,70.49
2026-09-26T09:33:41Z,5.84,70.2
2026-09-26T09:34:41Z,5.83,70
2026-09-26T09:35:41Z,5.84,70.24
2026-09-26T09:36:41Z,5.85,
2026-09-26T09:39:41Z,,70.49
2026-09-26T09:40:41Z,5.85,70.46
2026-09-26T09:41:41Z,5.86,70.59
2026-09-26T09:42:41Z,5.87,70.75
2026-09-26T09:43:41Z,7.53,70.2
2026-09-26T09:44:41Z,6.64,70.53
2026-09-26T09:45:41Z,5.86,
2026-09-26T09:48:41Z,,70.34
2026-09-26T09:49:41Z,5.83,70.08
2026-09-26T09:50:41Z,6.73,69.83
2026-09-26T09:51:41Z,5.81,69.7
2026-09-26T09:52:41Z,5.8,69.61
2026-09-26T09:53:41Z,5.81,
2026-09-26T09:56:41Z,,69.45
2026-09-26T09:57:41Z,,69.41
2026-09-26T09:58:41Z,5.78,69.28
2026-09-26T09:59:41Z,5.78,69.2
2026-09-26T10:00:41Z,5.78,69.27
2026-09-26T10:01:41Z,5.78,69.14
2026-09-26T10:02:41Z,5.76,
2026-09-26T10:05:41Z,,69.12
2026-09-26T10:06:41Z,,69.11
2026-09-26T10:07:41Z,5.77,69.07
2026-09-26T10:08:41Z,5.79,69.33
2026-09-26T10:09:41Z,5.79,69.34
2026-09-26T10:10:41Z,5.77,
2026-09-26T10:11:41Z,5.76,
2026-09-26T10:14:41Z,,68.59
2026-09-26T10:15:41Z,5.74,68.54
2026-09-26T10:16:41Z,5.74,68.47
2026-09-26T10:17:41Z,5.74,68.49
2026-09-26T10:18:41Z,5.74,68.52
2026-09-26T10:19:41Z,5.74,68.49
2026-09-26T10:20:41Z,5.73,
2026-09-26T10:23:41Z,,68.26
2026-09-26T10:24:41Z,5.71,68.03
2026-09-26T10:25:41Z,5.7,67.92
2026-09-26T10:26:41Z,5.7,67.89
2026-09-26T10:27:41Z,5.69,67.77
2026-09-26T10:28:41Z,5.7,
2026-09-26T10:31:41Z,,67.98
2026-09-26T10:32:41Z,5.7,67.9
2026-09-26T10:33:41Z,5.69,67.71
2026-09-26T10:34:41Z,5.7,67.89
2026-09-26T10:35:41Z,5.7,67.81
2026-09-26T10:36:41Z,5.69,
2026-09-26T10:40:41Z,,67.7
2026-09-26T10:41:41Z,5.69,67.69
2026-09-26T10:42:41Z,5.69,67.69
2026-09-26T10:43:41Z,5.69,67.76
2026-09-26T10:44:41Z,5.69,67.78
2026-09-26T10:45:41Z,5.69,
2026-09-26T10:48:41Z,,67.6
2026-09-26T10:49:41Z,5.7,67.82
2026-09-26T10:50:41Z,5.7,67.94
2026-09-26T10:51:41Z,5.71,67.98
2026-09-26T10:52:41Z,5.71,68.08
2026-09-26T10:53:41Z,5.71,
2026-09-26T10:57:41Z,,68.01
2026-09-26T10:58:41Z,5.72,68.13
2026-09-26T10:59:41Z,5.72,68.18
2026-09-26T11:00:41Z,5.72,68.12
2026-09-26T11:01:41Z,5.72,68.12
2026-09-26T11:02:41Z,5.72,
2026-09-26T11:05:41Z,,68.5
2026-09-26T11:06:41Z,5.74,68.62
2026-09-26T11:07:41Z,5.75,68.67
2026-09-26T11:08:41Z,5.74,68.55
2026-09-26T11:09:41Z,5.75,68.68
2026-09-26T11:10:41Z,5.75,68.64
2026-09-26T11:11:41Z,5.74,
2026-09-26T11:14:41Z,5.75,68.75
2026-09-26T11:15:41Z,5.74,68.61
2026-09-26T11:16:41Z,5.74,68.47
2026-09-26T11:17:41Z,5.73,68.42
2026-09-26T11:18:41Z,5.74,68.46
2026-09-26T11:19:41Z,5.75,
2026-09-26T11:23:41Z,,68.86
2026-09-26T11:24:41Z,5.77,68.96
2026-09-26T11:25:41Z,5.77,69.03
2026-09-26T11:26:41Z,5.78,69.18
2026-09-26T11:27:41Z,5.79,69.39
2026-09-26T11:31:41Z,5.83,70.05
2026-09-26T11:32:41Z,5.82,69.93
2026-09-26T11:33:41Z,5.83,70.07
2026-09-26T11:34:41Z,5.84,70.14
2026-09-26T11:35:41Z,5.84,70.15
2026-09-26T11:36:41Z,5.84,
2026-09-26T11:39:41Z,5.85,70.37
2026-09-26T11:40:41Z,5.85,70.36
2026-09-26T11:41:41Z,5.86,70.49
2026-09-26T11:42:41Z,5.85,70.47
2026-09-26T11:43:41Z,5.86,70.61
2026-09-26T11:44:41Z,5.86,
2026-09-26T11:48:41Z,5.88,70.93
2026-09-26T11:49:41Z,5.88,70.89
2026-09-26T11:50:41Z,5.88,70.86
2026-09-26T11:51:41Z,5.88,70.97
2026-09-26T11:52:41Z,5.88,70.95
2026-09-26T11:55:41Z,5.89,
2026-09-26T11:56:41Z,5.89,71.02
2026-09-26T11:57:41Z,5.89,71.06
2026-09-26T11:58:41Z,5.89,71.08
2026-09-26T11:59:41Z,5.89,71.09
2026-09-26T12:00:41Z,5.9,71.16
2026-09-26T12:01:41Z,5.89,71.08
2026-09-26T12:06:41Z,5.89,71.13
2026-09-26T12:07:41Z,5.89,71.1
2026-09-26T12:08:41Z,5.9,71.2
2026-09-26T12:09:41Z,5.89,71.11
2026-09-26T12:10:41Z,5.9,71.16
2026-09-26T12:11:41Z,,71.19
2026-09-26T12:14:41Z,5.89,71.1
2026-09-26T12:15:41Z,5.9,71.2
2026-09-26T12:16:41Z,5.91,71.37
2026-09-26T12:17:41Z,5.91,71.37
2026-09-26T12:18:41Z,5.92,71.55
2026-09-26T12:19:41Z,,71.55
2026-09-26T12:23:41Z,5.93,71.71
2026-09-26T12:24:41Z,5.93,71.7
2026-09-26T12:25:41Z,5.94,71.84
2026-09-26T12:26:41Z,5.94,71.87
2026-09-26T12:27:41Z,5.94,71.83
2026-09-26T12:32:41Z,5.96,72.21
2026-09-26T12:33:41Z,5.96,72.25
2026-09-26T12:34:41Z,5.96,72.16
2026-09-26T12:35:41Z,5.96,72.27
2026-09-26T12:36:41Z,5.97,72.38
2026-09-26T12:41:41Z,5.96,72.18
2026-09-26T12:42:41Z,5.95,72.04
2026-09-26T12:43:41Z,5.96,72.25
2026-09-26T12:44:41Z,5.97,72.34
2026-09-26T12:45:41Z,5.97,72.39
2026-09-26T12:49:41Z,5.97,72.45
2026-09-26T12:50:41Z,5.97,72.49
2026-09-26T12:51:41Z,5.98,72.56
2026-09-26T12:52:41Z,5.98,72.54
2026-09-26T12:53:41Z,5.98,72.54
2026-09-26T12:58:41Z,5.98,72.63
2026-09-26T12:59:41Z,5.98,72.59
2026-09-26T13:00:41Z,5.98,72.65
2026-09-26T13:01:41Z,5.99,72.75
2026-09-26T13:02:41Z,5.99,72.67
2026-09-26T13:07:41Z,6.01,73.01
2026-09-26T13:08:41Z,6,72.98
2026-09-26T13:09:41Z,6.01,73.13
2026-09-26T13:10:41Z,6.02,73.19
2026-09-26T13:11:41Z,6.02,73.33
2026-09-26T13:16:41Z,6.05,73.8
2026-09-26T13:17:41Z,6.06,74
2026-09-26T13:18:41Z,6.07,74.08
2026-09-26T13:19:41Z,6.08,74.2
2026-09-26T13:20:41Z,6.08,74.3
2026-09-26T13:24:41Z,6.08,74.25
2026-09-26T13:25:41Z,6.08,74.29
2026-09-26T13:26:41Z,6.09,74.41
2026-09-26T13:27:41Z,6.1,74.51
2026-09-26T13:28:41Z,6.11,74.73
2026-09-26T13:29:41Z,6.1,74.66
2026-09-26T13:33:41Z,,75.05
2026-09-26T13:34:41Z,6.12,74.91
2026-09-26T13:35:41Z,6.12,74.99
2026-09-26T13:36:41Z,6.13,
2026-09-26T13:37:41Z,6.13,
2026-09-26T13:38:41Z,6.13,
2026-09-26T13:42:41Z,6.14,
2026-09-26T13:43:41Z,6.15,
2026-09-26T13:44:41Z,6.15,
2026-09-26T13:45:41Z,6.15,
2026-09-26T13:46:41Z,6.14,
2026-09-26T13:51:41Z,6.14,
2026-09-26T13:52:41Z,6.15,75.38
2026-09-26T13:53:41Z,6.15,75.41
2026-09-26T13:54:41Z,6.15,75.49
2026-09-26T13:55:41Z,6.16,75.66
2026-09-26T13:56:41Z,,75.71
2026-09-26T13:57:41Z,,75.63
2026-09-26T14:00:41Z,6.16,75.58
2026-09-26T14:01:41Z,6.17,75.72
2026-09-26T14:02:41Z,6.17,75.84
2026-09-26T14:03:41Z,6.17,75.81
2026-09-26T14:04:41Z,6.15,75.45
2026-09-26T14:05:41Z,6.15,75.51
2026-09-26T14:09:41Z,6.17,75.73
2026-09-26T14:10:41Z,6.17,75.77
2026-09-26T14:11:41Z,6.17,75.73
2026-09-26T14:12:41Z,6.17,75.8
2026-09-26T14:13:41Z,6.18,
2026-09-26T14:14:41Z,6.17,
2026-09-26T14:17:41Z,,76
2026-09-26T14:18:41Z,6.18,76.02
2026-09-26T14:19:41Z,7.08,75.82
2026-09-26T14:20:41Z,6.19,76.14
2026-09-26T14:21:41Z,6.18,75.97
2026-09-26T14:22:41Z,6.17,
2026-09-26T14:23:41Z,6.17,
2026-09-26T14:26:41Z,,75.88
2026-09-26T14:27:41Z,6.18,75.88
2026-09-26T14:28:41Z,6.18,75.88
2026-09-26T14:29:41Z,6.17,75.84
2026-09-26T14:30:41Z,6.18,75.86
2026-09-26T14:31:41Z,6.18,
2026-09-26T14:34:41Z,,75.96
2026-09-26T14:35:41Z,6.18,75.95
2026-09-26T14:36:41Z,6.18,75.89
2026-09-26T14:37:41Z,6.18,75.86
2026-09-26T14:38:41Z,6.18,76
2026-09-26T14:39:41Z,6.19,
2026-09-26T14:43:41Z,,75.89
2026-09-26T14:44:41Z,6.18,76.02
2026-09-26T14:45:41Z,6.19,76.04
2026-09-26T14:46:41Z,6.19,76.13
2026-09-26T14:47:41Z,6.19,76.05
2026-09-26T14:48:41Z,6.17,
2026-09-26T14:51:41Z,,76.35
2026-09-26T14:52:41Z,6.22,76.58
2026-09-26T14:53:41Z,6.22,76.54
2026-09-26T14:54:41Z,6.22,76.56
2026-09-26T14:55:41Z,6.22,76.67
2026-09-26T14:56:41Z,6.24,
2026-09-26T15:00:41Z,,77.01
2026-09-26T15:01:41Z,,76.89
2026-09-26T15:02:41Z,6.24,76.89
2026-09-26T15:03:41Z,6.24,76.89
2026-09-26T15:04:41Z,6.24,77.03
2026-09-26T15:05:41Z,6.26,
2026-09-26T15:06:41Z,6.26,
2026-09-26T15:09:41Z,,77.37
2026-09-26T15:10:41Z,,77.39
2026-09-26T15:11:41Z,6.27,77.42
2026-09-26T15:12:41Z,6.28,77.67
2026-09-26T15:13:41Z,6.28,77.68
2026-09-26T15:14:41Z,6.29,
2026-09-26T15:15:41Z,6.3,
2026-09-26T15:17:41Z,,77.96
2026-09-26T15:18:41Z,,78.08
2026-09-26T15:19:41Z,6.31,78.2
2026-09-26T15:20:41Z,6.32,78.37
2026-09-26T15:21:41Z,6.34,78.57
2026-09-26T15:22:41Z,6.34,
2026-09-26T15:23:41Z,6.34,
2026-09-26T15:26:41Z,,78.53
2026-09-26T15:27:41Z,,78.61
2026-09-26T15:28:41Z,6.33,78.45
2026-09-26T15:29:41Z,6.34,78.58
2026-09-26T15:30:41Z,6.34,78.64
2026-09-26T15:31:41Z,6.35,78.73
2026-09-26T15:32:41Z,6.34,
2026-09-26T15:35:41Z,,78.74
2026-09-26T15:36:41Z,6.35,78.72
2026-09-26T15:37:41Z,6.35,78.85
2026-09-26T15:38:41Z,6.36,78.88
2026-09-26T15:39:41Z,6.36,78.93
2026-09-26T15:40:41Z,6.35,
2026-09-26T15:41:41Z,6.36,
2026-09-26T15:44:41Z,,78.85
2026-09-26T15:45:41Z,6.36,79
2026-09-26T15:46:41Z,6.37,79.08
2026-09-26T15:47:41Z,6.36,79.01
2026-09-26T15:48:41Z,6.36,79.01
2026-09-26T15:49:41Z,6.36,
2026-09-26T15:50:41Z,6.36,
2026-09-26T15:52:41Z,6.37,79.21
2026-09-26T15:53:41Z,6.38,79.27
2026-09-26T15:54:41Z,6.39,79.39
2026-09-26T15:55:41Z,6.39,79.4
2026-09-26T15:56:41Z,6.38,79.35
2026-09-26T16:00:41Z,6.38,
2026-09-26T16:01:41Z,6.38,79.26
2026-09-26T16:02:41Z,6.38,79.22
2026-09-26T16:03:41Z,6.37,79.16
2026-09-26T16:04:41Z,6.38,79.31
2026-09-26T16:05:41Z,6.38,79.35
2026-09-26T16:09:41Z,6.38,
2026-09-26T16:10:41Z,6.39,79.42
2026-09-26T16:11:41Z,6.39,79.51
2026-09-26T16:12:41Z,6.4,79.61
2026-09-26T16:13:41Z,6.4,79.57
2026-09-26T16:14:41Z,6.4,79.57
2026-09-26T16:17:41Z,6.4,
2026-09-26T16:18:41Z,6.4,79.64
2026-09-26T16:19:41Z,6.4,79.68
2026-09-26T16:20:41Z,6.4,79.67
2026-09-26T16:21:41Z,6.41,79.77
2026-09-26T16:22:41Z,,79.73
2026-09-26T16:26:41Z,6.41,
2026-09-26T16:27:41Z,6.42,79.89
2026-09-26T16:28:41Z,6.42,79.98
2026-09-26T16:29:41Z,6.43,80.07
2026-09-26T16:30:41Z,6.43,80.22
2026-09-26T16:31:41Z,,80.23
2026-09-26T16:34:41Z,6.43,
2026-09-26T16:35:41Z,6.44,80.36
2026-09-26T16:36:41Z,6.45,80.46
2026-09-26T16:37:41Z,6.45,80.48
2026-09-26T16:38:41Z,6.45,80.5
2026-09-26T16:39:41Z,,80.47
2026-09-26T16:42:41Z,6.45,
2026-09-26T16:43:41Z,6.45,80.44
2026-09-26T16:44:41Z,6.45,80.5
2026-09-26T16:45:41Z,6.46,80.67
2026-09-26T16:46:41Z,,80.72
2026-09-26T16:47:41Z,,80.72
2026-09-26T16:49:41Z,6.45,
2026-09-26T16:50:41Z,6.46,80.67
2026-09-26T16:51:41Z,6.45,80.54
2026-09-26T16:52:41Z,6.45,80.43
2026-09-26T16:53:41Z,6.45,80.52
2026-09-26T16:54:41Z,,80.46
2026-09-26T16:56:41Z,6.45,
2026-09-26T16:57:41Z,6.46,
2026-09-26T16:58:41Z,6.47,80.73
2026-09-26T16:59:41Z,7.25,80.81
2026-09-26T17:00:41Z,6.48,80.92
2026-09-26T17:01:41Z,6.48,81.01
2026-09-26T17:02:41Z,,80.94
2026-09-26T17:04:41Z,6.48,
2026-09-26T17:05:41Z,6.48,81
2026-09-26T17:06:41Z,6.48,81
2026-09-26T17:07:41Z,6.48,80.98
2026-09-26T17:08:41Z,6.48,80.96
2026-09-26T17:09:41Z,,80.94
2026-09-26T17:11:41Z,6.49,81.1
2026-09-26T17:12:41Z,6.49,81.14
2026-09-26T17:13:41Z,6.49,81.16
2026-09-26T17:14:41Z,6.5,81.32
2026-09-26T17:15:41Z,6.5,81.25
2026-09-26T17:18:41Z,6.5,81.28
2026-09-26T17:19:41Z,6.51,81.42
2026-09-26T17:20:41Z,6.52,81.57
2026-09-26T17:21:41Z,6.52,81.72
2026-09-26T17:22:41Z,6.52,81.7
2026-09-26T17:25:41Z,6.52,81.69
2026-09-26T17:26:41Z,6.52,81.66
2026-09-26T17:27:41Z,6.52,81.65
2026-09-26T17:28:41Z,6.52,81.6
2026-09-26T17:29:41Z,6.52,81.57
2026-09-26T17:33:41Z,6.49,81.2
2026-09-26T17:34:41Z,6.49,81.13
2026-09-26T17:35:41Z,6.49,81.15
2026-09-26T17:36:41Z,6.48,81.04
2026-09-26T17:37:41Z,6.48,80.94
2026-09-26T17:41:41Z,6.48,80.99
2026-09-26T17:42:41Z,6.49,81.16
2026-09-26T17:43:41Z,6.5,81.32
2026-09-26T17:44:41Z,6.51,81.42
2026-09-26T17:45:41Z,6.51,81.44
2026-09-26T17:48:41Z,6.5,81.34
2026-09-26T17:49:41Z,6.5,81.33
2026-09-26T17:50:41Z,6.49,81.23
2026-09-26T17:51:41Z,6.49,81.23
2026-09-26T17:52:41Z,6.5,81.27
2026-09-26T17:55:41Z,6.49,81.21
2026-09-26T17:56:41Z,6.49,81.21
2026-09-26T17:57:41Z,6.5,81.27
2026-09-26T17:58:41Z,6.5,81.38
2026-09-26T17:59:41Z,6.51,81.49
2026-09-26T18:00:41Z,6.51,81.49
2026-09-26T18:01:41Z,6.51,81.55
2026-09-26T18:08:41Z,6.51,81.52
2026-09-26T18:09:41Z,6.51,81.43
2026-09-26T18:10:41Z,6.5,81.4
2026-09-26T18:11:41Z,6.51,81.44
2026-09-26T18:12:41Z,6.51,81.42
2026-09-26T18:15:41Z,6.51,81.47
2026-09-26T18:16:41Z,6.51,81.45
2026-09-26T18:17:41Z,6.51,81.47
2026-09-26T18:18:41Z,6.51,81.44
2026-09-26T18:19:41Z,6.5,81.39
2026-09-26T18:20:41Z,6.5,81.32
2026-09-26T18:21:41Z,6.51,81.41
2026-09-26T18:22:41Z,6.5,81.29
2026-09-26T18:26:41Z,6.5,81.4
2026-09-26T18:27:41Z,6.5,81.35
2026-09-26T18:28:41Z,6.5,81.32
2026-09-26T18:29:41Z,6.51,81.41
2026-09-26T18:30:41Z,6.51,81.47
2026-09-26T18:33:41Z,6.49,
2026-09-26T18:34:41Z,6.49,81.11
2026-09-26T18:35:41Z,6.49,81.11
2026-09-26T18:36:41Z,6.48,81.02
2026-09-26T18:37:41Z,6.48,80.98
2026-09-26T18:41:41Z,6.47,80.76
2026-09-26T18:42:41Z,6.47,80.74
2026-09-26T18:43:41Z,6.46,80.69
2026-09-26T18:44:41Z,6.45,80.52
2026-09-26T18:45:41Z,6.45,80.46
2026-09-26T18:48:41Z,6.43,80.13
2026-09-26T18:49:41Z,6.43,80.13
2026-09-26T18:50:41Z,6.42,80.03
2026-09-26T18:51:41Z,6.42,79.92
2026-09-26T18:52:41Z,6.41,79.81
2026-09-26T18:55:41Z,6.4,79.66
2026-09-26T18:56:41Z,6.4,79.71
2026-09-26T18:57:41Z,6.4,79.62
2026-09-26T18:58:41Z,6.39,79.46
2026-09-26T18:59:41Z,6.38,79.35
2026-09-26T19:00:41Z,6.39,79.46
2026-09-26T19:04:41Z,6.38,
2026-09-26T19:05:41Z,6.38,79.27
2026-09-26T19:06:41Z,6.37,79.19
2026-09-26T19:07:41Z,6.37,79.17
2026-09-26T19:08:41Z,6.37,79.17
2026-09-26T19:09:41Z,,79.21
2026-09-26T19:12:41Z,6.36,
2026-09-26T19:13:41Z,6.36,78.97
2026-09-26T19:14:41Z,6.36,78.9
2026-09-26T19:15:41Z,6.36,78.94
2026-09-26T19:16:41Z,6.35,78.72
2026-09-26T19:17:41Z,,78.81
2026-09-26T19:20:41Z,6.36,
2026-09-26T19:21:41Z,6.36,79
2026-09-26T19:22:41Z,6.36,78.98
2026-09-26T19:23:41Z,6.36,78.94
2026-09-26T19:24:41Z,6.37,79.08
2026-09-26T19:25:41Z,,79.17
2026-09-26T19:28:41Z,6.35,
2026-09-26T19:29:41Z,6.35,78.79
2026-09-26T19:30:41Z,6.34,78.71
2026-09-26T19:31:41Z,6.34,78.68
2026-09-26T19:32:41Z,6.34,78.61
2026-09-26T19:33:41Z,,78.72
